mtllib FitSheik00.mtl

v 5.168326 16.146175 -0.434660
v 5.000550 15.966202 -0.672048
v 5.058200 16.122026 -0.321016
v 5.126802 15.990993 -0.685792
v 5.265647 16.154068 -0.590934
v 5.445728 16.113359 -0.678064
v 5.521163 16.152830 -0.650163
v 5.600180 16.077820 -0.710422
v 5.770685 16.168301 -0.697132
v 5.948886 16.166815 -0.690616
v 5.897955 16.239902 -0.479980
v 6.247131 16.255205 -0.360463
v 5.773025 16.245005 -0.174356
v 6.183591 16.207596 -0.045817
v 5.623778 16.168484 0.083762
v 6.121544 16.081701 0.157736
v 5.503141 15.973150 0.191414
v 6.038123 15.917510 0.219025
v 6.000919 15.775838 0.268710
v 5.101104 15.675506 -0.704223
v 4.908508 15.400390 -0.523698
v 4.797746 15.628079 -0.730385
v 5.136989 15.404315 -0.543077
v 5.289545 15.689846 -0.707673
v 5.375392 15.456688 -0.567183
v 5.487966 15.691120 -0.712973
v 5.906206 15.678467 -0.748674
v 5.776333 15.983702 -0.762373
v 6.126700 15.950349 -0.775574
v 6.254405 16.157785 -0.650832
v 5.253681 16.123159 0.053187
v 5.352862 15.970070 0.179146
v 5.374485 16.213764 -0.043661
v 5.533089 16.266140 -0.322460
v 5.690980 16.221130 -0.577490
v 5.236643 15.325342 -0.180531
v 5.067636 15.565461 0.117539
v 5.019257 15.327800 -0.161132
v 5.272239 15.517126 0.127107
v 5.448387 15.258217 -0.176747
v 5.498836 15.453996 0.163770
v 5.881801 15.232544 -0.206750
v 5.931604 15.405763 0.124360
v 4.982433 15.328622 -0.359559
v 5.201286 15.360437 -0.416156
v 5.423570 15.314769 -0.465267
v 5.848905 15.402160 -0.623417
v 5.863738 15.266253 -0.488293
v 5.019257 15.327800 -0.161132
v 5.236643 15.325342 -0.180531
v 5.448387 15.258217 -0.176747
v 5.881801 15.232544 -0.206750
v 5.395067 16.231974 -0.476102
v 5.262213 16.219645 -0.289727
v 5.450317 15.689166 0.281255
v 5.392265 15.754951 0.240676
v 5.083969 15.801681 0.207599
v 5.996267 15.653099 0.289314
v 5.063621 15.871690 0.176622
v 5.013528 15.952174 0.114905
v 4.765546 15.892781 0.246819
v 4.757856 16.022139 0.067553
v 4.263821 15.975484 0.305933
v 4.256002 16.124365 0.042039
v 3.666785 16.136112 0.070059
v 3.673785 16.196594 -0.170109
v 5.051029 16.094667 -0.000436
v 5.154668 16.176102 -0.162733
v 4.954045 16.104694 -0.205038
v 4.386062 16.050478 -0.679289
v 4.524998 15.919709 -0.704610
v 3.922643 15.688809 -0.830208
v 3.909369 15.564268 -0.814303
v 4.753170 16.063814 -0.053848
v 4.742591 16.111956 -0.222107
v 4.296291 16.180735 -0.308434
v 4.291810 16.152447 -0.566663
v 3.714480 16.120510 -0.680676
v 3.722288 15.889686 -0.888033
v 4.749786 15.270259 -0.100165
v 4.731758 15.255868 -0.324436
v 4.273863 15.180327 -0.046533
v 4.312580 15.134789 -0.278668
v 3.759508 15.146978 0.010704
v 3.918335 15.065334 -0.242917
v 4.691552 15.308796 -0.505038
v 4.374919 15.206866 -0.499917
v 3.940277 15.061236 -0.524060
v 4.273863 15.180327 -0.046533
v 3.694058 15.331472 0.340004
v 3.759508 15.146978 0.010704
v 4.311976 15.402088 0.230753
v 4.773457 15.528796 0.198307
v 4.768613 15.770071 0.302159
v 4.579438 15.382833 -0.630159
v 4.249851 15.349917 -0.682881
v 4.411802 15.631657 -0.734542
v 3.688425 16.224134 -0.414893
v 4.274880 16.170170 -0.122026
v 3.661292 16.008116 0.353017
v 4.273596 15.698471 0.452219
v 3.680185 15.680289 0.516689
v 4.749786 15.270259 -0.100165
v 3.913754 15.214882 -0.752476
v 2.286357 14.912061 -0.188431
v 2.661356 15.100791 -0.077884
v 2.213865 15.143910 0.162536
v 2.902193 14.991189 -0.285397
v 2.731786 15.064209 -0.579560
v 3.139852 15.125480 -0.568449
v 2.939462 15.140755 -0.646377
v 3.243840 15.231589 -0.671546
v 3.049721 15.345221 -0.754352
v 3.237785 15.416862 -0.738017
v 3.026235 15.551303 -0.834944
v 3.209526 15.636085 -0.774045
v 2.998273 15.775321 -0.853132
v 3.203783 15.875993 -0.772577
v 3.016009 16.000517 -0.822244
v 3.219003 16.091736 -0.655217
v 3.018468 16.191246 -0.680459
v 3.303823 16.221945 -0.384135
v 3.052279 16.330790 -0.396637
v 3.277763 16.118477 0.066293
v 3.037418 16.317158 0.106550
v 2.846952 16.094601 0.460108
v 2.780578 16.450581 0.068592
v 2.677683 16.255272 0.491921
v 2.492399 16.335049 0.481646
v 2.381269 16.092598 0.643707
v 3.274693 15.963398 0.357619
v 3.471931 16.152225 -0.152944
v 3.483668 16.200884 -0.431436
v 3.442156 16.097710 -0.710468
v 3.480516 15.850687 -0.854827
v 3.454304 15.593291 -0.837452
v 3.800747 15.493460 -0.829612
v 3.447865 15.315398 -0.801354
v 3.675945 15.352403 -0.852002
v 3.465540 15.144862 -0.711175
v 3.685631 15.148726 -0.745604
v 2.711581 15.153176 -0.711088
v 2.863839 15.379613 -0.793621
v 2.860887 15.593349 -0.880156
v 2.824493 15.836950 -0.907002
v 2.820693 16.059948 -0.858018
v 2.831597 16.273211 -0.700395
v 2.803068 16.415577 -0.449535
v 2.513030 15.415212 0.109488
v 2.227443 15.311111 0.542313
v 2.166790 15.203449 0.384953
v 2.716948 15.620410 0.395111
v 2.974993 15.175245 0.055211
v 3.032011 15.411883 0.345448
v 3.328489 15.179263 0.004026
v 3.328233 15.336529 0.346068
v 2.533109 16.043222 0.648016
v 2.658278 15.878239 0.621342
v 2.980194 15.907105 0.422771
v 2.855605 15.759909 0.409527
v 3.019134 15.689660 0.444438
v 2.281278 15.506914 0.737210
v 2.510423 15.711459 0.681843
v 2.415163 15.779241 0.736357
v 2.302399 15.831780 0.772034
v 3.328489 15.179263 0.004026
v 3.560534 15.004238 -0.249207
v 2.974993 15.175245 0.055211
v 3.311827 15.004202 -0.293035
v 3.656755 15.007461 -0.524347
v 3.422233 15.022616 -0.550508
v 3.312365 15.661016 0.493524
v 2.334588 14.915571 -0.647420
v 2.518633 15.154638 -0.803780
v 2.691038 15.357118 -0.790735
v 2.718117 15.607456 -0.878990
v 2.681714 15.856359 -0.922337
v 2.660491 16.098787 -0.865176
v 2.630983 16.322165 -0.724392
v 2.586990 16.459829 -0.474998
v 2.557316 16.510084 0.019393
v 2.213865 15.143910 0.162536
v 2.661356 15.100791 -0.077884
v 2.435254 15.869046 -0.946961
v 2.400877 16.133003 -0.882738
v 2.390878 16.354752 -0.764800
v 2.383208 16.482092 -0.531695
v 2.357538 16.552021 -0.044233
v 2.320630 16.370691 0.425315
v 2.212126 16.125200 0.676865
v 2.098662 16.437244 0.346774
v 2.197226 16.608803 -0.094438
v 2.210685 16.530567 -0.549868
v 2.191079 16.466358 -0.737976
v 2.142518 16.269770 -0.943602
v 2.117771 16.007826 -1.074327
v 2.374963 15.202495 -0.888360
v 2.431703 15.497268 -0.836979
v 2.502942 15.666451 -0.851738
v 2.090150 15.755050 -1.082945
v 1.937970 15.328283 0.943408
v 2.011875 15.553483 0.807797
v 2.102403 15.866472 0.783899
v 2.020457 16.177259 0.616074
v 1.845393 14.709932 -0.924293
v 1.936974 14.657872 -0.617814
v 1.907156 15.063803 -1.032924
v 2.034715 15.404292 -1.008918
v 1.949010 15.106354 0.423819
v 1.934529 15.133428 0.647217
v 1.945107 14.559172 0.167682
v 1.945107 14.559172 0.167682
v 1.943246 14.524347 -0.293680
v 1.897576 15.616483 0.848369
v 1.969695 15.908666 0.774589
v 9.306678 15.740352 -0.809119
v 9.107955 15.646420 -0.777752
v 9.070901 15.732283 -0.815925
v 9.315101 15.656609 -0.768513
v 9.538690 15.748458 -0.802207
v 9.556778 15.671628 -0.755275
v 9.781225 15.707894 -0.689899
v 9.557446 15.676371 -0.622807
v 9.780641 15.775347 -0.609730
v 9.532908 15.755496 -0.599318
v 9.510319 15.861242 -0.640578
v 9.321783 15.870955 -0.635681
v 9.322593 15.865793 -0.781271
v 9.080816 15.888647 -0.699082
v 9.075908 15.839688 -0.780349
v 9.694252 15.937331 0.051460
v 9.187103 15.786010 0.066937
v 9.185508 15.919406 0.015428
v 9.488468 15.809283 0.095788
v 9.765512 15.827131 0.106009
v 9.488321 15.814868 0.253169
v 9.766249 15.832162 0.246542
v 9.696061 15.945346 0.291081
v 10.032616 15.953994 0.274126
v 9.721145 16.054207 0.249148
v 10.039919 16.024054 0.247391
v 10.040815 16.018444 0.097837
v 10.101751 15.952099 0.168443
v 10.031540 15.946924 0.071459
v 9.102045 15.952576 -0.540365
v 9.744206 15.878572 -0.552400
v 9.144659 15.858915 -0.583815
v 9.506035 15.983976 -0.525576
v 9.108452 16.009806 -0.437809
v 9.506883 15.989801 -0.362870
v 9.131831 15.975043 -0.351041
v 9.744660 15.886632 -0.326591
v 9.202028 15.869040 -0.290570
v 9.441921 15.785823 -0.347517
v 9.164248 15.775415 -0.343384
v 9.150681 15.747528 -0.524707
v 9.736995 15.972757 -0.520105
v 10.035183 15.887310 -0.529519
v 10.027162 15.957686 -0.507145
v 10.099669 15.892845 -0.437910
v 10.027803 15.963062 -0.372024
v 10.036793 15.893771 -0.346848
v 9.737818 15.978487 -0.360072
v 9.143307 16.027647 -0.252455
v 9.743738 15.970829 -0.265902
v 9.206270 15.952652 -0.304163
v 9.559069 16.072081 -0.238471
v 9.123648 16.093777 -0.141875
v 9.563341 16.080660 -0.051443
v 9.137535 16.053108 -0.049123
v 9.749680 15.980004 -0.013268
v 9.192341 15.962039 0.025084
v 9.184103 15.821210 -0.043592
v 9.538690 15.748458 -0.802207
v 9.306678 15.740352 -0.809119
v 9.511096 15.856656 -0.770209
v 9.778409 15.836084 -0.767841
v 9.778852 15.840751 -0.639780
v 9.849653 15.777758 -0.695371
v 10.178185 16.073895 -0.075572
v 10.194811 15.996527 -0.037606
v 10.247119 16.001369 -0.145282
v 9.867542 16.077417 -0.054456
v 9.863324 16.063883 -0.229970
v 9.376508 15.926638 0.296677
v 9.508340 16.057604 0.248446
v 9.720363 16.048626 0.089613
v 9.117736 16.028704 0.250037
v 9.120839 16.071890 0.165070
v 9.507482 16.051874 0.085097
v 9.133563 16.010172 0.067407
v 9.694252 15.937331 0.051460
v 9.185508 15.919406 0.015428
v 10.177962 15.923431 -0.138459
v 9.857657 15.880134 -0.045183
v 9.511825 15.847295 -0.042654
v 9.510840 15.840542 -0.231202
v 9.187697 15.806026 -0.233741
v 9.206270 15.952652 -0.304163
v 10.036593 15.817604 -0.437312
v 9.744206 15.878572 -0.552400
v 10.035183 15.887310 -0.529519
v 9.754394 15.790712 -0.515445
v 9.755322 15.794928 -0.355824
v 9.441115 15.776937 -0.519479
v 9.149879 15.795567 0.262923
v 9.122908 15.910416 0.301641
v 9.315884 15.661993 -0.618058
v 9.140340 15.761376 -0.562113
v 10.099669 15.892845 -0.437910
v 10.177549 16.062637 -0.226316
v 10.189643 15.989259 -0.245871
v 9.743738 15.970829 -0.265902
v 9.856662 15.873828 -0.221327
v 9.849653 15.777758 -0.695371
v 9.779276 15.769341 -0.777909
v 9.779276 15.769341 -0.777909
v 9.127641 15.653256 -0.613563
v 10.035917 15.876194 0.175307
v 10.101751 15.952099 0.168443
v 10.031540 15.946924 0.071459
v 10.247119 16.001369 -0.145282
v 10.189643 15.989259 -0.245871
v 9.144659 15.858915 -0.583815
v 9.083350 15.845630 -0.619042
v 9.070901 15.732283 -0.815925
v 9.013494 15.774804 0.274876
v 9.122908 15.910416 0.301641
v 8.890562 15.847981 0.312221
v 9.149879 15.795567 0.262923
v 9.014769 15.718989 0.179948
v 9.187103 15.786010 0.066937
v 9.033286 15.726778 -0.065154
v 9.184103 15.821210 -0.043592
v 9.032913 15.710734 -0.213361
v 9.187697 15.806026 -0.233741
v 9.032560 15.685604 -0.410513
v 9.164248 15.775415 -0.343384
v 9.150681 15.747528 -0.524707
v 9.202028 15.869040 -0.290570
v 9.187697 15.806026 -0.233741
v 9.164248 15.775415 -0.343384
v 9.206270 15.952652 -0.304163
v 9.131831 15.975043 -0.351041
v 9.143307 16.027647 -0.252455
v 9.002247 16.039768 -0.344461
v 9.007465 16.138256 -0.143300
v 8.120567 16.050053 -0.374698
v 8.108984 16.053619 -0.162320
v 9.140340 15.761376 -0.562113
v 9.150681 15.747528 -0.524707
v 9.127641 15.653256 -0.613563
v 9.144659 15.858915 -0.583815
v 9.083350 15.845630 -0.619042
v 9.102045 15.952576 -0.540365
v 8.982285 15.921357 -0.608564
v 9.013515 16.073149 -0.443894
v 8.141616 15.952352 -0.539833
v 8.674165 16.080647 0.134310
v 8.979433 16.069611 0.003047
v 8.956464 16.132484 0.164839
v 9.133563 16.010172 0.067407
v 9.120839 16.071890 0.165070
v 8.979223 15.807677 -0.778336
v 9.070901 15.732283 -0.815925
v 8.974260 15.728195 -0.824038
v 9.075908 15.839688 -0.780349
v 8.982402 15.942146 -0.702855
v 9.080816 15.888647 -0.699082
v 9.137535 16.053108 -0.049123
v 9.123648 16.093777 -0.141875
v 9.122908 15.910416 0.301641
v 8.968226 16.011425 0.267290
v 8.890562 15.847981 0.312221
v 9.117736 16.028704 0.250037
v 9.184103 15.821210 -0.043592
v 9.185508 15.919406 0.015428
v 9.187103 15.786010 0.066937
v 9.192341 15.962039 0.025084
v 8.727609 16.011860 0.244036
v 9.127641 15.653256 -0.613563
v 9.003135 15.604811 -0.682489
v 9.108452 16.009806 -0.437809
v 9.107955 15.646420 -0.777752
v 8.981668 15.633824 -0.789355
v 8.375886 15.848807 -0.698615
v -5.600182 16.077820 -0.710422
v -5.521164 16.152830 -0.650163
v -5.445729 16.113359 -0.678064
v -5.770687 16.168301 -0.697132
v -5.948887 16.166815 -0.690616
v -5.897956 16.239902 -0.479980
v -6.247131 16.255205 -0.360463
v -5.773026 16.245005 -0.174356
v -6.183591 16.207596 -0.045817
v -5.623779 16.168484 0.083762
v -6.121544 16.081701 0.157736
v -5.503141 15.973150 0.191414
v -6.038123 15.917510 0.219025
v -6.000919 15.775838 0.268710
v -6.645144 15.876643 0.170231
v -6.673932 15.743805 0.189006
v -7.184668 15.841753 0.086975
v -7.225595 15.730879 0.085605
v -7.253146 15.492909 -0.494270
v -6.647119 15.353093 -0.265186
v -7.253278 15.460865 -0.282071
v -6.656543 15.375861 -0.512742
v -7.232147 15.592528 -0.597001
v -6.657582 15.495613 -0.614064
v -7.230608 15.829659 -0.654090
v -6.667195 15.751480 -0.695935
v -6.737438 16.015783 -0.671766
v -5.906206 15.678467 -0.748674
v -6.126700 15.950349 -0.775574
v -5.776334 15.983703 -0.762373
v -6.254405 16.157785 -0.650832
v -9.107956 15.646420 -0.777752
v -9.306679 15.740352 -0.809118
v -9.070902 15.732283 -0.815924
v -9.315103 15.656609 -0.768513
v -9.315885 15.661993 -0.618058
v -9.557446 15.676371 -0.622807
v -9.532909 15.755496 -0.599318
v -9.780642 15.775347 -0.609730
v -9.510321 15.861243 -0.640578
v -9.778852 15.840751 -0.639779
v -9.778410 15.836084 -0.767841
v -9.849654 15.777758 -0.695371
v -9.779278 15.769341 -0.777908
v -5.863738 15.266253 -0.488293
v -5.448388 15.258218 -0.176747
v -5.881801 15.232544 -0.206750
v -5.423571 15.314770 -0.465267
v -5.848905 15.402160 -0.623417
v -5.375393 15.456689 -0.567183
v -5.487968 15.691120 -0.712972
v -5.289546 15.689846 -0.707673
v -9.743740 15.970828 -0.265902
v -9.143309 16.027647 -0.252455
v -9.206272 15.952651 -0.304163
v -9.559071 16.072083 -0.238470
v -9.863326 16.063885 -0.229970
v -9.563342 16.080660 -0.051443
v -9.867543 16.077415 -0.054455
v -9.749680 15.980004 -0.013267
v -10.178185 16.073895 -0.075572
v -10.194812 15.996528 -0.037606
v -10.247120 16.001368 -0.145281
v -9.192343 15.962038 0.025084
v -9.137537 16.053108 -0.049122
v -9.184105 15.821209 -0.043591
v -9.511827 15.847296 -0.042653
v -9.187699 15.806026 -0.233740
v -9.510841 15.840542 -0.231202
v -9.206272 15.952651 -0.304163
v -9.743740 15.970828 -0.265902
v -9.538691 15.748458 -0.802207
v -9.556780 15.671628 -0.755274
v -9.781226 15.707894 -0.689898
v -9.849654 15.777758 -0.695371
v -9.306679 15.740352 -0.809118
v -9.075910 15.839689 -0.780348
v -9.070902 15.732283 -0.815924
v -9.322595 15.865794 -0.781270
v -9.538691 15.748458 -0.802207
v -9.511097 15.856656 -0.770208
v -5.931604 15.405763 0.124360
v -6.647119 15.353093 -0.265186
v -5.881801 15.232544 -0.206750
v -6.655947 15.457774 -0.007454
v -5.996267 15.653099 0.289314
v -6.676696 15.621687 0.147635
v -5.498837 15.453997 0.163770
v -5.448388 15.258218 -0.176747
v -5.450318 15.689166 0.281255
v -9.856663 15.873827 -0.221326
v -10.177963 15.923431 -0.138459
v -9.857657 15.880135 -0.045183
v -9.080817 15.888647 -0.699081
v -9.321784 15.870955 -0.635680
v -9.083351 15.845630 -0.619041
v -9.140341 15.761376 -0.562112
v -10.177549 16.062637 -0.226316
v -10.189644 15.989260 -0.245870
v -7.156486 15.953547 0.057892
v -6.622697 16.020948 0.127823
v -7.147132 16.084341 -0.054028
v -6.653037 16.153112 -0.039072
v -7.163124 16.140194 -0.206737
v -6.712458 16.213949 -0.265628
v -7.258612 16.019775 -0.578190
v -6.751169 16.141796 -0.541533
v -7.241912 16.095224 -0.446316
v -10.189644 15.989260 -0.245870
v -10.247120 16.001368 -0.145281
v -9.123650 16.093779 -0.141874
v -5.690981 16.221130 -0.577490
v -5.533091 16.266140 -0.322460
v -9.127643 15.653255 -0.613562
v -7.247007 15.582750 0.044252
v -7.253010 15.499743 -0.080484
v -7.253278 15.460865 -0.282071
v -5.392265 15.754951 0.240676
v -9.779278 15.769341 -0.777908
v -9.744206 15.878572 -0.552400
v -9.102045 15.952578 -0.540365
v -9.144659 15.858916 -0.583815
v -9.506035 15.983977 -0.525576
v -9.736996 15.972758 -0.520105
v -9.506883 15.989802 -0.362869
v -9.737819 15.978488 -0.360072
v -9.744662 15.886633 -0.326591
v -10.036794 15.893772 -0.346848
v -9.755322 15.794930 -0.355824
v -10.036594 15.817604 -0.437311
v -9.754395 15.790713 -0.515445
v -9.744206 15.878572 -0.552400
v -9.441115 15.776938 -0.519478
v -9.144659 15.858916 -0.583815
v -9.150681 15.747528 -0.524706
v -9.070902 15.732283 -0.815924
v -8.974262 15.728195 -0.824038
v -8.981670 15.633824 -0.789355
v -8.979224 15.807677 -0.778336
v -9.075910 15.839689 -0.780348
v -8.982402 15.942146 -0.702855
v -9.080817 15.888647 -0.699081
v -9.083351 15.845630 -0.619041
v -8.375887 15.848807 -0.698615
v -8.141617 15.952352 -0.539832
v -8.982285 15.921357 -0.608564
v -9.013515 16.073149 -0.443894
v -9.102045 15.952578 -0.540365
v -9.108452 16.009808 -0.437809
v -9.131832 15.975044 -0.351041
v -9.002247 16.039768 -0.344461
v -9.143309 16.027647 -0.252455
v -9.007465 16.138256 -0.143300
v -9.123650 16.093779 -0.141874
v -9.137537 16.053108 -0.049122
v -9.185508 15.919407 0.015428
v -9.184105 15.821209 -0.043591
v -9.187103 15.786011 0.066937
v -9.192343 15.962038 0.025084
v -9.133563 16.010172 0.067407
v -8.979433 16.069611 0.003047
v -10.035184 15.887311 -0.529519
v -10.027163 15.957687 -0.507144
v -10.099669 15.892846 -0.437909
v -10.027803 15.963063 -0.372024
v -9.441921 15.785825 -0.347516
v -9.164248 15.775416 -0.343383
v -8.120568 16.050053 -0.374698
v -9.202028 15.869041 -0.290569
v -9.131832 15.975044 -0.351041
v -9.187699 15.806026 -0.233740
v -9.202028 15.869041 -0.290569
v -9.164248 15.775416 -0.343383
v -9.206272 15.952651 -0.304163
v -10.099669 15.892846 -0.437909
v -10.035184 15.887311 -0.529519
v -9.108452 16.009808 -0.437809
v -9.150681 15.747528 -0.524706
v -9.140341 15.761376 -0.562112
v -9.127643 15.653255 -0.613562
v -9.144659 15.858916 -0.583815
v -8.968228 16.011425 0.267290
v -9.122909 15.910417 0.301641
v -8.890563 15.847980 0.312221
v -9.117736 16.028704 0.250037
v -9.122909 15.910417 0.301641
v -9.013495 15.774804 0.274877
v -8.890563 15.847980 0.312221
v -9.149879 15.795568 0.262923
v -9.014769 15.718988 0.179949
v -9.187103 15.786011 0.066937
v -9.033287 15.726778 -0.065153
v -9.184105 15.821209 -0.043591
v -9.032914 15.710734 -0.213361
v -9.187699 15.806026 -0.233740
v -9.032562 15.685604 -0.410512
v -9.164248 15.775416 -0.343383
v -9.150681 15.747528 -0.524706
v -9.127643 15.653255 -0.613562
v -9.003136 15.604810 -0.682489
v -9.107956 15.646420 -0.777752
v -0.701363 2.777014 -0.563788
v -0.499255 3.209776 -0.117432
v -0.677732 2.615839 -0.257732
v -0.585282 3.235054 -0.602136
v -0.778386 3.220566 -0.884786
v -0.702029 3.497569 -0.980651
v -1.077185 3.259032 -0.959879
v -1.084181 3.549939 -1.092167
v -1.448162 3.553182 -1.000501
v -1.534768 3.828490 -1.029216
v -1.886547 3.546860 -0.634437
v -1.928927 3.956322 -0.629514
v -1.929181 3.669526 -0.227447
v -1.975064 4.090405 -0.187761
v -1.545271 3.696365 0.135018
v -1.361557 3.277874 -0.903824
v -1.691766 3.151520 -0.610597
v -1.326634 2.713700 -0.755641
v -1.563392 2.627425 -0.551810
v -1.544346 2.103330 -0.493024
v -1.669406 2.897808 -0.298498
v -1.537707 2.080658 -0.336363
v -1.401164 2.789787 0.043382
v -1.457809 2.042940 0.023450
v -1.127994 2.031801 0.140749
v -1.438371 1.668858 -0.039553
v -1.110172 1.752495 0.195026
v -0.695292 4.654035 0.319348
v -0.426098 3.903594 -0.052424
v -0.520586 4.795043 0.051895
v -0.861539 3.627293 0.167803
v -1.011122 4.534856 0.471653
v -1.182655 3.674989 0.326996
v -1.260070 4.543271 0.464445
v -1.559903 4.665004 0.274477
v -1.832821 4.801513 -0.011995
v -1.853654 4.365785 -0.624591
v -1.739213 4.946526 -0.376970
v -1.511979 5.022236 -0.551458
v -8.734757 15.614068 -0.050706
v -8.449290 15.487737 -0.206097
v -8.419091 15.488954 -0.418837
v -8.422911 15.469105 -0.626281
v -8.395988 15.585566 -0.762372
v -8.359722 15.694579 -0.766839
v -7.987955 15.504216 0.081092
v -8.205057 15.403289 0.214098
v -8.239066 15.410731 -0.007050
v -8.058510 15.618794 0.263764
v -7.866276 15.759170 0.078861
v -8.141377 15.841788 0.199979
v -7.881853 15.976222 -0.060581
v -8.383408 15.996920 0.163289
v -8.359943 16.043713 0.076161
v -8.727610 16.011860 0.244036
v -8.674166 16.080647 0.134310
v -1.078761 2.701607 -0.830440
v -1.312961 2.149526 -0.725398
v -1.080337 2.144183 -0.818942
v -1.150901 1.416279 -1.019359
v -0.855046 1.414548 -0.951745
v -1.127846 1.361119 -0.886604
v -0.931283 1.363600 -0.838891
v -8.039762 15.462755 -0.578783
v -7.767303 15.519975 -0.512554
v -7.795076 15.487250 -0.328764
v -7.770124 15.582826 -0.611889
v -8.001180 15.562243 -0.682005
v -7.767525 15.683660 -0.653606
v -7.990212 15.647566 -0.693817
v -7.987141 15.810143 -0.648183
v -7.767525 15.683660 -0.653606
v -7.611801 15.660845 -0.594086
v -7.770124 15.582826 -0.611889
v -7.589358 15.862968 -0.638315
v -7.767133 15.915383 -0.596181
v -7.591446 16.040054 -0.543676
v -7.795811 16.060991 -0.404630
v -7.564644 16.082344 -0.389510
v -7.515914 16.096121 -0.185234
v -9.187103 15.786011 0.066937
v -9.694253 15.937331 0.051460
v -9.185508 15.919407 0.015428
v -9.488468 15.809283 0.095788
v -9.488321 15.814869 0.253169
v -9.765512 15.827131 0.106009
v -9.766251 15.832163 0.246542
v -10.035918 15.876195 0.175307
v -10.032618 15.953995 0.274126
v -10.101752 15.952100 0.168443
v -8.049989 15.457322 -0.113975
v -8.425200 15.431176 -0.121842
v -7.768586 15.594480 -0.018279
v -7.768600 15.837703 0.023987
v -7.764919 15.955209 -0.069862
v -7.796172 16.051489 -0.177567
v -9.694253 15.937331 0.051460
v -9.133563 16.010172 0.067407
v -9.185508 15.919407 0.015428
v -9.507483 16.051874 0.085097
v -9.720365 16.048626 0.089613
v -9.508340 16.057604 0.248446
v -9.721147 16.054207 0.249148
v -9.696062 15.945347 0.291081
v -0.527241 3.464074 -0.621310
v -0.439763 3.497179 -0.070666
v -0.469201 3.693094 -0.640485
v -0.648638 3.774572 -1.008555
v -0.454877 4.303622 -0.659925
v -0.624685 4.393890 -0.866626
v -0.552866 4.999807 -0.423691
v -0.671899 5.052533 -0.542915
v -0.837905 2.663419 -0.776761
v -0.868855 2.106271 -0.771375
v -0.718257 2.032425 -0.558134
v -0.679118 1.417656 -0.745892
v -0.740926 1.374238 -0.677807
v -9.052952 15.507654 0.433868
v -9.234426 15.559441 0.584152
v -9.047826 15.577191 0.493237
v -9.237655 15.448152 0.529263
v -9.056971 15.363150 0.446535
v -9.234131 15.365670 0.606131
v -9.046609 15.330697 0.551355
v -9.229307 15.386145 0.698584
v -7.531082 15.823316 0.042279
v -7.499041 16.034439 -0.070050
v -1.578012 4.440517 -0.868414
v -1.109873 4.475132 -1.019919
v -1.116373 5.095161 -0.645537
v -8.449290 15.487737 -0.206097
v -8.590364 15.453295 0.011812
v -8.734757 15.614068 -0.050706
v -8.067101 15.442162 -0.219492
v -7.795076 15.487250 -0.328764
v -7.761262 15.501311 -0.137751
v -1.334060 1.362237 -0.853304
v -1.440482 1.418910 -0.958665
v -1.628442 1.426151 -0.730543
v -10.031542 15.946924 0.071459
v -10.040816 16.018444 0.097837
v -10.101752 15.952100 0.168443
v -10.039921 16.024055 0.247391
v -1.123540 2.757270 0.195567
v -0.738196 2.034200 0.042964
v -0.748181 1.719653 0.029226
v -8.956464 16.132484 0.164839
v -9.117736 16.028704 0.250037
v -9.120839 16.071890 0.165070
v -9.376508 15.926639 0.296677
v -7.767303 15.519975 -0.512554
v -7.613437 15.528431 -0.502365
v -8.108985 16.053619 -0.162320
v -7.984023 16.040680 -0.416782
v -7.795811 16.060991 -0.404630
v -9.149879 15.795568 0.262923
v -9.122909 15.910417 0.301641
v -9.047826 15.577191 0.493237
v -8.912926 15.561649 0.638007
v -8.934603 15.565761 0.476495
v -9.220886 15.552052 0.686504
v -9.234426 15.559441 0.584152
v -9.321625 15.465757 0.629523
v -0.599182 2.001697 -0.266905
v -0.860156 2.690104 0.076799
v -0.677732 2.615839 -0.257732
v -1.500915 1.374027 -0.667558
v -1.712913 1.556976 -0.429476
v -1.605782 1.494443 -0.414476
v -0.521701 1.601307 -0.319616
v -0.599182 2.001697 -0.266905
v -0.616999 1.542730 -0.323500
v -7.596031 15.483638 -0.319205
v -7.761262 15.501311 -0.137751
v -7.795076 15.487250 -0.328764
v -7.590880 15.513607 -0.124023
v -7.768586 15.594480 -0.018279
v -7.587000 15.564979 -0.009855
v -7.768600 15.837703 0.023987
v -8.066513 15.445766 -0.415115
v -8.067101 15.442162 -0.219492
v -7.764919 15.955209 -0.069862
v -7.796172 16.051489 -0.177567
v -7.767133 15.915383 -0.596181
v -0.439763 3.497179 -0.070666
v -0.499255 3.209776 -0.117432
v -9.120839 16.071890 0.165070
v -7.795076 15.487250 -0.328764
v -7.596031 15.483638 -0.319205
v -1.091177 3.840845 -1.156493
v -0.426098 3.903594 -0.052424
v -0.520586 4.795043 0.051895
v -10.031542 15.946924 0.071459
v -9.321625 15.465757 0.629523
v -0.521701 1.601307 -0.319616
v -0.616999 1.542730 -0.323500
v -8.972907 15.354001 0.414482
v -8.558410 15.847413 0.301862
v -8.702167 15.640895 0.420153
v -8.486234 15.675436 0.428019
v -8.768559 15.718511 0.344464
v -8.652178 15.596503 0.506773
v -8.812772 15.569824 0.634644
v -8.586412 15.437037 0.593350
v -8.817315 15.351850 0.646073
v -8.659538 15.307768 0.516970
v -8.854282 15.325702 0.534477
v -8.801697 15.342094 0.371932
v -8.921790 15.363305 0.410346
v -8.796343 15.506628 0.358189
v -8.921227 15.503642 0.401305
v -8.780606 15.574752 0.381385
v -8.934603 15.565761 0.476495
v -8.702167 15.640895 0.420153
v -8.922237 15.368643 0.647243
v -8.934852 15.343790 0.533254
v -8.964324 15.510720 0.407517
v -8.803384 15.698009 0.286036
v -8.728356 15.325806 0.333247
v -8.798598 15.559051 0.165006
v -8.724298 15.381371 0.182218
v -8.629786 15.298210 0.372426
v -8.446100 15.335073 0.133800
v -8.478275 15.303755 0.431935
v -8.469394 15.445840 0.541325
v -8.375021 15.465262 0.491307
v -8.768559 15.718511 0.344464
v -8.803384 15.698009 0.286036
v -8.798598 15.559051 0.165006
v -8.768559 15.718511 0.344464
v -5.374485 16.213764 -0.043661
v -5.395067 16.231974 -0.476102
v -5.265647 16.154068 -0.590934
v -5.126802 15.990993 -0.685792
v -5.101104 15.675506 -0.704223
v -4.797746 15.628079 -0.730385
v -4.908508 15.400390 -0.523698
v -5.236643 15.325342 -0.180531
v -5.201286 15.360437 -0.416156
v -5.136989 15.404315 -0.543077
v -5.352862 15.970070 0.179146
v -5.083969 15.801681 0.207599
v -5.063621 15.871690 0.176622
v -5.253681 16.123159 0.053187
v -5.154668 16.176102 -0.162733
v -5.262213 16.219645 -0.289727
v -5.067636 15.565461 0.117539
v -5.236643 15.325342 -0.180531
v -5.019257 15.327800 -0.161132
v -5.272239 15.517126 0.127107
v -5.000550 15.966202 -0.672048
v -5.168326 16.146175 -0.434660
v -4.982433 15.328622 -0.359559
v -5.019257 15.327800 -0.161132
v -4.386062 16.050478 -0.679289
v -4.296291 16.180735 -0.308434
v -4.291810 16.152447 -0.566663
v -4.742591 16.111956 -0.222107
v -4.954045 16.104694 -0.205038
v -4.753170 16.063814 -0.053848
v -5.051029 16.094667 -0.000436
v -4.757856 16.022139 0.067553
v -5.013528 15.952174 0.114905
v -4.765546 15.892781 0.246819
v -4.768613 15.770071 0.302159
v -4.773457 15.528796 0.198307
v -4.749786 15.270259 -0.100165
v -4.731758 15.255868 -0.324436
v -4.691552 15.308796 -0.505038
v -4.579438 15.382833 -0.630159
v -4.411802 15.631657 -0.734542
v -4.249851 15.349917 -0.682881
v -4.263821 15.975484 0.305933
v -4.273596 15.698471 0.452219
v -4.311976 15.402088 0.230753
v -4.273863 15.180327 -0.046533
v -4.749786 15.270259 -0.100165
v -5.058200 16.122026 -0.321016
v -4.312580 15.134789 -0.278668
v -4.374919 15.206866 -0.499917
v -4.273863 15.180327 -0.046533
v -4.274880 16.170170 -0.122026
v -4.256002 16.124365 0.042039
v -4.524998 15.919709 -0.704610
v -3.277763 16.118477 0.066293
v -3.661292 16.008116 0.353017
v -3.274693 15.963398 0.357619
v -3.666785 16.136112 0.070059
v -3.471931 16.152225 -0.152944
v -3.673785 16.196594 -0.170109
v -3.483668 16.200884 -0.431436
v -3.688425 16.224134 -0.414893
v -3.442156 16.097710 -0.710468
v -3.714480 16.120510 -0.680676
v -3.480516 15.850687 -0.854827
v -3.722288 15.889686 -0.888033
v -3.454304 15.593291 -0.837452
v -3.800747 15.493460 -0.829612
v -3.447865 15.315398 -0.801354
v -3.675945 15.352403 -0.852002
v -3.465540 15.144862 -0.711175
v -3.685631 15.148726 -0.745604
v -3.422233 15.022616 -0.550508
v -3.139852 15.125480 -0.568449
v -2.902193 14.991189 -0.285397
v -2.731786 15.064209 -0.579560
v -2.939462 15.140755 -0.646377
v -2.711581 15.153176 -0.711088
v -3.049721 15.345221 -0.754352
v -2.863839 15.379613 -0.793621
v -3.026235 15.551303 -0.834944
v -2.860887 15.593349 -0.880156
v -2.998273 15.775321 -0.853132
v -2.824493 15.836950 -0.907002
v -3.016009 16.000517 -0.822244
v -2.820693 16.059948 -0.858018
v -3.018468 16.191246 -0.680459
v -3.243840 15.231589 -0.671546
v -3.237785 15.416862 -0.738017
v -3.209526 15.636085 -0.774045
v -3.203783 15.875993 -0.772577
v -3.219003 16.091736 -0.655217
v -3.303823 16.221945 -0.384135
v -2.716948 15.620410 0.395111
v -2.974993 15.175245 0.055211
v -2.513030 15.415212 0.109488
v -3.032011 15.411883 0.345448
v -2.855605 15.759909 0.409527
v -3.019134 15.689660 0.444438
v -2.980194 15.907105 0.422771
v -3.312365 15.661016 0.493524
v -3.680185 15.680289 0.516689
v -2.661356 15.100791 -0.077884
v -2.286357 14.912061 -0.188431
v -2.213865 15.143910 0.162536
v -3.311827 15.004202 -0.293035
v -3.656755 15.007461 -0.524347
v -3.913754 15.214882 -0.752476
v -3.052279 16.330790 -0.396637
v -2.831597 16.182491 -0.812698
v -2.630983 16.322165 -0.724392
v -2.660491 16.098787 -0.865176
v -2.974993 15.175245 0.055211
v -3.560534 15.004238 -0.249207
v -3.328489 15.179263 0.004026
v -3.918335 15.065334 -0.242917
v -3.759508 15.146978 0.010704
v -2.334589 14.915571 -0.647420
v -2.518633 15.154638 -0.803780
v -2.691038 15.357118 -0.790735
v -2.718117 15.607456 -0.878990
v -3.922643 15.688809 -0.830208
v -3.909369 15.564268 -0.814303
v -2.846952 16.094601 0.460108
v -2.658278 15.878239 0.621342
v -2.533109 16.043222 0.648016
v -2.415163 15.779241 0.736357
v -2.302399 15.831780 0.772034
v -2.586990 16.459829 -0.474998
v -2.803068 16.415577 -0.449535
v -3.037418 16.317158 0.106550
v -3.940277 15.061236 -0.524060
v -2.681714 15.856359 -0.922337
v -2.227443 15.311111 0.542313
v -2.166790 15.203449 0.384953
v -2.281278 15.506914 0.737210
v -2.510423 15.711459 0.681843
v -3.328489 15.179263 0.004026
v -3.328233 15.336529 0.346068
v -3.759508 15.146978 0.010704
v -3.694058 15.331472 0.340004
v -2.557316 16.510084 0.019393
v -2.780578 16.450581 0.068592
v -2.492399 16.335049 0.481646
v -2.677683 16.255272 0.491921
v -2.213865 15.143910 0.162536
v -2.661356 15.100791 -0.077884
v -2.381269 16.092598 0.643707
v -2.400877 16.133003 -0.882738
v -2.390878 16.354752 -0.764800
v -2.383208 16.482092 -0.531695
v -2.357538 16.552021 -0.044233
v -2.320630 16.370691 0.425315
v -2.212126 16.125200 0.676865
v -2.102403 15.866472 0.783899
v -2.374963 15.202495 -0.888360
v -2.431703 15.497268 -0.836979
v -2.502942 15.666451 -0.851738
v -2.435254 15.869046 -0.946961
v -2.090151 15.755050 -1.082945
v -2.117772 16.007826 -1.074327
v -1.937971 15.328282 0.943409
v -2.011875 15.553483 0.807797
v -1.897576 15.616483 0.848370
v -1.969695 15.908666 0.774589
v -2.020458 16.177259 0.616075
v -1.945107 14.559172 0.167682
v -1.943246 14.524347 -0.293680
v -1.936974 14.657872 -0.617814
v -1.845393 14.709931 -0.924293
v -1.949010 15.106354 0.423819
v -1.945107 14.559172 0.167682
v -1.907157 15.063803 -1.032924
v -1.934530 15.133428 0.647217
v -2.034716 15.404292 -1.008917
v -2.098663 16.437244 0.346774
v -2.197226 16.608803 -0.094438
v -2.210685 16.530567 -0.549868
v -2.191080 16.466358 -0.737976
v -2.142518 16.269770 -0.943602
v 1.110172 1.752495 0.195025
v 0.738196 2.034201 0.042963
v 0.748181 1.719655 0.029225
v 1.127994 2.031801 0.140748
v 1.438371 1.668859 0.026994
v 1.457809 2.042941 -0.043098
v 1.712913 1.556976 -0.429477
v 1.537707 2.080658 -0.336364
v 1.544346 2.103330 -0.493025
v 1.669406 2.897810 -0.298499
v 1.563392 2.627425 -0.551811
v 1.691766 3.151520 -0.610598
v 1.326634 2.713701 -0.755642
v 1.361557 3.277874 -0.903825
v 1.077185 3.259033 -0.959880
v 1.448162 3.553182 -1.000502
v 1.084181 3.549939 -1.092168
v 1.534768 3.828490 -1.029217
v 1.091177 3.840847 -1.156494
v 1.109873 4.475132 -1.019920
v 0.648638 3.774573 -1.008556
v 0.624685 4.393891 -0.866627
v 0.454877 4.303623 -0.659926
v 0.552866 4.999808 -0.423692
v 0.520586 4.795043 0.051894
v 8.724298 15.381371 0.182218
v 8.590363 15.453296 0.011812
v 8.734756 15.614068 -0.050706
v 8.446099 15.335073 0.133800
v 8.629786 15.298210 0.372426
v 8.478274 15.303755 0.431934
v 8.659537 15.307768 0.516969
v 8.469393 15.445840 0.541325
v 8.586411 15.437037 0.593350
v 8.486233 15.675436 0.428018
v 8.652176 15.596502 0.506773
v 8.702167 15.640895 0.420152
v 8.812772 15.569824 0.634644
v 8.934602 15.565761 0.476495
v 8.912925 15.561650 0.638006
v 9.047825 15.577192 0.493237
v 9.220886 15.552052 0.686503
v 9.234426 15.559441 0.584151
v 9.321624 15.465758 0.629522
v 0.426098 3.903594 -0.052425
v 0.469201 3.693094 -0.640486
v 0.527242 3.464074 -0.621311
v 0.702029 3.497571 -0.980652
v 0.585282 3.235055 -0.602137
v 0.778386 3.220567 -0.884787
v 0.701363 2.777015 -0.563789
v 0.837906 2.663419 -0.776762
v 0.868855 2.106272 -0.771376
v 1.080337 2.144183 -0.818943
v 0.855046 1.414548 -0.951746
v 1.150901 1.416280 -1.019360
v 1.127846 1.361119 -0.886605
v 1.334060 1.362238 -0.853305
v 8.798598 15.559051 0.165006
v 8.728356 15.325806 0.333247
v 8.803384 15.698009 0.286036
v 8.796343 15.506628 0.358189
v 8.780606 15.574752 0.381385
v 8.921227 15.503642 0.401305
v 8.934602 15.565761 0.476495
v 8.964324 15.510720 0.407517
v 9.047825 15.577192 0.493237
v 9.052951 15.507655 0.433867
v 9.234426 15.559441 0.584151
v 9.237654 15.448152 0.529262
v 9.321624 15.465758 0.629522
v 9.234130 15.365671 0.606130
v 0.521701 1.601307 -0.319617
v 0.616999 1.542730 -0.323501
v 0.599182 2.001698 -0.266906
v 0.860156 2.690104 0.076798
v 1.123540 2.757270 0.195566
v 1.182655 3.674990 0.326995
v 1.545271 3.696365 0.135016
v 1.260070 4.543272 0.464444
v 1.559903 4.665005 0.274476
v 1.401164 2.789788 0.043381
v 1.929181 3.669528 -0.227448
v 1.975064 4.090405 -0.187762
v 1.928927 3.956324 -0.629515
v 1.853654 4.365785 -0.624592
v 1.578013 4.440518 -0.868415
v 1.511980 5.022236 -0.551459
v 8.801695 15.342094 0.371932
v 8.854281 15.325702 0.534476
v 8.921790 15.363305 0.410346
v 8.934852 15.343790 0.533254
v 8.972906 15.354002 0.414481
v 9.046608 15.330698 0.551355
v 9.056970 15.363150 0.446535
v 1.312961 2.149528 -0.725399
v 1.628442 1.426152 -0.730544
v 1.440482 1.418911 -0.958666
v 8.817314 15.351850 0.646073
v 8.922237 15.368643 0.647243
v 9.229307 15.386145 0.698583
v 0.677732 2.615839 -0.257733
v 0.861539 3.627295 0.167802
v 1.011122 4.534856 0.471652
v 0.499255 3.209776 -0.117433
v 0.677732 2.615839 -0.257733
v 0.718257 2.032425 -0.558135
v 0.599182 2.001698 -0.266906
v 0.521701 1.601307 -0.319617
v 0.671899 5.052534 -0.542916
v 1.116373 5.095162 -0.645538
v 1.886547 3.546861 -0.634438
v 0.931283 1.363602 -0.838892
v 0.679118 1.417657 -0.745893
v 0.740926 1.374239 -0.677808
v 0.616999 1.542730 -0.323501
v 8.205056 15.403290 0.214098
v 8.375019 15.465262 0.491306
v 0.499255 3.209776 -0.117433
v 0.439763 3.497180 -0.070667
v 0.426098 3.903594 -0.052425
v 1.832822 4.801515 -0.011996
v 1.078761 2.701608 -0.830441
v 8.425199 15.431176 -0.121842
v 8.239065 15.410731 -0.007050
v 1.500915 1.374027 -0.667559
v 1.739213 4.946526 -0.376971
v 0.439763 3.497180 -0.070667
v 8.768559 15.718511 0.344464
v 8.803384 15.698009 0.286036
v 8.768559 15.718511 0.344464
v 8.558409 15.847413 0.301862
v 8.768559 15.718511 0.344464
v 8.702167 15.640895 0.420152
v 8.383407 15.996921 0.163289
v 8.141376 15.841788 0.199979
v 8.798598 15.559051 0.165006
v 8.734756 15.614068 -0.050706
v 8.058509 15.618795 0.263764
v 0.695292 4.654037 0.319347
v 0.520586 4.795043 0.051894
v 1.605782 1.494444 -0.414477
v 6.647119 15.353093 -0.265186
v 6.655947 15.457774 -0.007454
v 7.253278 15.460865 -0.282071
v 7.253010 15.499743 -0.080484
v 7.590878 15.513606 -0.124023
v 7.247007 15.582750 0.044252
v 7.586998 15.564977 -0.009855
v 7.225595 15.730879 0.085605
v 7.531081 15.823314 0.042279
v 7.184668 15.841753 0.086975
v 7.156486 15.953547 0.057892
v 6.645144 15.876643 0.170231
v 6.622697 16.020948 0.127823
v 8.449289 15.487738 -0.206097
v 8.419090 15.488954 -0.418837
v 8.066512 15.445767 -0.415115
v 8.422910 15.469106 -0.626281
v 8.039760 15.462755 -0.578783
v 8.395986 15.585566 -0.762372
v 8.001179 15.562244 -0.682005
v 7.990212 15.647567 -0.693817
v 7.767525 15.683660 -0.653606
v 7.987140 15.810144 -0.648183
v 7.767133 15.915383 -0.596181
v 7.984022 16.040680 -0.416782
v 7.761262 15.501311 -0.137751
v 7.596030 15.483637 -0.319205
v 7.795076 15.487250 -0.328764
v 7.768586 15.594480 -0.018279
v 7.768600 15.837703 0.023987
v 7.764919 15.955209 -0.069862
v 7.499039 16.034439 -0.070050
v 7.515912 16.096119 -0.185235
v 7.147132 16.084341 -0.054028
v 7.163124 16.140194 -0.206737
v 6.653037 16.153112 -0.039072
v 6.712458 16.213949 -0.265628
v 6.751169 16.141796 -0.541533
v 7.241912 16.095224 -0.446316
v 7.564643 16.082344 -0.389511
v 7.795811 16.060991 -0.404630
v 7.591444 16.040054 -0.543676
v 7.767133 15.915383 -0.596181
v 7.589355 15.862967 -0.638316
v 7.767525 15.683660 -0.653606
v 7.611799 15.660844 -0.594086
v 7.770124 15.582826 -0.611889
v 7.767303 15.519975 -0.512554
v 6.737438 16.015783 -0.671766
v 7.258612 16.019775 -0.578190
v 7.230608 15.829659 -0.654090
v 7.232147 15.592528 -0.597001
v 7.613435 15.528431 -0.502366
v 7.795076 15.487250 -0.328764
v 6.667195 15.751480 -0.695935
v 6.657582 15.495613 -0.614064
v 6.656543 15.375861 -0.512742
v 7.253146 15.492909 -0.494270
v 6.647119 15.353093 -0.265186
v 7.253278 15.460865 -0.282071
v 8.067100 15.442162 -0.219492
v 8.449289 15.487738 -0.206097
v 8.049988 15.457322 -0.113975
v 7.987954 15.504216 0.081092
v 8.359721 15.694579 -0.766839
v 6.676696 15.621687 0.147635
v 6.673932 15.743805 0.189006
v 8.359941 16.043713 0.076160
v 7.796172 16.051489 -0.177567
v 7.881852 15.976222 -0.060581
v 7.764919 15.955209 -0.069862
v 7.768600 15.837703 0.023987
v 7.768586 15.594480 -0.018279
v 7.866275 15.759170 0.078860
v 7.795076 15.487250 -0.328764
v 7.761262 15.501311 -0.137751
v 7.770124 15.582826 -0.611889
v 7.767303 15.519975 -0.512554
v 8.067100 15.442162 -0.219492
v 7.795076 15.487250 -0.328764
v 7.795811 16.060991 -0.404630
v 7.796172 16.051489 -0.177567
v 7.596030 15.483637 -0.319205

vt -0.251163 0.462046
vt -0.203893 0.497923
vt -0.267444 0.489626
vt -0.203118 0.469186
vt -0.229621 0.442377
vt -0.216225 0.415494
vt -0.222627 0.403607
vt -0.208263 0.391843
vt -0.219678 0.367368
vt -0.219872 0.342770
vt -0.249436 0.350101
vt -0.264872 0.299699
vt -0.289491 0.368200
vt -0.307705 0.308531
vt -0.325350 0.389783
vt -0.340409 0.316723
vt -0.358329 0.407754
vt -0.366295 0.327481
vt -0.388163 0.331817
vt -0.151614 0.475264
vt -0.098177 0.511833
vt -0.149679 0.534978
vt -0.097950 0.465156
vt -0.151049 0.443113
vt -0.106352 0.425244
vt -0.148548 0.410526
vt -0.144005 0.344639
vt -0.191422 0.365519
vt -0.184954 0.314769
vt -0.221987 0.298469
vt -0.326505 0.447557
vt -0.357994 0.433143
vt -0.307666 0.427068
vt -0.269709 0.402748
vt -0.236370 0.379197
vt -0.496712 0.439589
vt -0.432974 0.482558
vt -0.497221 0.480676
vt -0.439000 0.440477
vt -0.497748 0.404503
vt -0.442025 0.401991
vt -0.496669 0.339865
vt -0.447857 0.336175
vt -0.066815 0.494767
vt -0.074857 0.451993
vt -0.079355 0.414085
vt -0.099830 0.349642
vt -0.073261 0.344818
vt -0.032859 0.481850
vt -0.035357 0.441537
vt -0.038440 0.406885
vt -0.043233 0.339865
vt -0.248593 0.422404
vt -0.273544 0.444610
vt -0.404049 0.412971
vt -0.393713 0.424173
vt -0.386578 0.485213
vt -0.406147 0.331413
vt -0.372432 0.489079
vt -0.353637 0.497976
vt -0.370799 0.544258
vt -0.335803 0.542439
vt -0.362752 0.621495
vt -0.323791 0.621407
vt -0.324258 0.705502
vt -0.294359 0.705811
vt -0.321823 0.489257
vt -0.292639 0.463896
vt -0.287439 0.508966
vt -0.218748 0.606060
vt -0.199552 0.582476
vt -0.168890 0.679884
vt -0.154124 0.682777
vt -0.314740 0.542637
vt -0.286321 0.544759
vt -0.275754 0.616863
vt -0.239926 0.620292
vt -0.230120 0.705223
vt -0.193920 0.709456
vt -0.026031 0.525939
vt -0.060752 0.538321
vt -0.022188 0.602908
vt -0.054517 0.608526
vt -0.019816 0.685752
vt -0.049888 0.671027
vt -0.090128 0.550612
vt -0.086358 0.605837
vt -0.082436 0.677695
vt -0.488113 0.605147
vt -0.445815 0.702761
vt -0.488478 0.691740
vt -0.444648 0.608741
vt -0.431818 0.536427
vt -0.391429 0.544381
vt -0.113461 0.572361
vt -0.118917 0.629190
vt -0.157028 0.600872
vt -0.264381 0.705371
vt -0.301087 0.618914
vt -0.360811 0.703919
vt -0.400367 0.621219
vt -0.402239 0.701336
vt -0.492943 0.525577
vt -0.114230 0.686479
vt -0.053011 0.916138
vt -0.025251 0.877573
vt -0.002461 0.916291
vt -0.061916 0.839392
vt -0.104887 0.867801
vt -0.103408 0.804090
vt -0.114391 0.837958
vt -0.119547 0.788120
vt -0.137554 0.821193
vt -0.142682 0.788681
vt -0.161579 0.824807
vt -0.168541 0.791114
vt -0.184985 0.827353
vt -0.197130 0.788994
vt -0.208356 0.822904
vt -0.227938 0.782886
vt -0.232753 0.819353
vt -0.266788 0.766655
vt -0.265638 0.819530
vt -0.323537 0.768750
vt -0.311137 0.832518
vt -0.360775 0.854429
vt -0.306633 0.877761
vt -0.344824 0.896257
vt -0.338476 0.917966
vt -0.360057 0.933905
vt -0.364412 0.765298
vt -0.296566 0.738241
vt -0.261536 0.737090
vt -0.225028 0.745085
vt -0.191448 0.743722
vt -0.162506 0.751556
vt -0.148109 0.700725
vt -0.131907 0.754053
vt -0.134862 0.721118
vt -0.111562 0.751275
vt -0.111325 0.719674
vt -0.125320 0.873904
vt -0.145470 0.851749
vt -0.167843 0.851287
vt -0.191086 0.855900
vt -0.211889 0.855334
vt -0.235901 0.851889
vt -0.261458 0.864834
vt -0.494608 0.898238
vt -0.471590 0.960791
vt -0.503638 0.960698
vt -0.424425 0.875565
vt -0.493588 0.829524
vt -0.440133 0.814270
vt -0.490157 0.765741
vt -0.446670 0.760086
vt -0.367915 0.915926
vt -0.386062 0.896691
vt -0.376811 0.831117
vt -0.400560 0.854096
vt -0.404781 0.819088
vt -0.420514 0.954469
vt -0.399443 0.925729
vt -0.391560 0.939117
vt -0.383201 0.951553
vt -0.028219 0.756845
vt -0.056953 0.728590
vt -0.027093 0.817470
vt -0.065376 0.769640
vt -0.084915 0.720586
vt -0.090853 0.756504
vt -0.405038 0.757553
vt -0.107635 0.913390
vt -0.135840 0.901064
vt -0.148571 0.877065
vt -0.170696 0.873202
vt -0.193649 0.874950
vt -0.215269 0.878015
vt -0.237728 0.883519
vt -0.260870 0.897804
vt -0.300689 0.908814
vt -0.540190 0.948879
vt -0.534728 0.890223
vt -0.196603 0.904175
vt -0.218843 0.911633
vt -0.238918 0.915064
vt -0.259413 0.921525
vt -0.296341 0.932980
vt -0.327998 0.955198
vt -0.352407 0.965729
vt -0.321437 0.992912
vt -0.290387 0.992912
vt -0.258910 0.992912
vt -0.245574 0.992912
vt -0.233982 0.992912
vt -0.217195 0.992912
vt -0.144908 0.927989
vt -0.164117 0.913800
vt -0.178355 0.903292
vt -0.196045 0.992912
vt -0.421510 0.992911
vt -0.404945 0.976679
vt -0.379266 0.975825
vt -0.341197 0.992912
vt -0.119822 0.993483
vt -0.094656 0.990994
vt -0.147315 0.992912
vt -0.179663 0.992912
vt -0.509815 0.996223
vt -0.471283 0.996223
vt -0.571049 0.996223
vt -0.002418 0.995000
vt -0.059770 0.995000
vt -0.399216 0.992915
vt -0.381103 0.992912
vt -0.901452 0.781619
vt -0.981448 0.812733
vt -0.981439 0.781577
vt -0.877069 0.812421
vt -0.795736 0.781669
vt -0.788190 0.812344
vt -0.706003 0.840004
vt -0.788263 0.850780
vt -0.705318 0.883646
vt -0.822548 0.883709
vt -0.791281 0.906875
vt -0.871592 0.906700
vt -0.875010 0.952698
vt -0.980759 0.930341
vt -0.980866 0.952576
vt -0.839193 0.781669
vt -0.981448 0.812733
vt -0.981439 0.781577
vt -0.877069 0.812421
vt -0.788190 0.812344
vt -0.877410 0.851067
vt -0.788263 0.850780
vt -0.822548 0.883709
vt -0.705318 0.883646
vt -0.791281 0.906875
vt -0.704916 0.906998
vt -0.704927 0.952664
vt -0.683286 0.929544
vt -0.705910 0.983150
vt -0.980866 0.952576
vt -0.793269 0.983622
vt -0.981389 0.983108
vt -0.875010 0.952698
vt -0.980759 0.930341
vt -0.871592 0.906700
vt -0.980792 0.907659
vt -0.822548 0.883709
vt -0.981540 0.883992
vt -0.877410 0.851067
vt -0.981060 0.851300
vt -0.981448 0.812733
vt -0.792228 0.952706
vt -0.705910 0.983150
vt -0.704927 0.952664
vt -0.683286 0.929544
vt -0.704916 0.906998
vt -0.705318 0.883646
vt -0.791281 0.906875
vt -0.981003 0.952570
vt -0.840413 0.983615
vt -0.981525 0.983101
vt -0.875147 0.952691
vt -0.980895 0.930334
vt -0.871729 0.906693
vt -0.980929 0.907652
vt -0.822684 0.883703
vt -0.981677 0.883985
vt -0.981197 0.851294
vt -0.793269 0.983622
vt -0.899673 0.983240
vt -0.792228 0.952706
vt -0.704927 0.952664
vt -0.704916 0.906998
vt -0.683286 0.929544
vt -0.705052 0.906991
vt -0.705455 0.883639
vt -0.683422 0.929537
vt -0.791418 0.906869
vt -0.792364 0.952700
vt -0.912831 0.884073
vt -0.871592 0.906700
vt -0.792228 0.952706
vt -0.980792 0.907597
vt -0.980759 0.930341
vt -0.875010 0.952698
vt -0.980866 0.952576
vt -0.840277 0.983622
vt -0.981389 0.983108
vt -0.706140 0.839997
vt -0.788400 0.850773
vt -0.877547 0.851060
vt -0.877206 0.812415
vt -0.981585 0.812726
vt -0.981576 0.781570
vt -0.706003 0.840004
vt -0.795736 0.781669
vt -0.705910 0.781558
vt -0.788190 0.812344
vt -0.788263 0.850780
vt -0.877069 0.812421
vt -0.981060 0.851300
vt -0.981540 0.883992
vt -0.877410 0.851067
vt -0.981540 0.883992
vt -0.683286 0.839427
vt -0.705063 0.952657
vt -0.706046 0.983144
vt -0.839330 0.781662
vt -0.788327 0.812337
vt -0.683286 0.839427
vt -0.705910 0.781558
vt -0.705910 0.983150
vt -0.981060 0.851300
vt -0.706003 0.840004
vt -0.683286 0.839427
vt -0.705910 0.781558
vt -0.683422 0.839420
vt -0.706046 0.781551
vt -0.981439 0.781577
vt -0.980792 0.907659
vt -0.981389 0.983108
vt -0.981877 0.727590
vt -0.993411 0.749427
vt -0.994726 0.714889
vt -0.981346 0.754655
vt -0.966724 0.729552
vt -0.950671 0.761126
vt -0.930162 0.733035
vt -0.933333 0.760640
vt -0.907614 0.732838
vt -0.904359 0.761233
vt -0.878111 0.732952
vt -0.887224 0.757319
vt -0.859595 0.755080
vt -0.739128 0.767409
vt -0.730252 0.755863
vt -0.744534 0.753544
vt -0.734786 0.768299
vt -0.744534 0.753544
vt -0.730252 0.755863
vt -0.742080 0.731897
vt -0.715942 0.734607
vt -0.744580 0.590698
vt -0.714670 0.592361
vt -0.779592 0.760983
vt -0.771201 0.747661
vt -0.782662 0.743915
vt -0.774813 0.762277
vt -0.782662 0.743915
vt -0.771201 0.747661
vt -0.778849 0.727563
vt -0.754876 0.733050
vt -0.770501 0.592978
vt -0.682685 0.690043
vt -0.697226 0.731338
vt -0.678020 0.728471
vt -0.684741 0.753928
vt -0.670984 0.751415
vt -0.804303 0.726259
vt -0.812549 0.741661
vt -0.814444 0.724938
vt -0.805383 0.742446
vt -0.790856 0.727504
vt -0.793936 0.743415
vt -0.701613 0.754723
vt -0.714677 0.751980
vt -0.651748 0.751823
vt -0.664639 0.729643
vt -0.651922 0.717257
vt -0.659017 0.750801
vt -0.700833 0.763920
vt -0.689516 0.771935
vt -0.684807 0.764502
vt -0.695788 0.770778
vt -0.669434 0.699838
vt -0.845644 0.751231
vt -0.839812 0.727058
vt -0.756756 0.748927
vt -0.820626 0.747982
vt -0.826015 0.724595
vt -0.793863 0.631272
vt -0.208263 0.391843
vt -0.222627 0.403607
vt -0.216225 0.415494
vt -0.219678 0.367368
vt -0.219872 0.342770
vt -0.249436 0.350101
vt -0.264872 0.299699
vt -0.289491 0.368200
vt -0.307705 0.308531
vt -0.325350 0.389783
vt -0.340409 0.316723
vt -0.358329 0.407754
vt -0.366295 0.327481
vt -0.388163 0.331817
vt -0.371940 0.233406
vt -0.393389 0.226719
vt -0.377562 0.140356
vt -0.396547 0.131090
vt -0.067319 0.118131
vt -0.043233 0.220155
vt -0.043233 0.115561
vt -0.070539 0.219217
vt -0.104728 0.124819
vt -0.098512 0.222329
vt -0.166647 0.129031
vt -0.148273 0.225893
vt -0.199063 0.220142
vt -0.144005 0.344639
vt -0.184954 0.314769
vt -0.191422 0.365519
vt -0.221987 0.298469
vt -0.981448 0.812733
vt -0.901452 0.781619
vt -0.981439 0.781577
vt -0.877069 0.812421
vt -0.877410 0.851067
vt -0.788263 0.850780
vt -0.822548 0.883709
vt -0.705318 0.883646
vt -0.791281 0.906875
vt -0.704916 0.906998
vt -0.704927 0.952664
vt -0.683286 0.929544
vt -0.705910 0.983150
vt -0.073261 0.344818
vt -0.038440 0.406885
vt -0.043233 0.339865
vt -0.079355 0.414085
vt -0.099830 0.349642
vt -0.106352 0.425244
vt -0.148548 0.410526
vt -0.151049 0.443113
vt -0.840413 0.983615
vt -0.981003 0.952570
vt -0.981525 0.983101
vt -0.875147 0.952691
vt -0.792364 0.952700
vt -0.871729 0.906693
vt -0.791418 0.906869
vt -0.822684 0.883703
vt -0.705052 0.906991
vt -0.705455 0.883639
vt -0.683422 0.929537
vt -0.981677 0.883985
vt -0.980929 0.907652
vt -0.981197 0.851294
vt -0.877547 0.851060
vt -0.981585 0.812726
vt -0.877206 0.812415
vt -0.981576 0.781570
vt -0.839330 0.781662
vt -0.795736 0.781669
vt -0.788190 0.812344
vt -0.706003 0.840004
vt -0.683286 0.839427
vt -0.899673 0.983240
vt -0.980866 0.952576
vt -0.981389 0.983108
vt -0.875010 0.952698
vt -0.793269 0.983622
vt -0.792228 0.952706
vt -0.447857 0.336175
vt -0.496669 0.220155
vt -0.496669 0.339865
vt -0.447906 0.219585
vt -0.406147 0.331413
vt -0.413611 0.223092
vt -0.442025 0.401991
vt -0.497748 0.404503
vt -0.404049 0.412971
vt -0.788327 0.812337
vt -0.706140 0.839997
vt -0.788400 0.850773
vt -0.980759 0.930341
vt -0.871592 0.906700
vt -0.980792 0.907659
vt -0.981540 0.883992
vt -0.705063 0.952657
vt -0.706046 0.983144
vt -0.357122 0.147248
vt -0.347789 0.239555
vt -0.326448 0.150382
vt -0.314973 0.236136
vt -0.297001 0.147603
vt -0.279083 0.227362
vt -0.217160 0.127164
vt -0.231994 0.219954
vt -0.250972 0.131426
vt -0.706046 0.781551
vt -0.683422 0.839420
vt -0.980895 0.930334
vt -0.236370 0.379197
vt -0.269709 0.402748
vt -0.981060 0.851300
vt -0.421211 0.124127
vt -0.444029 0.118268
vt -0.496669 0.115561
vt -0.393713 0.424173
vt -0.705910 0.781558
vt -0.793269 0.983622
vt -0.980866 0.952576
vt -0.981389 0.983108
vt -0.875010 0.952698
vt -0.792228 0.952706
vt -0.871592 0.906700
vt -0.791281 0.906875
vt -0.822548 0.883709
vt -0.705318 0.883646
vt -0.788263 0.850780
vt -0.706003 0.840004
vt -0.788190 0.812344
vt -0.795736 0.781669
vt -0.877069 0.812421
vt -0.981439 0.781577
vt -0.981448 0.812733
vt -0.812549 0.741661
vt -0.814444 0.724938
vt -0.826015 0.724595
vt -0.804303 0.726259
vt -0.805383 0.742446
vt -0.790856 0.727504
vt -0.793936 0.743415
vt -0.782662 0.743915
vt -0.793863 0.631272
vt -0.770501 0.592978
vt -0.778849 0.727563
vt -0.754876 0.733050
vt -0.771201 0.747661
vt -0.756756 0.748927
vt -0.744534 0.753544
vt -0.742080 0.731897
vt -0.730252 0.755863
vt -0.715942 0.734607
vt -0.714677 0.751980
vt -0.701613 0.754723
vt -0.689516 0.771935
vt -0.700833 0.763920
vt -0.684807 0.764502
vt -0.695788 0.770778
vt -0.684741 0.753928
vt -0.697226 0.731338
vt -0.705910 0.983150
vt -0.704927 0.952664
vt -0.683286 0.929544
vt -0.704916 0.906998
vt -0.877410 0.851067
vt -0.981060 0.851300
vt -0.744580 0.590698
vt -0.981540 0.883992
vt -0.980792 0.907659
vt -0.730252 0.755863
vt -0.739128 0.767409
vt -0.744534 0.753544
vt -0.734786 0.768299
vt -0.683286 0.839427
vt -0.705910 0.781558
vt -0.980759 0.930341
vt -0.771201 0.747661
vt -0.779592 0.760983
vt -0.782662 0.743915
vt -0.774813 0.762277
vt -0.664639 0.729643
vt -0.651748 0.751823
vt -0.651922 0.717257
vt -0.659017 0.750801
vt -0.993411 0.749427
vt -0.981877 0.727590
vt -0.994726 0.714889
vt -0.981346 0.754655
vt -0.966724 0.729552
vt -0.950671 0.761126
vt -0.930162 0.733035
vt -0.933333 0.760640
vt -0.907614 0.732838
vt -0.904359 0.761233
vt -0.878111 0.732952
vt -0.887224 0.757319
vt -0.859595 0.755080
vt -0.845644 0.751231
vt -0.839812 0.727058
vt -0.820626 0.747982
vt -1.568555 0.180159
vt -1.523160 0.261834
vt -1.523160 0.158360
vt -1.572788 0.244310
vt -1.610184 0.247501
vt -1.608854 0.281279
vt -1.642637 0.253925
vt -1.643981 0.287360
vt -1.676390 0.289849
vt -1.679549 0.321529
vt -1.722753 0.315669
vt -1.719690 0.347461
vt -1.761945 0.316175
vt -1.759997 0.359236
vt -1.815439 0.319605
vt -1.673230 0.258170
vt -1.725702 0.246942
vt -1.680928 0.169057
vt -1.732176 0.161131
vt -1.738650 0.075320
vt -1.763100 0.214904
vt -1.762327 0.071017
vt -1.815439 0.206065
vt -1.815439 0.060385
vt -1.859854 0.052154
vt -1.815439 0.005531
vt -1.859854 0.005531
vt -1.920663 0.438797
vt -1.986429 0.344713
vt -1.986429 0.446307
vt -1.919956 0.311868
vt -1.877987 0.435455
vt -1.859854 0.318353
vt -1.847764 0.435533
vt -1.815170 0.436193
vt -1.762327 0.442273
vt -1.716626 0.379254
vt -1.713564 0.447343
vt -1.688306 0.449055
vt -0.932082 0.684336
vt -0.908404 0.637213
vt -0.877735 0.633478
vt -0.850370 0.634661
vt -0.828030 0.633393
vt -0.814573 0.628661
vt -0.590991 0.576086
vt -0.578122 0.626816
vt -0.559773 0.610434
vt -0.618070 0.610977
vt -0.641351 0.552846
vt -0.651294 0.614048
vt -0.690856 0.550916
vt -0.674018 0.649557
vt -0.686350 0.641646
vt -0.669434 0.699838
vt -0.682685 0.690043
vt -1.645535 0.165525
vt -1.688627 0.079945
vt -1.648434 0.077126
vt -1.648434 0.005531
vt -1.624052 0.005531
vt -1.648434 0.014533
vt -1.624052 0.014533
vt -0.847676 0.573700
vt -0.841846 0.524621
vt -0.867507 0.524633
vt -0.828384 0.525072
vt -0.829319 0.568867
vt -0.815547 0.524656
vt -0.818600 0.566803
vt -0.797006 0.565431
vt -0.143639 0.019724
vt -0.125808 0.055112
vt -0.112232 0.019724
vt -0.188006 0.060623
vt -0.226422 0.019724
vt -0.243841 0.062386
vt -0.307420 0.019724
vt -0.281658 0.067886
vt -0.319666 0.079135
vt -0.981448 0.812733
vt -0.839193 0.781669
vt -0.981439 0.781577
vt -0.877069 0.812421
vt -0.877410 0.851067
vt -0.788190 0.812344
vt -0.788263 0.850780
vt -0.706003 0.840004
vt -0.705318 0.883646
vt -0.683286 0.839427
vt -0.569417 0.566672
vt -0.520437 0.632817
vt -0.606690 0.525778
vt -0.658292 0.524828
vt -0.690309 0.524239
vt -0.717441 0.524808
vt -0.840277 0.983622
vt -0.980866 0.952576
vt -0.981389 0.983108
vt -0.875010 0.952698
vt -0.792228 0.952706
vt -0.871592 0.906700
vt -0.791281 0.906875
vt -0.822548 0.883709
vt -1.574905 0.276386
vt -1.523160 0.296325
vt -1.577022 0.308461
vt -1.607525 0.315057
vt -1.581194 0.372154
vt -1.609384 0.374979
vt -1.577296 0.447291
vt -1.609319 0.447881
vt -1.617118 0.158528
vt -1.624052 0.069554
vt -1.567273 0.053540
vt -1.567273 0.005531
vt -1.567273 0.014533
vt -0.558645 0.819573
vt -0.547408 0.868427
vt -0.547258 0.820029
vt -0.558655 0.869180
vt -0.571805 0.819294
vt -0.572343 0.869358
vt -0.580925 0.819376
vt -0.589692 0.869288
vt -0.388090 0.074790
vt -0.343709 0.082612
vt -1.679628 0.380313
vt -1.645964 0.379208
vt -1.640419 0.449418
vt -0.506882 0.630409
vt -0.528375 0.684602
vt -0.507428 0.701033
vt -0.555390 0.571271
vt -0.556541 0.529083
vt -0.580626 0.528319
vt -1.688627 0.014533
vt -1.688627 0.005531
vt -1.730021 0.005531
vt -0.705910 0.983150
vt -0.704927 0.952664
vt -0.683286 0.929544
vt -0.704916 0.906998
vt -1.859854 0.197320
vt -1.919956 0.047709
vt -1.919956 0.005531
vt -0.678020 0.728471
vt -0.980792 0.907597
vt -0.980759 0.930341
vt -0.912831 0.884073
vt -0.080825 0.019724
vt -0.075449 0.053611
vt -0.714670 0.592361
vt -0.752177 0.564416
vt -0.753977 0.524751
vt -0.981060 0.851300
vt -0.981540 0.883992
vt -0.634755 0.817933
vt -0.614722 0.796020
vt -0.634768 0.795997
vt -0.614719 0.869112
vt -0.634750 0.868697
vt -0.603117 0.891548
vt -1.986430 0.041297
vt -1.919956 0.180602
vt -1.986430 0.161794
vt -1.729032 0.014533
vt -1.762327 0.005531
vt -1.762327 0.014533
vt -1.523160 0.005531
vt -1.523160 0.037660
vt -1.523160 0.014533
vt -0.496669 0.052599
vt -0.449512 0.019724
vt -0.496669 0.019724
vt -0.446444 0.059013
vt -0.430786 0.019724
vt -0.429038 0.062226
vt -0.402271 0.019724
vt -0.869575 0.575478
vt -0.897120 0.571271
vt -0.372256 0.019724
vt -0.346481 0.019724
vt -0.786456 0.524594
vt -1.986429 0.298983
vt -1.986429 0.264686
vt -0.670984 0.751415
vt -0.043233 0.019724
vt -0.043233 0.052599
vt -1.645325 0.320795
vt -1.523160 0.342313
vt -1.523160 0.446307
vt -0.705910 0.781558
vt -0.562735 0.891548
vt -1.986430 0.005531
vt -1.986430 0.014533
vt -0.571655 0.796064
vt -0.638128 0.683386
vt -0.635348 0.749337
vt -0.622848 0.686113
vt -0.636336 0.705796
vt -0.623167 0.749334
vt -0.614553 0.777053
vt -0.601870 0.749334
vt -0.589576 0.777072
vt -0.581061 0.749333
vt -0.580866 0.777091
vt -0.569288 0.749438
vt -0.571541 0.777164
vt -0.554513 0.749474
vt -0.558639 0.777197
vt -0.545254 0.749501
vt -0.547044 0.796087
vt -0.537714 0.749521
vt -0.589548 0.796035
vt -0.580845 0.796021
vt -0.558641 0.796101
vt -0.518904 0.729499
vt -0.561293 0.720179
vt -0.528041 0.718903
vt -0.544895 0.701687
vt -0.569325 0.703078
vt -0.553466 0.665931
vt -0.580883 0.688488
vt -0.601928 0.694103
vt -0.601923 0.674937
vt -0.991891 0.696526
vt -0.984169 0.696432
vt -0.965727 0.695642
vt -0.518410 0.744301
vt -0.307666 0.427068
vt -0.248593 0.422404
vt -0.229621 0.442377
vt -0.203118 0.469186
vt -0.151614 0.475264
vt -0.149679 0.534978
vt -0.098177 0.511833
vt -0.035357 0.441537
vt -0.074857 0.451993
vt -0.097950 0.465156
vt -0.357994 0.433143
vt -0.386578 0.485213
vt -0.372432 0.489079
vt -0.326505 0.447557
vt -0.292639 0.463896
vt -0.273544 0.444610
vt -0.432974 0.482558
vt -0.496712 0.439589
vt -0.497221 0.480676
vt -0.439000 0.440477
vt -0.203893 0.497923
vt -0.251163 0.462046
vt -0.066815 0.494767
vt -0.032859 0.481850
vt -0.218748 0.606060
vt -0.275754 0.616863
vt -0.239926 0.620292
vt -0.286321 0.544759
vt -0.287439 0.508966
vt -0.314740 0.542637
vt -0.321823 0.489257
vt -0.335803 0.542439
vt -0.353637 0.497976
vt -0.370799 0.544258
vt -0.391429 0.544381
vt -0.431818 0.536427
vt -0.026031 0.525939
vt -0.060752 0.538321
vt -0.090128 0.550612
vt -0.113461 0.572361
vt -0.157028 0.600872
vt -0.118917 0.629190
vt -0.362752 0.621495
vt -0.400367 0.621219
vt -0.444648 0.608741
vt -0.488113 0.605147
vt -0.492943 0.525577
vt -0.267444 0.489626
vt -0.054517 0.608526
vt -0.086358 0.605837
vt -0.022188 0.602908
vt -0.301087 0.618914
vt -0.323791 0.621407
vt -0.199552 0.582476
vt -0.323537 0.768750
vt -0.360811 0.703919
vt -0.364412 0.765298
vt -0.324258 0.705502
vt -0.296566 0.738241
vt -0.294359 0.705811
vt -0.261536 0.737090
vt -0.264381 0.705371
vt -0.225028 0.745085
vt -0.230120 0.705223
vt -0.191448 0.743722
vt -0.193920 0.709456
vt -0.162506 0.751556
vt -0.148109 0.700725
vt -0.131907 0.754053
vt -0.134862 0.721118
vt -0.111562 0.751275
vt -0.111325 0.719674
vt -0.090853 0.756504
vt -0.103408 0.804090
vt -0.061916 0.839392
vt -0.104887 0.867801
vt -0.114391 0.837958
vt -0.125320 0.873904
vt -0.137554 0.821193
vt -0.145470 0.851749
vt -0.161579 0.824807
vt -0.167843 0.851287
vt -0.184985 0.827353
vt -0.191086 0.855900
vt -0.208356 0.822904
vt -0.211889 0.855334
vt -0.232753 0.819353
vt -0.119547 0.788120
vt -0.142682 0.788681
vt -0.168541 0.791114
vt -0.197130 0.788994
vt -0.227938 0.782886
vt -0.266788 0.766655
vt -0.424425 0.875565
vt -0.493588 0.829524
vt -0.494608 0.898238
vt -0.440133 0.814270
vt -0.400560 0.854096
vt -0.404781 0.819088
vt -0.376811 0.831117
vt -0.405038 0.757553
vt -0.402239 0.701336
vt -0.025251 0.877573
vt -0.053011 0.916138
vt -0.002461 0.916291
vt -0.065376 0.769640
vt -0.084915 0.720586
vt -0.114230 0.686479
vt -0.265638 0.819530
vt -0.235901 0.851889
vt -0.237728 0.883519
vt -0.215269 0.878015
vt -0.027093 0.817470
vt -0.056953 0.728590
vt -0.028219 0.756845
vt -0.049888 0.671027
vt -0.019816 0.685752
vt -0.107635 0.913390
vt -0.135840 0.901064
vt -0.148571 0.877065
vt -0.170696 0.873202
vt -0.168890 0.679884
vt -0.154124 0.682777
vt -0.360775 0.854429
vt -0.386062 0.896691
vt -0.367915 0.915926
vt -0.391560 0.939117
vt -0.383201 0.951553
vt -0.260870 0.897804
vt -0.261458 0.864834
vt -0.311137 0.832518
vt -0.082436 0.677695
vt -0.193649 0.874950
vt -0.471590 0.960791
vt -0.503638 0.960698
vt -0.420514 0.954469
vt -0.399443 0.925729
vt -0.490157 0.765741
vt -0.446670 0.760086
vt -0.488478 0.691740
vt -0.445815 0.702761
vt -0.300689 0.908814
vt -0.306633 0.877761
vt -0.338476 0.917966
vt -0.344824 0.896257
vt -0.540190 0.948879
vt -0.534728 0.890223
vt -0.360057 0.933905
vt -0.218843 0.911633
vt -0.238918 0.915064
vt -0.259413 0.921525
vt -0.296341 0.932980
vt -0.327998 0.955198
vt -0.352407 0.965729
vt -0.379266 0.975825
vt -0.144908 0.927989
vt -0.164117 0.913800
vt -0.178355 0.903292
vt -0.196603 0.904175
vt -0.196045 0.992912
vt -0.217195 0.992912
vt -0.421510 0.992911
vt -0.404945 0.976679
vt -0.399216 0.992915
vt -0.381103 0.992912
vt -0.341197 0.992912
vt -0.002418 0.995000
vt -0.059770 0.995000
vt -0.094656 0.990994
vt -0.119822 0.993483
vt -0.509815 0.996223
vt -0.571049 0.996223
vt -0.147315 0.992912
vt -0.471283 0.996223
vt -0.179663 0.992912
vt -0.321437 0.992912
vt -0.290387 0.992912
vt -0.258910 0.992912
vt -0.245574 0.992912
vt -0.233982 0.992912
vt -1.859854 0.005531
vt -1.919956 0.047709
vt -1.919956 0.005531
vt -1.859854 0.052154
vt -1.815439 0.005531
vt -1.815439 0.060385
vt -1.762327 0.005531
vt -1.762327 0.071017
vt -1.738650 0.075320
vt -1.763100 0.214904
vt -1.732176 0.161131
vt -1.725702 0.246942
vt -1.680928 0.169057
vt -1.673230 0.258170
vt -1.642637 0.253925
vt -1.676390 0.289849
vt -1.643981 0.287360
vt -1.679549 0.321529
vt -1.645325 0.320795
vt -1.645964 0.379208
vt -1.607525 0.315057
vt -1.609384 0.374979
vt -1.581194 0.372154
vt -1.577296 0.447291
vt -1.523160 0.446307
vt -0.544895 0.701687
vt -0.528375 0.684602
vt -0.507428 0.701033
vt -0.553466 0.665931
vt -0.569325 0.703078
vt -0.580883 0.688488
vt -0.581061 0.749333
vt -0.601928 0.694103
vt -0.601870 0.749334
vt -0.622848 0.686113
vt -0.623167 0.749334
vt -0.635348 0.749337
vt -0.614553 0.777053
vt -0.634768 0.795997
vt -0.614722 0.796020
vt -0.634755 0.817933
vt -0.614719 0.869112
vt -0.634750 0.868697
vt -0.603117 0.891548
vt -1.523160 0.342313
vt -1.577022 0.308461
vt -1.574905 0.276386
vt -1.608854 0.281279
vt -1.572788 0.244310
vt -1.610184 0.247501
vt -1.568555 0.180159
vt -1.617118 0.158528
vt -1.624052 0.069554
vt -1.648434 0.077126
vt -1.624052 0.005531
vt -1.648434 0.005531
vt -1.648434 0.014533
vt -1.688627 0.014533
vt -0.528041 0.718903
vt -0.561293 0.720179
vt -0.518904 0.729499
vt -0.554513 0.749474
vt -0.545254 0.749501
vt -0.558639 0.777197
vt -0.547044 0.796087
vt -0.558641 0.796101
vt -0.547258 0.820029
vt -0.558645 0.819573
vt -0.547408 0.868427
vt -0.558655 0.869180
vt -0.562735 0.891548
vt -0.572343 0.869358
vt -1.986430 0.005531
vt -1.986430 0.014533
vt -1.986430 0.041297
vt -1.919956 0.180602
vt -1.859854 0.197320
vt -1.859854 0.318353
vt -1.815439 0.319605
vt -1.847764 0.435533
vt -1.815170 0.436193
vt -1.815439 0.206065
vt -1.761945 0.316175
vt -1.759997 0.359236
vt -1.719690 0.347461
vt -1.716626 0.379254
vt -1.679628 0.380313
vt -1.688306 0.449055
vt -0.569288 0.749438
vt -0.580866 0.777091
vt -0.571541 0.777164
vt -0.580845 0.796021
vt -0.571655 0.796064
vt -0.580925 0.819376
vt -0.571805 0.819294
vt -1.688627 0.079945
vt -1.730021 0.005531
vt -1.688627 0.005531
vt -0.589576 0.777072
vt -0.589548 0.796035
vt -0.589692 0.869288
vt -1.986430 0.161794
vt -1.919956 0.311868
vt -1.877987 0.435455
vt -1.523160 0.261834
vt -1.523160 0.158360
vt -1.567273 0.053540
vt -1.523160 0.037660
vt -1.523160 0.005531
vt -1.609319 0.447881
vt -1.640419 0.449418
vt -1.722753 0.315669
vt -1.624052 0.014533
vt -1.567273 0.005531
vt -1.567273 0.014533
vt -1.523160 0.014533
vt -0.578122 0.626816
vt -0.601923 0.674937
vt -1.986429 0.264686
vt -1.986429 0.298983
vt -1.986429 0.344713
vt -1.762327 0.442273
vt -1.645535 0.165525
vt -0.520437 0.632817
vt -0.559773 0.610434
vt -1.729032 0.014533
vt -1.713564 0.447343
vt -1.523160 0.296325
vt -0.991891 0.696526
vt -0.984169 0.696432
vt -0.636336 0.705796
vt -0.638128 0.683386
vt -0.518410 0.744301
vt -0.537714 0.749521
vt -0.674018 0.649557
vt -0.651294 0.614048
vt -0.965727 0.695642
vt -0.932082 0.684336
vt -0.618070 0.610977
vt -1.920663 0.438797
vt -1.986429 0.446307
vt -1.762327 0.014533
vt -0.496669 0.220155
vt -0.447906 0.219585
vt -0.496669 0.115561
vt -0.444029 0.118268
vt -0.446444 0.059013
vt -0.421211 0.124127
vt -0.429038 0.062226
vt -0.396547 0.131090
vt -0.388090 0.074790
vt -0.377562 0.140356
vt -0.357122 0.147248
vt -0.371940 0.233406
vt -0.347789 0.239555
vt -0.908404 0.637213
vt -0.877735 0.633478
vt -0.869575 0.575478
vt -0.850370 0.634661
vt -0.847676 0.573700
vt -0.828030 0.633393
vt -0.829319 0.568867
vt -0.818600 0.566803
vt -0.815547 0.524656
vt -0.797006 0.565431
vt -0.786456 0.524594
vt -0.752177 0.564416
vt -0.449512 0.019724
vt -0.496669 0.052599
vt -0.496669 0.019724
vt -0.430786 0.019724
vt -0.402271 0.019724
vt -0.372256 0.019724
vt -0.343709 0.082612
vt -0.319666 0.079135
vt -0.326448 0.150382
vt -0.297001 0.147603
vt -0.314973 0.236136
vt -0.279083 0.227362
vt -0.231994 0.219954
vt -0.250972 0.131426
vt -0.281658 0.067886
vt -0.307420 0.019724
vt -0.243841 0.062386
vt -0.226422 0.019724
vt -0.188006 0.060623
vt -0.143639 0.019724
vt -0.125808 0.055112
vt -0.112232 0.019724
vt -0.080825 0.019724
vt -0.199063 0.220142
vt -0.217160 0.127164
vt -0.166647 0.129031
vt -0.104728 0.124819
vt -0.075449 0.053611
vt -0.043233 0.019724
vt -0.148273 0.225893
vt -0.098512 0.222329
vt -0.070539 0.219217
vt -0.067319 0.118131
vt -0.043233 0.220155
vt -0.043233 0.115561
vt -0.555390 0.571271
vt -0.506882 0.630409
vt -0.569417 0.566672
vt -0.590991 0.576086
vt -0.814573 0.628661
vt -0.413611 0.223092
vt -0.393389 0.226719
vt -0.686350 0.641646
vt -0.717441 0.524808
vt -0.690856 0.550916
vt -0.690309 0.524239
vt -0.658292 0.524828
vt -0.606690 0.525778
vt -0.641351 0.552846
vt -0.556541 0.529083
vt -0.580626 0.528319
vt -0.828384 0.525072
vt -0.841846 0.524621
vt -0.897120 0.571271
vt -0.867507 0.524633
vt -0.753977 0.524751
vt -0.346481 0.019724
vt -0.043233 0.052599

vn -0.427609 0.855109 -0.293154
vn -0.162098 0.660485 -0.733133
vn -0.242939 0.937492 -0.249176
vn -0.254268 0.550538 -0.795145
vn -0.327953 0.756460 -0.565875
vn -0.083728 0.482688 -0.871781
vn -0.099965 0.800232 -0.591300
vn -0.097329 0.381800 -0.919106
vn -0.054525 0.714971 -0.697025
vn 0.040953 0.723089 -0.689539
vn 0.041972 0.985368 -0.165190
vn 0.068209 0.994532 -0.079082
vn 0.020641 0.986028 0.165295
vn 0.057385 0.942828 0.328301
vn -0.036423 0.791555 0.610012
vn 0.055396 0.651324 0.756775
vn -0.087484 0.387191 0.917840
vn 0.034992 0.315531 0.948270
vn 0.051672 0.186517 0.981092
vn -0.015209 -0.132201 -0.991106
vn 0.137451 -0.777514 -0.613660
vn 0.109361 -0.282847 -0.952910
vn 0.004322 -0.727521 -0.686071
vn -0.060973 -0.230939 -0.971056
vn -0.069691 -0.592856 -0.802287
vn -0.090711 -0.253082 -0.963183
vn 0.000921 -0.241324 -0.970444
vn -0.044825 0.183012 -0.982088
vn 0.064839 0.218434 -0.973695
vn 0.101694 0.775083 -0.623623
vn -0.196987 0.734401 0.649501
vn -0.139450 0.506005 0.851183
vn -0.158084 0.929668 0.332758
vn -0.050828 0.998205 -0.031683
vn -0.040025 0.931796 -0.360769
vn -0.156605 -0.958171 0.239548
vn 0.016808 -0.491441 0.870749
vn 0.131681 -0.944989 0.299426
vn -0.244098 -0.616832 0.748288
vn -0.180745 -0.964673 0.191672
vn -0.157864 -0.691826 0.704597
vn 0.044154 -0.984819 0.167875
vn 0.068146 -0.753491 0.653917
vn 0.144892 -0.964178 -0.222188
vn -0.073575 -0.947613 -0.310833
vn -0.151788 -0.891366 -0.427114
vn -0.027686 -0.544576 -0.838254
vn -0.003447 -0.886142 -0.463401
vn 0.131681 -0.944989 0.299426
vn -0.156605 -0.958171 0.239548
vn -0.180745 -0.964673 0.191672
vn 0.044154 -0.984819 0.167875
vn -0.189888 0.946357 -0.261439
vn -0.319383 0.947583 -0.009038
vn -0.162221 -0.256973 0.952706
vn -0.123755 0.062237 0.990359
vn 0.080857 0.088571 0.992783
vn 0.074036 -0.247805 0.965977
vn 0.022537 0.528065 0.848905
vn -0.091088 0.671948 0.734976
vn 0.190769 0.636242 0.747532
vn 0.075619 0.846486 0.527013
vn 0.133229 0.688007 0.713369
vn 0.108873 0.916829 0.384150
vn -0.020915 0.943852 0.329707
vn -0.049076 0.984529 0.168207
vn -0.168380 0.902878 0.395550
vn -0.338033 0.922068 0.188480
vn -0.058430 0.993380 -0.098903
vn 0.170389 0.805018 -0.568255
vn 0.105669 0.405282 -0.908064
vn 0.196887 -0.004883 -0.980414
vn 0.192813 -0.132500 -0.972248
vn 0.026270 0.969521 0.243597
vn 0.106557 0.994053 -0.022460
vn 0.137306 0.988603 -0.061735
vn 0.141329 0.897844 -0.417015
vn -0.000686 0.834417 -0.551133
vn 0.074163 0.255619 -0.963929
vn 0.255285 -0.897355 0.359978
vn 0.258153 -0.956132 -0.138450
vn 0.204977 -0.868164 0.451969
vn 0.228356 -0.973373 0.019949
vn 0.069776 -0.891663 0.447290
vn 0.151018 -0.971041 0.185130
vn 0.264481 -0.771812 -0.578235
vn 0.270892 -0.861352 -0.429757
vn 0.248223 -0.914174 -0.320423
vn 0.204977 -0.868164 0.451969
vn 0.087056 -0.657935 0.748026
vn 0.069776 -0.891663 0.447290
vn 0.222900 -0.673024 0.705234
vn 0.265306 -0.637161 0.723629
vn 0.269641 0.004972 0.962948
vn 0.195285 -0.515922 -0.834080
vn 0.245515 -0.441227 -0.863158
vn 0.123938 -0.161625 -0.979039
vn -0.030349 0.995046 -0.094673
vn 0.100722 0.973861 0.203590
vn 0.005267 0.705558 0.708633
vn 0.193552 -0.134879 0.971774
vn 0.035595 0.000590 0.999366
vn 0.255285 -0.897355 0.359978
vn 0.263936 -0.525539 -0.808793
vn 0.506924 -0.828517 0.237881
vn 0.142881 -0.698657 0.701044
vn 0.584068 -0.588631 0.558909
vn 0.043603 -0.998703 -0.026281
vn 0.207369 -0.900045 -0.383298
vn -0.023530 -0.794232 -0.607159
vn 0.137424 -0.701483 -0.699311
vn -0.084147 -0.518655 -0.850833
vn 0.158945 -0.449151 -0.879204
vn -0.035029 -0.251596 -0.967198
vn 0.242577 -0.206664 -0.947864
vn 0.027392 -0.048602 -0.998443
vn 0.309154 0.022372 -0.950749
vn 0.074803 0.267761 -0.960577
vn 0.350327 0.320795 -0.879978
vn 0.148748 0.723873 -0.673707
vn 0.391202 0.674975 -0.625596
vn 0.267384 0.953561 -0.138665
vn 0.445082 0.872210 -0.202860
vn 0.254137 0.862455 0.437705
vn 0.513188 0.786301 0.344049
vn 0.526836 0.386149 0.757187
vn 0.352876 0.906228 0.232870
vn 0.346562 0.627776 0.696987
vn 0.142269 0.766451 0.626349
vn 0.159557 0.450847 0.878224
vn -0.048826 0.668256 0.742327
vn -0.049076 0.984529 0.168207
vn -0.042830 0.993935 -0.101284
vn -0.108068 0.768727 -0.630381
vn -0.163725 0.243260 -0.956043
vn -0.179273 -0.075109 -0.980928
vn 0.123938 -0.161625 -0.979039
vn -0.226130 -0.262595 -0.938035
vn 0.006071 -0.267048 -0.963664
vn -0.206190 -0.600286 -0.772750
vn 0.065435 -0.635847 -0.769036
vn 0.244974 -0.585261 -0.772953
vn 0.084126 -0.389560 -0.917151
vn 0.111258 -0.229140 -0.967014
vn 0.176664 0.049320 -0.983035
vn 0.235879 0.384842 -0.892333
vn 0.296428 0.717770 -0.630029
vn 0.324878 0.913582 -0.244585
vn 0.351624 -0.724401 0.592961
vn 0.570832 -0.745914 0.343167
vn 0.548752 -0.771269 0.322514
vn 0.263016 -0.665458 0.698561
vn -0.144410 -0.772822 0.617974
vn -0.173690 -0.567525 0.804828
vn -0.014271 -0.871935 0.489413
vn -0.066002 -0.672799 0.736876
vn 0.342258 0.299427 0.890620
vn 0.506567 -0.081100 0.858378
vn 0.275980 0.248609 0.928455
vn 0.220490 -0.304618 0.926602
vn -0.108608 -0.066209 0.991877
vn 0.505074 -0.316458 0.802966
vn 0.524705 -0.318327 0.789527
vn 0.342396 0.010768 0.939494
vn 0.206775 0.142192 0.968001
vn -0.014271 -0.871935 0.489413
vn 0.048871 -0.967070 0.249776
vn -0.144410 -0.772822 0.617974
vn 0.011328 -0.973918 0.226617
vn 0.080609 -0.952254 -0.294473
vn -0.115744 -0.900937 -0.418229
vn -0.055030 -0.026830 0.998124
vn 0.473692 -0.780143 -0.408647
vn 0.346577 -0.489712 -0.800041
vn 0.187246 -0.237292 -0.953222
vn -0.019570 -0.255683 -0.966563
vn 0.051260 0.007480 -0.998657
vn 0.149560 0.389256 -0.908907
vn 0.212658 0.721478 -0.658973
vn 0.224119 0.935081 -0.274578
vn 0.192232 0.969104 0.154544
vn 0.584068 -0.588631 0.558909
vn 0.142881 -0.698657 0.701044
vn 0.233741 0.032461 -0.971757
vn 0.268671 0.413565 -0.869931
vn 0.280772 0.719057 -0.635708
vn 0.272550 0.921291 -0.277378
vn 0.195522 0.972157 0.129157
vn 0.074520 0.819564 0.568121
vn 0.042343 0.550956 0.833459
vn 0.071951 0.834448 0.546370
vn 0.254469 0.958759 0.126597
vn 0.342705 0.900664 -0.267128
vn 0.365040 0.718986 -0.591443
vn 0.395510 0.439715 -0.806364
vn 0.427285 0.094551 -0.899159
vn 0.376798 -0.254434 -0.890666
vn 0.257035 -0.069622 -0.963891
vn 0.187246 -0.237292 -0.953222
vn 0.417942 -0.195357 -0.887221
vn 0.583120 -0.091365 0.807232
vn 0.305365 0.170908 0.936772
vn 0.076705 0.276110 0.958060
vn -0.041847 0.600349 0.798642
vn 0.397657 -0.486313 -0.778054
vn 0.706088 -0.630011 -0.323305
vn 0.341235 -0.191820 -0.920198
vn 0.377367 -0.072098 -0.923253
vn 0.692325 -0.621008 0.367470
vn 0.792104 -0.580980 0.187171
vn 0.880871 -0.299089 0.366896
vn 0.880871 -0.299089 0.366896
vn 0.819106 -0.563670 -0.106500
vn 0.225192 0.207321 0.952001
vn -0.023982 0.355409 0.934403
vn 0.027377 -0.089753 -0.995588
vn 0.147990 -0.795806 -0.587190
vn 0.035660 0.006949 -0.999340
vn 0.061999 -0.791001 -0.608665
vn 0.088396 -0.155513 -0.983871
vn 0.143660 -0.893546 -0.425367
vn 0.468388 -0.882369 0.045137
vn 0.130015 -0.826521 0.547686
vn 0.483670 -0.135832 0.864646
vn 0.076722 0.005556 0.997037
vn 0.057539 0.905274 0.420914
vn 0.040394 0.860350 0.508101
vn 0.026976 0.792819 -0.608860
vn 0.179256 0.983310 -0.031119
vn 0.004763 0.530619 -0.847597
vn 0.084165 -0.128113 -0.988182
vn 0.418210 -0.859469 -0.293963
vn 0.952602 -0.170401 -0.252019
vn 0.093963 -0.858602 -0.503957
vn 0.127814 -0.868273 -0.479338
vn 0.064389 -0.801437 0.594603
vn 0.129079 -0.836946 0.531846
vn 0.055030 -0.026830 0.998124
vn 0.521066 -0.191555 0.831744
vn 0.050654 0.829298 0.556506
vn 0.555529 0.691877 0.461188
vn 0.541658 0.669963 -0.507698
vn 0.997309 -0.072246 -0.012462
vn 0.507143 -0.235398 -0.829092
vn 0.207328 0.613142 -0.762280
vn 0.064817 -0.018168 -0.997732
vn 0.393388 -0.059934 -0.917417
vn 0.025378 0.815470 -0.578243
vn 0.230784 0.968937 -0.088881
vn 0.032306 0.869435 0.492990
vn 0.469837 0.882753 0.000984
vn 0.068388 -0.023726 0.997377
vn 0.763767 -0.284604 0.579362
vn 0.056997 -0.743723 0.666054
vn 0.495086 -0.830952 0.253790
vn 0.728499 -0.659406 -0.185671
vn 0.061209 0.801161 -0.595310
vn 0.519984 -0.185162 -0.833866
vn 0.485801 0.717905 -0.498607
vn 0.999034 0.043125 -0.008486
vn 0.496939 0.746440 0.442583
vn 0.517581 -0.147848 0.842764
vn 0.050654 0.829298 0.556506
vn 0.262174 0.785623 -0.560412
vn 0.069155 -0.056009 -0.996032
vn 0.487708 0.039233 -0.872125
vn 0.009458 0.823842 -0.566740
vn 0.125629 0.990333 -0.058796
vn 0.006152 0.876863 0.480702
vn 0.258638 0.842218 0.473049
vn 0.055030 -0.026830 0.998124
vn 0.547468 0.059781 0.834689
vn 0.598888 -0.718014 0.354668
vn 0.088396 -0.155513 -0.983871
vn 0.027377 -0.089753 -0.995588
vn 0.076732 0.784084 -0.615893
vn 0.493417 0.678745 -0.543916
vn 0.462896 0.760497 0.455381
vn 0.999768 -0.018212 -0.011519
vn 0.495434 0.781443 0.379330
vn 0.574410 -0.125112 0.808950
vn 0.998904 0.029385 -0.036431
vn 0.026684 0.849772 0.526475
vn 0.026976 0.792819 -0.608860
vn 0.015126 0.026699 0.999529
vn -0.005573 0.779817 0.625983
vn 0.061209 0.801161 -0.595310
vn 0.050708 0.625631 0.778470
vn 0.118847 0.992215 -0.037220
vn 0.009458 0.823842 -0.566740
vn 0.430428 0.889763 -0.151833
vn 0.084165 -0.128113 -0.988182
vn 0.952602 -0.170401 -0.252019
vn 0.484334 -0.874563 0.023653
vn 0.130015 -0.826521 0.547686
vn 0.080547 -0.856533 0.509768
vn 0.094506 -0.760283 -0.642680
vn 0.575509 -0.815991 -0.054296
vn 0.487708 0.039233 -0.872125
vn 0.484334 -0.874563 0.023653
vn 0.064817 -0.018168 -0.997732
vn 0.519984 -0.185162 -0.833866
vn 0.095482 -0.874945 -0.474714
vn 0.097127 -0.838863 0.535607
vn 0.061999 -0.791001 -0.608665
vn 0.169135 -0.709639 0.683963
vn 0.054103 0.034381 0.997943
vn 0.064389 -0.801437 0.594603
vn 0.984976 -0.082364 0.151783
vn 0.999034 0.043125 -0.008486
vn 0.485801 0.717905 -0.498607
vn 0.541495 -0.220667 -0.811227
vn 0.069155 -0.056009 -0.996032
vn 0.127814 -0.868273 -0.479338
vn 0.999768 -0.018212 -0.011519
vn 0.484849 -0.282841 -0.827601
vn 0.484849 -0.282841 -0.827601
vn 0.505161 -0.813101 0.289273
vn 0.484334 -0.874563 0.023653
vn 0.997309 -0.072246 -0.012462
vn 0.507143 -0.235398 -0.829092
vn 0.998904 0.029385 -0.036431
vn 0.541495 -0.220667 -0.811227
vn 0.393388 -0.059934 -0.917417
vn 0.498587 0.860336 -0.105984
vn 0.035660 0.006949 -0.999340
vn 0.280589 -0.564287 0.776434
vn 0.054103 0.034381 0.997943
vn 0.040344 0.122352 0.991666
vn 0.169135 -0.709639 0.683963
vn 0.429872 -0.874493 0.224658
vn 0.418210 -0.859469 -0.293963
vn 0.457971 -0.886562 -0.065354
vn 0.598888 -0.718014 0.354668
vn 0.439568 -0.894210 0.084668
vn 0.575509 -0.815991 -0.054296
vn 0.459632 -0.868203 0.186982
vn 0.495086 -0.830952 0.253790
vn 0.728499 -0.659406 -0.185671
vn 0.763767 -0.284604 0.579362
vn 0.575509 -0.815991 -0.054296
vn 0.495086 -0.830952 0.253790
vn 0.487708 0.039233 -0.872125
vn 0.469837 0.882753 0.000984
vn 0.262174 0.785623 -0.560412
vn 0.260830 0.953610 -0.150316
vn 0.178996 0.983850 0.000286
vn -0.017170 0.978189 -0.207008
vn -0.094480 0.984404 0.148397
vn 0.984976 -0.082364 0.151783
vn 0.728499 -0.659406 -0.185671
vn 0.505161 -0.813101 0.289273
vn 0.393388 -0.059934 -0.917417
vn 0.498587 0.860336 -0.105984
vn 0.207328 0.613142 -0.762280
vn 0.268649 0.870522 -0.412333
vn 0.265948 0.932339 -0.244981
vn -0.019157 0.827787 -0.560715
vn -0.100435 0.955394 0.277733
vn 0.216075 0.967541 0.131057
vn 0.115548 0.961309 0.250067
vn 0.430428 0.889763 -0.151833
vn 0.118847 0.992215 -0.037220
vn -0.089066 0.452031 -0.887545
vn 0.035660 0.006949 -0.999340
vn -0.014328 0.052768 -0.998504
vn 0.004763 0.530619 -0.847597
vn 0.203362 0.906122 -0.370928
vn 0.179256 0.983310 -0.031119
vn 0.258638 0.842218 0.473049
vn 0.125629 0.990333 -0.058796
vn 0.054103 0.034381 0.997943
vn -0.024990 0.462659 0.886184
vn 0.040344 0.122352 0.991666
vn 0.050708 0.625631 0.778470
vn 0.598888 -0.718014 0.354668
vn 0.952602 -0.170401 -0.252019
vn 0.418210 -0.859469 -0.293963
vn 0.547468 0.059781 0.834689
vn -0.132685 0.588636 0.797435
vn 0.505161 -0.813101 0.289273
vn 0.245305 -0.969443 0.002492
vn 0.230784 0.968937 -0.088881
vn 0.147990 -0.795806 -0.587190
vn 0.098918 -0.671762 -0.734133
vn -0.141176 0.515017 -0.845475
vn 0.097329 0.381799 -0.919106
vn 0.099965 0.800231 -0.591302
vn 0.083727 0.482687 -0.871781
vn 0.054525 0.714968 -0.697028
vn -0.040953 0.723088 -0.689541
vn -0.044154 0.984819 -0.167875
vn -0.068209 0.994532 -0.079080
vn -0.020641 0.986028 0.165296
vn -0.057385 0.942828 0.328302
vn 0.036423 0.791554 0.610012
vn -0.055396 0.651324 0.756775
vn 0.087483 0.387189 0.917841
vn -0.034992 0.315531 0.948270
vn -0.051672 0.186517 0.981092
vn -0.135530 0.238719 0.961585
vn -0.153476 -0.000955 0.988152
vn -0.151528 0.184047 0.971167
vn -0.160168 -0.078858 0.983935
vn -0.127814 -0.868273 -0.479338
vn -0.159132 -0.979444 0.123959
vn -0.118672 -0.992046 0.041968
vn -0.145442 -0.881270 -0.449678
vn -0.096225 -0.461519 -0.881896
vn -0.099672 -0.506950 -0.856193
vn -0.075078 0.030636 -0.996707
vn -0.101060 -0.133169 -0.985927
vn -0.135386 0.395731 -0.908332
vn 0.000921 -0.241324 -0.970444
vn -0.064839 0.218435 -0.973695
vn 0.044826 0.183012 -0.982088
vn -0.108068 0.768727 -0.630381
vn -0.147990 -0.795806 -0.587190
vn -0.027377 -0.089756 -0.995587
vn -0.035595 -0.000590 -0.999366
vn -0.061999 -0.791001 -0.608666
vn -0.064389 -0.801437 0.594603
vn -0.130015 -0.826521 0.547686
vn -0.076722 0.005555 0.997037
vn -0.483664 -0.135828 0.864650
vn -0.057539 0.905273 0.420916
vn -0.462891 0.760497 0.455385
vn -0.493417 0.678747 -0.543914
vn -0.999768 -0.018206 -0.011513
vn -0.484850 -0.282837 -0.827601
vn -0.003447 -0.886142 -0.463401
vn 0.180745 -0.964673 0.191672
vn -0.044154 -0.984819 0.167875
vn 0.151788 -0.891366 -0.427115
vn 0.027686 -0.544576 -0.838255
vn 0.069691 -0.592855 -0.802288
vn 0.090711 -0.253081 -0.963183
vn 0.060973 -0.230939 -0.971056
vn -0.069154 -0.056008 -0.996033
vn -0.262174 0.785621 -0.560414
vn -0.487710 0.039233 -0.872124
vn -0.009458 0.823842 -0.566740
vn -0.026976 0.792820 -0.608859
vn -0.006152 0.876861 0.480704
vn -0.026684 0.849772 0.526475
vn -0.057728 -0.034393 0.997740
vn -0.495433 0.781444 0.379330
vn -0.574410 -0.125109 0.808950
vn -0.998904 0.029386 -0.036432
vn -0.547470 0.059761 0.834689
vn -0.258639 0.842216 0.473051
vn -0.598883 -0.718022 0.354661
vn -0.080547 -0.856534 0.509766
vn -0.575509 -0.815991 -0.054293
vn -0.094506 -0.760282 -0.642682
vn -0.487710 0.039233 -0.872124
vn -0.069154 -0.056008 -0.996033
vn -0.088396 -0.155514 -0.983871
vn -0.143660 -0.893547 -0.425365
vn -0.468390 -0.882368 0.045141
vn -0.999768 -0.018206 -0.011513
vn -0.027377 -0.089756 -0.995587
vn -0.004763 0.530618 -0.847598
vn -0.035595 -0.000590 -0.999366
vn -0.026976 0.792820 -0.608859
vn -0.088396 -0.155514 -0.983871
vn -0.076732 0.784086 -0.615891
vn -0.068146 -0.753491 0.653917
vn -0.159132 -0.979444 0.123959
vn -0.044154 -0.984819 0.167875
vn -0.142404 -0.826714 0.544303
vn -0.074036 -0.247805 0.965977
vn -0.151336 -0.454708 0.877689
vn 0.157865 -0.691826 0.704596
vn 0.180745 -0.964673 0.191672
vn 0.162221 -0.256972 0.952707
vn -0.134143 -0.867938 -0.478214
vn -0.484334 -0.874563 0.023653
vn -0.130015 -0.826521 0.547686
vn -0.179256 0.983310 -0.031121
vn -0.040394 0.860350 0.508100
vn -0.498587 0.860336 -0.105986
vn -0.984976 -0.082367 0.151781
vn -0.485800 0.717904 -0.498610
vn -0.541492 -0.220668 -0.811229
vn -0.159637 0.471949 0.867052
vn -0.134952 0.550306 0.823985
vn -0.147023 0.804842 0.574990
vn -0.119004 0.879448 0.460879
vn -0.128041 0.985298 0.113110
vn -0.122438 0.992331 0.016973
vn -0.088675 0.627800 -0.773307
vn -0.143210 0.858729 -0.492011
vn -0.111800 0.939484 -0.323837
vn -0.541492 -0.220668 -0.811229
vn -0.998904 0.029386 -0.036432
vn -0.125629 0.990333 -0.058796
vn 0.040025 0.931795 -0.360771
vn 0.050828 0.998205 -0.031683
vn -0.505160 -0.813102 0.289274
vn -0.132937 -0.557600 0.819396
vn -0.097001 -0.906127 0.411734
vn -0.118672 -0.992046 0.041968
vn 0.123755 0.062237 0.990359
vn -0.484850 -0.282837 -0.827601
vn -0.064817 -0.018170 -0.997732
vn -0.207329 0.613140 -0.762282
vn -0.393386 -0.059937 -0.917417
vn -0.025378 0.815468 -0.578246
vn -0.061209 0.801160 -0.595312
vn -0.032307 0.869436 0.492988
vn -0.050654 0.829298 0.556506
vn -0.075078 -0.030636 0.996707
vn -0.517580 -0.147852 0.842764
vn -0.097127 -0.838864 0.535605
vn -0.484334 -0.874563 0.023653
vn -0.095482 -0.874945 -0.474715
vn -0.064817 -0.018170 -0.997732
vn -0.061999 -0.791001 -0.608666
vn -0.393386 -0.059937 -0.917417
vn -0.728499 -0.659405 -0.185673
vn -0.035595 -0.000590 -0.999366
vn 0.014328 0.052765 -0.998504
vn -0.091088 -0.671948 -0.734976
vn 0.089066 0.452029 -0.887546
vn -0.004763 0.530618 -0.847598
vn -0.203361 0.906121 -0.370929
vn -0.179256 0.983310 -0.031121
vn -0.498587 0.860336 -0.105986
vn 0.141176 0.515017 -0.845474
vn 0.019157 0.827787 -0.560715
vn -0.268648 0.870523 -0.412333
vn -0.265948 0.932339 -0.244983
vn -0.207329 0.613140 -0.762282
vn -0.230784 0.968937 -0.088884
vn -0.469837 0.882753 0.000983
vn -0.260830 0.953610 -0.150321
vn -0.262174 0.785621 -0.560414
vn -0.178996 0.983850 0.000283
vn -0.125629 0.990333 -0.058796
vn -0.258639 0.842216 0.473051
vn -0.952596 -0.170431 -0.252022
vn -0.598883 -0.718022 0.354661
vn -0.418210 -0.859469 -0.293963
vn -0.547470 0.059761 0.834689
vn -0.430431 0.889761 -0.151837
vn -0.216076 0.967542 0.131050
vn -0.519981 -0.185162 -0.833867
vn -0.485800 0.717904 -0.498610
vn -0.999034 0.043124 -0.008490
vn -0.496940 0.746438 0.442584
vn -0.056997 -0.743720 0.666057
vn -0.495085 -0.830950 0.253796
vn 0.017170 0.978188 -0.207010
vn -0.763764 -0.284605 0.579365
vn -0.469837 0.882753 0.000983
vn -0.575509 -0.815991 -0.054293
vn -0.763764 -0.284605 0.579365
vn -0.495085 -0.830950 0.253796
vn -0.487710 0.039233 -0.872124
vn -0.999034 0.043124 -0.008490
vn -0.519981 -0.185162 -0.833867
vn -0.230784 0.968937 -0.088884
vn -0.728499 -0.659405 -0.185673
vn -0.984976 -0.082367 0.151781
vn -0.505160 -0.813102 0.289274
vn -0.393386 -0.059937 -0.917417
vn 0.024990 0.462658 0.886184
vn -0.054103 0.034380 0.997943
vn -0.040344 0.122351 0.991667
vn -0.050708 0.625632 0.778468
vn -0.054103 0.034380 0.997943
vn -0.280588 -0.564287 0.776434
vn -0.040344 0.122351 0.991667
vn -0.169135 -0.709637 0.683965
vn -0.429872 -0.874492 0.224663
vn -0.418210 -0.859469 -0.293963
vn -0.457971 -0.886562 -0.065352
vn -0.598883 -0.718022 0.354661
vn -0.439568 -0.894210 0.084667
vn -0.575509 -0.815991 -0.054293
vn -0.459633 -0.868201 0.186987
vn -0.495085 -0.830950 0.253796
vn -0.728499 -0.659405 -0.185673
vn -0.505160 -0.813102 0.289274
vn -0.245305 -0.969443 0.002493
vn -0.147990 -0.795806 -0.587190
vn 0.914157 -0.150132 -0.376534
vn 0.930145 -0.298187 0.214276
vn 0.970117 -0.076193 0.230364
vn 0.894958 -0.276102 -0.350455
vn 0.627851 -0.292417 -0.721315
vn 0.581812 -0.303666 -0.754508
vn -0.021401 -0.289623 -0.956901
vn -0.000857 -0.299256 -0.954172
vn -0.426773 -0.331481 -0.841418
vn -0.499938 0.003598 -0.866054
vn -0.792921 -0.295706 -0.532761
vn -0.899849 0.032957 -0.434954
vn -0.944664 -0.251225 0.210940
vn -0.941238 0.004187 0.337718
vn -0.604768 -0.170835 0.777863
vn -0.439288 -0.336330 -0.833011
vn -0.821931 -0.322939 -0.469190
vn -0.455840 -0.181693 -0.871320
vn -0.836021 -0.167261 -0.522583
vn -0.930654 0.097583 -0.352648
vn -0.955553 -0.220674 0.195504
vn -0.968904 0.067856 0.237952
vn -0.689982 -0.088821 0.718356
vn -0.754966 0.005284 0.655742
vn -0.227267 0.000974 0.973832
vn -0.692186 0.095308 0.715398
vn 0.028434 0.271219 0.962098
vn 0.699181 -0.157704 0.697335
vn 0.914096 -0.036527 0.403850
vn 0.964457 0.109603 0.240436
vn 0.510146 -0.175744 0.841941
vn 0.246141 -0.256946 0.934555
vn 0.045620 -0.166319 0.985016
vn -0.398887 -0.162232 0.902535
vn -0.642833 -0.035015 0.765206
vn -0.945704 0.199892 0.256297
vn -0.858142 0.283316 -0.428163
vn -0.833116 0.376984 -0.404723
vn -0.499562 0.470341 -0.727473
vn -0.521013 -0.805534 -0.282241
vn -0.307682 -0.930489 -0.198801
vn -0.222319 -0.970854 0.089540
vn -0.091821 -0.959653 -0.265774
vn 0.091377 -0.446100 -0.890306
vn 0.144483 0.239985 -0.959965
vn 0.532673 -0.725269 0.436170
vn 0.514975 -0.820016 0.249749
vn 0.236423 -0.962056 -0.136209
vn 0.654407 -0.150170 0.741080
vn 0.518441 0.133595 0.844613
vn 0.380496 0.514725 0.768298
vn 0.218985 0.734734 0.642037
vn 0.220886 0.686201 0.693063
vn 0.197844 0.887028 0.417181
vn 0.132685 0.588636 0.797435
vn 0.100436 0.955395 0.277729
vn -0.059801 -0.129485 -0.989776
vn -0.520231 0.196354 -0.831146
vn 0.000663 0.149288 -0.988794
vn -0.076705 -0.276109 -0.958061
vn 0.537027 -0.212443 -0.816376
vn 0.000400 -0.598232 -0.801323
vn 0.405363 -0.633365 -0.659189
vn 0.166671 -0.895127 -0.413484
vn 0.209311 -0.890527 -0.403918
vn 0.139140 -0.989971 -0.024427
vn 0.284220 -0.610470 -0.739287
vn 0.217756 -0.455157 -0.863374
vn 0.188238 -0.064558 -0.979999
vn 0.184482 0.090238 -0.978685
vn 0.099321 0.416719 -0.903593
vn 0.188238 -0.064558 -0.979999
vn 0.095563 -0.397327 -0.912688
vn 0.284220 -0.610470 -0.739287
vn -0.026324 0.181482 -0.983042
vn -0.038344 0.575864 -0.816646
vn -0.099561 0.708995 -0.698151
vn -0.134770 0.953361 -0.270073
vn -0.126511 0.962405 -0.240358
vn -0.133801 0.962162 0.237363
vn -0.418210 -0.859469 -0.293963
vn -0.084164 -0.128113 -0.988182
vn -0.952596 -0.170431 -0.252022
vn -0.093962 -0.858601 -0.503959
vn -0.064389 -0.801437 0.594603
vn -0.134143 -0.867938 -0.478214
vn -0.129080 -0.836949 0.531842
vn -0.484334 -0.874563 0.023653
vn -0.521065 -0.191559 0.831743
vn -0.997309 -0.072251 -0.012462
vn 0.190965 -0.978388 0.079300
vn -0.124338 -0.941208 -0.314114
vn 0.277294 -0.522240 0.806458
vn 0.132389 0.305377 0.942984
vn 0.022537 0.689368 0.724061
vn -0.032674 0.948855 0.314018
vn -0.084164 -0.128113 -0.988182
vn -0.430431 0.889761 -0.151837
vn -0.952596 -0.170431 -0.252022
vn -0.009458 0.823842 -0.566740
vn -0.061209 0.801160 -0.595312
vn 0.005573 0.779817 0.625982
vn -0.050654 0.829298 0.556506
vn -0.057728 -0.034393 0.997740
vn 0.925116 -0.252790 -0.283297
vn 0.923112 -0.180396 0.339589
vn 0.964037 -0.118184 -0.238046
vn 0.630035 0.012975 -0.776459
vn 0.953590 0.101685 -0.283420
vn 0.624400 0.287037 -0.726453
vn 0.918914 0.249292 -0.305697
vn 0.475820 0.421994 -0.771697
vn 0.509853 -0.150297 -0.847031
vn 0.640417 0.066491 -0.765143
vn 0.892422 0.128216 -0.432601
vn 0.822263 -0.426531 -0.376770
vn 0.733065 -0.624810 -0.268752
vn -0.399413 0.320470 -0.858934
vn -0.549628 0.712618 -0.435987
vn -0.113444 0.933718 -0.339560
vn -0.647122 -0.094036 -0.756565
vn -0.404698 -0.508005 -0.760362
vn -0.526515 -0.822234 -0.216131
vn -0.050828 -0.998205 0.031683
vn -0.322367 -0.647322 0.690691
vn -0.138501 0.183123 0.973285
vn -0.143910 0.715615 0.683510
vn -0.545376 0.287400 -0.787379
vn 0.008144 0.363240 -0.931660
vn -0.054190 0.495748 -0.866774
vn -0.307682 -0.930489 -0.198801
vn -0.419563 -0.769024 -0.482254
vn -0.521013 -0.805534 -0.282241
vn 0.039429 -0.996879 -0.068392
vn 0.139140 -0.989971 -0.024427
vn 0.106415 -0.958819 0.263330
vn -0.491653 -0.566938 -0.660953
vn -0.465727 -0.436338 -0.769875
vn -0.861284 -0.252890 -0.440722
vn -0.507144 -0.235400 -0.829091
vn -0.541658 0.669962 -0.507698
vn -0.997309 -0.072251 -0.012462
vn -0.555530 0.691872 0.461193
vn -0.073126 -0.097989 0.992497
vn 0.566823 0.037154 0.823001
vn 0.767759 0.023495 0.640307
vn -0.115547 0.961311 0.250061
vn -0.050708 0.625632 0.778468
vn -0.118672 0.992046 -0.041968
vn -0.015126 0.026699 0.999529
vn 0.209311 -0.890527 -0.403918
vn 0.032306 -0.869435 -0.492990
vn 0.094480 0.984404 0.148396
vn -0.033178 0.953666 -0.299031
vn -0.134770 0.953361 -0.270073
vn -0.169135 -0.709637 0.683965
vn -0.054103 0.034380 0.997943
vn -0.113444 0.933718 -0.339560
vn 0.051596 0.817817 0.573161
vn -0.158851 0.926257 -0.341780
vn -0.224117 0.659578 0.717446
vn -0.549628 0.712618 -0.435987
vn -0.999926 -0.010756 0.005695
vn 0.974078 0.117518 0.193290
vn 0.692833 0.008289 0.721051
vn 0.970117 -0.076193 0.230364
vn -0.721079 -0.632344 -0.283172
vn -0.944685 -0.181189 0.273389
vn -0.983175 -0.174346 0.054498
vn 0.956121 -0.269522 0.114854
vn 0.974078 0.117518 0.193290
vn 0.938060 -0.345554 -0.025228
vn -0.025687 -0.999278 -0.028003
vn 0.106415 -0.958819 0.263330
vn 0.139140 -0.989971 -0.024427
vn -0.050285 -0.942217 0.331207
vn 0.277294 -0.522240 0.806458
vn -0.106821 -0.571803 0.813407
vn 0.132389 0.305377 0.942984
vn -0.006047 -0.999704 -0.023559
vn 0.039429 -0.996879 -0.068392
vn 0.022537 0.689368 0.724061
vn -0.032674 0.948855 0.314018
vn -0.038344 0.575864 -0.816646
vn 0.923112 -0.180396 0.339589
vn 0.930145 -0.298187 0.214276
vn -0.118672 0.992046 -0.041968
vn 0.139140 -0.989971 -0.024427
vn -0.025687 -0.999278 -0.028003
vn 0.021403 0.007647 -0.999742
vn 0.914096 -0.036527 0.403850
vn 0.964457 0.109603 0.240436
vn -0.507144 -0.235400 -0.829091
vn -0.999926 -0.010756 0.005695
vn 0.956121 -0.269522 0.114854
vn 0.938060 -0.345554 -0.025228
vn -0.094506 -0.760282 -0.642682
vn 0.036130 0.506910 0.861241
vn -0.271639 0.868163 0.415337
vn 0.111369 0.587063 0.801844
vn -0.340070 0.209900 0.916676
vn 0.183715 0.742076 0.644649
vn 0.093008 0.639015 0.763550
vn 0.383767 -0.030000 0.922943
vn 0.037029 -0.702528 0.710692
vn 0.059406 -0.952919 0.297349
vn -0.168166 -0.985680 0.012487
vn -0.333160 -0.828865 -0.449430
vn -0.207135 -0.570826 -0.794514
vn -0.630035 0.012975 -0.776459
vn -0.258192 0.369761 -0.892532
vn -0.828405 0.549426 -0.108978
vn -0.158851 0.926257 -0.341780
vn -0.271639 0.868163 0.415337
vn 0.068209 -0.487998 0.870176
vn -0.029238 -0.998383 0.048746
vn -0.172220 0.318022 -0.932310
vn -0.879326 -0.330916 0.342461
vn -0.730122 -0.569695 -0.377320
vn -0.736979 -0.670764 0.083289
vn -0.505046 -0.751720 -0.424083
vn -0.126020 -0.984340 -0.123266
vn -0.009378 -0.964316 -0.264589
vn 0.340176 -0.876347 0.341022
vn 0.414884 -0.069439 0.907221
vn 0.578171 -0.200339 0.790938
vn -0.340070 0.209900 0.916676
vn -0.879326 -0.330916 0.342461
vn -0.736979 -0.670764 0.083289
vn -0.340070 0.209900 0.916676
vn 0.158084 0.929668 0.332758
vn 0.189888 0.946357 -0.261440
vn 0.327953 0.756459 -0.565876
vn 0.254269 0.550539 -0.795144
vn 0.015209 -0.132202 -0.991106
vn -0.100980 -0.275925 -0.955860
vn -0.158910 -0.779390 -0.606051
vn 0.156605 -0.958171 0.239546
vn 0.073575 -0.947613 -0.310833
vn 0.004322 -0.727521 -0.686071
vn 0.139449 0.506001 0.851186
vn -0.080857 0.088571 0.992783
vn -0.022538 0.528066 0.848904
vn 0.196987 0.734399 0.649503
vn 0.338033 0.922068 0.188481
vn 0.319383 0.947583 -0.009038
vn -0.016808 -0.491440 0.870749
vn 0.156605 -0.958171 0.239546
vn -0.131681 -0.944989 0.299426
vn 0.244098 -0.616832 0.748287
vn 0.166502 0.657517 -0.734811
vn 0.427610 0.855109 -0.293154
vn -0.144892 -0.964178 -0.222188
vn -0.131681 -0.944989 0.299426
vn -0.170388 0.805017 -0.568256
vn -0.137306 0.988603 -0.061734
vn -0.141329 0.897844 -0.417015
vn -0.106557 0.994053 -0.022463
vn 0.058430 0.993380 -0.098904
vn -0.026270 0.969521 0.243594
vn 0.168379 0.902878 0.395550
vn -0.075619 0.846489 0.527009
vn 0.091087 0.671948 0.734975
vn -0.190770 0.636244 0.747530
vn -0.269642 0.004972 0.962948
vn -0.265307 -0.637161 0.723628
vn -0.255285 -0.897354 0.359980
vn -0.258153 -0.956132 -0.138449
vn -0.255551 -0.805763 -0.534265
vn -0.191195 -0.569886 -0.799171
vn -0.132112 -0.125348 -0.983277
vn -0.226676 -0.453449 -0.861975
vn -0.133230 0.688007 0.713369
vn -0.193552 -0.134879 0.971774
vn -0.222901 -0.673024 0.705233
vn -0.204977 -0.868164 0.451969
vn -0.255285 -0.897354 0.359980
vn 0.242939 0.937493 -0.249175
vn -0.228356 -0.973373 0.019949
vn -0.270892 -0.861351 -0.429757
vn -0.204977 -0.868164 0.451969
vn -0.100722 0.973862 0.203590
vn -0.108873 0.916830 0.384149
vn -0.121775 0.466646 -0.876021
vn -0.254136 0.862455 0.437705
vn -0.005267 0.705558 0.708633
vn 0.048826 0.668257 0.742326
vn 0.020915 0.943852 0.329707
vn 0.049076 0.984529 0.168207
vn 0.049076 0.984529 0.168207
vn 0.042830 0.993935 -0.101284
vn 0.030349 0.995046 -0.094671
vn 0.101694 0.775083 -0.623623
vn -0.000686 0.834417 -0.551133
vn 0.163725 0.243260 -0.956043
vn -0.074163 0.255619 -0.963929
vn 0.179273 -0.075109 -0.980928
vn -0.123939 -0.161625 -0.979039
vn 0.226130 -0.262595 -0.938035
vn -0.006070 -0.267047 -0.963664
vn 0.206190 -0.600285 -0.772751
vn -0.065434 -0.635845 -0.769038
vn 0.115744 -0.900937 -0.418230
vn 0.023530 -0.794233 -0.607157
vn -0.043603 -0.998703 -0.026281
vn -0.207369 -0.900046 -0.383296
vn -0.137424 -0.701486 -0.699308
vn -0.249794 -0.628643 -0.736485
vn -0.158944 -0.449151 -0.879204
vn -0.137461 -0.382840 -0.913530
vn -0.242577 -0.206664 -0.947864
vn -0.111258 -0.229140 -0.967014
vn -0.309155 0.022373 -0.950749
vn -0.176665 0.049321 -0.983035
vn -0.371323 0.292740 -0.881148
vn -0.215627 0.336788 -0.916558
vn -0.404572 0.649991 -0.643299
vn 0.084147 -0.518655 -0.850833
vn 0.035029 -0.251596 -0.967198
vn -0.027393 -0.048602 -0.998443
vn -0.074805 0.267761 -0.960577
vn -0.148749 0.723873 -0.673707
vn -0.267384 0.953561 -0.138665
vn -0.263016 -0.665459 0.698561
vn 0.144410 -0.772823 0.617973
vn -0.351624 -0.724402 0.592961
vn 0.173690 -0.567525 0.804827
vn -0.220492 -0.304620 0.926601
vn 0.108608 -0.066208 0.991877
vn -0.275981 0.248609 0.928455
vn 0.055030 -0.026830 0.998124
vn -0.035595 0.000590 0.999366
vn -0.142881 -0.698658 0.701043
vn -0.506924 -0.828517 0.237881
vn -0.584068 -0.588632 0.558906
vn -0.011328 -0.973918 0.226616
vn -0.080609 -0.952254 -0.294473
vn -0.263936 -0.525537 -0.808794
vn -0.435510 0.874546 -0.213309
vn -0.283474 0.673556 -0.682616
vn -0.184226 0.699247 -0.690734
vn -0.106506 0.366660 -0.924239
vn 0.144410 -0.772823 0.617973
vn -0.048871 -0.967069 0.249777
vn 0.014271 -0.871936 0.489412
vn -0.151018 -0.971041 0.185131
vn -0.069776 -0.891663 0.447290
vn -0.473691 -0.780143 -0.408648
vn -0.303049 -0.498643 -0.812106
vn -0.171923 -0.223254 -0.959479
vn 0.019570 -0.255683 -0.966563
vn -0.196887 -0.004884 -0.980414
vn -0.192813 -0.132500 -0.972248
vn -0.526836 0.386150 0.757187
vn -0.506569 -0.081101 0.858377
vn -0.342258 0.299428 0.890619
vn -0.342396 0.010768 0.939494
vn -0.206774 0.142192 0.968001
vn -0.237668 0.929848 -0.280884
vn -0.327967 0.908033 -0.260601
vn -0.513187 0.786301 0.344049
vn -0.248223 -0.914174 -0.320423
vn -0.051260 0.007481 -0.998657
vn -0.570832 -0.745913 0.343169
vn -0.548752 -0.771270 0.322510
vn -0.505073 -0.316456 0.802967
vn -0.524706 -0.318327 0.789526
vn 0.014271 -0.871936 0.489412
vn 0.066002 -0.672798 0.736876
vn -0.069776 -0.891663 0.447290
vn -0.087056 -0.657935 0.748026
vn -0.192232 0.969104 0.154544
vn -0.352876 0.906228 0.232870
vn -0.142269 0.766451 0.626349
vn -0.346563 0.627777 0.696987
vn -0.584068 -0.588632 0.558906
vn -0.142881 -0.698658 0.701043
vn -0.159557 0.450847 0.878225
vn -0.268671 0.413565 -0.869931
vn -0.280772 0.719056 -0.635709
vn -0.272550 0.921291 -0.277379
vn -0.195522 0.972157 0.129157
vn -0.074520 0.819565 0.568120
vn -0.042343 0.550956 0.833460
vn -0.076705 0.276109 0.958061
vn -0.376796 -0.254433 -0.890667
vn -0.257035 -0.069623 -0.963891
vn -0.187246 -0.237292 -0.953222
vn -0.233741 0.032462 -0.971757
vn -0.417942 -0.195356 -0.887221
vn -0.427285 0.094552 -0.899159
vn -0.583119 -0.091364 0.807233
vn -0.305366 0.170909 0.936772
vn -0.225192 0.207322 0.952001
vn 0.023982 0.355410 0.934403
vn 0.041847 0.600349 0.798642
vn -0.880871 -0.299089 0.366896
vn -0.819106 -0.563670 -0.106499
vn -0.706087 -0.630011 -0.323306
vn -0.397656 -0.486313 -0.778055
vn -0.692326 -0.621009 0.367468
vn -0.880871 -0.299089 0.366896
vn -0.341234 -0.191819 -0.920198
vn -0.792104 -0.580980 0.187172
vn -0.377367 -0.072098 -0.923253
vn -0.071951 0.834448 0.546370
vn -0.254469 0.958759 0.126596
vn -0.342705 0.900664 -0.267128
vn -0.365040 0.718985 -0.591444
vn -0.395509 0.439715 -0.806364
vn -0.076705 0.276109 0.958061
vn -0.566823 0.037154 0.823001
vn -0.767759 0.023495 0.640307
vn 0.259310 0.049000 0.964550
vn 0.698727 0.136461 0.702253
vn 0.795553 0.090843 0.599035
vn 0.956235 -0.150756 0.250775
vn 0.964435 0.059917 0.257438
vn 0.930654 0.097583 -0.352648
vn 0.955553 -0.220674 0.195504
vn 0.836021 -0.167261 -0.522583
vn 0.821931 -0.322939 -0.469190
vn 0.455840 -0.181693 -0.871320
vn 0.439288 -0.336330 -0.833011
vn 0.021401 -0.289623 -0.956901
vn 0.426774 -0.331482 -0.841418
vn 0.000857 -0.299256 -0.954172
vn 0.499938 0.003598 -0.866054
vn -0.021403 0.007647 -0.999742
vn -0.008144 0.363240 -0.931660
vn -0.630035 0.012975 -0.776459
vn -0.624400 0.287037 -0.726453
vn -0.953590 0.101685 -0.283420
vn -0.918914 0.249292 -0.305697
vn -0.964457 0.109603 0.240436
vn 0.505045 -0.751720 -0.424083
vn 0.419565 -0.769026 -0.482250
vn 0.521013 -0.805535 -0.282239
vn 0.009378 -0.964317 -0.264585
vn 0.126020 -0.984339 -0.123271
vn -0.340177 -0.876348 0.341018
vn -0.059405 -0.952920 0.297345
vn -0.414885 -0.069440 0.907220
vn -0.383766 -0.030000 0.922943
vn -0.111369 0.587063 0.801844
vn -0.183715 0.742073 0.644652
vn 0.271639 0.868160 0.415343
vn -0.093008 0.639014 0.763552
vn 0.158850 0.926258 -0.341779
vn -0.051596 0.817818 0.573160
vn 0.113444 0.933718 -0.339561
vn 0.224117 0.659579 0.717445
vn 0.549629 0.712619 -0.435985
vn 0.999926 -0.010756 0.005698
vn -0.914096 -0.036527 0.403850
vn -0.964037 -0.118184 -0.238046
vn -0.925116 -0.252790 -0.283297
vn -0.581812 -0.303666 -0.754508
vn -0.894958 -0.276102 -0.350455
vn -0.627851 -0.292417 -0.721315
vn -0.914157 -0.150132 -0.376534
vn -0.509853 -0.150297 -0.847031
vn -0.640417 0.066491 -0.765143
vn -0.000664 0.149288 -0.988794
vn -0.537027 -0.212443 -0.816376
vn 0.085925 -0.269395 -0.959189
vn -0.000400 -0.598232 -0.801323
vn 0.491653 -0.566938 -0.660953
vn 0.736979 -0.670764 0.083288
vn 0.730122 -0.569694 -0.377321
vn 0.879327 -0.330913 0.342464
vn 0.637637 0.009861 -0.770274
vn 0.828403 0.549429 -0.108978
vn 0.258191 0.369760 -0.892533
vn 0.158850 0.926258 -0.341779
vn 0.172221 0.318020 -0.932311
vn 0.113444 0.933718 -0.339561
vn 0.399415 0.320467 -0.858935
vn 0.549629 0.712619 -0.435985
vn 0.647125 -0.094038 -0.756562
vn 0.999926 -0.010756 0.005698
vn 0.526516 -0.822234 -0.216130
vn -0.956121 -0.269522 0.114854
vn -0.938060 -0.345554 -0.025228
vn -0.974078 0.117518 0.193290
vn -0.692833 0.008289 0.721051
vn 0.073126 -0.097989 0.992497
vn -0.045620 -0.166319 0.985016
vn 0.604768 -0.170835 0.777863
vn 0.398887 -0.162232 0.902535
vn 0.642833 -0.035016 0.765206
vn 0.704186 -0.103166 0.702481
vn 0.944664 -0.251225 0.210940
vn 0.941238 0.004187 0.337718
vn 0.899850 0.032957 -0.434953
vn 0.858142 0.283316 -0.428163
vn 0.545376 0.287400 -0.787379
vn 0.499562 0.470342 -0.727473
vn 0.333161 -0.828864 -0.449431
vn 0.168166 -0.985680 0.012487
vn 0.207136 -0.570826 -0.794514
vn 0.029239 -0.998383 0.048741
vn 0.094506 -0.760283 -0.642680
vn 0.050828 -0.998205 0.031683
vn 0.404699 -0.508004 -0.760362
vn 0.520231 0.196354 -0.831147
vn 0.861284 -0.252890 -0.440722
vn 0.465727 -0.436338 -0.769875
vn -0.037029 -0.702529 0.710691
vn -0.068209 -0.487999 0.870175
vn 0.322369 -0.647323 0.690689
vn -0.970117 -0.076193 0.230364
vn -0.510146 -0.175744 0.841941
vn -0.246141 -0.256946 0.934555
vn -0.930145 -0.298187 0.214276
vn -0.970117 -0.076193 0.230364
vn -0.892422 0.128216 -0.432601
vn -0.974078 0.117518 0.193290
vn -0.956121 -0.269522 0.114854
vn -0.475820 0.421994 -0.771697
vn 0.054190 0.495748 -0.866774
vn 0.792921 -0.295706 -0.532761
vn -0.405363 -0.633365 -0.659189
vn -0.822263 -0.426531 -0.376770
vn -0.733065 -0.624810 -0.268752
vn -0.938060 -0.345554 -0.025228
vn -0.514975 -0.820016 0.249750
vn -0.578173 -0.200340 0.790936
vn -0.930145 -0.298187 0.214276
vn -0.923112 -0.180396 0.339589
vn -0.914096 -0.036527 0.403850
vn 0.945704 0.199892 0.256296
vn 0.059801 -0.129485 -0.989776
vn 0.124338 -0.941208 -0.314113
vn -0.236423 -0.962056 -0.136206
vn 0.721079 -0.632344 -0.283172
vn 0.833116 0.376985 -0.404723
vn -0.923112 -0.180396 0.339589
vn 0.340070 0.209902 0.916675
vn 0.879327 -0.330913 0.342464
vn 0.340070 0.209902 0.916675
vn -0.036129 0.506909 0.861242
vn 0.340070 0.209902 0.916675
vn 0.271639 0.868160 0.415343
vn -0.220886 0.686199 0.693066
vn -0.380495 0.514724 0.768299
vn 0.736979 -0.670764 0.083288
vn 0.521013 -0.805535 -0.282239
vn -0.654407 -0.150172 0.741080
vn -0.699181 -0.157704 0.697335
vn -0.964457 0.109603 0.240436
vn 0.980970 -0.190443 0.037810
vn 0.159132 -0.979444 0.123961
vn 0.142404 -0.826713 0.544303
vn 0.118672 -0.992046 0.041970
vn 0.097001 -0.906127 0.411734
vn 0.050285 -0.942217 0.331207
vn 0.132937 -0.557601 0.819395
vn 0.106821 -0.571803 0.813407
vn 0.160168 -0.078858 0.983935
vn 0.138501 0.183124 0.973285
vn 0.151528 0.184049 0.971167
vn 0.159637 0.471949 0.867052
vn 0.135530 0.238719 0.961585
vn 0.134952 0.550306 0.823985
vn 0.307684 -0.930489 -0.198799
vn 0.222319 -0.970854 0.089537
vn 0.006047 -0.999704 -0.023560
vn 0.091821 -0.959653 -0.265773
vn -0.166671 -0.895126 -0.413485
vn -0.091377 -0.446100 -0.890306
vn -0.226676 -0.453449 -0.861975
vn -0.184482 0.090238 -0.978685
vn -0.188237 -0.064557 -0.980000
vn -0.099321 0.416719 -0.903593
vn 0.038344 0.575864 -0.816646
vn 0.033178 0.953666 -0.299032
vn -0.106415 -0.958819 0.263330
vn 0.025687 -0.999278 -0.028001
vn -0.139140 -0.989971 -0.024429
vn -0.277293 -0.522239 0.806458
vn -0.132388 0.305376 0.942984
vn -0.022537 0.689370 0.724059
vn 0.143909 0.715613 0.683511
vn 0.133801 0.962162 0.237365
vn 0.147023 0.804841 0.574992
vn 0.128041 0.985298 0.113111
vn 0.119004 0.879448 0.460879
vn 0.122438 0.992331 0.016972
vn 0.143210 0.858729 -0.492012
vn 0.111800 0.939484 -0.323837
vn 0.126511 0.962405 -0.240358
vn 0.134770 0.953361 -0.270074
vn 0.099561 0.708994 -0.698151
vn 0.038344 0.575864 -0.816646
vn 0.026324 0.181483 -0.983042
vn -0.188237 -0.064557 -0.980000
vn -0.095563 -0.397327 -0.912688
vn -0.284219 -0.610468 -0.739289
vn -0.209311 -0.890527 -0.403919
vn 0.135386 0.395731 -0.908332
vn 0.088675 0.627799 -0.773308
vn 0.075078 0.030637 -0.996707
vn 0.096225 -0.461518 -0.881897
vn -0.032307 -0.869436 -0.492988
vn -0.139140 -0.989971 -0.024429
vn 0.101060 -0.133169 -0.985927
vn 0.099672 -0.506949 -0.856194
vn 0.145442 -0.881270 -0.449678
vn 0.127814 -0.868273 -0.479338
vn 0.159132 -0.979444 0.123961
vn 0.118672 -0.992046 0.041970
vn -0.039429 -0.996879 -0.068398
vn 0.307684 -0.930489 -0.198799
vn -0.190966 -0.978389 0.079296
vn -0.532673 -0.725269 0.436171
vn -0.144482 0.239984 -0.959965
vn 0.151336 -0.454708 0.877689
vn 0.153476 -0.000955 0.988152
vn -0.197844 0.887028 0.417180
vn 0.032674 0.948855 0.314016
vn -0.218985 0.734733 0.642038
vn -0.022537 0.689370 0.724059
vn -0.132388 0.305376 0.942984
vn -0.277293 -0.522239 0.806458
vn -0.518440 0.133593 0.844614
vn -0.139140 -0.989971 -0.024429
vn -0.106415 -0.958819 0.263330
vn -0.284219 -0.610468 -0.739289
vn -0.209311 -0.890527 -0.403919
vn -0.039429 -0.996879 -0.068398
vn -0.139140 -0.989971 -0.024429
vn 0.134770 0.953361 -0.270074
vn 0.032674 0.948855 0.314016
vn 0.025687 -0.999278 -0.028001

g polygon0
s 1
usemtl mat4
f 1/1/1 2/2/2 3/3/3
f 1/1/1 4/4/4 2/2/2
f 5/5/5 4/4/4 1/1/1
f 5/5/5 6/6/6 4/4/4
f 7/7/7 6/6/6 5/5/5
f 7/7/7 8/8/8 6/6/6
f 9/9/9 8/8/8 7/7/7
f 9/9/9 10/10/10 8/8/8
f 11/11/11 10/10/10 9/9/9
f 11/11/11 12/12/12 10/10/10
f 13/13/13 12/12/12 11/11/11
f 13/13/13 14/14/14 12/12/12
f 15/15/15 14/14/14 13/13/13
f 15/15/15 16/16/16 14/14/14
f 17/17/17 16/16/16 15/15/15
f 17/17/17 18/18/18 16/16/16
f 19/19/19 18/18/18 17/17/17
f 20/20/20 21/21/21 22/22/22
f 20/20/20 23/23/23 21/21/21
f 24/24/24 23/23/23 20/20/20
f 24/24/24 25/25/25 23/23/23
f 26/26/26 25/25/25 24/24/24
f 26/26/26 27/27/27 25/25/25
f 28/28/28 27/27/27 26/26/26
f 28/28/28 29/29/29 27/27/27
f 30/30/30 29/29/29 28/28/28
f 17/17/17 31/31/31 32/32/32
f 17/17/17 33/33/33 31/31/31
f 15/15/15 33/33/33 17/17/17
f 15/15/15 34/34/34 33/33/33
f 13/13/13 34/34/34 15/15/15
f 13/13/13 35/35/35 34/34/34
f 11/11/11 35/35/35 13/13/13
f 11/11/11 9/9/9 35/35/35
f 36/36/36 37/37/37 38/38/38
f 36/36/36 39/39/39 37/37/37
f 40/40/40 39/39/39 36/36/36
f 40/40/40 41/41/41 39/39/39
f 42/42/42 41/41/41 40/40/40
f 42/42/42 43/43/43 41/41/41
f 23/23/23 44/44/44 21/21/21
f 23/23/23 45/45/45 44/44/44
f 25/25/25 45/45/45 23/23/23
f 25/25/25 46/46/46 45/45/45
f 47/47/47 46/46/46 25/25/25
f 47/47/47 48/48/48 46/46/46
f 45/45/45 49/49/49 44/44/44
f 45/45/45 50/50/50 49/49/49
f 46/46/46 50/50/50 45/45/45
f 46/46/46 51/51/51 50/50/50
f 48/48/48 51/51/51 46/46/46
f 48/48/48 52/52/52 51/51/51
f 8/8/8 24/24/24 20/20/20
f 8/8/8 28/28/28 24/24/24
f 10/10/10 28/28/28 8/8/8
f 10/10/10 30/30/30 28/28/28
f 12/12/12 30/30/30 10/10/10
f 7/7/7 35/35/35 9/9/9
f 7/7/7 34/34/34 35/35/35
f 53/53/53 34/34/34 7/7/7
f 53/53/53 33/33/33 34/34/34
f 54/54/54 33/33/33 53/53/53
f 4/4/4 22/22/22 2/2/2
f 4/4/4 20/20/20 22/22/22
f 6/6/6 20/20/20 4/4/4
f 6/6/6 8/8/8 20/20/20
f 55/55/55 39/39/39 41/41/41
f 55/55/55 56/56/56 39/39/39
f 19/19/19 56/56/56 55/55/55
f 19/19/19 17/17/17 56/56/56
f 53/53/53 1/1/1 54/54/54
f 53/53/53 5/5/5 1/1/1
f 7/7/7 5/5/5 53/53/53
f 56/56/56 37/37/37 39/39/39
f 56/56/56 57/57/57 37/37/37
f 17/17/17 57/57/57 56/56/56
f 43/43/43 55/55/55 41/41/41
f 43/43/43 58/58/58 55/55/55
f 47/47/47 25/25/25 27/27/27
f 28/28/28 26/26/26 24/24/24
f 55/55/55 58/58/58 19/19/19
f 32/32/32 57/57/57 17/17/17
f 32/32/32 59/59/59 57/57/57
f 60/60/60 59/59/59 32/32/32
f 60/60/60 61/61/61 59/59/59
f 62/62/62 61/61/61 60/60/60
f 62/62/62 63/63/63 61/61/61
f 64/64/64 63/63/63 62/62/62
f 64/64/64 65/65/65 63/63/63
f 66/66/66 65/65/65 64/64/64
f 31/31/31 60/60/60 32/32/32
f 31/31/31 67/67/67 60/60/60
f 68/68/68 67/67/67 31/31/31
f 68/68/68 69/69/69 67/67/67
f 3/3/3 69/69/69 68/68/68
f 3/3/3 70/70/70 69/69/69
f 71/71/71 70/70/70 3/3/3
f 71/71/71 72/72/72 70/70/70
f 73/73/73 72/72/72 71/71/71
f 67/67/67 62/62/62 60/60/60
f 67/67/67 74/74/74 62/62/62
f 69/69/69 74/74/74 67/67/67
f 69/69/69 75/75/75 74/74/74
f 70/70/70 75/75/75 69/69/69
f 70/70/70 76/76/76 75/75/75
f 77/77/77 76/76/76 70/70/70
f 77/77/77 78/78/78 76/76/76
f 79/79/79 78/78/78 77/77/77
f 80/80/80 44/44/44 49/49/49
f 80/80/80 81/81/81 44/44/44
f 82/82/82 81/81/81 80/80/80
f 82/82/82 83/83/83 81/81/81
f 84/84/84 83/83/83 82/82/82
f 84/84/84 85/85/85 83/83/83
f 81/81/81 21/21/21 44/44/44
f 81/81/81 86/86/86 21/21/21
f 83/83/83 86/86/86 81/81/81
f 83/83/83 87/87/87 86/86/86
f 85/85/85 87/87/87 83/83/83
f 85/85/85 88/88/88 87/87/87
f 89/89/89 90/90/90 91/91/91
f 89/89/89 92/92/92 90/90/90
f 93/93/93 92/92/92 89/89/89
f 93/93/93 94/94/94 92/92/92
f 57/57/57 94/94/94 93/93/93
f 57/57/57 59/59/59 94/94/94
f 86/86/86 22/22/22 21/21/21
f 86/86/86 95/95/95 22/22/22
f 96/96/96 95/95/95 86/86/86
f 96/96/96 97/97/97 95/95/95
f 98/98/98 76/76/76 78/78/78
f 98/98/98 99/99/99 76/76/76
f 66/66/66 99/99/99 98/98/98
f 66/66/66 64/64/64 99/99/99
f 100/100/100 63/63/63 65/65/65
f 100/100/100 101/101/101 63/63/63
f 102/102/102 101/101/101 100/100/100
f 102/102/102 90/90/90 101/101/101
f 97/97/97 22/22/22 95/95/95
f 97/97/97 71/71/71 22/22/22
f 73/73/73 71/71/71 97/97/97
f 2/2/2 71/71/71 3/3/3
f 2/2/2 22/22/22 71/71/71
f 33/33/33 68/68/68 31/31/31
f 33/33/33 54/54/54 68/68/68
f 87/87/87 96/96/96 86/86/86
f 87/87/87 88/88/88 96/96/96
f 79/79/79 70/70/70 72/72/72
f 79/79/79 77/77/77 70/70/70
f 62/62/62 99/99/99 64/64/64
f 62/62/62 74/74/74 99/99/99
f 99/99/99 75/75/75 76/76/76
f 99/99/99 74/74/74 75/75/75
f 103/103/103 93/93/93 89/89/89
f 103/103/103 38/38/38 93/93/93
f 37/37/37 93/93/93 38/38/38
f 37/37/37 57/57/57 93/93/93
f 92/92/92 101/101/101 90/90/90
f 92/92/92 94/94/94 101/101/101
f 101/101/101 61/61/61 63/63/63
f 101/101/101 94/94/94 61/61/61
f 54/54/54 3/3/3 68/68/68
f 54/54/54 1/1/1 3/3/3
f 88/88/88 104/104/104 96/96/96
f 61/61/61 94/94/94 59/59/59
f 105/105/105 106/106/106 107/107/107
f 105/105/105 108/108/108 106/106/106
f 109/109/109 108/108/108 105/105/105
f 109/109/109 110/110/110 108/108/108
f 111/111/111 110/110/110 109/109/109
f 111/111/111 112/112/112 110/110/110
f 113/113/113 112/112/112 111/111/111
f 113/113/113 114/114/114 112/112/112
f 115/115/115 114/114/114 113/113/113
f 115/115/115 116/116/116 114/114/114
f 117/117/117 116/116/116 115/115/115
f 117/117/117 118/118/118 116/116/116
f 119/119/119 118/118/118 117/117/117
f 119/119/119 120/120/120 118/118/118
f 121/121/121 120/120/120 119/119/119
f 121/121/121 122/122/122 120/120/120
f 123/123/123 122/122/122 121/121/121
f 123/123/123 124/124/124 122/122/122
f 125/125/125 124/124/124 123/123/123
f 125/125/125 126/126/126 124/124/124
f 127/127/127 126/126/126 125/125/125
f 127/127/127 128/128/128 126/126/126
f 129/129/129 128/128/128 127/127/127
f 129/129/129 130/130/130 128/128/128
f 100/100/100 131/131/131 102/102/102
f 100/100/100 124/124/124 131/131/131
f 65/65/65 124/124/124 100/100/100
f 65/65/65 132/132/132 124/124/124
f 66/66/66 132/132/132 65/65/65
f 66/66/66 133/133/133 132/132/132
f 98/98/98 133/133/133 66/66/66
f 98/98/98 134/134/134 133/133/133
f 78/78/78 134/134/134 98/98/98
f 78/78/78 135/135/135 134/134/134
f 79/79/79 135/135/135 78/78/78
f 79/79/79 136/136/136 135/135/135
f 137/137/137 136/136/136 79/79/79
f 137/137/137 138/138/138 136/136/136
f 139/139/139 138/138/138 137/137/137
f 139/139/139 140/140/140 138/138/138
f 141/141/141 140/140/140 139/139/139
f 142/142/142 111/111/111 109/109/109
f 142/142/142 113/113/113 111/111/111
f 143/143/143 113/113/113 142/142/142
f 143/143/143 115/115/115 113/113/113
f 144/144/144 115/115/115 143/143/143
f 144/144/144 117/117/117 115/115/115
f 145/145/145 117/117/117 144/144/144
f 145/145/145 119/119/119 117/117/117
f 146/146/146 119/119/119 145/145/145
f 146/146/146 121/121/121 119/119/119
f 147/147/147 121/121/121 146/146/146
f 147/147/147 123/123/123 121/121/121
f 148/148/148 123/123/123 147/147/147
f 148/148/148 125/125/125 123/123/123
f 127/127/127 125/125/125 148/148/148
f 149/149/149 150/150/150 151/151/151
f 149/149/149 152/152/152 150/150/150
f 153/153/153 152/152/152 149/149/149
f 153/153/153 154/154/154 152/152/152
f 155/155/155 154/154/154 153/153/153
f 155/155/155 156/156/156 154/154/154
f 91/91/91 156/156/156 155/155/155
f 91/91/91 90/90/90 156/156/156
f 157/157/157 128/128/128 130/130/130
f 157/157/157 126/126/126 128/128/128
f 158/158/158 126/126/126 157/157/157
f 158/158/158 159/159/159 126/126/126
f 160/160/160 159/159/159 158/158/158
f 160/160/160 161/161/161 159/159/159
f 154/154/154 161/161/161 160/160/160
f 154/154/154 156/156/156 161/161/161
f 152/152/152 162/162/162 150/150/150
f 152/152/152 163/163/163 162/162/162
f 158/158/158 163/163/163 152/152/152
f 158/158/158 164/164/164 163/163/163
f 157/157/157 164/164/164 158/158/158
f 157/157/157 165/165/165 164/164/164
f 130/130/130 165/165/165 157/157/157
f 166/166/166 85/85/85 84/84/84
f 166/166/166 167/167/167 85/85/85
f 168/168/168 167/167/167 166/166/166
f 168/168/168 169/169/169 167/167/167
f 106/106/106 169/169/169 168/168/168
f 106/106/106 108/108/108 169/169/169
f 167/167/167 88/88/88 85/85/85
f 167/167/167 170/170/170 88/88/88
f 169/169/169 170/170/170 167/167/167
f 169/169/169 171/171/171 170/170/170
f 108/108/108 171/171/171 169/169/169
f 108/108/108 110/110/110 171/171/171
f 170/170/170 104/104/104 88/88/88
f 170/170/170 141/141/141 104/104/104
f 171/171/171 141/141/141 170/170/170
f 171/171/171 140/140/140 141/141/141
f 110/110/110 140/140/140 171/171/171
f 110/110/110 112/112/112 140/140/140
f 159/159/159 124/124/124 126/126/126
f 159/159/159 131/131/131 124/124/124
f 172/172/172 131/131/131 159/159/159
f 172/172/172 102/102/102 131/131/131
f 90/90/90 102/102/102 172/172/172
f 173/173/173 109/109/109 105/105/105
f 173/173/173 142/142/142 109/109/109
f 174/174/174 142/142/142 173/173/173
f 174/174/174 175/175/175 142/142/142
f 137/137/137 141/141/141 139/139/139
f 137/137/137 104/104/104 141/141/141
f 96/96/96 104/104/104 137/137/137
f 172/172/172 156/156/156 90/90/90
f 172/172/172 161/161/161 156/156/156
f 159/159/159 161/161/161 172/172/172
f 175/175/175 143/143/143 142/142/142
f 175/175/175 176/176/176 143/143/143
f 176/176/176 144/144/144 143/143/143
f 176/176/176 177/177/177 144/144/144
f 177/177/177 145/145/145 144/144/144
f 177/177/177 178/178/178 145/145/145
f 178/178/178 146/146/146 145/145/145
f 178/178/178 179/179/179 146/146/146
f 179/179/179 147/147/147 146/146/146
f 179/179/179 180/180/180 147/147/147
f 180/180/180 148/148/148 147/147/147
f 180/180/180 181/181/181 148/148/148
f 181/181/181 127/127/127 148/148/148
f 181/181/181 129/129/129 127/127/127
f 182/182/182 149/149/149 151/151/151
f 182/182/182 183/183/183 149/149/149
f 72/72/72 137/137/137 79/79/79
f 72/72/72 73/73/73 137/137/137
f 137/137/137 97/97/97 96/96/96
f 137/137/137 73/73/73 97/97/97
f 112/112/112 138/138/138 140/140/140
f 112/112/112 114/114/114 138/138/138
f 114/114/114 136/136/136 138/138/138
f 114/114/114 116/116/116 136/136/136
f 116/116/116 135/135/135 136/136/136
f 116/116/116 118/118/118 135/135/135
f 118/118/118 134/134/134 135/135/135
f 118/118/118 120/120/120 134/134/134
f 120/120/120 133/133/133 134/134/134
f 120/120/120 122/122/122 133/133/133
f 133/133/133 124/124/124 132/132/132
f 133/133/133 122/122/122 124/124/124
f 160/160/160 152/152/152 154/154/154
f 160/160/160 158/158/158 152/152/152
f 153/153/153 149/149/149 183/183/183
f 184/184/184 177/177/177 176/176/176
f 184/184/184 178/178/178 177/177/177
f 185/185/185 178/178/178 184/184/184
f 185/185/185 179/179/179 178/178/178
f 186/186/186 179/179/179 185/185/185
f 186/186/186 180/180/180 179/179/179
f 187/187/187 180/180/180 186/186/186
f 187/187/187 181/181/181 180/180/180
f 188/188/188 181/181/181 187/187/187
f 188/188/188 129/129/129 181/181/181
f 189/189/189 129/129/129 188/188/188
f 189/189/189 130/130/130 129/129/129
f 190/190/190 130/130/130 189/189/189
f 190/190/190 165/165/165 130/130/130
f 189/189/189 191/191/191 190/190/190
f 189/189/189 192/192/192 191/191/191
f 188/188/188 192/192/192 189/189/189
f 188/188/188 193/193/193 192/192/192
f 187/187/187 193/193/193 188/188/188
f 187/187/187 194/194/194 193/193/193
f 186/186/186 194/194/194 187/187/187
f 186/186/186 195/195/195 194/194/194
f 185/185/185 195/195/195 186/186/186
f 185/185/185 196/196/196 195/195/195
f 184/184/184 196/196/196 185/185/185
f 197/197/197 174/174/174 173/173/173
f 197/197/197 175/175/175 174/174/174
f 198/198/198 175/175/175 197/197/197
f 198/198/198 176/176/176 175/175/175
f 199/199/199 176/176/176 198/198/198
f 199/199/199 184/184/184 176/176/176
f 200/200/200 184/184/184 199/199/199
f 200/200/200 196/196/196 184/184/184
f 162/162/162 201/201/201 150/150/150
f 162/162/162 202/202/202 201/201/201
f 165/165/165 202/202/202 162/162/162
f 165/165/165 203/203/203 202/202/202
f 190/190/190 203/203/203 165/165/165
f 190/190/190 204/204/204 203/203/203
f 191/191/191 204/204/204 190/190/190
f 205/205/205 173/173/173 206/206/206
f 205/205/205 197/197/197 173/173/173
f 207/207/207 197/197/197 205/205/205
f 207/207/207 208/208/208 197/197/197
f 150/150/150 209/209/209 151/151/151
f 150/150/150 210/210/210 209/209/209
f 201/201/201 210/210/210 150/150/150
f 208/208/208 198/198/198 197/197/197
f 208/208/208 199/199/199 198/198/198
f 200/200/200 199/199/199 208/208/208
f 182/182/182 209/209/209 211/211/211
f 182/182/182 151/151/151 209/209/209
f 212/212/212 105/105/105 107/107/107
f 212/212/212 213/213/213 105/105/105
f 213/213/213 173/173/173 105/105/105
f 213/213/213 206/206/206 173/173/173
f 202/202/202 214/214/214 201/201/201
f 202/202/202 203/203/203 214/214/214
f 203/203/203 215/215/215 214/214/214
f 203/203/203 204/204/204 215/215/215
f 164/164/164 162/162/162 163/163/163
f 164/164/164 165/165/165 162/162/162
f 216/216/216 217/217/217 218/218/218
f 216/216/216 219/219/219 217/217/217
f 220/220/220 219/219/219 216/216/216
f 220/220/220 221/221/221 219/219/219
f 222/222/222 221/221/221 220/220/220
f 222/222/222 223/223/223 221/221/221
f 224/224/224 223/223/223 222/222/222
f 224/224/224 225/225/225 223/223/223
f 226/226/226 225/225/225 224/224/224
f 226/226/226 227/227/227 225/225/225
f 228/228/228 227/227/227 226/226/226
f 228/228/228 229/229/229 227/227/227
f 230/230/230 229/229/229 228/228/228
f 231/231/231 232/232/232 233/233/233
f 231/231/231 234/234/234 232/232/232
f 235/235/235 234/234/234 231/231/231
f 235/235/235 236/236/236 234/234/234
f 237/237/237 236/236/236 235/235/235
f 237/237/237 238/238/238 236/236/236
f 239/239/239 238/238/238 237/237/237
f 239/239/239 240/240/240 238/238/238
f 241/241/241 240/240/240 239/239/239
f 241/241/241 242/242/242 240/240/240
f 243/243/243 242/242/242 241/241/241
f 243/243/243 244/244/244 242/242/242
f 245/245/245 246/246/246 247/247/247
f 245/245/245 248/248/248 246/246/246
f 249/249/249 248/248/248 245/245/245
f 249/249/249 250/250/250 248/248/248
f 251/251/251 250/250/250 249/249/249
f 251/251/251 252/252/252 250/250/250
f 253/253/253 252/252/252 251/251/251
f 253/253/253 254/254/254 252/252/252
f 255/255/255 254/254/254 253/253/253
f 255/255/255 256/256/256 254/254/254
f 257/257/257 246/246/246 248/248/248
f 257/257/257 258/258/258 246/246/246
f 259/259/259 258/258/258 257/257/257
f 259/259/259 260/260/260 258/258/258
f 261/261/261 260/260/260 259/259/259
f 261/261/261 262/262/262 260/260/260
f 263/263/263 262/262/262 261/261/261
f 263/263/263 252/252/252 262/262/262
f 250/250/250 252/252/252 263/263/263
f 264/264/264 265/265/265 266/266/266
f 264/264/264 267/267/267 265/265/265
f 268/268/268 267/267/267 264/264/264
f 268/268/268 269/269/269 267/267/267
f 270/270/270 269/269/269 268/268/268
f 270/270/270 271/271/271 269/269/269
f 272/272/272 271/271/271 270/270/270
f 272/272/272 273/273/273 271/271/271
f 228/228/228 274/274/274 275/275/275
f 228/228/228 276/276/276 274/274/274
f 226/226/226 276/276/276 228/228/228
f 226/226/226 277/277/277 276/276/276
f 278/278/278 277/277/277 226/226/226
f 278/278/278 279/279/279 277/277/277
f 224/224/224 279/279/279 278/278/278
f 280/280/280 281/281/281 282/282/282
f 280/280/280 271/271/271 281/281/281
f 283/283/283 271/271/271 280/280/280
f 283/283/283 269/269/269 271/271/271
f 284/284/284 269/269/269 283/283/283
f 284/284/284 267/267/267 269/269/269
f 265/265/265 267/267/267 284/284/284
f 238/238/238 285/285/285 236/236/236
f 238/238/238 286/286/286 285/285/285
f 240/240/240 286/286/286 238/238/238
f 240/240/240 287/287/287 286/286/286
f 242/242/242 287/287/287 240/240/240
f 242/242/242 244/244/244 287/287/287
f 286/286/286 288/288/288 285/285/285
f 286/286/286 289/289/289 288/288/288
f 290/290/290 289/289/289 286/286/286
f 290/290/290 291/291/291 289/289/289
f 292/292/292 291/291/291 290/290/290
f 292/292/292 293/293/293 291/291/291
f 271/271/271 294/294/294 281/281/281
f 271/271/271 295/295/295 294/294/294
f 296/296/296 295/295/295 271/271/271
f 296/296/296 297/297/297 295/295/295
f 298/298/298 297/297/297 296/296/296
f 298/298/298 299/299/299 297/297/297
f 300/300/300 301/301/301 302/302/302
f 300/300/300 303/303/303 301/301/301
f 304/304/304 303/303/303 300/300/300
f 304/304/304 305/305/305 303/303/303
f 254/254/254 305/305/305 304/304/304
f 254/254/254 256/256/256 305/305/305
f 236/236/236 232/232/232 234/234/234
f 236/236/236 306/306/306 232/232/232
f 285/285/285 306/306/306 236/236/236
f 285/285/285 307/307/307 306/306/306
f 288/288/288 307/307/307 285/285/285
f 223/223/223 219/219/219 221/221/221
f 223/223/223 308/308/308 219/219/219
f 225/225/225 308/308/308 223/223/223
f 225/225/225 309/309/309 308/308/308
f 227/227/227 309/309/309 225/225/225
f 304/304/304 252/252/252 254/254/254
f 304/304/304 262/262/262 252/252/252
f 300/300/300 262/262/262 304/304/304
f 300/300/300 310/310/310 262/262/262
f 302/302/302 310/310/310 300/300/300
f 280/280/280 284/284/284 283/283/283
f 280/280/280 311/311/311 284/284/284
f 282/282/282 311/311/311 280/280/280
f 282/282/282 312/312/312 311/311/311
f 313/313/313 297/297/297 299/299/299
f 313/313/313 314/314/314 297/297/297
f 294/294/294 314/314/314 313/313/313
f 294/294/294 295/295/295 314/314/314
f 222/222/222 315/315/315 224/224/224
f 222/222/222 316/316/316 315/315/315
f 220/220/220 316/316/316 222/222/222
f 317/317/317 277/277/277 279/279/279
f 317/317/317 276/276/276 277/277/277
f 274/274/274 276/276/276 317/317/317
f 308/308/308 217/217/217 219/219/219
f 308/308/308 318/318/318 217/217/217
f 309/309/309 318/318/318 308/308/308
f 319/319/319 320/320/320 239/239/239
f 319/319/319 321/321/321 320/320/320
f 231/231/231 321/321/321 319/319/319
f 294/294/294 322/322/322 281/281/281
f 294/294/294 323/323/323 322/322/322
f 313/313/313 323/323/323 294/294/294
f 305/305/305 301/301/301 303/303/303
f 305/305/305 324/324/324 301/301/301
f 256/256/256 324/324/324 305/305/305
f 325/325/325 227/227/227 229/229/229
f 325/325/325 309/309/309 227/227/227
f 230/230/230 275/275/275 326/326/326
f 230/230/230 228/228/228 275/275/275
f 292/292/292 287/287/287 244/244/244
f 292/292/292 290/290/290 287/287/287
f 237/237/237 319/319/319 239/239/239
f 237/237/237 235/235/235 319/319/319
f 265/265/265 311/311/311 312/312/312
f 265/265/265 284/284/284 311/311/311
f 273/273/273 296/296/296 271/271/271
f 273/273/273 298/298/298 296/296/296
f 250/250/250 257/257/257 248/248/248
f 250/250/250 263/263/263 257/257/257
f 263/263/263 259/259/259 257/257/257
f 263/263/263 261/261/261 259/259/259
f 241/241/241 239/239/239 243/243/243
f 278/278/278 226/226/226 224/224/224
f 290/290/290 286/286/286 287/287/287
f 319/319/319 235/235/235 231/231/231
f 314/314/314 295/295/295 297/297/297
f 327/327/327 328/328/328 329/329/329
f 327/327/327 330/330/330 328/328/328
f 331/331/331 330/330/330 327/327/327
f 331/331/331 332/332/332 330/330/330
f 333/333/333 332/332/332 331/331/331
f 333/333/333 334/334/334 332/332/332
f 335/335/335 334/334/334 333/333/333
f 335/335/335 336/336/336 334/334/334
f 337/337/337 336/336/336 335/335/335
f 337/337/337 338/338/338 336/336/336
f 339/339/339 338/338/338 337/337/337
f 340/340/340 341/341/341 342/342/342
f 340/340/340 343/343/343 341/341/341
f 344/344/344 343/343/343 340/340/340
f 344/344/344 345/345/345 343/343/343
f 346/346/346 345/345/345 344/344/344
f 346/346/346 347/347/347 345/345/345
f 348/348/348 347/347/347 346/346/346
f 348/348/348 349/349/349 347/347/347
f 350/350/350 351/351/351 352/352/352
f 350/350/350 353/353/353 351/351/351
f 354/354/354 353/353/353 350/350/350
f 354/354/354 355/355/355 353/353/353
f 356/356/356 355/355/355 354/354/354
f 356/356/356 357/357/357 355/355/355
f 358/358/358 357/357/357 356/356/356
f 358/358/358 348/348/348 357/357/357
f 359/359/359 347/347/347 349/349/349
f 359/359/359 360/360/360 347/347/347
f 361/361/361 360/360/360 359/359/359
f 361/361/361 362/362/362 360/360/360
f 363/363/363 362/362/362 361/361/361
f 364/364/364 365/365/365 366/366/366
f 364/364/364 367/367/367 365/365/365
f 368/368/368 367/367/367 364/364/364
f 368/368/368 369/369/369 367/367/367
f 354/354/354 369/369/369 368/368/368
f 370/370/370 360/360/360 362/362/362
f 370/370/370 347/347/347 360/360/360
f 371/371/371 347/347/347 370/370/370
f 371/371/371 345/345/345 347/347/347
f 372/372/372 373/373/373 374/374/374
f 372/372/372 375/375/375 373/373/373
f 376/376/376 377/377/377 378/378/378
f 376/376/376 379/379/379 377/377/377
f 379/379/379 362/362/362 377/377/377
f 379/379/379 370/370/370 362/362/362
f 380/380/380 361/361/361 359/359/359
f 380/380/380 373/373/373 361/361/361
f 375/375/375 361/361/361 373/373/373
f 375/375/375 363/363/363 361/361/361
f 337/337/337 381/381/381 339/339/339
f 337/337/337 382/382/382 381/381/381
f 346/346/346 357/357/357 348/348/348
f 346/346/346 344/344/344 357/357/357
f 357/357/357 383/383/383 355/355/355
f 357/357/357 344/344/344 383/383/383
f 382/382/382 384/384/384 381/381/381
f 382/382/382 385/385/385 384/384/384
f 385/385/385 365/365/365 384/384/384
f 385/385/385 366/366/366 365/365/365
f 386/386/386 368/368/368 364/364/364
f 386/386/386 358/358/358 368/368/368
f 368/368/368 356/356/356 354/354/354
f 368/368/368 358/358/358 356/356/356
f 387/387/387 388/388/388 389/389/389
f 387/387/387 390/390/390 388/388/388
f 391/391/391 390/390/390 387/387/387
f 391/391/391 392/392/392 390/390/390
f 393/393/393 392/392/392 391/391/391
f 393/393/393 394/394/394 392/392/392
f 395/395/395 394/394/394 393/393/393
f 395/395/395 396/396/396 394/394/394
f 397/397/397 396/396/396 395/395/395
f 397/397/397 398/398/398 396/396/396
f 399/399/399 398/398/398 397/397/397
f 399/399/399 400/400/400 398/398/398
f 401/401/401 400/400/400 399/399/399
f 401/401/401 402/402/402 400/400/400
f 403/403/403 402/402/402 401/401/401
f 403/403/403 404/404/404 402/402/402
f 405/405/405 406/406/406 407/407/407
f 405/405/405 408/408/408 406/406/406
f 409/409/409 408/408/408 405/405/405
f 409/409/409 410/410/410 408/408/408
f 411/411/411 410/410/410 409/409/409
f 411/411/411 412/412/412 410/410/410
f 413/413/413 412/412/412 411/411/411
f 413/413/413 414/414/414 412/412/412
f 415/415/415 414/414/414 413/413/413
f 415/415/415 416/416/416 414/414/414
f 417/417/417 416/416/416 415/415/415
f 417/417/417 391/391/391 416/416/416
f 393/393/393 391/391/391 417/417/417
f 418/418/418 419/419/419 420/420/420
f 418/418/418 421/421/421 419/419/419
f 422/422/422 421/421/421 418/418/418
f 422/422/422 423/423/423 421/421/421
f 424/424/424 423/423/423 422/422/422
f 424/424/424 425/425/425 423/423/423
f 426/426/426 425/425/425 424/424/424
f 426/426/426 427/427/427 425/425/425
f 428/428/428 427/427/427 426/426/426
f 428/428/428 429/429/429 427/427/427
f 430/430/430 429/429/429 428/428/428
f 431/431/431 432/432/432 433/433/433
f 431/431/431 434/434/434 432/432/432
f 435/435/435 434/434/434 431/431/431
f 435/435/435 436/436/436 434/434/434
f 414/414/414 436/436/436 435/435/435
f 414/414/414 437/437/437 436/436/436
f 416/416/416 437/437/437 414/414/414
f 416/416/416 438/438/438 437/437/437
f 387/387/387 438/438/438 416/416/416
f 439/439/439 440/440/440 441/441/441
f 439/439/439 442/442/442 440/440/440
f 443/443/443 442/442/442 439/439/439
f 443/443/443 444/444/444 442/442/442
f 445/445/445 444/444/444 443/443/443
f 445/445/445 446/446/446 444/444/444
f 447/447/447 446/446/446 445/445/445
f 447/447/447 448/448/448 446/446/446
f 449/449/449 448/448/448 447/447/447
f 446/446/446 450/450/450 451/451/451
f 446/446/446 452/452/452 450/450/450
f 453/453/453 452/452/452 446/446/446
f 453/453/453 454/454/454 452/452/452
f 455/455/455 454/454/454 453/453/453
f 455/455/455 456/456/456 454/454/454
f 457/457/457 456/456/456 455/455/455
f 421/421/421 458/458/458 419/419/419
f 421/421/421 459/459/459 458/458/458
f 423/423/423 459/459/459 421/421/421
f 423/423/423 460/460/460 459/459/459
f 425/425/425 460/460/460 423/423/423
f 425/425/425 461/461/461 460/460/460
f 462/462/462 463/463/463 464/464/464
f 462/462/462 465/465/465 463/463/463
f 466/466/466 465/465/465 462/462/462
f 466/466/466 467/467/467 465/465/465
f 430/430/430 467/467/467 466/466/466
f 430/430/430 428/428/428 467/467/467
f 468/468/468 469/469/469 470/470/470
f 468/468/468 471/471/471 469/469/469
f 472/472/472 471/471/471 468/468/468
f 472/472/472 473/473/473 471/471/471
f 402/402/402 473/473/473 472/472/472
f 402/402/402 404/404/404 473/473/473
f 474/474/474 470/470/470 475/475/475
f 474/474/474 468/468/468 470/470/470
f 476/476/476 468/468/468 474/474/474
f 476/476/476 472/472/472 468/468/468
f 400/400/400 472/472/472 476/476/476
f 400/400/400 402/402/402 472/472/472
f 408/408/408 433/433/433 406/406/406
f 408/408/408 431/431/431 433/433/433
f 410/410/410 431/431/431 408/408/408
f 410/410/410 435/435/435 431/431/431
f 412/412/412 435/435/435 410/410/410
f 412/412/412 414/414/414 435/435/435
f 477/477/477 457/457/457 455/455/455
f 477/477/477 478/478/478 457/457/457
f 479/479/479 478/478/478 477/477/477
f 479/479/479 446/446/446 478/478/478
f 453/453/453 446/446/446 479/479/479
f 465/465/465 480/480/480 463/463/463
f 465/465/465 481/481/481 480/480/480
f 426/426/426 481/481/481 465/465/465
f 426/426/426 424/424/424 481/481/481
f 481/481/481 482/482/482 480/480/480
f 481/481/481 483/483/483 482/482/482
f 424/424/424 483/483/483 481/481/481
f 424/424/424 422/422/422 483/483/483
f 443/443/443 447/447/447 445/445/445
f 443/443/443 484/484/484 447/447/447
f 439/439/439 484/484/484 443/443/443
f 439/439/439 485/485/485 484/484/484
f 401/401/401 486/486/486 403/403/403
f 401/401/401 487/487/487 486/486/486
f 399/399/399 487/487/487 401/401/401
f 399/399/399 397/397/397 487/487/487
f 487/487/487 488/488/488 486/486/486
f 487/487/487 489/489/489 488/488/488
f 397/397/397 489/489/489 487/487/487
f 397/397/397 395/395/395 489/489/489
f 489/489/489 490/490/490 488/488/488
f 489/489/489 491/491/491 490/490/490
f 395/395/395 491/491/491 489/489/489
f 395/395/395 393/393/393 491/491/491
f 492/492/492 413/413/413 411/411/411
f 492/492/492 493/493/493 413/413/413
f 494/494/494 493/493/493 492/492/492
f 494/494/494 490/490/490 493/493/493
f 491/491/491 493/493/493 490/490/490
f 491/491/491 417/417/417 493/493/493
f 393/393/393 417/417/417 491/491/491
f 478/478/478 495/495/495 457/457/457
f 478/478/478 496/496/496 495/495/495
f 448/448/448 496/496/496 478/478/478
f 484/484/484 449/449/449 447/447/447
f 484/484/484 485/485/485 449/449/449
f 415/415/415 493/493/493 417/417/417
f 415/415/415 413/413/413 493/493/493
f 444/444/444 451/451/451 497/497/497
f 444/444/444 446/446/446 451/451/451
f 390/390/390 498/498/498 388/388/388
f 390/390/390 392/392/392 498/498/498
f 498/498/498 394/394/394 499/499/499
f 498/498/498 392/392/392 394/394/394
f 442/442/442 497/497/497 440/440/440
f 442/442/442 444/444/444 497/497/497
f 500/500/500 422/422/422 418/418/418
f 500/500/500 483/483/483 422/422/422
f 501/501/501 473/473/473 404/404/404
f 501/501/501 502/502/502 473/473/473
f 502/502/502 471/471/471 473/473/473
f 502/502/502 503/503/503 471/471/471
f 467/467/467 426/426/426 465/465/465
f 467/467/467 428/428/428 426/426/426
f 400/400/400 504/504/504 398/398/398
f 400/400/400 476/476/476 504/504/504
f 505/505/505 460/460/460 461/461/461
f 505/505/505 458/458/458 460/460/460
f 455/455/455 479/479/479 477/477/477
f 455/455/455 453/453/453 479/479/479
f 427/427/427 429/429/429 425/425/425
f 459/459/459 460/460/460 458/458/458
f 503/503/503 469/469/469 471/471/471
f 437/437/437 438/438/438 436/436/436
f 387/387/387 416/416/416 391/391/391
f 446/446/446 448/448/448 478/478/478
f 506/506/506 507/507/507 508/508/508
f 506/506/506 509/509/509 507/507/507
f 510/510/510 509/509/509 506/506/506
f 510/510/510 511/511/511 509/509/509
f 512/512/512 511/511/511 510/510/510
f 512/512/512 513/513/513 511/511/511
f 514/514/514 513/513/513 512/512/512
f 514/514/514 515/515/515 513/513/513
f 516/516/516 515/515/515 514/514/514
f 516/516/516 517/517/517 515/515/515
f 518/518/518 517/517/517 516/516/516
f 518/518/518 519/519/519 517/517/517
f 520/520/520 519/519/519 518/518/518
f 520/520/520 521/521/521 519/519/519
f 522/522/522 523/523/523 524/524/524
f 522/522/522 525/525/525 523/523/523
f 526/526/526 525/525/525 522/522/522
f 526/526/526 527/527/527 525/525/525
f 528/528/528 527/527/527 526/526/526
f 528/528/528 529/529/529 527/527/527
f 527/527/527 530/530/530 525/525/525
f 527/527/527 531/531/531 530/530/530
f 532/532/532 531/531/531 527/527/527
f 532/532/532 533/533/533 531/531/531
f 534/534/534 533/533/533 532/532/532
f 534/534/534 535/535/535 533/533/533
f 536/536/536 533/533/533 535/535/535
f 536/536/536 537/537/537 533/533/533
f 538/538/538 537/537/537 536/536/536
f 538/538/538 539/539/539 537/537/537
f 540/540/540 539/539/539 538/538/538
f 540/540/540 541/541/541 539/539/539
f 542/542/542 543/543/543 544/544/544
f 542/542/542 545/545/545 543/543/543
f 546/546/546 545/545/545 542/542/542
f 546/546/546 541/541/541 545/545/545
f 547/547/547 541/541/541 546/546/546
f 547/547/547 539/539/539 541/541/541
f 548/548/548 510/510/510 506/506/506
f 548/548/548 549/549/549 510/510/510
f 550/550/550 549/549/549 548/548/548
f 550/550/550 551/551/551 549/549/549
f 514/514/514 551/551/551 550/550/550
f 514/514/514 512/512/512 551/551/551
f 519/519/519 515/515/515 517/517/517
f 519/519/519 552/552/552 515/515/515
f 521/521/521 552/552/552 519/519/519
f 521/521/521 553/553/553 552/552/552
f 554/554/554 537/537/537 539/539/539
f 554/554/554 533/533/533 537/537/537
f 531/531/531 533/533/533 554/554/554
f 555/555/555 552/552/552 553/553/553
f 555/555/555 513/513/513 552/552/552
f 556/556/556 513/513/513 555/555/555
f 557/557/557 558/558/558 559/559/559
f 557/557/557 560/560/560 558/558/558
f 560/560/560 536/536/536 558/558/558
f 560/560/560 538/538/538 536/536/536
f 561/561/561 516/516/516 514/514/514
f 561/561/561 562/562/562 516/516/516
f 509/509/509 563/563/563 507/507/507
f 509/509/509 511/511/511 563/563/563
f 511/511/511 556/556/556 563/563/563
f 511/511/511 513/513/513 556/556/556
f 564/564/564 565/565/565 566/566/566
f 564/564/564 567/567/567 565/565/565
f 567/567/567 529/529/529 565/565/565
f 567/567/567 534/534/534 529/529/529
f 568/568/568 569/569/569 570/570/570
f 568/568/568 571/571/571 569/569/569
f 572/572/572 573/573/573 574/574/574
f 572/572/572 575/575/575 573/573/573
f 575/575/575 576/576/576 573/573/573
f 575/575/575 577/577/577 576/576/576
f 577/577/577 578/578/578 576/576/576
f 577/577/577 579/579/579 578/578/578
f 579/579/579 580/580/580 578/578/578
f 579/579/579 581/581/581 580/580/580
f 581/581/581 582/582/582 580/580/580
f 581/581/581 583/583/583 582/582/582
f 584/584/584 582/582/582 583/583/583
f 584/584/584 585/585/585 582/582/582
f 585/585/585 586/586/586 582/582/582
f 585/585/585 587/587/587 586/586/586
f 587/587/587 524/524/524 586/586/586
f 587/587/587 522/522/522 524/524/524
f 532/532/532 529/529/529 534/534/534
f 532/532/532 527/527/527 529/529/529
f 549/549/549 512/512/512 510/510/510
f 549/549/549 551/551/551 512/512/512
f 516/516/516 562/562/562 518/518/518
f 513/513/513 515/515/515 552/552/552
f 588/588/588 589/589/589 590/590/590
f 588/588/588 591/591/591 589/589/589
f 592/592/592 591/591/591 588/588/588
f 592/592/592 593/593/593 591/591/591
f 594/594/594 593/593/593 592/592/592
f 594/594/594 595/595/595 593/593/593
f 596/596/596 595/595/595 594/594/594
f 596/596/596 597/597/597 595/595/595
f 598/598/598 597/597/597 596/596/596
f 598/598/598 599/599/599 597/597/597
f 600/600/600 599/599/599 598/598/598
f 600/600/600 601/601/601 599/599/599
f 602/602/602 601/601/601 600/600/600
f 603/603/603 598/598/598 596/596/596
f 603/603/603 604/604/604 598/598/598
f 605/605/605 604/604/604 603/603/603
f 605/605/605 606/606/606 604/604/604
f 607/607/607 606/606/606 605/605/605
f 607/607/607 608/608/608 606/606/606
f 609/609/609 608/608/608 607/607/607
f 609/609/609 610/610/610 608/608/608
f 611/611/611 610/610/610 609/609/609
f 611/611/611 612/612/612 610/610/610
f 613/613/613 612/612/612 611/611/611
f 613/613/613 614/614/614 612/612/612
f 615/615/615 616/616/616 617/617/617
f 615/615/615 618/618/618 616/616/616
f 619/619/619 618/618/618 615/615/615
f 619/619/619 620/620/620 618/618/618
f 621/621/621 620/620/620 619/619/619
f 621/621/621 602/602/602 620/620/620
f 622/622/622 602/602/602 621/621/621
f 622/622/622 601/601/601 602/602/602
f 623/623/623 601/601/601 622/622/622
f 623/623/623 624/624/624 601/601/601
f 625/625/625 624/624/624 623/623/623
f 625/625/625 626/626/626 624/624/624
f 580/580/580 627/627/627 578/578/578
f 580/580/580 628/628/628 627/627/627
f 582/582/582 628/628/628 580/580/580
f 582/582/582 629/629/629 628/628/628
f 586/586/586 629/629/629 582/582/582
f 586/586/586 630/630/630 629/629/629
f 524/524/524 630/630/630 586/586/586
f 524/524/524 631/631/631 630/630/630
f 523/523/523 631/631/631 524/524/524
f 523/523/523 632/632/632 631/631/631
f 525/525/525 632/632/632 523/523/523
f 525/525/525 530/530/530 632/632/632
f 633/633/633 634/634/634 635/635/635
f 633/633/633 636/636/636 634/634/634
f 637/637/637 636/636/636 633/633/633
f 637/637/637 638/638/638 636/636/636
f 639/639/639 638/638/638 637/637/637
f 639/639/639 640/640/640 638/638/638
f 641/641/641 640/640/640 639/639/639
f 641/641/641 642/642/642 640/640/640
f 643/643/643 642/642/642 641/641/641
f 594/594/594 603/603/603 596/596/596
f 594/594/594 605/605/605 603/603/603
f 644/644/644 605/605/605 594/594/594
f 644/644/644 645/645/645 605/605/605
f 646/646/646 645/645/645 644/644/644
f 646/646/646 647/647/647 645/645/645
f 648/648/648 647/647/647 646/646/646
f 648/648/648 649/649/649 647/647/647
f 650/650/650 649/649/649 648/648/648
f 651/651/651 652/652/652 653/653/653
f 651/651/651 654/654/654 652/652/652
f 655/655/655 654/654/654 651/651/651
f 655/655/655 656/656/656 654/654/654
f 657/657/657 656/656/656 655/655/655
f 657/657/657 658/658/658 656/656/656
f 530/530/530 658/658/658 657/657/657
f 530/530/530 531/531/531 658/658/658
f 659/659/659 660/660/660 661/661/661
f 659/659/659 662/662/662 660/660/660
f 663/663/663 662/662/662 659/659/659
f 663/663/663 664/664/664 662/662/662
f 665/665/665 664/664/664 663/663/663
f 665/665/665 666/666/666 664/664/664
f 667/667/667 666/666/666 665/665/665
f 667/667/667 494/494/494 666/666/666
f 668/668/668 669/669/669 670/670/670
f 668/668/668 671/671/671 669/669/669
f 672/672/672 671/671/671 668/668/668
f 672/672/672 673/673/673 671/671/671
f 674/674/674 673/673/673 672/672/672
f 674/674/674 675/675/675 673/673/673
f 676/676/676 675/675/675 674/674/674
f 676/676/676 677/677/677 675/675/675
f 678/678/678 635/635/635 679/679/679
f 678/678/678 633/633/633 635/635/635
f 680/680/680 633/633/633 678/678/678
f 680/680/680 637/637/637 633/633/633
f 681/681/681 637/637/637 680/680/680
f 681/681/681 639/639/639 637/637/637
f 682/682/682 639/639/639 681/681/681
f 682/682/682 683/683/683 639/639/639
f 684/684/684 685/685/685 686/686/686
f 684/684/684 687/687/687 685/685/685
f 688/688/688 687/687/687 684/684/684
f 688/688/688 689/689/689 687/687/687
f 690/690/690 689/689/689 688/688/688
f 690/690/690 691/691/691 689/689/689
f 676/676/676 691/691/691 690/690/690
f 676/676/676 674/674/674 691/691/691
f 692/692/692 693/693/693 589/589/589
f 692/692/692 694/694/694 693/693/693
f 695/695/695 694/694/694 692/692/692
f 695/695/695 696/696/696 694/694/694
f 697/697/697 696/696/696 695/695/695
f 697/697/697 698/698/698 696/696/696
f 699/699/699 698/698/698 697/697/697
f 588/588/588 700/700/700 592/592/592
f 588/588/588 701/701/701 700/700/700
f 702/702/702 701/701/701 588/588/588
f 702/702/702 648/648/648 701/701/701
f 703/703/703 648/648/648 702/702/702
f 703/703/703 650/650/650 648/648/648
f 704/704/704 650/650/650 703/703/703
f 705/705/705 706/706/706 707/707/707
f 705/705/705 708/708/708 706/706/706
f 709/709/709 708/708/708 705/705/705
f 709/709/709 710/710/710 708/708/708
f 711/711/711 710/710/710 709/709/709
f 711/711/711 712/712/712 710/710/710
f 486/486/486 713/713/713 403/403/403
f 486/486/486 714/714/714 713/713/713
f 488/488/488 714/714/714 486/486/486
f 488/488/488 667/667/667 714/714/714
f 490/490/490 667/667/667 488/488/488
f 490/490/490 494/494/494 667/667/667
f 624/624/624 599/599/599 601/601/601
f 624/624/624 715/715/715 599/599/599
f 626/626/626 715/715/715 624/624/624
f 626/626/626 716/716/716 715/715/715
f 717/717/717 716/716/716 626/626/626
f 717/717/717 699/699/699 716/716/716
f 718/718/718 719/719/719 720/720/720
f 718/718/718 679/679/679 719/719/719
f 721/721/721 679/679/679 718/718/718
f 721/721/721 678/678/678 679/679/679
f 722/722/722 678/678/678 721/721/721
f 722/722/722 723/723/723 678/678/678
f 724/724/724 647/647/647 649/649/649
f 724/724/724 725/725/725 647/647/647
f 726/726/726 725/725/725 724/724/724
f 726/726/726 645/645/645 725/725/725
f 607/607/607 645/645/645 726/726/726
f 607/607/607 605/605/605 645/645/645
f 727/727/727 688/688/688 684/684/684
f 727/727/727 728/728/728 688/688/688
f 729/729/729 728/728/728 727/727/727
f 729/729/729 730/730/730 728/728/728
f 676/676/676 730/730/730 729/729/729
f 676/676/676 690/690/690 730/730/730
f 610/610/610 602/602/602 608/608/608
f 610/610/610 731/731/731 602/602/602
f 612/612/612 731/731/731 610/610/610
f 612/612/612 732/732/732 731/731/731
f 614/614/614 732/732/732 612/612/612
f 614/614/614 733/733/733 732/732/732
f 642/642/642 568/568/568 570/570/570
f 642/642/642 734/734/734 568/568/568
f 643/643/643 734/734/734 642/642/642
f 643/643/643 547/547/547 734/734/734
f 539/539/539 547/547/547 643/643/643
f 689/689/689 735/735/735 736/736/736
f 689/689/689 737/737/737 735/735/735
f 691/691/691 737/737/737 689/689/689
f 691/691/691 672/672/672 737/737/737
f 674/674/674 672/672/672 691/691/691
f 660/660/660 738/738/738 661/661/661
f 660/660/660 739/739/739 738/738/738
f 409/409/409 739/739/739 660/660/660
f 409/409/409 405/405/405 739/739/739
f 740/740/740 554/554/554 539/539/539
f 740/740/740 741/741/741 554/554/554
f 683/683/683 741/741/741 740/740/740
f 683/683/683 742/742/742 741/741/741
f 743/743/743 672/672/672 668/668/668
f 743/743/743 737/737/737 672/672/672
f 744/744/744 737/737/737 743/743/743
f 744/744/744 735/735/735 737/737/737
f 745/745/745 746/746/746 747/747/747
f 745/745/745 748/748/748 746/746/746
f 749/749/749 748/748/748 745/745/745
f 749/749/749 750/750/750 748/748/748
f 751/751/751 732/732/732 733/733/733
f 751/751/751 752/752/752 732/732/732
f 753/753/753 752/752/752 751/751/751
f 753/753/753 618/618/618 752/752/752
f 754/754/754 726/726/726 724/724/724
f 754/754/754 755/755/755 726/726/726
f 756/756/756 755/755/755 754/754/754
f 756/756/756 613/613/613 755/755/755
f 757/757/757 702/702/702 758/758/758
f 757/757/757 703/703/703 702/702/702
f 759/759/759 703/703/703 757/757/757
f 759/759/759 704/704/704 703/703/703
f 760/760/760 761/761/761 762/762/762
f 760/760/760 763/763/763 761/761/761
f 503/503/503 763/763/763 760/760/760
f 503/503/503 502/502/502 763/763/763
f 763/763/763 764/764/764 761/761/761
f 763/763/763 765/765/765 764/764/764
f 501/501/501 765/765/765 763/763/763
f 501/501/501 404/404/404 765/765/765
f 765/765/765 766/766/766 764/764/764
f 765/765/765 713/713/713 766/766/766
f 404/404/404 713/713/713 765/765/765
f 404/404/404 403/403/403 713/713/713
f 767/767/767 653/653/653 768/768/768
f 767/767/767 651/651/651 653/653/653
f 630/630/630 651/651/651 767/767/767
f 630/630/630 631/631/631 651/651/651
f 657/657/657 632/632/632 530/530/530
f 657/657/657 631/631/631 632/632/632
f 655/655/655 631/631/631 657/657/657
f 655/655/655 651/651/651 631/631/631
f 667/667/667 769/769/769 714/714/714
f 667/667/667 770/770/770 769/769/769
f 665/665/665 770/770/770 667/667/667
f 741/741/741 531/531/531 554/554/554
f 741/741/741 771/771/771 531/531/531
f 742/742/742 771/771/771 741/741/741
f 618/618/618 772/772/772 616/616/616
f 618/618/618 773/773/773 772/772/772
f 753/753/753 773/773/773 618/618/618
f 608/608/608 604/604/604 606/606/606
f 608/608/608 600/600/600 604/604/604
f 602/602/602 600/600/600 608/608/608
f 662/662/662 409/409/409 660/660/660
f 662/662/662 411/411/411 409/409/409
f 492/492/492 411/411/411 662/662/662
f 620/620/620 752/752/752 618/618/618
f 620/620/620 731/731/731 752/752/752
f 602/602/602 731/731/731 620/620/620
f 664/664/664 492/492/492 662/662/662
f 664/664/664 494/494/494 492/492/492
f 666/666/666 494/494/494 664/664/664
f 700/700/700 594/594/594 592/592/592
f 700/700/700 644/644/644 594/594/594
f 646/646/646 644/644/644 700/700/700
f 734/734/734 571/571/571 568/568/568
f 734/734/734 774/774/774 571/571/571
f 546/546/546 774/774/774 734/734/734
f 739/739/739 775/775/775 738/738/738
f 739/739/739 776/776/776 775/775/775
f 407/407/407 776/776/776 739/739/739
f 777/777/777 597/597/597 716/716/716
f 777/777/777 595/595/595 597/597/597
f 695/695/695 595/595/595 777/777/777
f 628/628/628 767/767/767 768/768/768
f 628/628/628 629/629/629 767/767/767
f 591/591/591 692/692/692 589/589/589
f 591/591/591 593/593/593 692/692/692
f 694/694/694 778/778/778 693/693/693
f 694/694/694 696/696/696 778/778/778
f 697/697/697 716/716/716 699/699/699
f 697/697/697 695/695/695 716/716/716
f 779/779/779 696/696/696 698/698/698
f 779/779/779 778/778/778 696/696/696
f 593/593/593 695/695/695 692/692/692
f 593/593/593 595/595/595 695/695/695
f 780/780/780 675/675/675 677/677/677
f 780/780/780 669/669/669 675/675/675
f 673/673/673 669/669/669 671/671/671
f 673/673/673 675/675/675 669/669/669
f 690/690/690 728/728/728 730/730/730
f 690/690/690 688/688/688 728/728/728
f 750/750/750 712/712/712 748/748/748
f 750/750/750 710/710/710 712/712/712
f 708/708/708 781/781/781 706/706/706
f 708/708/708 710/710/710 781/781/781
f 687/687/687 736/736/736 685/685/685
f 687/687/687 689/689/689 736/736/736
f 782/782/782 733/733/733 783/783/783
f 782/782/782 751/751/751 733/733/733
f 643/643/643 740/740/740 539/539/539
f 643/643/643 641/641/641 740/740/740
f 611/611/611 755/755/755 613/613/613
f 611/611/611 609/609/609 755/755/755
f 607/607/607 755/755/755 609/609/609
f 607/607/607 726/726/726 755/755/755
f 639/639/639 740/740/740 641/641/641
f 639/639/639 683/683/683 740/740/740
f 713/713/713 769/769/769 766/766/766
f 713/713/713 714/714/714 769/769/769
f 590/590/590 702/702/702 588/588/588
f 590/590/590 758/758/758 702/702/702
f 646/646/646 701/701/701 648/648/648
f 646/646/646 700/700/700 701/701/701
f 658/658/658 771/771/771 656/656/656
f 658/658/658 531/531/531 771/771/771
f 715/715/715 597/597/597 599/599/599
f 715/715/715 716/716/716 597/597/597
f 711/711/711 709/709/709 784/784/784
f 734/734/734 547/547/547 546/546/546
f 642/642/642 785/785/785 640/640/640
f 678/678/678 723/723/723 680/680/680
f 763/763/763 502/502/502 501/501/501
f 629/629/629 630/630/630 767/767/767
f 739/739/739 405/405/405 407/407/407
f 600/600/600 598/598/598 604/604/604
f 731/731/731 732/732/732 752/752/752
f 647/647/647 725/725/725 645/645/645
f 716/716/716 695/695/695 777/777/777
f 786/786/786 787/787/787 788/788/788
f 786/786/786 789/789/789 787/787/787
f 790/790/790 789/789/789 786/786/786
f 790/790/790 791/791/791 789/789/789
f 792/792/792 791/791/791 790/790/790
f 792/792/792 793/793/793 791/791/791
f 794/794/794 793/793/793 792/792/792
f 794/794/794 795/795/795 793/793/793
f 796/796/796 795/795/795 794/794/794
f 796/796/796 797/797/797 795/795/795
f 798/798/798 797/797/797 796/796/796
f 798/798/798 799/799/799 797/797/797
f 800/800/800 799/799/799 798/798/798
f 800/800/800 801/801/801 799/799/799
f 711/711/711 802/802/802 712/712/712
f 711/711/711 803/803/803 802/802/802
f 784/784/784 803/803/803 711/711/711
f 784/784/784 796/796/796 803/803/803
f 804/804/804 796/796/796 784/784/784
f 804/804/804 798/798/798 796/796/796
f 800/800/800 798/798/798 804/804/804
f 805/805/805 797/797/797 799/799/799
f 805/805/805 806/806/806 797/797/797
f 807/807/807 806/806/806 805/805/805
f 807/807/807 808/808/808 806/806/806
f 720/720/720 808/808/808 807/807/807
f 720/720/720 719/719/719 808/808/808
f 806/806/806 795/795/795 797/797/797
f 806/806/806 809/809/809 795/795/795
f 808/808/808 809/809/809 806/806/806
f 808/808/808 810/810/810 809/809/809
f 719/719/719 810/810/810 808/808/808
f 719/719/719 679/679/679 810/810/810
f 788/788/788 642/642/642 570/570/570
f 788/788/788 785/785/785 642/642/642
f 787/787/787 785/785/785 788/788/788
f 787/787/787 640/640/640 785/785/785
f 638/638/638 640/640/640 787/787/787
f 809/809/809 793/793/793 795/795/795
f 809/809/809 811/811/811 793/793/793
f 810/810/810 811/811/811 809/809/809
f 810/810/810 634/634/634 811/811/811
f 635/635/635 634/634/634 810/810/810
f 791/791/791 787/787/787 789/789/789
f 791/791/791 812/812/812 787/787/787
f 793/793/793 812/812/812 791/791/791
f 793/793/793 811/811/811 812/812/812
f 787/787/787 636/636/636 638/638/638
f 787/787/787 813/813/813 636/636/636
f 812/812/812 813/813/813 787/787/787
f 812/812/812 811/811/811 813/813/813
f 573/573/573 814/814/814 574/574/574
f 573/573/573 815/815/815 814/814/814
f 816/816/816 815/815/815 573/573/573
f 816/816/816 578/578/578 627/627/627
f 816/816/816 576/576/576 578/578/578
f 573/573/573 576/576/576 816/816/816
f 817/817/817 799/799/799 801/801/801
f 817/817/817 805/805/805 799/799/799
f 747/747/747 790/790/790 786/786/786
f 747/747/747 746/746/746 790/790/790
f 813/813/813 634/634/634 636/636/636
f 813/813/813 811/811/811 634/634/634
f 709/709/709 804/804/804 784/784/784
f 709/709/709 705/705/705 804/804/804
f 794/794/794 803/803/803 796/796/796
f 794/794/794 792/792/792 803/803/803
f 792/792/792 802/802/802 803/803/803
f 792/792/792 790/790/790 802/802/802
f 746/746/746 802/802/802 790/790/790
f 746/746/746 748/748/748 802/802/802
f 804/804/804 707/707/707 800/800/800
f 804/804/804 705/705/705 707/707/707
f 679/679/679 635/635/635 810/810/810
f 712/712/712 802/802/802 748/748/748
f 818/818/818 396/396/396 398/398/398
f 818/818/818 499/499/499 396/396/396
f 819/819/819 499/499/499 818/818/818
f 819/819/819 388/388/388 499/499/499
f 820/820/820 388/388/388 819/819/819
f 820/820/820 389/389/389 388/388/388
f 821/821/821 389/389/389 820/820/820
f 821/821/821 822/822/822 389/389/389
f 823/823/823 822/822/822 821/821/821
f 823/823/823 824/824/824 822/822/822
f 434/434/434 825/825/825 432/432/432
f 434/434/434 826/826/826 825/825/825
f 436/436/436 826/826/826 434/434/434
f 436/436/436 827/827/827 826/826/826
f 438/438/438 827/827/827 436/436/436
f 438/438/438 822/822/822 827/827/827
f 387/387/387 822/822/822 438/438/438
f 387/387/387 389/389/389 822/822/822
f 828/828/828 829/829/829 830/830/830
f 828/828/828 398/398/398 829/829/829
f 831/831/831 398/398/398 828/828/828
f 831/831/831 818/818/818 398/398/398
f 832/832/832 818/818/818 831/831/831
f 832/832/832 833/833/833 818/818/818
f 834/834/834 835/835/835 836/836/836
f 834/834/834 837/837/837 835/835/835
f 504/504/504 837/837/837 834/834/834
f 504/504/504 476/476/476 837/837/837
f 821/821/821 838/838/838 823/823/823
f 821/821/821 839/839/839 838/838/838
f 820/820/820 839/839/839 821/821/821
f 820/820/820 819/819/819 839/839/839
f 474/474/474 837/837/837 476/476/476
f 474/474/474 475/475/475 837/837/837
f 819/819/819 833/833/833 839/839/839
f 819/819/819 818/818/818 833/833/833
f 829/829/829 504/504/504 834/834/834
f 829/829/829 398/398/398 504/504/504
f 824/824/824 827/827/827 822/822/822
f 824/824/824 840/840/840 827/827/827
f 840/840/840 826/826/826 827/827/827
f 840/840/840 841/841/841 826/826/826
f 388/388/388 498/498/498 499/499/499
f 499/499/499 394/394/394 396/396/396
f 825/825/825 826/826/826 841/841/841
f 475/475/475 835/835/835 837/837/837
f 842/842/842 843/843/843 844/844/844
f 842/842/842 845/845/845 843/843/843
f 846/846/846 845/845/845 842/842/842
f 846/846/846 847/847/847 845/845/845
f 848/848/848 847/847/847 846/846/846
f 848/848/848 849/849/849 847/847/847
f 850/850/850 849/849/849 848/848/848
f 850/850/850 851/851/851 849/849/849
f 830/830/830 851/851/851 850/850/850
f 830/830/830 852/852/852 851/851/851
f 829/829/829 852/852/852 830/830/830
f 829/829/829 853/853/853 852/852/852
f 834/834/834 853/853/853 829/829/829
f 834/834/834 836/836/836 853/853/853
f 840/840/840 854/854/854 841/841/841
f 840/840/840 855/855/855 854/854/854
f 824/824/824 855/855/855 840/840/840
f 824/824/824 856/856/856 855/855/855
f 823/823/823 856/856/856 824/824/824
f 823/823/823 857/857/857 856/856/856
f 858/858/858 857/857/857 823/823/823
f 858/858/858 859/859/859 857/857/857
f 851/851/851 860/860/860 849/849/849
f 851/851/851 861/861/861 860/860/860
f 852/852/852 861/861/861 851/851/851
f 852/852/852 862/862/862 861/861/861
f 853/853/853 862/862/862 852/852/852
f 853/853/853 863/863/863 862/862/862
f 864/864/864 863/863/863 853/853/853
f 850/850/850 828/828/828 830/830/830
f 850/850/850 831/831/831 828/828/828
f 848/848/848 831/831/831 850/850/850
f 848/848/848 832/832/832 831/831/831
f 846/846/846 832/832/832 848/848/848
f 846/846/846 865/865/865 832/832/832
f 866/866/866 856/856/856 867/867/867
f 866/866/866 855/855/855 856/856/856
f 868/868/868 855/855/855 866/866/866
f 868/868/868 854/854/854 855/855/855
f 849/849/849 869/869/869 847/847/847
f 849/849/849 870/870/870 869/869/869
f 860/860/860 870/870/870 849/849/849
f 838/838/838 858/858/858 823/823/823
f 838/838/838 871/871/871 858/858/858
f 865/865/865 871/871/871 838/838/838
f 845/845/845 869/869/869 843/843/843
f 845/845/845 847/847/847 869/869/869
f 859/859/859 856/856/856 857/857/857
f 859/859/859 867/867/867 856/856/856
f 839/839/839 865/865/865 838/838/838
f 839/839/839 833/833/833 865/865/865
f 836/836/836 864/864/864 853/853/853
f 832/832/832 865/865/865 833/833/833
f 872/872/872 873/873/873 874/874/874
f 872/872/872 875/875/875 873/873/873
f 876/876/876 875/875/875 872/872/872
f 876/876/876 877/877/877 875/875/875
f 878/878/878 877/877/877 876/876/876
f 878/878/878 879/879/879 877/877/877
f 880/880/880 879/879/879 878/878/878
f 880/880/880 881/881/881 879/879/879
f 882/882/882 881/881/881 880/880/880
f 882/882/882 883/883/883 881/881/881
f 884/884/884 883/883/883 882/882/882
f 884/884/884 885/885/885 883/883/883
f 886/886/886 885/885/885 884/884/884
f 886/886/886 887/887/887 885/885/885
f 888/888/888 887/887/887 886/886/886
f 888/888/888 889/889/889 887/887/887
f 890/890/890 889/889/889 888/888/888
f 891/891/891 892/892/892 890/890/890
f 891/891/891 893/893/893 892/892/892
f 894/894/894 893/893/893 891/891/891
f 894/894/894 895/895/895 893/893/893
f 896/896/896 895/895/895 894/894/894
f 896/896/896 897/897/897 895/895/895
f 898/898/898 897/897/897 896/896/896
f 898/898/898 899/899/899 897/897/897
f 900/900/900 899/899/899 898/898/898
f 900/900/900 901/901/901 899/899/899
f 902/902/902 901/901/901 900/900/900
f 902/902/902 903/903/903 901/901/901
f 904/904/904 903/903/903 902/902/902
f 888/888/888 891/891/891 890/890/890
f 888/888/888 905/905/905 891/891/891
f 886/886/886 905/905/905 888/888/888
f 886/886/886 906/906/906 905/905/905
f 884/884/884 906/906/906 886/886/886
f 884/884/884 907/907/907 906/906/906
f 882/882/882 907/907/907 884/884/884
f 882/882/882 908/908/908 907/907/907
f 880/880/880 908/908/908 882/882/882
f 880/880/880 909/909/909 908/908/908
f 878/878/878 909/909/909 880/880/880
f 878/878/878 910/910/910 909/909/909
f 911/911/911 912/912/912 913/913/913
f 911/911/911 914/914/914 912/912/912
f 915/915/915 914/914/914 911/911/911
f 915/915/915 916/916/916 914/914/914
f 917/917/917 916/916/916 915/915/915
f 917/917/917 918/918/918 916/916/916
f 874/874/874 918/918/918 917/917/917
f 874/874/874 919/919/919 918/918/918
f 873/873/873 919/919/919 874/874/874
f 873/873/873 861/861/861 919/919/919
f 860/860/860 861/861/861 873/873/873
f 920/920/920 921/921/921 922/922/922
f 920/920/920 892/892/892 921/921/921
f 923/923/923 892/892/892 920/920/920
f 923/923/923 890/890/890 892/892/892
f 924/924/924 890/890/890 923/923/923
f 924/924/924 889/889/889 890/890/890
f 925/925/925 889/889/889 924/924/924
f 925/925/925 885/885/885 889/889/889
f 859/859/859 885/885/885 925/925/925
f 859/859/859 858/858/858 885/885/885
f 844/844/844 883/883/883 842/842/842
f 844/844/844 881/881/881 883/883/883
f 843/843/843 881/881/881 844/844/844
f 843/843/843 879/879/879 881/881/881
f 869/869/869 879/879/879 843/843/843
f 869/869/869 877/877/877 879/879/879
f 870/870/870 877/877/877 869/869/869
f 870/870/870 875/875/875 877/877/877
f 860/860/860 875/875/875 870/870/870
f 860/860/860 873/873/873 875/875/875
f 905/905/905 894/894/894 891/891/891
f 905/905/905 896/896/896 894/894/894
f 906/906/906 896/896/896 905/905/905
f 906/906/906 898/898/898 896/896/896
f 907/907/907 898/898/898 906/906/906
f 907/907/907 900/900/900 898/898/898
f 908/908/908 900/900/900 907/907/907
f 908/908/908 902/902/902 900/900/900
f 909/909/909 902/902/902 908/908/908
f 872/872/872 878/878/878 876/876/876
f 872/872/872 910/910/910 878/878/878
f 926/926/926 910/910/910 872/872/872
f 926/926/926 904/904/904 910/910/910
f 927/927/927 904/904/904 926/926/926
f 927/927/927 903/903/903 904/904/904
f 928/928/928 903/903/903 927/927/927
f 928/928/928 929/929/929 903/903/903
f 930/930/930 923/923/923 920/920/920
f 930/930/930 931/931/931 923/923/923
f 932/932/932 931/931/931 930/930/930
f 932/932/932 933/933/933 931/931/931
f 934/934/934 933/933/933 932/932/932
f 934/934/934 866/866/866 933/933/933
f 868/868/868 866/866/866 934/934/934
f 893/893/893 921/921/921 892/892/892
f 893/893/893 935/935/935 921/921/921
f 895/895/895 935/935/935 893/893/893
f 895/895/895 936/936/936 935/935/935
f 897/897/897 936/936/936 895/895/895
f 897/897/897 937/937/937 936/936/936
f 938/938/938 937/937/937 897/897/897
f 842/842/842 865/865/865 846/846/846
f 842/842/842 871/871/871 865/865/865
f 939/939/939 871/871/871 842/842/842
f 939/939/939 940/940/940 871/871/871
f 885/885/885 940/940/940 939/939/939
f 885/885/885 858/858/858 940/940/940
f 917/917/917 872/872/872 874/874/874
f 917/917/917 941/941/941 872/872/872
f 942/942/942 941/941/941 917/917/917
f 942/942/942 943/943/943 941/941/941
f 944/944/944 943/943/943 942/942/942
f 944/944/944 945/945/945 943/943/943
f 927/927/927 946/946/946 928/928/928
f 927/927/927 947/947/947 946/946/946
f 926/926/926 947/947/947 927/927/927
f 926/926/926 948/948/948 947/947/947
f 872/872/872 948/948/948 926/926/926
f 872/872/872 941/941/941 948/948/948
f 931/931/931 924/924/924 923/923/923
f 931/931/931 949/949/949 924/924/924
f 933/933/933 949/949/949 931/931/931
f 933/933/933 867/867/867 949/949/949
f 866/866/866 867/867/867 933/933/933
f 899/899/899 938/938/938 897/897/897
f 899/899/899 950/950/950 938/938/938
f 901/901/901 950/950/950 899/899/899
f 901/901/901 929/929/929 950/950/950
f 903/903/903 929/929/929 901/901/901
f 951/951/951 913/913/913 952/952/952
f 951/951/951 911/911/911 913/913/913
f 953/953/953 911/911/911 951/951/951
f 953/953/953 954/954/954 911/911/911
f 914/914/914 955/955/955 912/912/912
f 914/914/914 956/956/956 955/955/955
f 916/916/916 956/956/956 914/914/914
f 916/916/916 918/918/918 956/956/956
f 956/956/956 957/957/957 955/955/955
f 956/956/956 958/958/958 957/957/957
f 918/918/918 958/958/958 956/956/956
f 918/918/918 919/919/919 958/958/958
f 947/947/947 959/959/959 946/946/946
f 947/947/947 960/960/960 959/959/959
f 948/948/948 960/960/960 947/947/947
f 948/948/948 941/941/941 960/960/960
f 960/960/960 961/961/961 959/959/959
f 960/960/960 962/962/962 961/961/961
f 941/941/941 962/962/962 960/960/960
f 941/941/941 943/943/943 962/962/962
f 949/949/949 925/925/925 924/924/924
f 949/949/949 859/859/859 925/925/925
f 867/867/867 859/859/859 949/949/949
f 913/913/913 963/963/963 952/952/952
f 913/913/913 964/964/964 963/963/963
f 912/912/912 964/964/964 913/913/913
f 942/942/942 954/954/954 944/944/944
f 942/942/942 911/911/911 954/954/954
f 915/915/915 911/911/911 942/942/942
f 861/861/861 958/958/958 919/919/919
f 861/861/861 862/862/862 958/958/958
f 863/863/863 958/958/958 862/862/862
f 863/863/863 957/957/957 958/958/958
f 939/939/939 883/883/883 885/885/885
f 939/939/939 842/842/842 883/883/883
f 962/962/962 965/965/965 961/961/961
f 962/962/962 943/943/943 965/965/965
f 904/904/904 909/909/909 910/910/910
f 904/904/904 902/902/902 909/909/909
f 940/940/940 858/858/858 871/871/871
f 942/942/942 917/917/917 915/915/915
f 885/885/885 887/887/887 889/889/889
f 965/965/965 943/943/943 945/945/945
f 928/928/928 966/966/966 929/929/929
f 928/928/928 967/967/967 966/966/966
f 946/946/946 967/967/967 928/928/928
f 946/946/946 968/968/968 967/967/967
f 959/959/959 968/968/968 946/946/946
f 959/959/959 969/969/969 968/968/968
f 961/961/961 969/969/969 959/959/959
f 961/961/961 970/970/970 969/969/969
f 965/965/965 970/970/970 961/961/961
f 965/965/965 971/971/971 970/970/970
f 945/945/945 971/971/971 965/965/965
f 945/945/945 972/972/972 971/971/971
f 937/937/937 973/973/973 936/936/936
f 937/937/937 974/974/974 973/973/973
f 938/938/938 974/974/974 937/937/937
f 938/938/938 975/975/975 974/974/974
f 976/976/976 975/975/975 938/938/938
f 976/976/976 977/977/977 975/975/975
f 978/978/978 977/977/977 976/976/976
f 979/979/979 953/953/953 951/951/951
f 979/979/979 980/980/980 953/953/953
f 981/981/981 980/980/980 979/979/979
f 981/981/981 972/972/972 980/980/980
f 982/982/982 972/972/972 981/981/981
f 982/982/982 983/983/983 972/972/972
f 921/921/921 984/984/984 922/922/922
f 921/921/921 985/985/985 984/984/984
f 935/935/935 985/985/985 921/921/921
f 935/935/935 986/986/986 985/985/985
f 987/987/987 986/986/986 935/935/935
f 953/953/953 944/944/944 954/954/954
f 953/953/953 945/945/945 944/944/944
f 980/980/980 945/945/945 953/953/953
f 980/980/980 972/972/972 945/945/945
f 988/988/988 963/963/963 989/989/989
f 988/988/988 952/952/952 963/963/963
f 951/951/951 952/952/952 988/988/988
f 973/973/973 935/935/935 936/936/936
f 973/973/973 987/987/987 935/935/935
f 990/990/990 987/987/987 973/973/973
f 991/991/991 951/951/951 988/988/988
f 991/991/991 979/979/979 951/951/951
f 973/973/973 992/992/992 990/990/990
f 973/973/973 974/974/974 992/992/992
f 992/992/992 975/975/975 977/977/977
f 992/992/992 974/974/974 975/975/975
f 950/950/950 976/976/976 938/938/938
f 950/950/950 929/929/929 976/976/976
f 983/983/983 971/971/971 972/972/972
f 983/983/983 993/993/993 971/971/971
f 993/993/993 970/970/970 971/971/971
f 993/993/993 994/994/994 970/970/970
f 994/994/994 969/969/969 970/970/970
f 994/994/994 995/995/995 969/969/969
f 995/995/995 968/968/968 969/969/969
f 995/995/995 996/996/996 968/968/968
f 996/996/996 967/967/967 968/968/968
f 996/996/996 997/997/997 967/967/967
f 997/997/997 966/966/966 967/967/967
f 997/997/997 978/978/978 966/966/966
f 976/976/976 966/966/966 978/978/978
f 976/976/976 929/929/929 966/966/966
f 998/998/998 999/999/999 1000/1000/1000
f 998/998/998 1001/1001/1001 999/999/999
f 1002/1002/1002 1001/1001/1001 998/998/998
f 1002/1002/1002 1003/1003/1003 1001/1001/1001
f 1004/1004/1004 1003/1003/1003 1002/1002/1002
f 1004/1004/1004 1005/1005/1005 1003/1003/1003
f 1006/1006/1006 1005/1005/1005 1004/1004/1004
f 1006/1006/1006 1007/1007/1007 1005/1005/1005
f 1008/1008/1008 1007/1007/1007 1006/1006/1006
f 1008/1008/1008 1009/1009/1009 1007/1007/1007
f 1010/1010/1010 1009/1009/1009 1008/1008/1008
f 1010/1010/1010 1011/1011/1011 1009/1009/1009
f 1012/1012/1012 1011/1011/1011 1010/1010/1010
f 1012/1012/1012 1013/1013/1013 1011/1011/1011
f 1014/1014/1014 1013/1013/1013 1012/1012/1012
f 1014/1014/1014 1015/1015/1015 1013/1013/1013
f 1016/1016/1016 1015/1015/1015 1014/1014/1014
f 1016/1016/1016 1017/1017/1017 1015/1015/1015
f 1018/1018/1018 1017/1017/1017 1016/1016/1016
f 1018/1018/1018 1019/1019/1019 1017/1017/1017
f 1020/1020/1020 1019/1019/1019 1018/1018/1018
f 1020/1020/1020 1021/1021/1021 1019/1019/1019
f 1022/1022/1022 1021/1021/1021 1020/1020/1020
f 1023/1023/1023 1024/1024/1024 1025/1025/1025
f 1023/1023/1023 1026/1026/1026 1024/1024/1024
f 1027/1027/1027 1026/1026/1026 1023/1023/1023
f 1027/1027/1027 1028/1028/1028 1026/1026/1026
f 1029/1029/1029 1028/1028/1028 1027/1027/1027
f 1029/1029/1029 1030/1030/1030 1028/1028/1028
f 1031/1031/1031 1030/1030/1030 1029/1029/1029
f 1031/1031/1031 1032/1032/1032 1030/1030/1030
f 1033/1033/1033 1032/1032/1032 1031/1031/1031
f 1033/1033/1033 1034/1034/1034 1032/1032/1032
f 1035/1035/1035 1034/1034/1034 1033/1033/1033
f 1035/1035/1035 1036/1036/1036 1034/1034/1034
f 1037/1037/1037 1036/1036/1036 1035/1035/1035
f 1037/1037/1037 1038/1038/1038 1036/1036/1036
f 1039/1039/1039 1038/1038/1038 1037/1037/1037
f 1039/1039/1039 1040/1040/1040 1038/1038/1038
f 1041/1041/1041 1040/1040/1040 1039/1039/1039
f 1020/1020/1020 1042/1042/1042 1022/1022/1022
f 1020/1020/1020 1043/1043/1043 1042/1042/1042
f 1018/1018/1018 1043/1043/1043 1020/1020/1020
f 1018/1018/1018 1044/1044/1044 1043/1043/1043
f 1045/1045/1045 1044/1044/1044 1018/1018/1018
f 1045/1045/1045 1046/1046/1046 1044/1044/1044
f 1047/1047/1047 1046/1046/1046 1045/1045/1045
f 1047/1047/1047 1048/1048/1048 1046/1046/1046
f 1049/1049/1049 1048/1048/1048 1047/1047/1047
f 1049/1049/1049 1050/1050/1050 1048/1048/1048
f 1051/1051/1051 1050/1050/1050 1049/1049/1049
f 1051/1051/1051 1052/1052/1052 1050/1050/1050
f 1053/1053/1053 1052/1052/1052 1051/1051/1051
f 1053/1053/1053 1054/1054/1054 1052/1052/1052
f 1055/1055/1055 1054/1054/1054 1053/1053/1053
f 1056/1056/1056 1023/1023/1023 1025/1025/1025
f 1056/1056/1056 1057/1057/1057 1023/1023/1023
f 1058/1058/1058 1057/1057/1057 1056/1056/1056
f 1058/1058/1058 1059/1059/1059 1057/1057/1057
f 1060/1060/1060 1059/1059/1059 1058/1058/1058
f 1060/1060/1060 1061/1061/1061 1059/1059/1059
f 1062/1062/1062 1061/1061/1061 1060/1060/1060
f 1062/1062/1062 1063/1063/1063 1061/1061/1061
f 1064/1064/1064 1063/1063/1063 1062/1062/1062
f 1064/1064/1064 1065/1065/1065 1063/1063/1063
f 1066/1066/1066 1065/1065/1065 1064/1064/1064
f 1066/1066/1066 1067/1067/1067 1065/1065/1065
f 1068/1068/1068 1067/1067/1067 1066/1066/1066
f 1068/1068/1068 1069/1069/1069 1067/1067/1067
f 1000/1000/1000 1070/1070/1070 1071/1071/1071
f 1000/1000/1000 1072/1072/1072 1070/1070/1070
f 999/999/999 1072/1072/1072 1000/1000/1000
f 999/999/999 1073/1073/1073 1072/1072/1072
f 1074/1074/1074 1073/1073/1073 999/999/999
f 1074/1074/1074 1075/1075/1075 1073/1073/1073
f 1076/1076/1076 1075/1075/1075 1074/1074/1074
f 1076/1076/1076 1077/1077/1077 1075/1075/1075
f 1078/1078/1078 1077/1077/1077 1076/1076/1076
f 1007/1007/1007 1079/1079/1079 1005/1005/1005
f 1007/1007/1007 1076/1076/1076 1079/1079/1079
f 1080/1080/1080 1076/1076/1076 1007/1007/1007
f 1080/1080/1080 1081/1081/1081 1076/1076/1076
f 1082/1082/1082 1081/1081/1081 1080/1080/1080
f 1082/1082/1082 1083/1083/1083 1081/1081/1081
f 1084/1084/1084 1083/1083/1083 1082/1082/1082
f 1084/1084/1084 1085/1085/1085 1083/1083/1083
f 1017/1017/1017 1085/1085/1085 1084/1084/1084
f 1086/1086/1086 1029/1029/1029 1027/1027/1027
f 1086/1086/1086 1087/1087/1087 1029/1029/1029
f 1088/1088/1088 1087/1087/1087 1086/1086/1086
f 1088/1088/1088 1089/1089/1089 1087/1087/1087
f 1090/1090/1090 1089/1089/1089 1088/1088/1088
f 1090/1090/1090 1091/1091/1091 1089/1089/1089
f 1092/1092/1092 1091/1091/1091 1090/1090/1090
f 1092/1092/1092 1069/1069/1069 1091/1091/1091
f 1067/1067/1067 1069/1069/1069 1092/1092/1092
f 1006/1006/1006 1010/1010/1010 1008/1008/1008
f 1006/1006/1006 1093/1093/1093 1010/1010/1010
f 1094/1094/1094 1093/1093/1093 1006/1006/1006
f 1094/1094/1094 1095/1095/1095 1093/1093/1093
f 1055/1055/1055 1095/1095/1095 1094/1094/1094
f 1055/1055/1055 1053/1053/1053 1095/1095/1095
f 1057/1057/1057 1027/1027/1027 1023/1023/1023
f 1057/1057/1057 1086/1086/1086 1027/1027/1027
f 1059/1059/1059 1086/1086/1086 1057/1057/1057
f 1059/1059/1059 1088/1088/1088 1086/1086/1086
f 1061/1061/1061 1088/1088/1088 1059/1059/1059
f 1061/1061/1061 1063/1063/1063 1088/1088/1088
f 1089/1089/1089 1096/1096/1096 1087/1087/1087
f 1089/1089/1089 1097/1097/1097 1096/1096/1096
f 1091/1091/1091 1097/1097/1097 1089/1089/1089
f 1091/1091/1091 1098/1098/1098 1097/1097/1097
f 1069/1069/1069 1098/1098/1098 1091/1091/1091
f 1069/1069/1069 1041/1041/1041 1098/1098/1098
f 1073/1073/1073 1099/1099/1099 1072/1072/1072
f 1073/1073/1073 1100/1100/1100 1099/1099/1099
f 1075/1075/1075 1100/1100/1100 1073/1073/1073
f 1075/1075/1075 1101/1101/1101 1100/1100/1100
f 1077/1077/1077 1101/1101/1101 1075/1075/1075
f 1048/1048/1048 1102/1102/1102 1046/1046/1046
f 1048/1048/1048 1103/1103/1103 1102/1102/1102
f 1104/1104/1104 1103/1103/1103 1048/1048/1048
f 1104/1104/1104 1105/1105/1105 1103/1103/1103
f 1106/1106/1106 1105/1105/1105 1104/1104/1104
f 1014/1014/1014 1018/1018/1018 1016/1016/1016
f 1014/1014/1014 1045/1045/1045 1018/1018/1018
f 1012/1012/1012 1045/1045/1045 1014/1014/1014
f 1012/1012/1012 1047/1047/1047 1045/1045/1045
f 1049/1049/1049 1047/1047/1047 1012/1012/1012
f 1107/1107/1107 1019/1019/1019 1021/1021/1021
f 1107/1107/1107 1017/1017/1017 1019/1019/1019
f 1108/1108/1108 1017/1017/1017 1107/1107/1107
f 1108/1108/1108 1085/1085/1085 1017/1017/1017
f 1001/1001/1001 1074/1074/1074 999/999/999
f 1001/1001/1001 1079/1079/1079 1074/1074/1074
f 1003/1003/1003 1079/1079/1079 1001/1001/1001
f 1003/1003/1003 1005/1005/1005 1079/1079/1079
f 1009/1009/1009 1080/1080/1080 1007/1007/1007
f 1009/1009/1009 1109/1109/1109 1080/1080/1080
f 1011/1011/1011 1109/1109/1109 1009/1009/1009
f 1011/1011/1011 1013/1013/1013 1109/1109/1109
f 1110/1110/1110 1052/1052/1052 1054/1054/1054
f 1110/1110/1110 1111/1111/1111 1052/1052/1052
f 1112/1112/1112 1111/1111/1111 1110/1110/1110
f 1112/1112/1112 1113/1113/1113 1111/1111/1111
f 1028/1028/1028 1114/1114/1114 1026/1026/1026
f 1028/1028/1028 1115/1115/1115 1114/1114/1114
f 1030/1030/1030 1115/1115/1115 1028/1028/1028
f 1030/1030/1030 1032/1032/1032 1115/1115/1115
f 1063/1063/1063 1090/1090/1090 1088/1088/1088
f 1063/1063/1063 1092/1092/1092 1090/1090/1090
f 1065/1065/1065 1092/1092/1092 1063/1063/1063
f 1065/1065/1065 1067/1067/1067 1092/1092/1092
f 1031/1031/1031 1035/1035/1035 1033/1033/1033
f 1031/1031/1031 1096/1096/1096 1035/1035/1035
f 1029/1029/1029 1096/1096/1096 1031/1031/1031
f 1029/1029/1029 1087/1087/1087 1096/1096/1096
f 1039/1039/1039 1098/1098/1098 1041/1041/1041
f 1039/1039/1039 1097/1097/1097 1098/1098/1098
f 1037/1037/1037 1097/1097/1097 1039/1039/1039
f 1037/1037/1037 1035/1035/1035 1097/1097/1097
f 1100/1100/1100 1116/1116/1116 1099/1099/1099
f 1100/1100/1100 1117/1117/1117 1116/1116/1116
f 1118/1118/1118 1117/1117/1117 1100/1100/1100
f 1081/1081/1081 1078/1078/1078 1076/1076/1076
f 1081/1081/1081 1119/1119/1119 1078/1078/1078
f 1083/1083/1083 1119/1119/1119 1081/1081/1081
f 1111/1111/1111 1104/1104/1104 1052/1052/1052
f 1111/1111/1111 1106/1106/1106 1104/1104/1104
f 1113/1113/1113 1106/1106/1106 1111/1111/1111
f 1120/1120/1120 1049/1049/1049 1012/1012/1012
f 1120/1120/1120 1051/1051/1051 1049/1049/1049
f 1093/1093/1093 1051/1051/1051 1120/1120/1120
f 1026/1026/1026 1121/1121/1121 1024/1024/1024
f 1026/1026/1026 1122/1122/1122 1121/1121/1121
f 1114/1114/1114 1122/1122/1122 1026/1026/1026
f 1084/1084/1084 1015/1015/1015 1017/1017/1017
f 1084/1084/1084 1082/1082/1082 1015/1015/1015
f 1053/1053/1053 1093/1093/1093 1095/1095/1095
f 1053/1053/1053 1051/1051/1051 1093/1093/1093
f 1004/1004/1004 1094/1094/1094 1006/1006/1006
f 1004/1004/1004 1123/1123/1123 1094/1094/1094
f 1015/1015/1015 1109/1109/1109 1013/1013/1013
f 1015/1015/1015 1082/1082/1082 1109/1109/1109
f 1010/1010/1010 1120/1120/1120 1012/1012/1012
f 1010/1010/1010 1093/1093/1093 1120/1120/1120
f 1124/1124/1124 1083/1083/1083 1085/1085/1085
f 1124/1124/1124 1119/1119/1119 1083/1083/1083
f 1043/1043/1043 1125/1125/1125 1042/1042/1042
f 1043/1043/1043 1044/1044/1044 1125/1125/1125
f 1044/1044/1044 1102/1102/1102 1125/1125/1125
f 1044/1044/1044 1046/1046/1046 1102/1102/1102
f 1126/1126/1126 327/327/327 329/329/329
f 1126/1126/1126 1127/1127/1127 327/327/327
f 380/380/380 1128/1128/1128 374/374/374
f 380/380/380 1129/1129/1129 1128/1128/1128
f 1130/1130/1130 1060/1060/1060 1058/1058/1058
f 1130/1130/1130 1131/1131/1131 1060/1060/1060
f 1128/1128/1128 1032/1032/1032 1034/1034/1034
f 1128/1128/1128 1129/1129/1129 1032/1032/1032
f 1132/1132/1132 1032/1032/1032 1129/1129/1129
f 1132/1132/1132 1133/1133/1133 1032/1032/1032
f 333/333/333 1134/1134/1134 1135/1135/1135
f 333/333/333 331/331/331 1134/1134/1134
f 1115/1115/1115 1136/1136/1136 1114/1114/1114
f 1115/1115/1115 1032/1032/1032 1136/1136/1136
f 1134/1134/1134 327/327/327 1127/1127/1127
f 1134/1134/1134 331/331/331 327/327/327
f 1050/1050/1050 1104/1104/1104 1048/1048/1048
f 1050/1050/1050 1052/1052/1052 1104/1104/1104
f 1118/1118/1118 1137/1137/1137 1138/1138/1138
f 1118/1118/1118 1100/1100/1100 1137/1137/1137
f 1139/1139/1139 1004/1004/1004 1002/1002/1002
f 1139/1139/1139 1123/1123/1123 1004/1004/1004
f 1100/1100/1100 1101/1101/1101 1137/1137/1137
f 1082/1082/1082 1080/1080/1080 1109/1109/1109
f 1079/1079/1079 1076/1076/1076 1074/1074/1074
f 1123/1123/1123 1055/1055/1055 1094/1094/1094
f 1131/1131/1131 1062/1062/1062 1060/1060/1060
f 1096/1096/1096 1097/1097/1097 1035/1035/1035
f 1032/1032/1032 1133/1133/1133 1136/1136/1136
f 1140/1140/1140 43/43/43 42/42/42
f 1140/1140/1140 1141/1141/1141 43/43/43
f 1142/1142/1142 1141/1141/1141 1140/1140/1140
f 1142/1142/1142 1143/1143/1143 1141/1141/1141
f 1144/1144/1144 1143/1143/1143 1142/1142/1142
f 1144/1144/1144 1145/1145/1145 1143/1143/1143
f 1146/1146/1146 1145/1145/1145 1144/1144/1144
f 1146/1146/1146 1147/1147/1147 1145/1145/1145
f 1148/1148/1148 1147/1147/1147 1146/1146/1146
f 1148/1148/1148 1149/1149/1149 1147/1147/1147
f 1150/1150/1150 1149/1149/1149 1148/1148/1148
f 1150/1150/1150 1151/1151/1151 1149/1149/1149
f 1152/1152/1152 1151/1151/1151 1150/1150/1150
f 1152/1152/1152 18/18/18 1151/1151/1151
f 16/16/16 18/18/18 1152/1152/1152
f 1153/1153/1153 337/337/337 335/335/335
f 1153/1153/1153 1154/1154/1154 337/337/337
f 1155/1155/1155 1154/1154/1154 1153/1153/1153
f 1155/1155/1155 1156/1156/1156 1154/1154/1154
f 1157/1157/1157 1156/1156/1156 1155/1155/1155
f 1157/1157/1157 1158/1158/1158 1156/1156/1156
f 1159/1159/1159 1158/1158/1158 1157/1157/1157
f 1159/1159/1159 1160/1160/1160 1158/1158/1158
f 1161/1161/1161 1160/1160/1160 1159/1159/1159
f 1161/1161/1161 1162/1162/1162 1160/1160/1160
f 1163/1163/1163 1162/1162/1162 1161/1161/1161
f 1163/1163/1163 358/358/358 1162/1162/1162
f 1164/1164/1164 358/358/358 1163/1163/1163
f 1164/1164/1164 348/348/348 358/358/358
f 349/349/349 348/348/348 1164/1164/1164
f 1165/1165/1165 1166/1166/1166 1167/1167/1167
f 1165/1165/1165 1144/1144/1144 1166/1166/1166
f 1168/1168/1168 1144/1144/1144 1165/1165/1165
f 1168/1168/1168 1146/1146/1146 1144/1144/1144
f 1169/1169/1169 1146/1146/1146 1168/1168/1168
f 1169/1169/1169 1148/1148/1148 1146/1146/1146
f 1170/1170/1170 1148/1148/1148 1169/1169/1169
f 1170/1170/1170 1171/1171/1171 1148/1148/1148
f 1172/1172/1172 1171/1171/1171 1170/1170/1170
f 1172/1172/1172 1173/1173/1173 1171/1171/1171
f 1174/1174/1174 1173/1173/1173 1172/1172/1172
f 1174/1174/1174 1175/1175/1175 1173/1173/1173
f 1176/1176/1176 1175/1175/1175 1174/1174/1174
f 1176/1176/1176 14/14/14 1175/1175/1175
f 12/12/12 14/14/14 1176/1176/1176
f 1176/1176/1176 30/30/30 12/12/12
f 1176/1176/1176 1177/1177/1177 30/30/30
f 1174/1174/1174 1177/1177/1177 1176/1176/1176
f 1174/1174/1174 1178/1178/1178 1177/1177/1177
f 1172/1172/1172 1178/1178/1178 1174/1174/1174
f 1172/1172/1172 1179/1179/1179 1178/1178/1178
f 1180/1180/1180 1179/1179/1179 1172/1172/1172
f 1180/1180/1180 1181/1181/1181 1179/1179/1179
f 1182/1182/1182 1181/1181/1181 1180/1180/1180
f 1182/1182/1182 1183/1183/1183 1181/1181/1181
f 1184/1184/1184 1183/1183/1183 1182/1182/1182
f 1184/1184/1184 1185/1185/1185 1183/1183/1183
f 1186/1186/1186 1185/1185/1185 1184/1184/1184
f 1186/1186/1186 1187/1187/1187 1185/1185/1185
f 1177/1177/1177 29/29/29 30/30/30
f 1177/1177/1177 1188/1188/1188 29/29/29
f 1189/1189/1189 1188/1188/1188 1177/1177/1177
f 1189/1189/1189 1190/1190/1190 1188/1188/1188
f 1183/1183/1183 1190/1190/1190 1189/1189/1189
f 1183/1183/1183 1191/1191/1191 1190/1190/1190
f 1185/1185/1185 1191/1191/1191 1183/1183/1183
f 1185/1185/1185 1192/1192/1192 1191/1191/1191
f 1187/1187/1187 1192/1192/1192 1185/1185/1185
f 1187/1187/1187 1193/1193/1193 1192/1192/1192
f 1188/1188/1188 27/27/27 29/29/29
f 1188/1188/1188 1194/1194/1194 27/27/27
f 1190/1190/1190 1194/1194/1194 1188/1188/1188
f 1190/1190/1190 1195/1195/1195 1194/1194/1194
f 1191/1191/1191 1195/1195/1195 1190/1190/1190
f 1191/1191/1191 1196/1196/1196 1195/1195/1195
f 1197/1197/1197 1196/1196/1196 1191/1191/1191
f 1197/1197/1197 1198/1198/1198 1196/1196/1196
f 1199/1199/1199 1198/1198/1198 1197/1197/1197
f 1121/1121/1121 1200/1200/1200 1201/1201/1201
f 1121/1121/1121 1202/1202/1202 1200/1200/1200
f 1122/1122/1122 1202/1202/1202 1121/1121/1121
f 1122/1122/1122 1203/1203/1203 1202/1202/1202
f 1114/1114/1114 1203/1203/1203 1122/1122/1122
f 1114/1114/1114 1136/1136/1136 1203/1203/1203
f 386/386/386 1162/1162/1162 358/358/358
f 386/386/386 1160/1160/1160 1162/1162/1162
f 1204/1204/1204 1160/1160/1160 386/386/386
f 1204/1204/1204 1158/1158/1158 1160/1160/1160
f 366/366/366 1158/1158/1158 1204/1204/1204
f 366/366/366 385/385/385 1158/1158/1158
f 1147/1147/1147 1205/1205/1205 1145/1145/1145
f 1147/1147/1147 1206/1206/1206 1205/1205/1205
f 1149/1149/1149 1206/1206/1206 1147/1147/1147
f 1149/1149/1149 1151/1151/1151 1206/1206/1206
f 380/380/380 1132/1132/1132 1129/1129/1129
f 380/380/380 1207/1207/1207 1132/1132/1132
f 359/359/359 1207/1207/1207 380/380/380
f 359/359/359 349/349/349 1207/1207/1207
f 1208/1208/1208 349/349/349 1164/1164/1164
f 1208/1208/1208 1209/1209/1209 349/349/349
f 1210/1210/1210 1209/1209/1209 1208/1208/1208
f 1210/1210/1210 1211/1211/1211 1209/1209/1209
f 1141/1141/1141 58/58/58 43/43/43
f 1141/1141/1141 1205/1205/1205 58/58/58
f 1143/1143/1143 1205/1205/1205 1141/1141/1141
f 1143/1143/1143 1145/1145/1145 1205/1205/1205
f 1206/1206/1206 58/58/58 1205/1205/1205
f 1206/1206/1206 19/19/19 58/58/58
f 1151/1151/1151 19/19/19 1206/1206/1206
f 1151/1151/1151 18/18/18 19/19/19
f 1203/1203/1203 1212/1212/1212 1202/1202/1202
f 1203/1203/1203 1213/1213/1213 1212/1212/1212
f 1136/1136/1136 1213/1213/1213 1203/1203/1203
f 1136/1136/1136 1133/1133/1133 1213/1213/1213
f 1202/1202/1202 1214/1214/1214 1200/1200/1200
f 1202/1202/1202 1215/1215/1215 1214/1214/1214
f 1212/1212/1212 1215/1215/1215 1202/1202/1202
f 1209/1209/1209 1207/1207/1207 349/349/349
f 1209/1209/1209 1132/1132/1132 1207/1207/1207
f 1133/1133/1133 1132/1132/1132 1209/1209/1209
f 1216/1216/1216 1157/1157/1157 1217/1217/1217
f 1216/1216/1216 1159/1159/1159 1157/1157/1157
f 1161/1161/1161 1159/1159/1159 1216/1216/1216
f 1178/1178/1178 1189/1189/1189 1177/1177/1177
f 1178/1178/1178 1181/1181/1181 1189/1189/1189
f 1179/1179/1179 1181/1181/1181 1178/1178/1178
f 1135/1135/1135 335/335/335 333/333/333
f 1135/1135/1135 1153/1153/1153 335/335/335
f 1024/1024/1024 1201/1201/1201 1025/1025/1025
f 1024/1024/1024 1121/1121/1121 1201/1201/1201
f 1218/1218/1218 1155/1155/1155 1153/1153/1153
f 1218/1218/1218 1219/1219/1219 1155/1155/1155
f 1209/1209/1209 1213/1213/1213 1133/1133/1133
f 1209/1209/1209 1211/1211/1211 1213/1213/1213
f 1154/1154/1154 382/382/382 337/337/337
f 1154/1154/1154 1156/1156/1156 382/382/382
f 364/364/364 1204/1204/1204 386/386/386
f 364/364/364 366/366/366 1204/1204/1204
f 385/385/385 1156/1156/1156 1158/1158/1158
f 385/385/385 382/382/382 1156/1156/1156
f 1220/1220/1220 1164/1164/1164 1163/1163/1163
f 1220/1220/1220 1208/1208/1208 1164/1164/1164
f 52/52/52 1196/1196/1196 1198/1198/1198
f 52/52/52 48/48/48 1196/1196/1196
f 48/48/48 1195/1195/1195 1196/1196/1196
f 48/48/48 47/47/47 1195/1195/1195
f 16/16/16 1175/1175/1175 14/14/14
f 16/16/16 1152/1152/1152 1175/1175/1175
f 47/47/47 1194/1194/1194 1195/1195/1195
f 47/47/47 27/27/27 1194/1194/1194
f 1219/1219/1219 1157/1157/1157 1155/1155/1155
f 1219/1219/1219 1217/1217/1217 1157/1157/1157
f 1221/1221/1221 1172/1172/1172 1170/1170/1170
f 1221/1221/1221 1180/1180/1180 1172/1172/1172
f 1222/1222/1222 1192/1192/1192 1193/1193/1193
f 1222/1222/1222 1199/1199/1199 1192/1192/1192
f 1152/1152/1152 1173/1173/1173 1175/1175/1175
f 1152/1152/1152 1150/1150/1150 1173/1173/1173
f 1192/1192/1192 1197/1197/1197 1191/1191/1191
f 1192/1192/1192 1199/1199/1199 1197/1197/1197
f 1150/1150/1150 1171/1171/1171 1173/1173/1173
f 1150/1150/1150 1148/1148/1148 1171/1171/1171
f 373/373/373 380/380/380 374/374/374
f 1213/1213/1213 1211/1211/1211 1212/1212/1212
f 1166/1166/1166 1144/1144/1144 1142/1142/1142
f 1189/1189/1189 1181/1181/1181 1183/1183/1183

v -0.574443 5.391640 0.447905
v -0.856432 4.973469 0.577131
v -0.579938 5.255805 0.420303
v -0.825647 5.191455 0.689948
v -0.809038 5.380941 0.772378
v -1.211018 5.197636 0.694147
v -1.221716 5.377659 0.771903
v -1.414844 5.311452 0.515254
v -1.411743 5.630152 0.586478
v -1.628267 5.661574 0.391175
v -1.649430 5.866106 0.441370
v -1.708815 5.785329 -0.054174
v -1.710586 5.928930 -0.070108
v -1.538347 5.821282 -0.313935
v -0.412574 6.061794 0.294199
v -0.415929 5.783012 -0.015830
v -0.399619 5.927260 -0.017783
v -0.602093 5.879567 0.562828
v -0.527577 6.196326 0.723366
v -0.781374 5.995715 0.816986
v -0.786578 6.269421 0.940966
v -1.264766 5.990766 0.766623
v -1.316395 6.336097 0.850973
v -1.460198 6.219502 0.615808
v -1.551248 6.468077 0.660413
v -1.638256 6.070776 0.392103
v -0.711653 5.531222 -0.311826
v -0.415929 5.783012 -0.015830
v -0.486947 5.545789 0.017070
v -0.647837 5.821335 -0.300135
v -0.890061 5.530125 -0.458231
v -0.862806 5.821333 -0.453011
v -1.117625 5.540093 -0.459856
v -1.140005 5.821333 -0.513656
v -1.437409 6.119024 -0.368731
v -1.240170 5.761241 0.847330
v -0.776170 5.764283 0.858064
v -0.791200 5.570427 0.829760
v -0.551907 5.679705 0.495120
v -0.486947 5.545789 0.017070
v -1.618043 5.528790 0.332433
v -1.442014 5.185374 0.451801
v -1.216844 4.985724 0.586441
v -1.412546 5.837839 0.595007
v -1.244501 5.557682 0.824612
v -1.655257 5.569088 -0.031907
v -1.616951 5.458550 0.314107
v -1.354556 6.618812 0.912500
v -0.897787 6.584288 0.990771
v -0.387740 6.231150 0.273877
v -0.517568 6.416083 0.778757
v -1.503814 5.535830 -0.310732
v -0.399619 5.927260 -0.017783
v -0.599946 6.103073 -0.348707
v -1.778237 0.007538 0.890942
v -1.717146 0.355133 0.220335
v -1.647584 0.007391 0.231825
v -1.819702 0.370896 0.786227
v -1.922713 0.007394 1.179615
v -1.868128 0.268624 1.129171
v -1.952318 0.006962 1.595107
v -1.891573 0.152569 1.633814
v -1.739364 0.143317 2.119362
v -1.582897 0.339062 2.005403
v -1.512645 0.292141 2.235152
v -1.127949 0.397006 2.279362
v -1.523844 0.158982 2.369367
v -1.127923 0.200128 2.439785
v -1.127894 0.005261 2.441680
v -0.919717 0.005243 2.448405
v -1.127923 0.200128 2.439785
v -1.127894 0.005261 2.441680
v -0.863248 0.198767 2.416729
v -0.736938 -0.000003 2.219223
v -0.718999 0.166985 2.224284
v -0.540348 -0.009922 1.653074
v -0.582113 0.207792 1.652784
v -0.535267 0.000999 1.206061
v -0.595885 0.363117 1.154925
v -0.649022 0.403872 0.691209
v -0.778316 0.770259 1.095819
v -0.779145 0.857464 0.786735
v -1.127612 0.877931 1.052079
v -1.127568 1.023876 0.810723
v -0.592033 0.002117 -0.596848
v -0.674704 0.394273 0.241764
v -0.786985 0.037683 0.240149
v -0.576815 0.403217 -0.617154
v -0.848642 -0.004363 -0.919659
v -0.885534 0.419732 -0.922876
v -1.127856 0.412813 -1.035926
v -1.127860 0.851859 -0.945599
v -1.356510 0.842901 -0.885736
v -1.127865 1.071885 -0.869222
v -1.291964 1.074783 -0.809899
v -1.127846 1.361119 -0.886604
v -1.334060 1.362237 -0.853304
v -1.127646 0.007396 0.239053
v -1.647584 0.007391 0.231825
v -1.591565 0.002842 -0.597016
v -1.127963 0.007549 0.849619
v -0.779799 0.032499 0.799484
v -1.127926 0.007472 1.184583
v -0.535267 0.000999 1.206061
v -1.127936 0.007003 1.654102
v -0.540348 -0.009922 1.653074
v -1.127926 0.006234 2.051412
v -0.736938 -0.000003 2.219223
v -0.919717 0.005243 2.448405
v -1.438371 1.668858 -0.039553
v -1.127569 1.363548 0.348453
v -1.110172 1.752495 0.195026
v -1.485910 1.204036 0.244067
v -1.542648 1.355448 0.043727
v -1.724917 0.968460 -0.130821
v -1.743972 1.175342 -0.286199
v -1.503605 1.084195 -0.556263
v -1.605782 1.494443 -0.414476
v -1.500915 1.374027 -0.667558
v -0.616999 1.542730 -0.323500
v -0.781546 1.091061 -0.551814
v -0.740926 1.374238 -0.677807
v -0.515515 1.219416 -0.259774
v -0.657437 1.466048 0.149314
v -0.648028 1.214140 0.255845
v -1.127569 1.363548 0.348453
v -0.755515 0.989495 0.456869
v -1.127499 1.189210 0.588321
v 1.739365 0.143318 2.119362
v 1.489154 0.005513 2.344256
v 1.722968 0.006202 2.042637
v 1.523844 0.158983 2.369366
v 1.512645 0.292141 2.235152
v 1.127949 0.397006 2.279362
v 1.582897 0.339062 2.005402
v 1.127803 0.456963 2.007182
v 1.614781 0.412111 1.553589
v 1.127613 0.597735 1.654416
v -1.614781 0.412111 1.553589
v -1.562370 0.629028 1.069771
v -1.621261 0.758357 0.790804
v -1.515069 1.017474 0.483136
v -1.127499 1.189210 0.588321
v -0.599010 0.892015 -0.302699
v -0.737498 0.851740 -0.647309
v -0.971604 0.850181 -0.834218
v 1.127923 0.200128 2.439784
v 0.919717 0.005244 2.448405
v 1.127894 0.005262 2.441679
v 0.863248 0.198767 2.416728
v 1.127949 0.397006 2.279362
v 0.908720 0.430464 2.283126
v 1.127803 0.456963 2.007182
v 0.828216 0.408820 2.061976
v -1.778237 0.007538 0.890942
v -1.922713 0.007394 1.179615
v -1.952318 0.006962 1.595107
v -1.260070 4.543271 0.464445
v -1.440214 4.843472 0.357809
v -1.559903 4.665004 0.274477
v -1.202940 4.809629 0.557198
v -1.011122 4.534856 0.471653
v -0.917222 4.793939 0.524175
v -0.695292 4.654035 0.319348
v -0.680193 4.817628 0.363763
v -1.127803 0.456962 2.007182
v -0.824245 0.550454 1.653858
v -1.127613 0.597735 1.654416
v -0.828216 0.408820 2.061977
v -0.908720 0.430464 2.283127
v -1.427975 0.382643 -0.883656
v -1.529169 0.826707 -0.665687
v -1.638830 0.388335 -0.626693
v -1.698279 0.810952 -0.292396
v -1.717146 0.355133 0.220335
v -1.832821 4.801513 -0.011995
v -1.639106 5.305267 -0.212330
v -1.739213 4.946526 -0.376970
v -1.717342 5.133838 0.052861
v -1.563776 4.880170 0.258775
v 0.718999 0.166985 2.224284
v 0.736938 -0.000002 2.219222
v -1.127803 0.456962 2.007182
v -1.127613 0.597735 1.654416
v -1.127612 0.877931 1.052079
v -0.552157 5.007576 0.055643
v -0.601163 5.221317 -0.379019
v -0.552866 4.999807 -0.423691
v -0.671899 5.052533 -0.542915
v -0.552157 5.007576 0.055643
v -0.520586 4.795043 0.051895
v -0.599010 0.892015 -0.302699
v -0.556072 0.991824 -0.153357
v -1.127843 -0.004948 -1.028740
v -1.406838 -0.002709 -0.890018
v -1.591565 0.002842 -0.597016
v -1.127513 0.006452 -0.593181
v -1.406838 -0.002709 -0.890018
v -0.786985 0.037683 0.240149
v -1.151353 5.357851 -0.482448
v -1.433415 5.360395 -0.373974
v -1.116373 5.095161 -0.645537
v -1.511979 5.022236 -0.551458
v -0.855321 5.301136 -0.487205
v -0.779799 0.032499 0.799484
v -0.674704 0.394273 0.241764
v -0.786985 0.037683 0.240149
v -1.127949 0.397006 2.279362
v -1.110172 1.752495 0.195026
v -0.748181 1.719653 0.029226
v -1.489153 0.005513 2.344257
v -1.722967 0.006201 2.042638
v -1.722967 0.006201 2.042638
v -1.489153 0.005513 2.344257
v -1.127894 0.005261 2.441680
v -0.960723 1.072561 -0.829491
v -0.781546 1.091061 -0.551814
v -0.740926 1.374238 -0.677807
v -0.931283 1.363600 -0.838891
v -1.127568 1.023876 0.810723
v -1.503605 1.084195 -0.556263
v -1.500915 1.374027 -0.667558
v -1.127843 -0.004948 -1.028740
v -0.848642 -0.004363 -0.919659
v -0.592033 0.002117 -0.596848
v 0.824245 0.550455 1.653857
v 1.127613 0.597735 1.654416
v 1.127923 0.200128 2.439784
v 1.127894 0.005262 2.441679
v 1.489154 0.005513 2.344256
v 1.127927 0.006235 2.051411
v 1.722968 0.006202 2.042637
v 1.127894 0.005262 2.441679
v -1.698279 0.810952 -0.292396
v -1.647584 0.007391 0.231825
v 0.919717 0.005244 2.448405
v 0.736938 -0.000002 2.219222
v -0.520586 4.795043 0.051895
v 1.011122 4.534856 0.471652
v 0.917222 4.793940 0.524174
v 0.695292 4.654037 0.319347
v 1.202940 4.809630 0.557197
v 1.260070 4.543272 0.464444
v 1.440214 4.843473 0.357808
v 1.559903 4.665005 0.274476
v 1.563776 4.880171 0.258774
v 1.832822 4.801515 -0.011996
v 1.717342 5.133840 0.052860
v 1.639106 5.305267 -0.212331
v 1.655257 5.569089 -0.031908
v 1.433415 5.360396 -0.373975
v 1.503814 5.535830 -0.310733
v 1.151353 5.357851 -0.482449
v -1.775783 8.461304 -0.732825
v -1.351485 8.876660 -0.921259
v -1.320713 8.492094 -0.891713
v -1.812089 8.830941 -0.765452
v -2.105184 8.458387 -0.148265
v -2.071889 9.459723 -0.535927
v -2.195328 9.331659 -0.070732
v -2.244028 9.805815 0.031077
v -2.308927 9.751251 0.431708
v -2.281975 10.239513 0.475982
v -2.187752 10.120934 0.895308
v -2.257541 10.562498 0.501622
v -2.140450 10.422184 0.912946
v -2.086459 10.528954 0.495654
v -2.001628 10.399326 0.841604
v -0.831094 6.160721 -0.527136
v -1.150958 6.160929 -0.559915
v -1.573032 7.008095 -0.575263
v -1.774002 6.899832 -0.186524
v -1.696469 7.653796 -0.661549
v -1.941644 7.493798 -0.182395
v -1.775783 8.461304 -0.732825
v -2.105184 8.458387 -0.148265
v -1.393458 9.532511 -0.945794
v -1.831745 9.587785 -0.791688
v -2.073015 9.923137 -0.478530
v -2.229533 10.268107 0.066684
v -2.201779 10.643697 0.079635
v -2.037788 10.611384 0.123155
v 0.674704 0.394274 0.241763
v 0.592033 0.002118 -0.596848
v 0.786985 0.037684 0.240148
v 0.576815 0.403218 -0.617155
v 0.599010 0.892016 -0.302700
v 0.737498 0.851741 -0.647310
v 0.781546 1.091061 -0.551814
v 0.971604 0.850182 -0.834219
v 0.960723 1.072561 -0.829491
v 1.127865 1.071885 -0.869222
v 1.127846 1.361119 -0.886605
v 1.291964 1.074783 -0.809899
v 1.334060 1.362238 -0.853305
v -1.409389 9.620116 -0.939098
v -1.426500 9.714216 -0.931907
v -1.599945 10.042661 -0.895975
v -1.538853 10.030951 -0.837219
v -1.836910 10.420944 -0.738315
v -1.687972 10.399261 -0.647184
v -2.023797 10.551003 -0.351728
v -1.871239 10.517627 -0.272333
v -2.151192 8.461160 0.343451
v -2.274352 9.268106 0.378263
v -2.177708 9.204549 0.862132
v -2.222671 9.703691 0.854158
v -1.666534 9.109616 1.272634
v -1.678920 9.589929 1.289245
v -1.203770 9.529085 1.458745
v -1.216916 9.899652 1.476861
v -1.018431 9.468897 1.424960
v -1.213528 9.893347 1.371561
v 1.812090 8.830941 -0.765453
v 2.105184 8.458387 -0.148266
v 1.775783 8.461304 -0.732826
v 2.071889 9.459723 -0.535928
v 1.831746 9.587785 -0.791689
v 2.073015 9.923137 -0.478531
v 1.866579 10.038957 -0.771084
v 2.041289 10.338516 -0.410909
v 1.836910 10.420944 -0.738316
v 2.023798 10.551004 -0.351729
v 1.687972 10.399261 -0.647184
v 1.871239 10.517627 -0.272334
v 1.216916 9.899652 1.476860
v 1.683067 10.163805 1.166020
v 1.213528 9.893348 1.371560
v 1.707921 10.206609 1.247519
v 1.701441 10.020123 1.265821
v 2.187752 10.120934 0.895307
v 2.222671 9.703691 0.854157
v 2.308927 9.751251 0.431707
v 2.274352 9.268106 0.378262
v 2.195328 9.331660 -0.070733
v 2.151192 8.461160 0.343450
v 0.552157 5.007576 0.055642
v 0.520586 4.795043 0.051894
v 0.680193 4.817629 0.363762
v 0.856432 4.973471 0.577130
v 1.216844 4.985725 0.586440
v 1.442014 5.185375 0.451800
v 1.616951 5.458551 0.314106
v 0.337085 8.448276 -0.559317
v 0.261316 7.394090 -0.112551
v 0.183586 8.448767 -0.191952
v 0.450468 7.549960 -0.433956
v 0.720293 7.668439 -0.743614
v 0.771040 7.025581 -0.612806
v 1.114901 7.037350 -0.732782
v 0.831094 6.160720 -0.527137
v 1.150958 6.160929 -0.559916
v 1.140005 5.821333 -0.513657
v 1.437409 6.119024 -0.368732
v 0.781546 1.091061 -0.551814
v 0.616999 1.542730 -0.323501
v 0.740926 1.374239 -0.677808
v 0.515515 1.219416 -0.259774
v 0.599010 0.892016 -0.302700
v 0.556072 0.991825 -0.153357
v 0.674704 0.394274 0.241763
v 0.755514 0.989496 0.456869
v 0.779145 0.857465 0.786734
v 1.127567 1.023877 0.810722
v 1.127612 0.877932 1.052078
v 0.897785 6.584269 0.990767
v 0.789643 7.065355 1.064427
v 0.517568 6.416082 0.778756
v 1.071888 7.100595 1.098744
v 1.354556 6.618811 0.912499
v 1.476411 7.083221 0.992698
v 1.656494 6.947821 0.759998
v 1.807439 7.524652 0.827628
v 1.959564 7.476873 0.278380
v 2.151192 8.461160 0.343450
v 2.105184 8.458387 -0.148266
v 2.001628 10.399327 0.841603
v 2.140450 10.422184 0.912946
v 2.257541 10.562498 0.501622
v 2.281975 10.239514 0.475982
v 2.201779 10.643697 0.079635
v 2.229533 10.268108 0.066683
v 0.540348 -0.009922 1.653074
v 1.127936 0.007003 1.654102
v 0.535267 0.000999 1.206061
v 1.127926 0.007472 1.184583
v 0.779799 0.032500 0.799484
v 1.127963 0.007550 0.849619
v 1.127646 0.007397 0.239053
v 1.647584 0.007391 0.231825
v 1.591565 0.002843 -0.597017
v 1.503605 1.084195 -0.556263
v 1.500915 1.374027 -0.667559
v 1.529169 0.826708 -0.665687
v 1.356510 0.842901 -0.885736
v 1.427975 0.382644 -0.883656
v 1.127856 0.412813 -1.035926
v 1.127843 -0.004947 -1.028740
v 0.848642 -0.004362 -0.919659
v 0.552157 5.007576 0.055642
v 0.552866 4.999808 -0.423692
v 0.520586 4.795043 0.051894
v 0.601163 5.221317 -0.379020
v 0.711654 5.531223 -0.311827
v 0.855321 5.301137 -0.487206
v 0.890061 5.530127 -0.458232
v 1.117625 5.540094 -0.459857
v 0.242517 6.914159 0.246889
v 0.387739 6.231124 0.273876
v 0.513470 6.999037 0.874960
v 0.517492 7.463870 0.914490
v 0.837666 7.552401 1.137386
v 0.642156 8.265308 1.144771
v 0.857868 8.285133 1.265623
v 2.041496 8.395313 0.857796
v 1.546164 7.637449 1.079567
v 1.601131 8.340695 1.160837
v 1.178407 7.638107 1.211266
v 1.173907 8.301466 1.318013
v 1.551249 6.468077 0.660413
v 1.839240 6.907091 0.308649
v 1.688906 6.330294 0.301775
v 1.774002 6.899832 -0.186525
v 1.670999 6.192590 -0.088698
v 1.710586 5.928929 -0.070109
v -1.959564 7.476872 0.278380
v -1.807439 7.524652 0.827628
v -2.151192 8.461160 0.343451
v -1.656493 6.947820 0.759999
v -1.839239 6.907092 0.308650
v -1.688906 6.330294 0.301776
v 1.127499 1.189211 0.588320
v 1.515069 1.017475 0.483135
v 1.127569 1.363549 0.348453
v 1.621261 0.758358 0.790804
v 1.127567 1.023877 0.810722
v 1.562370 0.629029 1.069771
v 1.127612 0.877932 1.052078
v 1.351485 8.876661 -0.921260
v 1.320713 8.492094 -0.891713
v 1.393458 9.532511 -0.945794
v 1.409389 9.620116 -0.939098
v 1.426500 9.714216 -0.931907
v 1.438371 1.668859 0.026994
v 1.110172 1.752495 0.195025
v 1.485910 1.204037 0.244066
v 1.724917 0.968461 -0.130822
v 1.717146 0.355134 0.220334
v 1.698279 0.810953 -0.292397
v 1.094069 7.689493 -0.892187
v 1.573032 7.008095 -0.575264
v 1.696469 7.653796 -0.661550
v 1.941644 7.493798 -0.182395
v 1.775783 8.461304 -0.732826
v -0.261316 7.394089 -0.112551
v -0.337084 8.448276 -0.559317
v -0.183587 8.448801 -0.191952
v -0.450468 7.549961 -0.433955
v -0.476456 6.999965 -0.412849
v -0.771040 7.025580 -0.612805
v -0.789642 7.065355 1.064428
v -1.071887 7.100595 1.098745
v -0.837665 7.552400 1.137387
v -1.178407 7.638107 1.211267
v -1.173907 8.301466 1.318014
v -1.601130 8.340695 1.160838
v -1.476411 7.083221 0.992699
v -1.546164 7.637449 1.079568
v -2.041496 8.395313 0.857797
v 1.018432 9.468897 1.424960
v 1.203770 9.529085 1.458745
v 0.957541 9.072478 1.383036
v 1.213194 9.063738 1.409637
v 0.857868 8.285133 1.265623
v 1.173907 8.301466 1.318013
v 0.582113 0.207792 1.652784
v 0.535267 0.000999 1.206061
v 0.540348 -0.009922 1.653074
v 0.595885 0.363117 1.154925
v 0.778316 0.770260 1.095819
v 0.649022 0.403873 0.691208
v -2.041289 10.338516 -0.410908
v -1.866578 10.038957 -0.771083
v -0.517492 7.463870 0.914491
v -0.344375 8.339173 0.680998
v -0.642156 8.265308 1.144772
v -0.254352 7.424629 0.246080
v -0.513470 6.999037 0.874961
v -0.242517 6.914159 0.246890
v 0.399605 5.927046 -0.017783
v 0.412574 6.061793 0.294198
v 0.405052 6.138127 -0.030508
v 0.302290 6.899029 -0.059969
v 0.261316 7.394090 -0.112551
v 1.605782 1.494444 -0.414477
v 1.503605 1.084195 -0.556263
v 1.500915 1.374027 -0.667559
v 1.743972 1.175342 -0.286199
v 1.542648 1.355448 0.043727
v 1.116373 5.095162 -0.645538
v 1.511980 5.022236 -0.551459
v 1.739213 4.946526 -0.376971
v 0.657437 1.466048 0.149314
v 1.110172 1.752495 0.195025
v 0.748181 1.719655 0.029225
v 1.127569 1.363549 0.348453
v 0.648028 1.214141 0.255844
v -0.857868 8.285133 1.265624
v -1.094068 7.689493 -0.892186
v -1.114901 7.037349 -0.732781
v -0.720292 7.668439 -0.743614
v 2.177709 9.204550 0.862131
v 1.666534 9.109617 1.272633
v 1.678920 9.589929 1.289244
v -0.957541 9.072477 1.383037
v -1.213193 9.063738 1.409638
v -1.173907 8.301466 1.318014
v -1.601130 8.340695 1.160838
v 2.244028 9.805815 0.031076
v 1.406838 -0.002708 -0.890019
v 1.591565 0.002843 -0.597017
v 1.638830 0.388335 -0.626694
v 1.647584 0.007391 0.231825
v 1.717146 0.355134 0.220334
v 1.952318 0.006962 1.595107
v 1.922713 0.007394 1.179615
v 1.778237 0.007539 0.890942
v 1.868128 0.268624 1.129171
v 1.952318 0.006962 1.595107
v 1.922713 0.007394 1.179615
v 1.891573 0.152569 1.633814
v 0.624649 8.502100 -0.848146
v 1.048100 8.510539 -0.918019
v 1.320713 8.492094 -0.891713
v 0.779799 0.032500 0.799484
v 0.786985 0.037684 0.240148
v 0.786985 0.037684 0.240148
v 1.127513 0.006453 -0.593181
v 0.592033 0.002118 -0.596848
v 0.848642 -0.004362 -0.919659
v 0.344375 8.339173 0.680997
v 0.254352 7.424629 0.246079
v 0.190046 8.381752 0.192473
v 0.183586 8.448767 -0.191952
v 0.885534 0.419733 -0.922877
v 1.127860 0.851860 -0.945600
v 1.538853 10.030951 -0.837219
v 1.599945 10.042661 -0.895975
v -0.302290 6.899029 -0.059968
v -0.405052 6.138139 -0.030508
v -1.683067 10.163805 1.166021
v -1.707921 10.206608 1.247520
v -1.701441 10.020123 1.265821
v -1.320713 8.492094 -0.891713
v -1.048100 8.510539 -0.918019
v -0.624649 8.502100 -0.848145
v 1.778237 0.007539 0.890942
v 1.647584 0.007391 0.231825
v 1.819702 0.370897 0.786227
v 0.476456 6.999966 -0.412850
v 0.302290 6.899029 -0.059969
v 0.599946 6.103074 -0.348707
v 0.579938 5.255805 0.420302
v 0.486947 5.545789 0.017069
v 1.698279 0.810953 -0.292397
v 1.638257 6.070776 0.392102
v -0.190046 8.381752 0.192474
v -0.183587 8.448801 -0.191952
v -0.261316 7.394089 -0.112551
v 0.862807 5.821333 -0.453012
v 0.647837 5.821335 -0.300136
v -1.670999 6.192590 -0.088697
v 0.671899 5.052534 -0.542916
v 0.740926 1.374239 -0.677808
v 0.931283 1.363602 -0.838892
v 1.127499 1.189211 0.588320
v 1.127843 -0.004947 -1.028740
v 1.406838 -0.002708 -0.890019
v -2.041496 8.395313 0.857797
v -0.857868 8.285133 1.265624
v 2.086460 10.528954 0.495653
v 2.037788 10.611385 0.123155
v 1.601131 8.340695 1.160837
v 2.041496 8.395313 0.857796
v -0.405052 6.138139 -0.030508
v -0.302290 6.899029 -0.059968
v 0.405052 6.138127 -0.030508
v 0.399605 5.927046 -0.017783
v 0.486947 5.545789 0.017069
v 0.415929 5.783012 -0.015830
v 0.602093 5.879567 0.562828
v 0.551907 5.679705 0.495120
v 0.791200 5.570427 0.829760
v 0.809038 5.380941 0.772378
v 1.221716 5.377659 0.771903
v 1.211018 5.197636 0.694147
v 1.414844 5.311452 0.515254
v 1.618043 5.528790 0.332433
v 0.776170 5.764283 0.858064
v 1.240170 5.761241 0.847330
v 1.244501 5.557682 0.824612
v 1.412546 5.837839 0.595007
v 1.411743 5.630152 0.602793
v 1.649430 5.866106 0.441370
v 1.628267 5.661574 0.407490
v 1.708815 5.785329 -0.054174
v 0.781243 5.994665 0.816837
v 1.264636 5.990124 0.766541
v 1.459855 6.218040 0.615663
v 0.825647 5.191455 0.689948
v 0.574443 5.391640 0.447905
v 0.527559 6.196138 0.723348
v 0.786317 6.267320 0.940668
v 0.415929 5.783012 -0.015830
v 1.316127 6.334812 0.850809
v 1.538347 5.821282 -0.313935
v -0.825623 16.803453 -0.958253
v -0.761353 16.896076 -0.914708
v -0.383641 16.794321 -1.066534
v -1.152760 16.895638 -0.775777
v -1.203430 16.788721 -0.778265
v -1.420166 16.895994 -0.652451
v -1.550253 16.788252 -0.573260
v -1.661423 16.752506 -0.172882
v -1.759698 16.674398 -0.210953
v -1.774848 16.635380 0.136540
v -1.851190 16.622545 0.124866
v -1.417688 16.447849 0.594721
v -0.742735 17.013840 -0.946290
v -1.168635 17.018835 -0.734203
v -1.287181 17.039089 -0.448833
v -1.690764 16.873594 -0.150173
v -1.010270 16.456358 1.358918
v -0.558204 16.306606 1.539789
v -0.953462 16.529007 1.254353
v -1.035923 16.398251 1.287096
v -1.302872 16.565895 1.006935
v -1.262022 16.457920 0.988976
v -1.530899 16.518702 0.655802
v -1.672522 16.702503 0.142495
v 0.536241 16.072739 1.436271
v 0.598884 15.978125 1.495342
v 0.830087 16.073385 1.390076
v 0.309819 15.930317 1.690707
v 0.266156 16.057146 1.638327
v 0.033330 15.954804 1.736377
v 1.171519 16.780556 -0.698312
v 1.493118 16.870726 -0.466518
v 1.218734 16.736017 -0.786862
v 1.402014 16.910650 -0.389938
v 1.196633 16.885696 -0.681199
v -0.000026 16.800531 -1.094151
v -0.000045 16.659115 -1.143878
v -0.334599 16.871838 -1.086694
v -0.318730 16.162989 1.630393
v -0.245783 16.396969 1.732789
v -0.512695 16.296478 1.621218
v -0.149782 16.289434 1.693194
v 0.001309 16.286222 1.844000
v -0.307871 16.075598 1.733359
v -0.274236 15.935180 1.623403
v -0.000548 16.079515 1.716290
v -0.338611 16.459604 1.688966
v -0.376213 16.482134 1.625795
v -0.000026 16.800531 -1.094151
v 0.383640 16.763344 -0.975212
v -0.000045 16.659115 -1.143878
v 0.298686 16.849989 -1.076819
v 1.002682 16.415689 1.123652
v 1.017596 16.308638 1.087029
v 1.289065 16.535139 0.905276
v 0.780467 16.246790 1.287153
v -0.318291 16.158558 1.700257
v -0.012516 16.189796 1.753565
v -0.602104 16.647764 1.667330
v -1.594761 16.645555 0.583179
v 0.761335 16.896076 -0.954835
v 0.773801 16.792646 -0.959602
v -1.172541 16.247892 0.947897
v -1.586886 16.362608 0.659310
v -1.264380 16.242065 0.951493
v -1.925068 16.798960 -0.235487
v -1.682571 16.813852 0.168977
v -1.682493 16.268311 0.596200
v -1.456170 16.230103 0.880750
v -1.989773 16.431490 0.176887
v -1.963289 16.557926 0.184254
v -2.099175 16.780989 -0.267655
v -2.168347 16.642450 -0.269251
v -1.565753 16.669828 -0.587498
v -2.033689 16.570103 -0.586428
v -1.565672 16.615124 -0.852944
v -1.246863 16.740908 -0.817020
v -1.331568 16.583124 -0.957854
v -0.967374 16.115578 1.176004
v -1.767986 16.456793 -0.936602
v -2.040433 16.616638 -0.210048
v -2.009981 16.543243 -0.573494
v -1.769529 16.427708 -0.904422
v -1.469077 16.279812 -1.074773
v -1.459348 16.325773 -1.092415
v -1.116863 16.175953 -1.216958
v -1.093503 16.243731 -1.253356
v -0.709281 16.062653 -1.274313
v -0.705496 16.138426 -1.301156
v -0.453501 16.468361 -1.257222
v -1.001862 16.583931 -1.133434
v -1.104348 16.058704 1.052157
v -1.511700 16.121931 0.799147
v -1.069394 16.031908 0.995155
v -1.522941 16.175920 0.869951
v -1.771073 16.264425 0.579938
v -1.968185 16.450489 0.160735
v 0.576038 15.893230 1.315948
v 0.680134 15.790257 1.392348
v 1.076191 16.240707 0.986749
v 0.318801 15.664611 1.612674
v 0.286630 15.838720 1.569059
v -0.023867 15.692953 1.682186
v -0.009729 15.860429 1.649240
v -0.370091 15.825553 1.708707
v -0.636860 15.989844 1.392539
v -0.622646 16.085991 1.573146
v -0.620954 16.177139 1.585983
v -0.558204 16.221901 1.579061
v -0.989602 16.314663 1.177181
v -0.511970 16.218842 1.404143
v -0.710196 16.215487 1.282013
v -0.723782 16.232141 1.422065
v -0.849956 16.080301 1.238592
v 0.979684 16.562506 -1.148849
v 1.289609 16.598724 -0.975770
v 0.823442 16.657560 -0.858318
v 0.453500 16.468361 -1.259080
v 0.406489 16.642153 -1.014905
v -0.000063 16.575329 -1.110767
v -0.000063 16.575329 -1.110767
v -0.000028 16.473640 -1.296779
v -0.406489 16.685154 -1.065750
v -0.888430 16.693684 -0.955410
v 1.758317 16.723063 -0.194697
v 1.647426 16.663809 0.235955
v 1.718848 16.608261 0.222304
v 1.629425 16.733377 -0.134913
v 1.493203 16.755455 -0.505782
v 1.632390 16.810459 -0.100702
v -1.233968 16.371965 0.946823
v -0.296630 15.734843 1.621150
v -0.656254 15.852763 1.456380
v -0.669086 15.877841 1.523583
v -0.925434 16.015436 1.246388
v 0.965427 16.280827 1.011299
v 1.266675 16.434572 0.860782
v 1.532987 16.523819 0.499875
v 1.696266 16.742340 0.449024
v -0.609827 16.220932 1.492975
v -0.000028 16.473640 -1.296779
v -0.144652 16.498396 1.791088
v -0.084500 16.479193 1.751439
v 0.018122 16.601192 1.763287
v 0.004766 16.539129 1.793428
v 0.285399 16.817192 1.717560
v 0.241599 16.685867 1.717571
v 0.467063 16.911983 1.571030
v 0.487501 16.761913 1.674787
v 0.661332 16.881128 1.609304
v 0.474242 16.640087 1.666103
v 0.627624 16.711166 1.606119
v 0.571475 16.614866 1.537836
v 0.872753 16.748295 1.455341
v 0.824055 16.589836 1.399933
v 1.124974 16.769058 1.300469
v 1.063750 16.639582 1.267696
v 1.518804 16.862206 0.981728
v 1.435670 16.781349 0.964110
v 0.791599 16.436289 1.343188
v 0.529605 16.289053 1.568874
v 0.606763 16.458771 1.656706
v 0.247610 16.194418 1.668234
v 0.275033 16.337526 1.780179
v 0.189694 16.452118 1.687580
v -0.042375 16.361473 1.761915
v 0.227788 16.520153 1.765741
v -0.018701 16.422155 1.761795
v 0.227418 16.579201 1.785136
v 1.619530 16.922295 0.595938
v 1.710661 17.052153 0.583572
v 1.590962 16.852077 0.569409
v 1.303284 16.667395 0.920064
v 1.007998 16.502003 1.173368
v 1.727793 16.802734 0.186991
v 1.375338 16.972553 -0.390444
v 1.722806 16.909285 0.189420
v 1.557223 17.013752 -0.124622
v 1.599649 16.967775 0.261941
v 1.642928 16.803432 0.536906
v 1.660862 17.071558 0.286223
v -1.219567 16.643900 0.932014
v -0.967420 16.777794 1.286465
v -1.313909 16.909269 0.881713
v -1.507631 16.763426 0.483975
v -0.000011 16.919834 -1.136821
v -0.279674 16.931608 -1.126837
v -0.065454 16.465769 1.765546
v 1.131900 16.939129 -0.643649
v 0.724905 16.949020 -0.874094
v -1.483478 16.834961 0.561163
v -1.480791 17.050501 -0.107633
v -1.362213 16.929869 0.234827
v -1.390103 16.945986 0.595138
v -0.000011 16.919834 -1.136821
v 0.279674 16.931608 -1.127943
v 0.406259 16.957043 1.666089
v 0.294013 16.915991 1.657174
v -0.003866 16.682716 1.820487
v -0.036598 16.746168 1.887096
v -0.120878 16.766811 1.846466
v -0.115975 16.774609 1.793211
v -0.211744 16.756632 1.744736
v -0.585999 16.846355 1.641607
v -0.956314 16.992952 1.328263
v 1.342594 16.321173 0.934688
v 1.127163 16.208563 -1.257909
v 1.483218 16.310799 -1.112140
v 1.570644 16.680624 -0.806083
v 1.785418 16.454157 -0.935889
v 2.044074 16.578127 -0.582254
v 1.769450 16.427706 -0.905279
v 2.009912 16.543242 -0.574118
v 1.968183 16.450487 0.160706
v 1.769725 16.321125 0.662765
v 1.771090 16.264423 0.580211
v 1.935252 16.491104 0.166771
v 2.040400 16.616636 -0.210365
v 2.089094 16.674894 -0.184444
v 1.657682 16.420042 0.663240
v 1.898568 16.655994 0.185133
v 1.934939 16.760418 -0.162258
v 1.469216 16.279808 -1.075691
v 1.117037 16.175951 -1.217821
v 0.685061 15.701180 1.352445
v 0.313203 15.592175 1.555026
v 0.309004 15.569202 1.478761
v 0.686440 15.752943 1.418748
v 1.063983 16.033381 0.988157
v 1.095723 16.083515 1.054515
v 1.511710 16.121929 0.799537
v 1.524496 16.168247 0.877176
v -0.696556 15.739458 1.414075
v -0.302612 15.608323 1.531674
v -0.001663 15.578502 1.569256
v -0.000552 15.553249 1.475816
v -0.685129 15.701168 1.352005
v -0.309006 15.569202 1.478413
v -0.207983 17.019299 1.691834
v -0.548123 17.139219 1.486250
v -0.318759 17.095396 1.157765
v -0.915429 17.193254 1.277549
v -0.585164 17.157986 0.978689
v -1.124386 17.188917 0.992362
v -0.772279 17.154720 0.788743
v -1.195627 17.221701 0.493373
v -0.850719 17.241919 0.486930
v -1.225652 17.213697 0.174521
v -0.872978 17.272259 0.170919
v -1.252695 17.246758 -0.187223
v -0.862490 17.260065 -0.060176
v -0.995912 17.219400 -0.652034
v -0.719081 17.221743 -0.387791
v -0.682953 17.188843 -0.881956
v -0.471269 17.162727 -0.567267
v -0.220479 17.097191 -0.745450
v 0.139606 17.080372 0.382697
v 0.021403 17.093754 -0.708738
v 1.521727 17.144943 -0.114430
v 1.657197 17.147188 0.310517
v 1.344507 17.269157 -0.149598
v 1.536165 17.256754 0.224923
v 1.152879 17.223303 0.224928
v 1.157754 17.189287 0.481141
v 0.139606 17.080372 0.382697
v 1.012264 17.183659 0.744175
v 0.833530 17.178244 0.937642
v 1.341756 17.166574 0.918789
v 1.077645 17.157099 1.219427
v 1.164070 16.954967 1.360648
v 0.951724 16.953922 1.472639
v 0.602107 17.043118 1.486774
v 0.904209 17.180996 1.288563
v 0.587241 17.222618 1.416739
v 0.485985 17.215603 1.142413
v 0.360065 17.192724 1.237401
v 0.139606 17.080372 0.382697
v 0.246816 17.145475 1.310982
v 0.030277 16.937899 1.499159
v 0.005676 16.908152 1.803223
v -0.007107 16.834202 1.728863
v -1.106643 17.017633 1.132723
v -1.263557 17.060059 0.998055
v -1.402858 17.085144 0.554614
v 0.234114 17.098289 -0.695108
v 0.021403 17.093754 -0.708738
v 0.528829 17.143888 -0.589254
v 0.828407 17.174673 -0.389772
v 1.009837 17.218573 -0.639997
v 1.351444 17.197966 -0.453562
v -0.252588 17.072720 -1.132152
v 0.321997 17.105616 1.654203
v 0.351457 17.040659 1.678342
v 0.464597 17.171417 1.545674
v 0.465196 17.106558 1.552843
v 0.709276 16.062651 -1.274960
v 0.705481 16.138420 -1.303877
v 0.245574 16.016043 -1.313770
v 0.250817 16.104965 -1.367446
v -0.000009 16.004354 -1.335598
v -0.000009 16.097525 -1.404109
v 1.701053 17.141035 0.599686
v 1.549091 17.229572 0.562145
v 0.015367 16.874125 1.468937
v 0.139606 17.080372 0.382697
v -0.090078 17.017393 1.342471
v 0.252588 17.072720 -1.133124
v 0.648244 17.156923 -0.941411
v 0.683286 17.197710 1.021667
v -0.245574 16.016043 -1.313415
v -0.250817 16.104965 -1.365952
v -0.000002 17.119968 -1.157654
v 1.023576 17.220892 -0.053563
v -0.000002 17.119968 -1.157654
v 1.448077 17.001881 1.020148
v -0.000009 16.097525 -1.404109
v -0.000009 16.004354 -1.335598
v 0.139606 17.080372 0.382697

vt 0.438333 0.097479
vt 0.481814 0.041318
vt 0.438355 0.074227
vt 0.482224 0.077529
vt 0.480097 0.111785
vt 0.544421 0.078417
vt 0.547544 0.111366
vt 0.581975 0.088209
vt 0.581969 0.126971
vt 0.621038 0.137629
vt 0.621038 0.169514
vt 0.666387 0.152840
vt 0.666387 0.175650
vt 0.755660 0.154615
vt 0.392390 0.191601
vt 0.348421 0.148954
vt 0.348421 0.167552
vt 0.438285 0.175819
vt 0.438286 0.215650
vt 0.480400 0.205268
vt 0.484332 0.238874
vt 0.547743 0.206706
vt 0.544884 0.239617
vt 0.582097 0.224212
vt 0.582126 0.262421
vt 0.621038 0.200643
vt 0.922025 0.101104
vt 0.986983 0.148853
vt 0.986983 0.111465
vt 0.922025 0.150582
vt 0.855138 0.099730
vt 0.855139 0.150532
vt 0.821696 0.102827
vt 0.821695 0.153737
vt 0.755660 0.204268
vt 0.550601 0.173796
vt 0.476468 0.171661
vt 0.477970 0.146042
vt 0.438304 0.130220
vt 0.348421 0.111308
vt 0.621038 0.115211
vt 0.582005 0.065292
vt 0.540797 0.040729
vt 0.582000 0.179815
vt 0.550668 0.144315
vt 0.666387 0.115694
vt 0.621038 0.101867
vt 0.533967 0.277919
vt 0.492463 0.276031
vt 0.381757 0.216054
vt 0.438276 0.250357
vt 0.755660 0.103775
vt 0.986983 0.167716
vt 0.922024 0.194938
vt -0.853878 0.374592
vt -0.894631 0.444223
vt -0.853878 0.431519
vt -0.892089 0.379562
vt -0.853878 0.329123
vt -0.881972 0.339831
vt -0.853878 0.279372
vt -0.873556 0.287007
vt -0.900754 0.253985
vt -0.926772 0.281163
vt -0.937379 0.257028
vt -0.990829 0.261184
vt -0.942479 0.218518
vt -0.990835 0.218518
vt -0.990842 0.200000
vt -0.971824 0.066008
vt -0.983324 0.097416
vt -0.984000 0.066008
vt -0.968889 0.097100
vt -0.960206 0.066008
vt -0.949442 0.091877
vt -0.907821 0.066008
vt -0.906028 0.090101
vt -0.853537 0.066008
vt -0.841225 0.104143
vt -0.808415 0.113399
vt -0.832168 0.147469
vt -0.798893 0.167489
vt -0.844882 0.174359
vt -0.820492 0.193646
vt -0.768172 0.600000
vt -0.873292 0.641107
vt -0.873292 0.600000
vt -0.769354 0.641107
vt -0.722240 0.600000
vt -0.722770 0.641107
vt -0.688638 0.641107
vt -0.688529 0.673705
vt -0.722630 0.672904
vt -0.688421 0.700474
vt -0.722414 0.701011
vt -0.688313 0.734271
vt -0.722197 0.734808
vt -0.789406 0.400302
vt -0.748256 0.399679
vt -0.752689 0.328162
vt -0.789381 0.452985
vt -0.816937 0.448659
vt -0.789384 0.481887
vt -0.836291 0.483740
vt -0.789384 0.522400
vt -0.835888 0.522311
vt -0.789384 0.556681
vt -0.820329 0.571161
vt -0.805863 0.590936
vt -0.958889 0.572035
vt -0.990915 0.505599
vt -0.994861 0.561187
vt -0.955235 0.501118
vt -0.935689 0.534290
vt -0.898196 0.527866
vt -0.911904 0.549934
vt -0.897824 0.576807
vt -0.948476 0.591925
vt -0.945003 0.605437
vt -0.705877 0.272947
vt -0.682805 0.210298
vt -0.673800 0.251367
vt -0.712316 0.225831
vt -0.731038 0.243708
vt -0.740090 0.220800
vt -0.773779 0.242067
vt -0.774126 0.189795
vt -0.798018 0.216565
vt -0.900754 0.253985
vt -0.940947 0.200000
vt -0.892540 0.242565
vt -0.942479 0.218518
vt -0.937379 0.257028
vt -0.990829 0.261184
vt -0.926772 0.281163
vt -0.990862 0.292904
vt -0.936040 0.326802
vt -0.990905 0.335308
vt -0.936040 0.326802
vt -0.949260 0.381150
vt -0.945932 0.406103
vt -0.956240 0.438330
vt -0.990931 0.466993
vt -0.823769 0.673572
vt -0.764015 0.673913
vt -0.722770 0.672046
vt -0.983324 0.097416
vt -0.971824 0.066008
vt -0.984000 0.066008
vt -0.968889 0.097100
vt -0.982459 0.129798
vt -0.967867 0.117919
vt -0.948176 0.142929
vt -0.945519 0.121898
vt -0.737915 0.456550
vt -0.726480 0.481458
vt -0.724137 0.517309
vt 0.540453 0.000000
vt 0.581926 0.015179
vt 0.585448 0.000000
vt 0.537329 0.015155
vt 0.484570 0.000000
vt 0.481694 0.015404
vt 0.439814 0.000000
vt 0.437400 0.015391
vt -0.948176 0.142929
vt -0.905553 0.127684
vt -0.905306 0.155932
vt -0.945519 0.121898
vt -0.967867 0.117919
vt -0.722847 0.641107
vt -0.763874 0.675205
vt -0.769354 0.641107
vt -0.823769 0.673572
vt -0.873292 0.641107
vt 0.658398 0.000000
vt 0.721367 0.066332
vt 0.725717 0.000000
vt 0.679692 0.043860
vt 0.610865 0.015154
vt -0.949442 0.091877
vt -0.960206 0.066008
vt -0.990862 0.292904
vt -0.990905 0.335308
vt -0.990905 0.396927
vt 0.990838 0.029642
vt 0.908278 0.044875
vt 0.913836 0.000000
vt 0.869628 0.000000
vt 0.348421 0.029642
vt 0.348420 0.000000
vt -0.707979 0.180677
vt -0.723070 0.193262
vt -0.686312 0.600000
vt -0.722240 0.600000
vt -0.768172 0.600000
vt -0.789417 0.328493
vt -0.767310 0.302880
vt -0.827930 0.400397
vt 0.821696 0.065647
vt 0.755660 0.070067
vt 0.826695 0.000000
vt 0.760586 0.000000
vt 0.864353 0.056591
vt -0.814288 0.066008
vt -0.762998 0.112703
vt -0.763025 0.066008
vt -0.982459 0.129798
vt -0.754278 0.300647
vt -0.729526 0.287383
vt -0.940947 0.200000
vt -0.892540 0.242565
vt -0.742290 0.555924
vt -0.760795 0.581950
vt -0.789387 0.590356
vt -0.722770 0.700153
vt -0.779989 0.700153
vt -0.746191 0.733951
vt -0.722770 0.733951
vt -0.990915 0.431666
vt -0.779632 0.701444
vt -0.745618 0.735025
vt -0.789391 0.290911
vt -0.811488 0.300323
vt -0.831798 0.328176
vt -0.905553 0.127684
vt -0.905306 0.155932
vt -0.990835 0.218518
vt -0.990842 0.200000
vt -0.760795 0.581950
vt -0.789384 0.556681
vt -0.742290 0.555924
vt -0.789387 0.590356
vt -0.877391 0.539399
vt -0.873292 0.600000
vt -0.805863 0.590936
vt -0.820329 0.571161
vt 0.990413 0.000000
vt 0.484570 0.000000
vt 0.481694 0.015404
vt 0.439814 0.000000
vt 0.537329 0.015155
vt 0.540453 0.000000
vt 0.581926 0.015179
vt 0.585448 0.000000
vt 0.610865 0.015154
vt 0.658398 0.000000
vt 0.679692 0.043860
vt 0.721367 0.066332
vt 0.666387 0.115694
vt 0.755660 0.070067
vt 0.755660 0.103775
vt 0.821696 0.065647
vt -0.147054 0.505248
vt -0.091744 0.548975
vt -0.091343 0.505248
vt -0.154897 0.547284
vt -0.267492 0.505248
vt -0.194471 0.623167
vt -0.258354 0.608806
vt -0.266122 0.664707
vt -0.314811 0.661344
vt -0.316679 0.715146
vt -0.369746 0.710243
vt -0.328671 0.749896
vt -0.376817 0.739293
vt -0.328671 0.760684
vt -0.377620 0.752647
vt 0.855139 0.206913
vt 0.821695 0.209728
vt 0.755660 0.332214
vt 0.666387 0.321763
vt 0.755660 0.414443
vt 0.666387 0.400874
vt 0.755660 0.505248
vt 0.666387 0.507249
vt -0.092331 0.603432
vt -0.149070 0.636917
vt -0.196446 0.677311
vt -0.267757 0.716406
vt -0.267044 0.757159
vt -0.267044 0.764557
vt -0.873292 0.641107
vt -0.768172 0.600000
vt -0.873292 0.600000
vt -0.769354 0.641107
vt -0.823769 0.673572
vt -0.764015 0.673913
vt -0.779989 0.700153
vt -0.722770 0.672046
vt -0.722770 0.700153
vt -0.688421 0.700474
vt -0.688313 0.734271
vt -0.722414 0.701011
vt -0.722197 0.734808
vt -0.092911 0.641027
vt -0.093534 0.681408
vt -0.106948 0.700153
vt -0.102414 0.705005
vt -0.147054 0.729649
vt -0.147630 0.741786
vt -0.209753 0.750939
vt -0.209754 0.762104
vt -0.328670 0.511002
vt -0.313029 0.605886
vt -0.366603 0.604142
vt -0.362470 0.660348
vt -0.436897 0.599690
vt -0.434316 0.655604
vt -0.484945 0.653497
vt -0.480954 0.698924
vt -0.505739 0.652632
vt -0.485209 0.708762
vt -0.154897 0.547284
vt -0.267492 0.505248
vt -0.147054 0.505248
vt -0.194471 0.623167
vt -0.149070 0.636917
vt -0.196446 0.677311
vt -0.146621 0.692422
vt -0.202100 0.724827
vt -0.147054 0.729649
vt -0.209753 0.750939
vt -0.147630 0.741786
vt -0.209754 0.762104
vt -0.480954 0.698924
vt -0.444544 0.734704
vt -0.485209 0.708762
vt -0.436888 0.726198
vt -0.434170 0.708940
vt -0.369746 0.710243
vt -0.362470 0.660348
vt -0.314811 0.661344
vt -0.313029 0.605886
vt -0.258354 0.608806
vt -0.328670 0.511002
vt 0.348421 0.029642
vt 0.348420 0.000000
vt 0.437400 0.015391
vt 0.481814 0.041318
vt 0.540797 0.040729
vt 0.582005 0.065292
vt 0.621038 0.101867
vt 0.922024 0.497101
vt 0.986983 0.365301
vt 0.986983 0.495540
vt 0.922024 0.385764
vt 0.855139 0.407668
vt 0.855139 0.325436
vt 0.821696 0.333299
vt 0.855139 0.206913
vt 0.821695 0.209728
vt 0.821695 0.153737
vt 0.755660 0.204268
vt -0.682805 0.210298
vt -0.705877 0.272947
vt -0.673800 0.251367
vt -0.712316 0.225831
vt -0.707979 0.180677
vt -0.723070 0.193262
vt -0.762998 0.112703
vt -0.774126 0.189795
vt -0.798893 0.167489
vt -0.820492 0.193646
vt -0.844882 0.174359
vt 0.492463 0.276031
vt 0.483443 0.342876
vt 0.438276 0.250357
vt 0.512803 0.351837
vt 0.533967 0.277919
vt 0.543228 0.348964
vt 0.585418 0.333513
vt 0.585506 0.412669
vt 0.621038 0.403241
vt 0.621038 0.509251
vt 0.666387 0.507249
vt -0.377620 0.752647
vt -0.376817 0.739293
vt -0.328671 0.749896
vt -0.316679 0.715146
vt -0.267044 0.757159
vt -0.267757 0.716406
vt -0.835888 0.522311
vt -0.789384 0.522400
vt -0.836291 0.483740
vt -0.789384 0.481887
vt -0.816937 0.448659
vt -0.789381 0.452985
vt -0.789406 0.400302
vt -0.748256 0.399679
vt -0.752689 0.328162
vt -0.779632 0.701444
vt -0.745618 0.735025
vt -0.763874 0.675205
vt -0.722630 0.672904
vt -0.722847 0.641107
vt -0.688638 0.641107
vt -0.686312 0.600000
vt -0.722240 0.600000
vt 0.990838 0.029642
vt 0.913836 0.000000
vt 0.990413 0.000000
vt 0.908278 0.044875
vt 0.922025 0.101104
vt 0.864353 0.056591
vt 0.855138 0.099730
vt 0.821696 0.102827
vt 0.381864 0.306830
vt 0.381757 0.216054
vt 0.440558 0.330639
vt 0.440716 0.392866
vt 0.483459 0.410268
vt 0.442211 0.501073
vt 0.483952 0.505248
vt 0.585646 0.509251
vt 0.543347 0.426950
vt 0.543449 0.507500
vt 0.512339 0.425946
vt 0.516818 0.506749
vt 0.582126 0.262421
vt 0.621038 0.325940
vt 0.621038 0.240445
vt 0.666387 0.321763
vt 0.666387 0.217428
vt 0.666387 0.175650
vt 0.621038 0.403241
vt 0.585506 0.412669
vt 0.621038 0.509251
vt 0.585418 0.333513
vt 0.621038 0.325940
vt 0.621038 0.240445
vt -0.990931 0.466993
vt -0.956240 0.438330
vt -0.990915 0.505599
vt -0.945932 0.406103
vt -0.990915 0.431666
vt -0.949260 0.381150
vt -0.990905 0.396927
vt -0.091744 0.548975
vt -0.091343 0.505248
vt -0.092331 0.603432
vt -0.092911 0.641027
vt -0.093534 0.681408
vt -0.958889 0.572035
vt -0.994861 0.561187
vt -0.955235 0.501118
vt -0.898196 0.527866
vt -0.894631 0.444223
vt -0.877391 0.539399
vt 0.821695 0.415093
vt 0.755660 0.332214
vt 0.755660 0.414443
vt 0.666387 0.400874
vt 0.755660 0.505248
vt 0.986983 0.365301
vt 0.922024 0.497101
vt 0.986983 0.495540
vt 0.922024 0.385764
vt 0.922025 0.315190
vt 0.855139 0.325436
vt 0.483443 0.342876
vt 0.512803 0.351837
vt 0.483459 0.410268
vt 0.512339 0.425946
vt 0.516818 0.506749
vt 0.543449 0.507500
vt 0.543228 0.348964
vt 0.543347 0.426950
vt 0.585646 0.509251
vt -0.505739 0.652632
vt -0.484945 0.653497
vt -0.515969 0.603432
vt -0.483350 0.599727
vt -0.516048 0.505248
vt -0.483350 0.506749
vt -0.906028 0.090101
vt -0.853537 0.066008
vt -0.907821 0.066008
vt -0.841225 0.104143
vt -0.832168 0.147469
vt -0.808415 0.113399
vt -0.202100 0.724827
vt -0.146621 0.692422
vt 0.440716 0.392866
vt 0.409720 0.499076
vt 0.442211 0.501073
vt 0.381817 0.374067
vt 0.440558 0.330639
vt 0.381864 0.306830
vt 0.348421 0.167552
vt 0.392390 0.191601
vt 0.348421 0.195203
vt 0.348421 0.294952
vt 0.354204 0.365301
vt -0.948476 0.591925
vt -0.897824 0.576807
vt -0.945003 0.605437
vt -0.911904 0.549934
vt -0.935689 0.534290
vt 0.826695 0.000000
vt 0.760586 0.000000
vt 0.725717 0.000000
vt -0.731038 0.243708
vt -0.754278 0.300647
vt -0.729526 0.287383
vt -0.773779 0.242067
vt -0.740090 0.220800
vt 0.483952 0.505248
vt 0.821695 0.415093
vt 0.821696 0.333299
vt 0.855139 0.407668
vt -0.366603 0.604142
vt -0.436897 0.599690
vt -0.434316 0.655604
vt -0.515969 0.603432
vt -0.483350 0.599727
vt -0.483350 0.506749
vt -0.429726 0.511002
vt -0.266122 0.664707
vt -0.722240 0.600000
vt -0.768172 0.600000
vt -0.769354 0.641107
vt -0.873292 0.600000
vt -0.873292 0.641107
vt -0.724137 0.517309
vt -0.726480 0.481458
vt -0.737915 0.456550
vt -0.881972 0.339831
vt -0.853878 0.279372
vt -0.853878 0.329123
vt -0.873556 0.287007
vt 0.855139 0.503297
vt 0.821695 0.505068
vt 0.796957 0.505248
vt -0.814288 0.066008
vt -0.763025 0.066008
vt -0.827930 0.400397
vt -0.789417 0.328493
vt -0.831798 0.328176
vt -0.811488 0.300323
vt 0.409720 0.499076
vt 0.381817 0.374067
vt 0.381886 0.493442
vt 0.354204 0.495540
vt -0.722770 0.641107
vt -0.688529 0.673705
vt -0.102414 0.705005
vt -0.106948 0.700153
vt 0.986983 0.294954
vt 0.986983 0.195336
vt -0.444544 0.734704
vt -0.436888 0.726198
vt -0.434170 0.708940
vt 0.796957 0.505248
vt 0.821695 0.505068
vt 0.855139 0.503297
vt -0.853878 0.374592
vt -0.853878 0.431519
vt -0.892089 0.379562
vt 0.922025 0.315190
vt 0.986983 0.294954
vt 0.922024 0.194938
vt 0.438355 0.074227
vt 0.348421 0.111308
vt -0.823769 0.673572
vt 0.621038 0.200643
vt 0.381886 0.493442
vt 0.354204 0.495540
vt 0.354204 0.365301
vt 0.855139 0.150532
vt 0.922025 0.150582
vt 0.666387 0.217428
vt 0.869628 0.000000
vt -0.746191 0.733951
vt -0.722770 0.733951
vt -0.798018 0.216565
vt -0.789391 0.290911
vt -0.767310 0.302880
vt -0.368096 0.511002
vt -0.516048 0.505248
vt -0.328671 0.760684
vt -0.267044 0.764557
vt -0.429726 0.511002
vt -0.368096 0.511002
vt 0.348421 0.195203
vt 0.348421 0.294952
vt 0.986983 0.195336
vt 0.986983 0.167716
vt 0.986983 0.111465
vt 0.348421 0.148954
vt 0.438285 0.175819
vt 0.438304 0.130220
vt 0.477970 0.146042
vt 0.480097 0.111785
vt 0.547544 0.111366
vt 0.544421 0.078417
vt 0.581975 0.088209
vt 0.621038 0.115211
vt 0.476468 0.171661
vt 0.550601 0.173796
vt 0.550668 0.144315
vt 0.582000 0.179815
vt 0.581969 0.126971
vt 0.621038 0.169514
vt 0.621038 0.137629
vt 0.666387 0.152840
vt 0.480400 0.205268
vt 0.547743 0.206706
vt 0.582097 0.224212
vt 0.482224 0.077529
vt 0.438333 0.097479
vt 0.438286 0.215650
vt 0.484332 0.238874
vt 0.986983 0.148853
vt 0.544884 0.239617
vt 0.755660 0.154615
vt -0.900990 0.905034
vt -0.895958 0.919438
vt -0.942907 0.903069
vt -0.858731 0.916544
vt -0.849763 0.896310
vt -0.833445 0.911050
vt -0.823520 0.892928
vt -0.784330 0.894252
vt -0.780230 0.883933
vt -0.746537 0.881222
vt -0.744204 0.870380
vt -0.687957 0.854974
vt -0.890052 0.935706
vt -0.849306 0.929571
vt -0.822720 0.933920
vt -0.787492 0.906488
vt -0.633807 0.882999
vt -0.578605 0.893709
vt -0.638111 0.895439
vt -0.636254 0.874148
vt -0.668938 0.884325
vt -0.661654 0.869630
vt -0.692135 0.868982
vt -0.750303 0.890764
vt -0.426286 0.845724
vt -0.424186 0.833179
vt -0.398485 0.839601
vt -0.463836 0.832334
vt -0.464499 0.847688
vt -0.496997 0.837376
vt -0.149419 0.901513
vt -0.190859 0.902504
vt -0.150274 0.891480
vt -0.187720 0.920227
vt -0.151901 0.919649
vt -0.993860 0.899119
vt -0.994055 0.882783
vt -0.950962 0.916394
vt -0.549517 0.858371
vt -0.529352 0.896431
vt -0.570550 0.881557
vt -0.521861 0.888365
vt -0.498227 0.881434
vt -0.537020 0.845808
vt -0.538653 0.832207
vt -0.500567 0.853035
vt -0.543761 0.912052
vt -0.552216 0.921578
vt -0.008335 0.899119
vt -0.060213 0.904015
vt -0.008140 0.882783
vt -0.052189 0.916926
vt -0.370921 0.867415
vt -0.375676 0.844890
vt -0.333949 0.876680
vt -0.398226 0.856862
vt -0.535763 0.855284
vt -0.501523 0.867351
vt -0.591580 0.921636
vt -0.707679 0.885284
vt -0.105566 0.921228
vt -0.101149 0.906835
vt -0.656745 0.837263
vt -0.688697 0.836625
vt -0.661969 0.825598
vt -0.776703 0.871714
vt -0.755151 0.903711
vt -0.688974 0.821158
vt -0.669465 0.808385
vt -0.733529 0.850377
vt -0.738615 0.860823
vt -0.770445 0.864206
vt -0.771830 0.857932
vt -0.820911 0.879120
vt -0.810342 0.850993
vt -0.835998 0.864681
vt -0.856361 0.887545
vt -0.856527 0.867194
vt -0.628207 0.836537
vt -0.840702 0.848217
vt -0.767393 0.854961
vt -0.812332 0.847074
vt -0.841548 0.845846
vt -0.856679 0.844421
vt -0.856301 0.847966
vt -0.887801 0.841357
vt -0.887589 0.844016
vt -0.929757 0.830651
vt -0.928517 0.834385
vt -0.949572 0.854292
vt -0.886406 0.867015
vt -0.636652 0.798987
vt -0.680114 0.791797
vt -0.643809 0.787612
vt -0.675454 0.800575
vt -0.690576 0.816526
vt -0.729679 0.843772
vt -0.421340 0.818686
vt -0.420374 0.799903
vt -0.358755 0.832538
vt -0.466765 0.797000
vt -0.463834 0.818971
vt -0.505952 0.803105
vt -0.503874 0.822533
vt -0.543249 0.815639
vt -0.587934 0.830858
vt -0.576844 0.847837
vt -0.578233 0.857221
vt -0.576738 0.868716
vt -0.631901 0.858630
vt -0.593410 0.865398
vt -0.608332 0.855657
vt -0.594497 0.854558
vt -0.617061 0.833502
vt -0.116102 0.867462
vt -0.145994 0.872158
vt -0.105771 0.892801
vt -0.055096 0.856043
vt -0.058780 0.885131
vt -0.008513 0.872137
vt -0.993681 0.872137
vt -0.993634 0.849306
vt -0.944745 0.883889
vt -0.900019 0.888811
vt -0.232528 0.878001
vt -0.273491 0.879096
vt -0.272892 0.871250
vt -0.232782 0.884527
vt -0.192073 0.889959
vt -0.225648 0.901378
vt -0.659318 0.856332
vt -0.538839 0.798374
vt -0.580265 0.798924
vt -0.574988 0.813714
vt -0.623409 0.818509
vt -0.373047 0.834036
vt -0.340122 0.856063
vt -0.303669 0.862676
vt -0.281215 0.895079
vt -0.586993 0.861588
vt -0.008561 0.849306
vt -0.521940 0.911261
vt -0.512756 0.907124
vt -0.498033 0.923036
vt -0.499696 0.915291
vt -0.457533 0.940361
vt -0.464942 0.927249
vt -0.428701 0.946236
vt -0.432594 0.929350
vt -0.408726 0.937796
vt -0.436306 0.916980
vt -0.416515 0.921286
vt -0.421894 0.908179
vt -0.384611 0.919337
vt -0.393594 0.898322
vt -0.354230 0.920846
vt -0.360104 0.905105
vt -0.307650 0.931159
vt -0.315178 0.918528
vt -0.395149 0.879508
vt -0.431089 0.871346
vt -0.426344 0.891357
vt -0.466222 0.863575
vt -0.465550 0.883149
vt -0.471807 0.898627
vt -0.505161 0.891914
vt -0.468975 0.909450
vt -0.502076 0.900069
vt -0.468410 0.915605
vt -0.275348 0.929767
vt -0.269674 0.944559
vt -0.278464 0.919527
vt -0.326726 0.897120
vt -0.367903 0.881992
vt -0.257909 0.904314
vt -0.184391 0.929447
vt -0.250650 0.917020
vt -0.216333 0.931985
vt -0.247898 0.932368
vt -0.277090 0.908097
vt -0.248869 0.944966
vt -0.676436 0.901537
vt -0.650490 0.924752
vt -0.695420 0.930766
vt -0.720599 0.904368
vt -0.993816 0.930216
vt -0.951082 0.932552
vt -0.509306 0.905598
vt -0.152784 0.929857
vt -0.111119 0.933444
vt -0.724401 0.919115
vt -0.788601 0.932729
vt -0.760086 0.932785
vt -0.728203 0.933861
vt -0.008378 0.930216
vt -0.052319 0.932804
vt -0.440428 0.953369
vt -0.453835 0.950322
vt -0.502941 0.935426
vt -0.510025 0.946932
vt -0.521322 0.948237
vt -0.527210 0.950898
vt -0.544567 0.943519
vt -0.596863 0.941027
vt -0.653900 0.945121
vt -0.339375 0.832331
vt -0.115768 0.844593
vt -0.146260 0.848278
vt -0.172866 0.869749
vt -0.161611 0.848129
vt -0.191205 0.849921
vt -0.160647 0.845846
vt -0.189863 0.847074
vt -0.272516 0.843772
vt -0.313052 0.820853
vt -0.311619 0.816526
vt -0.272054 0.848776
vt -0.234802 0.854961
vt -0.235137 0.859951
vt -0.311030 0.841354
vt -0.269097 0.861225
vt -0.236342 0.867811
vt -0.145515 0.844421
vt -0.114393 0.841357
vt -0.419375 0.778190
vt -0.465903 0.783136
vt -0.465253 0.775994
vt -0.420216 0.786616
vt -0.358386 0.787612
vt -0.363835 0.798319
vt -0.322081 0.791797
vt -0.328865 0.802232
vt -0.581400 0.785917
vt -0.536826 0.782611
vt -0.501679 0.777275
vt -0.501333 0.767590
vt -0.582819 0.778190
vt -0.536941 0.775994
vt -0.559915 0.969090
vt -0.611514 0.969002
vt -0.604895 0.999961
vt -0.661267 0.963032
vt -0.673803 0.999168
vt -0.695420 0.962553
vt -0.706594 0.998938
vt -0.741517 0.967276
vt -0.745681 0.999150
vt -0.765754 0.963290
vt -0.767149 0.998810
vt -0.798486 0.958837
vt -0.799918 0.998231
vt -0.843804 0.960054
vt -0.835730 0.998502
vt -0.879750 0.960965
vt -0.873173 0.998730
vt -0.907128 0.997914
vt -0.861742 1.019260
vt -0.993739 1.000092
vt -0.217421 0.946804
vt -0.250878 0.952033
vt -0.209116 0.967219
vt -0.243562 0.963506
vt -0.235842 0.998834
vt -0.257094 0.998604
vt -0.205797 1.019293
vt -0.294988 0.999006
vt -0.328287 0.999127
vt -0.301285 0.963161
vt -0.339988 0.962665
vt -0.349715 0.941071
vt -0.371575 0.941745
vt -0.407195 0.956730
vt -0.355484 0.966974
vt -0.402501 0.974348
vt -0.398620 1.000559
vt -0.418060 1.000229
vt -0.452650 1.019368
vt -0.437733 1.000074
vt -0.501208 0.998961
vt -0.500217 0.966029
vt -0.513346 0.972691
vt -0.674894 0.945383
vt -0.695887 0.945645
vt -0.733727 0.946906
vt -0.095174 0.997859
vt -0.008456 1.000092
vt -0.128087 0.998757
vt -0.166648 0.999398
vt -0.160028 0.968067
vt -0.186895 0.952229
vt -0.946074 0.954378
vt -0.444903 0.970454
vt -0.445123 0.963403
vt -0.422661 0.971621
vt -0.424118 0.965555
vt -0.072437 0.830651
vt -0.079431 0.837503
vt -0.034006 0.813919
vt -0.033091 0.817955
vt -0.008612 0.804134
vt -0.008612 0.809043
vt -0.268384 0.951698
vt -0.265872 0.962396
vt -0.509905 0.999779
vt -0.584713 1.019641
vt -0.564755 0.999921
vt -0.057080 0.953883
vt -0.114078 0.961206
vt -0.340174 0.999628
vt -0.968189 0.813919
vt -0.969331 0.817671
vt -0.993739 0.969005
vt -0.202881 0.999168
vt -0.008456 0.969005
vt -0.309375 0.944786
vt -0.993583 0.809043
vt -0.993583 0.804134
vt -0.709861 1.019276

vn 0.875107 -0.219849 0.431107
vn 0.415108 -0.325296 0.849628
vn 0.883657 -0.180175 0.432073
vn 0.434067 -0.425430 0.794100
vn 0.537203 -0.308439 0.785034
vn -0.452579 -0.361812 0.815024
vn -0.513918 -0.305104 0.801748
vn -0.740785 -0.209182 0.638341
vn -0.734101 -0.140796 0.664283
vn -0.859773 -0.202516 0.468805
vn -0.859336 -0.041342 0.509738
vn -0.982652 -0.147012 -0.113058
vn -0.972977 0.038491 -0.227671
vn -0.676729 -0.083159 -0.731521
vn 0.944645 -0.227049 0.236843
vn 0.976189 -0.191808 -0.101318
vn 0.973063 -0.088770 -0.212762
vn 0.863590 -0.165062 0.476411
vn 0.789081 -0.284814 0.544272
vn 0.345858 -0.118502 0.930773
vn 0.210582 -0.255074 0.943712
vn -0.488365 -0.113959 0.865167
vn -0.477425 -0.277247 0.833786
vn -0.707782 -0.177935 0.683654
vn -0.780565 -0.263443 0.566847
vn -0.910101 -0.055746 0.410620
vn 0.780985 0.024644 -0.624063
vn 0.976189 -0.191808 -0.101318
vn 0.970695 -0.193863 -0.142012
vn 0.667103 -0.143248 -0.731063
vn 0.329329 0.054460 -0.942643
vn 0.367299 -0.151157 -0.917738
vn -0.160409 -0.018461 -0.986878
vn -0.160201 -0.154405 -0.974933
vn -0.683878 -0.093227 -0.723616
vn -0.398635 0.099608 0.911684
vn 0.489782 0.007668 0.871811
vn 0.570550 -0.176949 0.801974
vn 0.891233 -0.072635 0.447691
vn 0.970695 -0.193863 -0.142012
vn -0.934253 -0.181239 0.307123
vn -0.708975 -0.212395 0.672490
vn -0.414978 -0.283398 0.864569
vn -0.720480 -0.038467 0.692408
vn -0.564139 -0.166161 0.808788
vn -0.984262 -0.014028 -0.176159
vn -0.877002 -0.129199 0.462791
vn -0.453917 -0.267011 0.850097
vn 0.077116 -0.186966 0.979335
vn 0.980043 -0.122626 0.156458
vn 0.734020 -0.140754 0.664381
vn -0.607762 0.003576 -0.794111
vn 0.973063 -0.088770 -0.212762
vn 0.735339 -0.156749 -0.659323
vn -0.719809 -0.663232 -0.204934
vn -0.996701 -0.025972 -0.076893
vn -0.753817 -0.650818 -0.090529
vn -0.964001 0.260849 -0.051579
vn -0.825099 -0.538233 -0.171806
vn -0.871666 0.486654 0.058016
vn -0.717891 -0.682924 0.135082
vn -0.789427 0.587093 0.179241
vn -0.845819 0.205483 0.492307
vn -0.510431 0.827337 0.234465
vn -0.468089 0.756400 0.456893
vn -0.158571 0.766212 0.622715
vn -0.430857 0.270520 0.860919
vn -0.053030 0.297318 0.953305
vn -0.128613 -0.594384 0.793830
vn 0.281340 -0.336800 0.898562
vn -0.053030 0.297318 0.953305
vn -0.128613 -0.594384 0.793830
vn 0.461076 0.281545 0.841511
vn 0.659193 -0.624325 0.419145
vn 0.889851 0.256335 0.377436
vn 0.706976 -0.692461 0.143813
vn 0.910362 0.380764 0.162049
vn 0.779417 -0.612467 -0.131885
vn 0.962076 0.272723 0.005728
vn 0.991507 -0.011199 -0.129573
vn 0.691157 0.677707 0.251029
vn 0.763426 0.604209 0.228280
vn -0.090035 0.901826 0.422615
vn -0.016412 0.872351 0.488604
vn 0.754082 -0.652211 -0.077335
vn 0.989615 -0.106383 0.096665
vn 0.603897 -0.794250 0.066891
vn 0.938710 0.094159 -0.331599
vn 0.406402 -0.723657 -0.557815
vn 0.578104 0.159841 -0.800154
vn -0.078803 0.095286 -0.992326
vn 0.184664 0.247238 -0.951195
vn -0.524888 0.234327 -0.818281
vn 0.035459 0.085505 -0.995707
vn -0.592026 0.159389 -0.790000
vn 0.000400 -0.598232 -0.801323
vn -0.491653 -0.566938 -0.660953
vn 0.028247 -0.999583 0.006063
vn -0.753817 -0.650818 -0.090529
vn -0.706098 -0.628428 -0.326351
vn 0.024469 -0.999611 -0.013351
vn 0.544435 -0.820764 -0.173020
vn -0.001506 -0.999945 -0.010379
vn 0.779417 -0.612467 -0.131885
vn -0.013641 -0.999888 -0.006123
vn 0.706976 -0.692461 0.143813
vn -0.008621 -0.999963 0.000497
vn 0.659193 -0.624325 0.419145
vn 0.281340 -0.336800 0.898562
vn -0.692186 0.095308 0.715398
vn -0.074715 0.601963 0.795021
vn 0.028434 0.271219 0.962098
vn -0.712836 0.480992 0.510404
vn -0.864226 0.339154 0.371601
vn -0.989369 0.130543 0.064097
vn -0.983489 0.092117 -0.155768
vn -0.837333 -0.016245 -0.546451
vn -0.983175 -0.174346 0.054498
vn -0.721079 -0.632344 -0.283172
vn 0.938060 -0.345554 -0.025228
vn 0.829331 0.002979 -0.558750
vn 0.733065 -0.624810 -0.268752
vn 0.970142 0.033430 -0.240221
vn 0.653120 0.368105 0.661765
vn 0.730297 0.232005 0.642526
vn -0.074715 0.601963 0.795021
vn 0.805621 0.386300 0.449162
vn 0.034649 0.829146 0.557957
vn 0.845819 0.205483 0.492307
vn 0.428401 -0.725494 0.538638
vn 0.472607 -0.829306 0.298151
vn 0.430857 0.270520 0.860919
vn 0.468089 0.756400 0.456893
vn 0.158571 0.766212 0.622715
vn 0.510431 0.827337 0.234465
vn 0.096603 0.966306 0.238579
vn 0.528761 0.814875 0.237468
vn 0.127603 0.915300 0.382024
vn -0.528761 0.814875 0.237468
vn -0.654882 0.689820 0.308670
vn -0.681706 0.630187 0.371673
vn -0.769175 0.559276 0.309162
vn 0.034649 0.829146 0.557957
vn 0.962487 -0.004237 -0.271295
vn 0.768037 0.259701 -0.585384
vn 0.583101 0.226631 -0.780148
vn 0.053030 0.297318 0.953305
vn -0.281340 -0.336800 0.898562
vn 0.128613 -0.594384 0.793830
vn -0.461076 0.281545 0.841512
vn 0.158571 0.766212 0.622715
vn -0.362180 0.825302 0.433246
vn 0.096603 0.966306 0.238579
vn -0.589798 0.778850 0.213378
vn -0.719809 -0.663232 -0.204934
vn -0.825099 -0.538233 -0.171806
vn -0.717891 -0.682924 0.135082
vn -0.398887 -0.162232 0.902535
vn -0.646671 -0.114132 0.754182
vn -0.642833 -0.035015 0.765206
vn -0.200123 -0.235599 0.951023
vn 0.246141 -0.256946 0.934555
vn 0.371218 -0.320223 0.871581
vn 0.699181 -0.157704 0.697335
vn 0.764074 -0.277386 0.582450
vn -0.096603 0.966306 0.238579
vn 0.432351 0.835378 0.339435
vn -0.127603 0.915300 0.382024
vn 0.589798 0.778850 0.213378
vn 0.362180 0.825302 0.433246
vn -0.643142 -0.001743 -0.765745
vn -0.812877 0.260800 -0.520783
vn -0.942428 -0.037588 -0.332289
vn -0.952814 0.114991 -0.280933
vn -0.996701 -0.025972 -0.076893
vn -0.945704 0.199892 0.256297
vn -0.834984 0.369888 -0.407413
vn -0.834984 0.369888 -0.407413
vn -0.919299 0.221862 0.325063
vn -0.753640 0.036078 0.656296
vn -0.889851 0.256335 0.377436
vn -0.659193 -0.624325 0.419145
vn -0.096603 0.966306 0.238579
vn -0.127603 0.915300 0.382024
vn -0.090035 0.901826 0.422615
vn 0.994727 0.018322 0.100908
vn 0.799676 0.372986 -0.470531
vn 0.918914 0.249292 -0.305697
vn 0.475820 0.421994 -0.771697
vn 0.994727 0.018322 0.100908
vn 0.964457 0.109603 0.240436
vn 0.962487 -0.004237 -0.271295
vn 0.983647 -0.123272 0.131314
vn -0.150511 -0.598264 -0.787036
vn -0.460047 -0.736520 -0.495879
vn -0.706098 -0.628428 -0.326351
vn 0.004972 -0.999749 0.021862
vn -0.460047 -0.736520 -0.495879
vn 0.603897 -0.794250 0.066891
vn -0.157234 0.279958 -0.947049
vn -0.548423 0.331263 -0.767787
vn -0.054190 0.495748 -0.866774
vn -0.499562 0.470341 -0.727473
vn 0.327387 0.360777 -0.873303
vn 0.544435 -0.820764 -0.173020
vn 0.989615 -0.106383 0.096665
vn 0.603897 -0.794250 0.066891
vn -0.158571 0.766212 0.622715
vn 0.028434 0.271219 0.962098
vn 0.767759 0.023495 0.640307
vn -0.428401 -0.725494 0.538639
vn -0.472606 -0.829306 0.298151
vn -0.472606 -0.829306 0.298151
vn -0.428401 -0.725494 0.538639
vn -0.128613 -0.594384 0.793830
vn 0.561812 0.014494 -0.827138
vn 0.829331 0.002979 -0.558750
vn 0.733065 -0.624810 -0.268752
vn 0.405363 -0.633365 -0.659189
vn -0.016412 0.872351 0.488604
vn -0.837333 -0.016245 -0.546451
vn -0.721079 -0.632344 -0.283172
vn -0.150511 -0.598264 -0.787036
vn 0.406402 -0.723657 -0.557815
vn 0.754082 -0.652211 -0.077335
vn -0.432351 0.835378 0.339435
vn 0.127603 0.915300 0.382024
vn 0.053030 0.297318 0.953305
vn 0.128613 -0.594384 0.793830
vn 0.428401 -0.725494 0.538638
vn 0.013641 -0.999888 -0.006123
vn 0.472607 -0.829306 0.298151
vn 0.128613 -0.594384 0.793830
vn -0.952814 0.114991 -0.280933
vn -0.753817 -0.650818 -0.090529
vn -0.281340 -0.336800 0.898562
vn -0.659193 -0.624325 0.419145
vn 0.964457 0.109603 0.240436
vn -0.246141 -0.256946 0.934555
vn -0.371218 -0.320223 0.871582
vn -0.699181 -0.157704 0.697335
vn 0.200123 -0.235599 0.951023
vn 0.398887 -0.162232 0.902535
vn 0.646671 -0.114132 0.754182
vn 0.642833 -0.035016 0.765206
vn 0.753640 0.036078 0.656296
vn 0.945704 0.199892 0.256296
vn 0.919299 0.221862 0.325063
vn 0.834983 0.369888 -0.407413
vn 0.984637 -0.023366 -0.173046
vn 0.548424 0.331263 -0.767787
vn 0.607762 0.003576 -0.794111
vn 0.157234 0.279958 -0.947049
vn -0.631991 -0.126830 -0.764527
vn -0.187281 -0.072625 -0.979618
vn -0.237407 -0.084778 -0.967704
vn -0.597141 -0.096539 -0.796306
vn -0.947372 -0.137582 -0.289064
vn -0.885518 -0.035763 -0.463227
vn -0.977512 -0.077799 -0.196006
vn -0.974904 0.015367 -0.222093
vn -0.999747 -0.007432 0.021253
vn -0.998131 0.060548 -0.008298
vn -0.857934 0.053938 0.510921
vn -0.580329 0.765429 0.278096
vn -0.215082 0.823280 0.525309
vn -0.488336 0.842531 0.227310
vn -0.346581 0.824436 0.447423
vn 0.338475 -0.177743 -0.924036
vn -0.218772 -0.180984 -0.958845
vn -0.548377 -0.229810 -0.804034
vn -0.923703 -0.228446 -0.307547
vn -0.628624 -0.174879 -0.757793
vn -0.927264 -0.190263 -0.322460
vn -0.631991 -0.126830 -0.764527
vn -0.947372 -0.137582 -0.289064
vn -0.130295 0.005659 -0.991459
vn -0.517300 -0.008635 -0.855760
vn -0.883264 0.069592 -0.463683
vn -0.957167 0.092485 -0.274369
vn -0.578077 0.798566 -0.167690
vn -0.480719 0.869181 -0.115905
vn -0.989615 -0.106383 0.096665
vn -0.754082 -0.652212 -0.077335
vn -0.603897 -0.794251 0.066891
vn -0.938710 0.094159 -0.331599
vn -0.962487 -0.004237 -0.271295
vn -0.768037 0.259701 -0.585384
vn -0.829331 0.002979 -0.558750
vn -0.583101 0.226631 -0.780148
vn -0.561812 0.014494 -0.827138
vn -0.035459 0.085505 -0.995707
vn -0.000400 -0.598232 -0.801323
vn 0.592026 0.159389 -0.790000
vn 0.491653 -0.566938 -0.660953
vn -0.075334 0.013890 -0.997062
vn 0.014743 0.090111 -0.995823
vn 0.030889 0.267392 -0.963093
vn 0.026521 0.151330 -0.988127
vn -0.183099 0.599343 -0.779270
vn -0.406035 0.584266 -0.702687
vn -0.453873 0.795866 -0.400746
vn -0.418868 0.816547 -0.397241
vn -0.983362 -0.176516 0.042915
vn -0.993540 -0.107210 0.037201
vn -0.855539 -0.106638 0.506637
vn -0.825414 -0.033388 0.563540
vn -0.477215 -0.100639 0.873005
vn -0.471508 -0.020839 0.881615
vn -0.094953 -0.072560 0.992834
vn 0.251844 0.490024 0.834537
vn 0.244966 0.018206 0.969361
vn 0.267412 0.447640 0.853293
vn 0.597141 -0.096539 -0.796306
vn 0.947372 -0.137582 -0.289064
vn 0.631991 -0.126830 -0.764527
vn 0.885518 -0.035763 -0.463227
vn 0.517300 -0.008635 -0.855761
vn 0.883264 0.069592 -0.463683
vn 0.696981 0.071359 -0.713530
vn 0.883456 0.153141 -0.442780
vn 0.183099 0.599343 -0.779271
vn 0.453873 0.795865 -0.400748
vn 0.406035 0.584266 -0.702687
vn 0.418868 0.816546 -0.397243
vn -0.251844 0.490024 0.834536
vn 0.092045 0.671947 0.734858
vn -0.267412 0.447640 0.853293
vn 0.005875 0.737602 0.675210
vn 0.525610 0.029676 0.850208
vn 0.857934 0.053938 0.510921
vn 0.825414 -0.033388 0.563540
vn 0.999747 -0.007431 0.021253
vn 0.993540 -0.107210 0.037200
vn 0.977512 -0.077799 -0.196006
vn 0.983362 -0.176516 0.042915
vn -0.994727 0.018322 0.100908
vn -0.964457 0.109603 0.240436
vn -0.764074 -0.277386 0.582450
vn -0.415108 -0.325296 0.849628
vn 0.414978 -0.283399 0.864568
vn 0.717659 -0.205518 0.665378
vn 0.878374 -0.131097 0.459645
vn -0.798048 -0.121919 -0.590131
vn -0.944405 -0.089319 -0.316420
vn -0.987429 -0.013495 -0.157487
vn -0.732891 -0.137389 -0.666329
vn -0.530395 -0.196076 -0.824764
vn -0.482428 -0.153274 -0.862421
vn -0.055897 -0.207513 -0.976634
vn -0.338475 -0.177743 -0.924036
vn 0.218772 -0.180984 -0.958845
vn 0.160201 -0.154405 -0.974933
vn 0.683878 -0.093227 -0.723616
vn -0.829331 0.002979 -0.558750
vn -0.938060 -0.345554 -0.025228
vn -0.733065 -0.624810 -0.268752
vn -0.970142 0.033430 -0.240221
vn -0.962487 -0.004237 -0.271295
vn -0.983647 -0.123272 0.131315
vn -0.989615 -0.106383 0.096665
vn -0.805621 0.386300 0.449162
vn -0.763426 0.604209 0.228280
vn 0.016412 0.872351 0.488604
vn 0.090035 0.901826 0.422614
vn -0.077059 -0.186973 0.979338
vn -0.389067 -0.141434 0.910287
vn -0.734101 -0.140796 0.664283
vn 0.094667 -0.209397 0.973237
vn 0.453923 -0.266949 0.850113
vn 0.515495 -0.244961 0.821133
vn 0.805959 -0.265900 0.528893
vn 0.828941 -0.241584 0.504474
vn 0.972082 -0.215728 0.092293
vn 0.983362 -0.176516 0.042915
vn 0.947372 -0.137582 -0.289064
vn 0.346580 0.824435 0.447424
vn 0.215082 0.823280 0.525309
vn 0.580329 0.765429 0.278095
vn 0.998131 0.060548 -0.008298
vn 0.578077 0.798566 -0.167691
vn 0.957167 0.092485 -0.274369
vn -0.706976 -0.692461 0.143813
vn 0.013641 -0.999888 -0.006123
vn -0.779417 -0.612466 -0.131885
vn -0.001506 -0.999945 -0.010379
vn -0.544435 -0.820764 -0.173020
vn -0.024469 -0.999611 -0.013351
vn -0.028247 -0.999583 0.006063
vn 0.753817 -0.650818 -0.090529
vn 0.706097 -0.628428 -0.326351
vn 0.837333 -0.016245 -0.546451
vn 0.721079 -0.632344 -0.283172
vn 0.812877 0.260800 -0.520783
vn 0.524888 0.234327 -0.818281
vn 0.643141 -0.001743 -0.765745
vn 0.078803 0.095286 -0.992326
vn 0.150511 -0.598265 -0.787036
vn -0.406402 -0.723657 -0.557815
vn -0.994727 0.018322 0.100908
vn -0.918914 0.249292 -0.305697
vn -0.964457 0.109603 0.240436
vn -0.799676 0.372986 -0.470531
vn -0.780985 0.024644 -0.624063
vn -0.327387 0.360777 -0.873303
vn -0.329329 0.054460 -0.942643
vn 0.160409 -0.018461 -0.986878
vn -0.989455 -0.097706 0.106920
vn -0.980046 -0.122595 0.156460
vn -0.804831 -0.058740 0.590590
vn -0.753886 -0.073107 0.652925
vn -0.389067 -0.141434 0.910287
vn -0.652749 -0.106550 0.750044
vn -0.267672 -0.138305 0.953532
vn 0.767566 -0.182762 0.614362
vn 0.499948 -0.179259 0.847300
vn 0.440949 -0.150766 0.884779
vn 0.137572 -0.167651 0.976200
vn 0.141736 -0.146728 0.978970
vn 0.780715 -0.263239 0.566736
vn 0.952002 -0.235680 0.195311
vn 0.984455 -0.113476 0.134055
vn 0.933260 -0.227992 -0.277572
vn 0.933975 -0.034628 -0.355657
vn 0.972977 0.038491 -0.227671
vn -0.972082 -0.215728 0.092293
vn -0.828941 -0.241584 0.504474
vn -0.983362 -0.176516 0.042915
vn -0.805959 -0.265900 0.528893
vn -0.952002 -0.235680 0.195311
vn -0.984455 -0.113476 0.134055
vn -0.034649 0.829147 0.557957
vn 0.769175 0.559276 0.309162
vn 0.056043 0.588577 0.806496
vn 0.681706 0.630187 0.371673
vn 0.016412 0.872351 0.488604
vn 0.654882 0.689821 0.308670
vn 0.090035 0.901826 0.422614
vn 0.187281 -0.072625 -0.979618
vn 0.237407 -0.084778 -0.967704
vn 0.130294 0.005659 -0.991459
vn 0.075333 0.013890 -0.997062
vn -0.014743 0.090111 -0.995823
vn 0.698727 0.136461 0.702253
vn -0.069433 0.271353 0.959972
vn 0.728878 0.449014 0.516840
vn 0.989369 0.130543 0.064097
vn 0.996701 -0.025972 -0.076893
vn 0.952814 0.114991 -0.280933
vn 0.033684 -0.143989 -0.989006
vn 0.597154 -0.232766 -0.767612
vn 0.575368 -0.160337 -0.802025
vn 0.914566 -0.197200 -0.353101
vn 0.631991 -0.126830 -0.764527
vn 0.944405 -0.089318 -0.316419
vn 0.798049 -0.121919 -0.590130
vn 0.987429 -0.013494 -0.157485
vn 0.732891 -0.137389 -0.666329
vn 0.762283 -0.107138 -0.638315
vn 0.482428 -0.153274 -0.862421
vn 0.381207 -0.139071 0.913970
vn -0.094666 -0.209398 0.973237
vn 0.381207 -0.139071 0.913970
vn -0.137572 -0.167651 0.976200
vn -0.141736 -0.146728 0.978970
vn -0.440949 -0.150766 0.884779
vn -0.515495 -0.244960 0.821133
vn -0.499948 -0.179259 0.847300
vn -0.767566 -0.182762 0.614362
vn -0.244966 0.018206 0.969361
vn 0.094953 -0.072560 0.992834
vn -0.160404 -0.101575 0.981811
vn 0.046000 -0.117188 0.992044
vn -0.267672 -0.138305 0.953532
vn 0.141736 -0.146728 0.978970
vn -0.910362 0.380764 0.162049
vn -0.779417 -0.612466 -0.131885
vn -0.706976 -0.692461 0.143813
vn -0.962076 0.272723 0.005728
vn -0.691157 0.677707 0.251029
vn -0.991507 -0.011199 -0.129573
vn -0.883456 0.153141 -0.442779
vn -0.696981 0.071359 -0.713530
vn 0.753886 -0.073107 0.652925
vn 0.900453 -0.037683 0.433318
vn 0.652749 -0.106550 0.750044
vn 0.970142 -0.033430 0.240221
vn 0.804831 -0.058740 0.590590
vn 0.989455 -0.097709 0.106921
vn -0.973069 -0.088832 -0.212710
vn -0.944615 -0.227142 0.236874
vn -0.960384 -0.096640 -0.261386
vn -0.920704 -0.131467 -0.367451
vn -0.944405 -0.089319 -0.316420
vn 0.980970 -0.190443 0.037810
vn 0.837333 -0.016245 -0.546451
vn 0.721079 -0.632344 -0.283172
vn 0.983489 0.092117 -0.155768
vn 0.879804 0.311615 0.358943
vn 0.054190 0.495748 -0.866774
vn 0.499562 0.470342 -0.727473
vn 0.834983 0.369888 -0.407413
vn -0.653120 0.368105 0.661765
vn -0.069433 0.271353 0.959972
vn -0.767759 0.023495 0.640307
vn 0.056043 0.588577 0.806496
vn -0.730297 0.232005 0.642526
vn 0.267672 -0.138305 0.953532
vn -0.033684 -0.143989 -0.989006
vn 0.055897 -0.207513 -0.976634
vn 0.530395 -0.196076 -0.824764
vn 0.855539 -0.106638 0.506637
vn 0.477215 -0.100639 0.873005
vn 0.471508 -0.020839 0.881615
vn 0.160404 -0.101575 0.981811
vn -0.046000 -0.117188 0.992044
vn -0.141736 -0.146728 0.978970
vn -0.440949 -0.150766 0.884779
vn 0.974904 0.015367 -0.222093
vn 0.460046 -0.736520 -0.495879
vn 0.706097 -0.628428 -0.326351
vn 0.942428 -0.037588 -0.332289
vn 0.753817 -0.650818 -0.090529
vn 0.996701 -0.025972 -0.076893
vn 0.717891 -0.682924 0.135082
vn 0.825099 -0.538233 -0.171806
vn 0.719810 -0.663232 -0.204934
vn 0.871666 0.486654 0.058016
vn 0.717891 -0.682924 0.135082
vn 0.825099 -0.538233 -0.171806
vn 0.789427 0.587093 0.179241
vn -0.424004 -0.143623 -0.894200
vn -0.032692 -0.065610 -0.997310
vn 0.237407 -0.084778 -0.967704
vn -0.544435 -0.820764 -0.173020
vn -0.603897 -0.794251 0.066891
vn -0.603897 -0.794251 0.066891
vn -0.004972 -0.999749 0.021862
vn -0.754082 -0.652212 -0.077335
vn -0.406402 -0.723657 -0.557815
vn -0.900453 -0.037683 0.433318
vn -0.970849 -0.030657 0.237724
vn -0.984262 0.014028 0.176159
vn -0.987429 -0.013495 -0.157487
vn -0.578104 0.159841 -0.800154
vn -0.184664 0.247238 -0.951195
vn -0.026521 0.151331 -0.988127
vn -0.030888 0.267392 -0.963093
vn 0.920705 -0.131468 -0.367450
vn 0.960385 -0.096665 -0.261376
vn -0.092045 0.671947 0.734858
vn -0.005875 0.737603 0.675209
vn -0.525610 0.029676 0.850208
vn -0.237407 -0.084778 -0.967704
vn 0.032692 -0.065610 -0.997310
vn 0.424005 -0.143623 -0.894199
vn 0.719810 -0.663232 -0.204934
vn 0.753817 -0.650818 -0.090529
vn 0.964001 0.260849 -0.051579
vn -0.762283 -0.107138 -0.638315
vn -0.920704 -0.131467 -0.367451
vn -0.735327 -0.156756 -0.659334
vn -0.883657 -0.180175 0.432073
vn -0.970695 -0.193863 -0.142012
vn 0.952814 0.114991 -0.280933
vn 0.910015 -0.055557 0.410836
vn 0.984637 0.023366 0.173046
vn 0.987429 -0.013494 -0.157485
vn 0.944405 -0.089318 -0.316419
vn -0.367299 -0.151157 -0.917738
vn -0.667085 -0.143271 -0.731075
vn -0.933975 -0.034628 -0.355657
vn -0.475820 0.421994 -0.771697
vn -0.733065 -0.624810 -0.268752
vn -0.405363 -0.633365 -0.659189
vn -0.034649 0.829147 0.557957
vn 0.150511 -0.598265 -0.787036
vn 0.460046 -0.736520 -0.495879
vn -0.767566 -0.182762 0.614362
vn 0.267672 -0.138305 0.953532
vn 0.488336 0.842531 0.227310
vn 0.480719 0.869181 -0.115907
vn 0.440949 -0.150766 0.884779
vn 0.767566 -0.182762 0.614362
vn 0.960385 -0.096665 -0.261376
vn 0.920705 -0.131468 -0.367450
vn -0.960384 -0.096640 -0.261386
vn -0.973069 -0.088832 -0.212710
vn -0.970695 -0.193863 -0.142012
vn -0.976181 -0.191861 -0.101296
vn -0.863701 -0.165021 0.476224
vn -0.891233 -0.072635 0.447692
vn -0.570550 -0.176949 0.801974
vn -0.537203 -0.308439 0.785034
vn 0.506356 -0.311963 0.803917
vn 0.452579 -0.361812 0.815024
vn 0.740792 -0.227226 0.632136
vn 0.914286 -0.190751 0.357345
vn -0.489773 0.008197 0.871811
vn 0.398510 0.100444 0.911647
vn 0.552168 -0.156146 0.818980
vn 0.714758 -0.019131 0.699110
vn 0.721129 -0.126717 0.681114
vn 0.858709 -0.020996 0.512033
vn 0.863301 -0.208064 0.459805
vn 0.982433 -0.147148 -0.114777
vn -0.346471 -0.118258 0.930577
vn 0.488385 -0.113681 0.865192
vn 0.707746 -0.177522 0.683799
vn -0.434067 -0.425430 0.794100
vn -0.875107 -0.219849 0.431107
vn -0.789501 -0.284834 0.543652
vn -0.210870 -0.255452 0.943545
vn -0.976181 -0.191861 -0.101296
vn 0.477533 -0.277038 0.833794
vn 0.676728 -0.083159 -0.731521
vn -0.318876 0.335027 -0.886609
vn -0.343611 0.079327 -0.935756
vn -0.199036 0.120810 -0.972517
vn -0.390084 0.219901 -0.894135
vn -0.442353 0.347085 -0.826955
vn -0.644246 0.448191 -0.619735
vn -0.483824 0.724648 -0.490713
vn -0.830693 0.546423 -0.106633
vn -0.116341 0.969698 0.214828
vn -0.580806 0.746803 0.323959
vn -0.268222 0.785411 0.557841
vn -0.729525 0.184070 0.658720
vn -0.391465 0.130666 -0.910868
vn -0.496920 0.545280 -0.675085
vn -0.598678 0.728839 -0.332234
vn -0.848838 0.479959 -0.221617
vn -0.520499 0.266140 0.811326
vn -0.710317 -0.040687 0.702705
vn -0.558576 0.393251 0.730306
vn -0.623122 -0.592145 0.510963
vn -0.703695 0.319778 0.634473
vn -0.697834 -0.557403 0.449811
vn -0.855589 -0.286171 0.431362
vn -0.958456 0.217912 0.184057
vn 0.499972 0.201653 0.842238
vn 0.519537 -0.168005 0.837768
vn 0.716239 -0.193460 0.670504
vn 0.413416 -0.298386 0.860263
vn 0.391303 0.069720 0.917617
vn 0.021603 -0.212217 0.976984
vn 0.440092 0.419771 -0.793796
vn 0.507837 0.736280 -0.447206
vn 0.203690 0.824160 -0.528460
vn 0.620951 0.654681 -0.431059
vn 0.612838 0.429396 -0.663362
vn 0.062116 -0.167520 -0.983910
vn 0.075208 0.056207 -0.995583
vn -0.197127 -0.273216 -0.941538
vn -0.295894 0.203214 0.933355
vn -0.191250 -0.207975 0.959255
vn -0.618760 0.075568 0.781937
vn -0.464276 0.071109 0.882831
vn -0.196719 0.053576 0.978995
vn -0.265982 -0.252111 0.930427
vn -0.307879 -0.141794 0.940800
vn 0.145339 -0.000017 0.989382
vn -0.598479 0.148057 0.787339
vn -0.494817 0.134008 0.858602
vn 0.062116 -0.167520 -0.983910
vn 0.201308 -0.051978 -0.978148
vn 0.075208 0.056207 -0.995583
vn 0.170330 -0.532600 -0.829050
vn 0.675106 -0.280942 0.682131
vn 0.791250 -0.348725 0.502309
vn 0.720340 -0.382908 0.578353
vn 0.599750 0.006681 0.800160
vn -0.210862 0.492437 0.844419
vn 0.019065 -0.272558 0.961950
vn -0.479870 -0.122452 0.868752
vn -0.890379 0.206036 0.405925
vn 0.388658 0.246751 -0.887727
vn 0.307749 -0.090784 -0.947127
vn -0.539704 0.503507 0.674685
vn -0.454738 0.629429 0.630105
vn -0.167960 0.791923 0.587067
vn 0.160998 0.942326 0.293431
vn -0.897279 0.347524 0.272245
vn -0.626612 0.464212 0.625990
vn -0.506156 0.392485 0.767959
vn -0.882999 -0.224016 0.412467
vn -0.527063 0.632159 0.567961
vn -0.648790 0.760936 -0.006936
vn -0.855935 -0.350945 -0.379753
vn -0.433237 0.675946 -0.596156
vn -0.734171 0.456600 -0.502503
vn -0.280713 0.832696 -0.477303
vn -0.281479 0.787886 -0.547728
vn -0.238064 0.690101 -0.683438
vn -0.527388 0.174607 0.831489
vn -0.537536 0.251588 -0.804834
vn 0.049097 -0.965607 -0.255330
vn -0.607216 -0.786046 -0.115848
vn -0.668792 -0.498138 -0.551885
vn -0.503895 -0.339566 -0.794220
vn -0.417950 0.180560 -0.890346
vn -0.328525 -0.321742 -0.888005
vn -0.245568 0.062679 -0.967351
vn -0.178729 -0.395350 -0.900974
vn -0.144275 -0.100702 -0.984400
vn -0.060221 0.480684 -0.874824
vn -0.202757 0.655845 -0.727156
vn -0.655032 -0.331713 0.678896
vn -0.648578 -0.466390 0.601521
vn -0.547099 -0.794561 0.263354
vn -0.632202 0.007042 0.774772
vn -0.679829 0.147318 0.718422
vn 0.355258 -0.806053 -0.473360
vn 0.604134 -0.223580 0.764876
vn 0.291045 0.451676 0.843375
vn 0.233908 0.376485 0.896407
vn 0.327948 -0.056368 0.943013
vn 0.413714 -0.192618 0.889797
vn 0.007574 -0.348638 0.937227
vn 0.081782 -0.237316 0.967984
vn -0.232221 0.156993 0.959910
vn -0.508726 0.130547 0.850973
vn -0.572847 -0.332331 0.749268
vn -0.510786 0.522001 0.683090
vn -0.529489 0.299014 0.793872
vn -0.545900 -0.539711 0.640863
vn -0.655192 0.701685 0.279931
vn -0.570555 0.415389 0.708463
vn -0.382099 0.906260 0.180811
vn -0.704123 0.200709 0.681122
vn 0.110473 0.674542 -0.729924
vn 0.242081 0.724684 -0.645159
vn 0.161687 0.614960 -0.771804
vn 0.077118 0.648334 -0.757440
vn 0.215792 0.289476 -0.932544
vn 0.033946 0.520430 -0.853229
vn 0.033946 0.520430 -0.853229
vn -0.002075 0.501247 -0.865302
vn -0.121686 0.361774 -0.924290
vn -0.241325 0.555809 -0.795512
vn 0.128520 0.987134 0.095132
vn 0.981219 0.130628 0.141935
vn 0.118551 0.936999 0.328600
vn 0.725143 0.685770 -0.062355
vn 0.564885 0.729573 -0.385522
vn 0.930640 0.280440 -0.235079
vn -0.748861 -0.439052 0.496427
vn -0.365006 -0.676362 0.639770
vn -0.549625 -0.521492 0.652655
vn -0.648000 -0.029193 0.761081
vn -0.617317 0.146967 0.772865
vn 0.725778 -0.499265 0.473266
vn 0.593873 0.138038 0.792629
vn 0.590792 0.597133 0.542584
vn 0.908721 -0.299716 0.290512
vn -0.579655 0.778018 0.242256
vn -0.002075 0.501247 -0.865302
vn 0.127100 -0.416908 0.900018
vn -0.080393 -0.086869 0.992971
vn 0.075814 0.037162 0.996429
vn -0.029014 0.038986 0.998818
vn 0.200828 0.160286 0.966425
vn 0.208454 0.189882 0.959423
vn 0.427984 0.213651 0.878170
vn 0.229592 0.219364 0.948244
vn 0.241027 0.269884 0.932239
vn 0.499579 -0.438579 0.747040
vn 0.495493 -0.383873 0.779184
vn 0.455369 -0.112947 0.883109
vn 0.483962 -0.403943 0.776280
vn 0.614674 -0.282405 0.736494
vn 0.570288 -0.400199 0.717365
vn 0.595693 -0.573354 0.562508
vn 0.802196 -0.381728 0.459092
vn 0.618407 -0.747059 0.243878
vn 0.643613 -0.374916 0.667233
vn 0.614591 -0.411956 0.672733
vn 0.556032 -0.123097 0.821995
vn 0.349312 -0.452698 0.820394
vn 0.232935 0.177030 0.956244
vn 0.339900 -0.009239 0.940416
vn -0.328979 0.232087 0.915373
vn 0.409246 -0.433108 0.803079
vn -0.063793 -0.183961 0.980861
vn 0.061728 0.145276 0.987464
vn 0.874341 -0.484897 -0.020076
vn 0.984409 -0.120124 0.128487
vn 0.944255 -0.121781 0.305863
vn 0.743662 -0.401136 0.534843
vn 0.679485 -0.403155 0.612997
vn 0.980993 0.113103 -0.157674
vn 0.815442 0.043094 -0.577233
vn 0.905205 0.424638 -0.016948
vn 0.905262 0.251269 -0.342585
vn 0.986737 0.149476 -0.063295
vn 0.863959 0.086248 0.496120
vn 0.936517 -0.259717 -0.235548
vn -0.764054 0.176453 0.620553
vn -0.766489 -0.101508 0.634185
vn -0.869013 -0.009671 0.494694
vn -0.723707 0.440099 0.531565
vn 0.000797 -0.253765 -0.967266
vn -0.249662 -0.198138 -0.947845
vn -0.310697 0.103292 0.944880
vn 0.537486 0.481276 -0.692447
vn 0.483271 0.351505 -0.801806
vn -0.821361 0.416026 0.390241
vn -0.529768 0.844958 0.073431
vn -0.786230 0.612693 0.080309
vn -0.948769 0.299005 0.102140
vn 0.000797 -0.253765 -0.967266
vn 0.257435 -0.023309 -0.966015
vn 0.457383 0.084604 0.885236
vn 0.185714 0.036817 0.981914
vn 0.575868 -0.411824 0.706241
vn 0.052099 0.031589 0.998142
vn -0.715153 0.565908 0.410249
vn -0.472658 0.529519 0.704418
vn -0.364040 0.007190 0.931356
vn -0.328979 0.232087 0.915373
vn -0.698212 0.121576 0.705492
vn 0.329448 0.411598 0.849736
vn 0.313269 -0.008901 -0.949623
vn 0.451844 0.055172 -0.890389
vn 0.185967 0.878346 -0.440368
vn 0.682254 -0.042017 -0.729907
vn 0.839798 0.351223 -0.413983
vn 0.621777 -0.719528 -0.309310
vn 0.722762 -0.690461 -0.029648
vn 0.952504 -0.111694 0.283303
vn 0.748785 0.201683 0.631384
vn 0.857017 -0.341084 0.386242
vn 0.896635 0.155826 0.414444
vn 0.881806 -0.451317 0.136861
vn 0.978831 0.059923 0.195702
vn 0.466977 0.675218 0.570976
vn 0.394979 0.804316 0.443922
vn 0.114332 0.992533 0.042502
vn 0.498120 -0.748891 -0.437080
vn 0.329101 -0.661860 -0.673523
vn 0.614275 -0.711038 0.342185
vn 0.292151 -0.720257 0.629188
vn 0.257811 -0.902450 0.345134
vn 0.607412 -0.329574 0.722794
vn 0.569089 -0.734542 0.369575
vn 0.528416 -0.005584 0.848967
vn 0.525703 -0.745025 0.410578
vn 0.498480 -0.207146 0.841789
vn -0.625174 -0.438088 0.645938
vn -0.309454 -0.638557 0.704616
vn -0.009608 -0.806170 0.591606
vn -0.020614 -0.940486 0.339208
vn -0.570543 -0.758312 0.315347
vn -0.258785 -0.851410 0.456214
vn 0.039335 0.619788 0.783783
vn -0.077966 0.857365 0.508770
vn 0.213569 0.973922 0.076575
vn -0.448549 0.703629 0.551099
vn 0.112266 0.993663 -0.005416
vn -0.412704 0.843661 0.343383
vn 0.087859 0.994342 0.059698
vn -0.369217 0.921936 0.117099
vn 0.075367 0.989370 0.124362
vn -0.570674 0.821025 -0.015777
vn 0.037844 0.998811 0.030730
vn -0.533963 0.843571 -0.057195
vn 0.076035 0.996722 -0.027622
vn -0.355605 0.872490 -0.335120
vn 0.132021 0.989896 -0.051739
vn -0.197754 0.803059 -0.562129
vn 0.187111 0.980673 -0.057184
vn 0.089485 0.995615 -0.027262
vn -0.037104 0.999302 0.004383
vn -0.001692 0.999963 0.008452
vn 0.895798 0.344592 -0.280719
vn 0.838563 0.512798 -0.183984
vn 0.334560 0.928293 -0.162302
vn 0.343058 0.938204 -0.045654
vn -0.115230 0.989300 0.089490
vn -0.096551 0.992871 0.069893
vn -0.037104 0.999302 0.004383
vn -0.057822 0.998289 0.008722
vn 0.016950 0.998136 -0.058633
vn 0.355868 0.855614 0.375876
vn 0.316503 0.849671 0.421765
vn 0.617138 0.186926 0.764329
vn 0.404353 0.305816 0.861960
vn 0.297413 0.462926 0.835012
vn 0.263490 0.824201 0.501264
vn 0.384855 0.699172 0.602533
vn -0.088782 0.994992 -0.045927
vn -0.282698 0.958160 0.044842
vn -0.037104 0.999302 0.004383
vn -0.487151 0.869761 0.078732
vn -0.838876 0.544193 0.011861
vn -0.636360 0.675525 0.372441
vn -0.386227 0.896686 0.216292
vn -0.733843 0.139688 0.664802
vn -0.759706 0.441485 0.477429
vn -0.920572 0.381855 0.082058
vn -0.063069 0.997987 -0.006683
vn -0.001692 0.999963 0.008452
vn -0.155095 0.987899 0.000609
vn -0.155095 0.987899 0.000609
vn 0.320130 0.742225 -0.588743
vn 0.720309 0.403120 -0.564490
vn -0.158432 0.509596 -0.845702
vn 0.008559 0.712824 0.701291
vn 0.489745 0.015667 0.871725
vn 0.251663 0.772485 0.583038
vn 0.634922 0.202645 0.745526
vn 0.178885 -0.490198 -0.853057
vn 0.147524 -0.041820 -0.988174
vn 0.128176 -0.501341 -0.855703
vn 0.126965 -0.056986 -0.990269
vn -0.001600 -0.557803 -0.829972
vn -0.002435 -0.156655 -0.987650
vn 0.762299 0.581120 0.284956
vn 0.299433 0.947238 0.114371
vn -0.288812 0.946100 0.146566
vn -0.037104 0.999302 0.004383
vn 0.482483 0.861781 0.156663
vn 0.228078 0.416357 -0.880129
vn 0.297755 0.705960 -0.642621
vn 0.054701 0.992507 -0.109261
vn -0.130320 -0.492649 -0.860415
vn -0.130234 -0.053500 -0.990039
vn -0.000317 0.670634 -0.741788
vn -0.147985 0.988758 0.021399
vn -0.000317 0.670634 -0.741788
vn 0.725466 0.377019 0.575809
vn -0.002435 -0.156655 -0.987650
vn -0.001600 -0.557803 -0.829972
vn -0.037104 0.999302 0.004383

g polygon1
s 1
usemtl mat9
f 1223/1223/1223 1224/1224/1224 1225/1225/1225
f 1223/1223/1223 1226/1226/1226 1224/1224/1224
f 1227/1227/1227 1226/1226/1226 1223/1223/1223
f 1227/1227/1227 1228/1228/1228 1226/1226/1226
f 1229/1229/1229 1228/1228/1228 1227/1227/1227
f 1229/1229/1229 1230/1230/1230 1228/1228/1228
f 1231/1231/1231 1230/1230/1230 1229/1229/1229
f 1231/1231/1231 1232/1232/1232 1230/1230/1230
f 1233/1233/1233 1232/1232/1232 1231/1231/1231
f 1233/1233/1233 1234/1234/1234 1232/1232/1232
f 1235/1235/1235 1234/1234/1234 1233/1233/1233
f 1235/1235/1235 1236/1236/1236 1234/1234/1234
f 1237/1237/1237 1238/1238/1238 1239/1239/1239
f 1237/1237/1237 1240/1240/1240 1238/1238/1238
f 1241/1241/1241 1240/1240/1240 1237/1237/1237
f 1241/1241/1241 1242/1242/1242 1240/1240/1240
f 1243/1243/1243 1242/1242/1242 1241/1241/1241
f 1243/1243/1243 1244/1244/1244 1242/1242/1242
f 1245/1245/1245 1244/1244/1244 1243/1243/1243
f 1245/1245/1245 1246/1246/1246 1244/1244/1244
f 1247/1247/1247 1246/1246/1246 1245/1245/1245
f 1247/1247/1247 1248/1248/1248 1246/1246/1246
f 1249/1249/1249 1250/1250/1250 1251/1251/1251
f 1249/1249/1249 1252/1252/1252 1250/1250/1250
f 1253/1253/1253 1252/1252/1252 1249/1249/1249
f 1253/1253/1253 1254/1254/1254 1252/1252/1252
f 1255/1255/1255 1254/1254/1254 1253/1253/1253
f 1255/1255/1255 1256/1256/1256 1254/1254/1254
f 1236/1236/1236 1256/1256/1256 1255/1255/1255
f 1236/1236/1236 1257/1257/1257 1256/1256/1256
f 1235/1235/1235 1257/1257/1257 1236/1236/1236
f 1258/1258/1258 1242/1242/1242 1244/1244/1244
f 1258/1258/1258 1259/1259/1259 1242/1242/1242
f 1260/1260/1260 1259/1259/1259 1258/1258/1258
f 1260/1260/1260 1240/1240/1240 1259/1259/1259
f 1261/1261/1261 1240/1240/1240 1260/1260/1260
f 1261/1261/1261 1238/1238/1238 1240/1240/1240
f 1223/1223/1223 1238/1238/1238 1261/1261/1261
f 1223/1223/1223 1262/1262/1262 1238/1238/1238
f 1225/1225/1225 1262/1262/1262 1223/1223/1223
f 1263/1263/1263 1232/1232/1232 1234/1234/1234
f 1263/1263/1263 1230/1230/1230 1232/1232/1232
f 1264/1264/1264 1230/1230/1230 1263/1263/1263
f 1264/1264/1264 1228/1228/1228 1230/1230/1230
f 1265/1265/1265 1228/1228/1228 1264/1264/1264
f 1265/1265/1265 1224/1224/1224 1228/1228/1228
f 1233/1233/1233 1248/1248/1248 1235/1235/1235
f 1233/1233/1233 1246/1246/1246 1248/1248/1248
f 1266/1266/1266 1246/1246/1246 1233/1233/1233
f 1266/1266/1266 1244/1244/1244 1246/1246/1246
f 1258/1258/1258 1244/1244/1244 1266/1266/1266
f 1231/1231/1231 1266/1266/1266 1233/1233/1233
f 1231/1231/1231 1267/1267/1267 1266/1266/1266
f 1229/1229/1229 1267/1267/1267 1231/1231/1231
f 1229/1229/1229 1260/1260/1260 1267/1267/1267
f 1227/1227/1227 1260/1260/1260 1229/1229/1229
f 1268/1268/1268 1234/1234/1234 1236/1236/1236
f 1268/1268/1268 1263/1263/1263 1234/1234/1234
f 1269/1269/1269 1263/1263/1263 1268/1268/1268
f 1269/1269/1269 1264/1264/1264 1263/1263/1263
f 1245/1245/1245 1270/1270/1270 1247/1247/1247
f 1245/1245/1245 1271/1271/1271 1270/1270/1270
f 1243/1243/1243 1271/1271/1271 1245/1245/1245
f 1272/1272/1272 1241/1241/1241 1237/1237/1237
f 1272/1272/1272 1273/1273/1273 1241/1241/1241
f 1273/1273/1273 1243/1243/1243 1241/1241/1241
f 1273/1273/1273 1271/1271/1271 1243/1243/1243
f 1274/1274/1274 1236/1236/1236 1255/1255/1255
f 1274/1274/1274 1268/1268/1268 1236/1236/1236
f 1275/1275/1275 1252/1252/1252 1276/1276/1276
f 1275/1275/1275 1250/1250/1250 1252/1252/1252
f 1261/1261/1261 1227/1227/1227 1223/1223/1223
f 1261/1261/1261 1260/1260/1260 1227/1227/1227
f 1267/1267/1267 1258/1258/1258 1266/1266/1266
f 1267/1267/1267 1260/1260/1260 1258/1258/1258
f 1240/1240/1240 1242/1242/1242 1259/1259/1259
f 1224/1224/1224 1226/1226/1226 1228/1228/1228
f 1277/1277/1277 1278/1278/1278 1279/1279/1279
f 1277/1277/1277 1280/1280/1280 1278/1278/1278
f 1281/1281/1281 1280/1280/1280 1277/1277/1277
f 1281/1281/1281 1282/1282/1282 1280/1280/1280
f 1283/1283/1283 1282/1282/1282 1281/1281/1281
f 1283/1283/1283 1284/1284/1284 1282/1282/1282
f 1285/1285/1285 1284/1284/1284 1283/1283/1283
f 1285/1285/1285 1286/1286/1286 1284/1284/1284
f 1287/1287/1287 1286/1286/1286 1285/1285/1285
f 1287/1287/1287 1288/1288/1288 1286/1286/1286
f 1289/1289/1289 1288/1288/1288 1287/1287/1287
f 1289/1289/1289 1290/1290/1290 1288/1288/1288
f 1291/1291/1291 1290/1290/1290 1289/1289/1289
f 1292/1292/1292 1293/1293/1293 1294/1294/1294
f 1292/1292/1292 1295/1295/1295 1293/1293/1293
f 1296/1296/1296 1295/1295/1295 1292/1292/1292
f 1296/1296/1296 1297/1297/1297 1295/1295/1295
f 1298/1298/1298 1297/1297/1297 1296/1296/1296
f 1298/1298/1298 1299/1299/1299 1297/1297/1297
f 1300/1300/1300 1299/1299/1299 1298/1298/1298
f 1300/1300/1300 1301/1301/1301 1299/1299/1299
f 1302/1302/1302 1301/1301/1301 1300/1300/1300
f 1302/1302/1302 1303/1303/1303 1301/1301/1301
f 1304/1304/1304 1303/1303/1303 1302/1302/1302
f 1304/1304/1304 1305/1305/1305 1303/1303/1303
f 1306/1306/1306 1305/1305/1305 1304/1304/1304
f 1307/1307/1307 1308/1308/1308 1309/1309/1309
f 1307/1307/1307 1310/1310/1310 1308/1308/1308
f 1311/1311/1311 1310/1310/1310 1307/1307/1307
f 1311/1311/1311 1312/1312/1312 1310/1310/1310
f 1313/1313/1313 1312/1312/1312 1311/1311/1311
f 1313/1313/1313 1314/1314/1314 1312/1312/1312
f 1315/1315/1315 1314/1314/1314 1313/1313/1313
f 1315/1315/1315 1316/1316/1316 1314/1314/1314
f 1317/1317/1317 1316/1316/1316 1315/1315/1315
f 1317/1317/1317 1318/1318/1318 1316/1316/1316
f 1319/1319/1319 1318/1318/1318 1317/1317/1317
f 1320/1320/1320 1321/1321/1321 1322/1322/1322
f 1320/1320/1320 1323/1323/1323 1321/1321/1321
f 1324/1324/1324 1323/1323/1323 1320/1320/1320
f 1324/1324/1324 1325/1325/1325 1323/1323/1323
f 1326/1326/1326 1325/1325/1325 1324/1324/1324
f 1326/1326/1326 1327/1327/1327 1325/1325/1325
f 1328/1328/1328 1327/1327/1327 1326/1326/1326
f 1328/1328/1328 1329/1329/1329 1327/1327/1327
f 1330/1330/1330 1329/1329/1329 1328/1328/1328
f 1330/1330/1330 1331/1331/1331 1329/1329/1329
f 1332/1332/1332 1333/1333/1333 1334/1334/1334
f 1332/1332/1332 1335/1335/1335 1333/1333/1333
f 1336/1336/1336 1335/1335/1335 1332/1332/1332
f 1336/1336/1336 1337/1337/1337 1335/1335/1335
f 1338/1338/1338 1337/1337/1337 1336/1336/1336
f 1338/1338/1338 1339/1339/1339 1337/1337/1337
f 1340/1340/1340 1339/1339/1339 1338/1338/1338
f 1340/1340/1340 1341/1341/1341 1339/1339/1339
f 1342/1342/1342 1343/1343/1343 1344/1344/1344
f 1342/1342/1342 1345/1345/1345 1343/1343/1343
f 1346/1346/1346 1345/1345/1345 1342/1342/1342
f 1346/1346/1346 1347/1347/1347 1345/1345/1345
f 1348/1348/1348 1347/1347/1347 1346/1346/1346
f 1348/1348/1348 1349/1349/1349 1347/1347/1347
f 1350/1350/1350 1349/1349/1349 1348/1348/1348
f 1350/1350/1350 1306/1306/1306 1349/1349/1349
f 1351/1351/1351 1352/1352/1352 1353/1353/1353
f 1351/1351/1351 1354/1354/1354 1352/1352/1352
f 1355/1355/1355 1354/1354/1354 1351/1351/1351
f 1355/1355/1355 1356/1356/1356 1354/1354/1354
f 1357/1357/1357 1356/1356/1356 1355/1355/1355
f 1357/1357/1357 1358/1358/1358 1356/1356/1356
f 1359/1359/1359 1358/1358/1358 1357/1357/1357
f 1359/1359/1359 1360/1360/1360 1358/1358/1358
f 1361/1361/1361 1284/1284/1284 1286/1286/1286
f 1361/1361/1361 1282/1282/1282 1284/1284/1284
f 1362/1362/1362 1282/1282/1282 1361/1361/1361
f 1362/1362/1362 1280/1280/1280 1282/1282/1282
f 1363/1363/1363 1280/1280/1280 1362/1362/1362
f 1363/1363/1363 1364/1364/1364 1280/1280/1280
f 1365/1365/1365 1364/1364/1364 1363/1363/1363
f 1365/1365/1365 1333/1333/1333 1364/1364/1364
f 1310/1310/1310 1366/1366/1366 1308/1308/1308
f 1310/1310/1310 1367/1367/1367 1366/1366/1366
f 1312/1312/1312 1367/1367/1367 1310/1310/1310
f 1312/1312/1312 1368/1368/1368 1367/1367/1367
f 1314/1314/1314 1368/1368/1368 1312/1312/1312
f 1314/1314/1314 1316/1316/1316 1368/1368/1368
f 1369/1369/1369 1370/1370/1370 1371/1371/1371
f 1369/1369/1369 1372/1372/1372 1370/1370/1370
f 1373/1373/1373 1372/1372/1372 1369/1369/1369
f 1373/1373/1373 1374/1374/1374 1372/1372/1372
f 1375/1375/1375 1374/1374/1374 1373/1373/1373
f 1375/1375/1375 1376/1376/1376 1374/1374/1374
f 1323/1323/1323 1377/1377/1377 1321/1321/1321
f 1323/1323/1323 1378/1378/1378 1377/1377/1377
f 1325/1325/1325 1378/1378/1378 1323/1323/1323
f 1325/1325/1325 1379/1379/1379 1378/1378/1378
f 1327/1327/1327 1379/1379/1379 1325/1325/1325
f 1327/1327/1327 1329/1329/1329 1379/1379/1379
f 1380/1380/1380 1381/1381/1381 1382/1382/1382
f 1380/1380/1380 1383/1383/1383 1381/1381/1381
f 1384/1384/1384 1383/1383/1383 1380/1380/1380
f 1384/1384/1384 1385/1385/1385 1383/1383/1383
f 1386/1386/1386 1385/1385/1385 1384/1384/1384
f 1386/1386/1386 1387/1387/1387 1385/1385/1385
f 1224/1224/1224 1385/1385/1385 1387/1387/1387
f 1224/1224/1224 1383/1383/1383 1385/1385/1385
f 1265/1265/1265 1383/1383/1383 1224/1224/1224
f 1265/1265/1265 1381/1381/1381 1383/1383/1383
f 1264/1264/1264 1381/1381/1381 1265/1265/1265
f 1264/1264/1264 1269/1269/1269 1381/1381/1381
f 1388/1388/1388 1389/1389/1389 1390/1390/1390
f 1388/1388/1388 1391/1391/1391 1389/1389/1389
f 1392/1392/1392 1391/1391/1391 1388/1388/1388
f 1392/1392/1392 1297/1297/1297 1391/1391/1391
f 1295/1295/1295 1297/1297/1297 1392/1392/1392
f 1393/1393/1393 1315/1315/1315 1313/1313/1313
f 1393/1393/1393 1394/1394/1394 1315/1315/1315
f 1395/1395/1395 1394/1394/1394 1393/1393/1393
f 1395/1395/1395 1396/1396/1396 1394/1394/1394
f 1397/1397/1397 1396/1396/1396 1395/1395/1395
f 1398/1398/1398 1399/1399/1399 1400/1400/1400
f 1398/1398/1398 1401/1401/1401 1399/1399/1399
f 1402/1402/1402 1401/1401/1401 1398/1398/1398
f 1402/1402/1402 1268/1268/1268 1401/1401/1401
f 1269/1269/1269 1268/1268/1268 1402/1402/1402
f 1403/1403/1403 1374/1374/1374 1376/1376/1376
f 1403/1403/1403 1372/1372/1372 1374/1374/1374
f 1404/1404/1404 1372/1372/1372 1403/1403/1403
f 1404/1404/1404 1370/1370/1370 1372/1372/1372
f 1303/1303/1303 1299/1299/1299 1301/1301/1301
f 1303/1303/1303 1389/1389/1389 1299/1299/1299
f 1305/1305/1305 1389/1389/1389 1303/1303/1303
f 1305/1305/1305 1390/1390/1390 1389/1389/1389
f 1405/1405/1405 1286/1286/1286 1288/1288/1288
f 1405/1405/1405 1361/1361/1361 1286/1286/1286
f 1406/1406/1406 1361/1361/1361 1405/1405/1405
f 1406/1406/1406 1407/1407/1407 1361/1361/1361
f 1408/1408/1408 1249/1249/1249 1251/1251/1251
f 1408/1408/1408 1409/1409/1409 1249/1249/1249
f 1410/1410/1410 1409/1409/1409 1408/1408/1408
f 1410/1410/1410 1411/1411/1411 1409/1409/1409
f 1412/1412/1412 1386/1386/1386 1413/1413/1413
f 1412/1412/1412 1387/1387/1387 1386/1386/1386
f 1225/1225/1225 1387/1387/1387 1412/1412/1412
f 1225/1225/1225 1224/1224/1224 1387/1387/1387
f 1345/1345/1345 1414/1414/1414 1343/1343/1343
f 1345/1345/1345 1415/1415/1415 1414/1414/1414
f 1347/1347/1347 1415/1415/1415 1345/1345/1345
f 1347/1347/1347 1349/1349/1349 1415/1415/1415
f 1416/1416/1416 1313/1313/1313 1311/1311/1311
f 1416/1416/1416 1393/1393/1393 1313/1313/1313
f 1417/1417/1417 1393/1393/1393 1416/1416/1416
f 1417/1417/1417 1418/1418/1418 1393/1393/1393
f 1419/1419/1419 1322/1322/1322 1420/1420/1420
f 1419/1419/1419 1320/1320/1320 1322/1322/1322
f 1421/1421/1421 1320/1320/1320 1419/1419/1419
f 1421/1421/1421 1324/1324/1324 1320/1320/1320
f 1422/1422/1422 1274/1274/1274 1255/1255/1255
f 1422/1422/1422 1423/1423/1423 1274/1274/1274
f 1424/1424/1424 1423/1423/1423 1422/1422/1422
f 1424/1424/1424 1425/1425/1425 1423/1423/1423
f 1253/1253/1253 1422/1422/1422 1255/1255/1255
f 1253/1253/1253 1426/1426/1426 1422/1422/1422
f 1249/1249/1249 1426/1426/1426 1253/1253/1253
f 1249/1249/1249 1409/1409/1409 1426/1426/1426
f 1423/1423/1423 1268/1268/1268 1274/1274/1274
f 1423/1423/1423 1399/1399/1399 1268/1268/1268
f 1425/1425/1425 1399/1399/1399 1423/1423/1423
f 1425/1425/1425 1400/1400/1400 1399/1399/1399
f 1427/1427/1427 1302/1302/1302 1300/1300/1300
f 1427/1427/1427 1428/1428/1428 1302/1302/1302
f 1429/1429/1429 1428/1428/1428 1427/1427/1427
f 1364/1364/1364 1278/1278/1278 1280/1280/1280
f 1364/1364/1364 1337/1337/1337 1278/1278/1278
f 1335/1335/1335 1337/1337/1337 1364/1364/1364
f 1430/1430/1430 1392/1392/1392 1388/1388/1388
f 1430/1430/1430 1295/1295/1295 1392/1392/1392
f 1293/1293/1293 1295/1295/1295 1430/1430/1430
f 1346/1346/1346 1431/1431/1431 1348/1348/1348
f 1346/1346/1346 1432/1432/1432 1431/1431/1431
f 1342/1342/1342 1432/1432/1432 1346/1346/1346
f 1285/1285/1285 1289/1289/1289 1287/1287/1287
f 1285/1285/1285 1433/1433/1433 1289/1289/1289
f 1434/1434/1434 1433/1433/1433 1285/1285/1285
f 1329/1329/1329 1435/1435/1435 1379/1379/1379
f 1329/1329/1329 1436/1436/1436 1435/1435/1435
f 1437/1437/1437 1436/1436/1436 1329/1329/1329
f 1402/1402/1402 1381/1381/1381 1269/1269/1269
f 1402/1402/1402 1382/1382/1382 1381/1381/1381
f 1398/1398/1398 1382/1382/1382 1402/1402/1402
f 1438/1438/1438 1439/1439/1439 1368/1368/1368
f 1438/1438/1438 1440/1440/1440 1439/1439/1439
f 1441/1441/1441 1440/1440/1440 1438/1438/1438
f 1415/1415/1415 1428/1428/1428 1414/1414/1414
f 1415/1415/1415 1349/1349/1349 1428/1428/1428
f 1363/1363/1363 1442/1442/1442 1365/1365/1365
f 1363/1363/1363 1362/1362/1362 1442/1442/1442
f 1362/1362/1362 1407/1407/1407 1442/1442/1442
f 1362/1362/1362 1361/1361/1361 1407/1407/1407
f 1319/1319/1319 1443/1443/1443 1444/1444/1444
f 1319/1319/1319 1317/1317/1317 1443/1443/1443
f 1445/1445/1445 1419/1419/1419 1420/1420/1420
f 1445/1445/1445 1446/1446/1446 1419/1419/1419
f 1447/1447/1447 1419/1419/1419 1446/1446/1446
f 1447/1447/1447 1421/1421/1421 1419/1419/1419
f 1299/1299/1299 1391/1391/1391 1297/1297/1297
f 1299/1299/1299 1389/1389/1389 1391/1391/1391
f 1448/1448/1448 1375/1375/1375 1449/1449/1449
f 1448/1448/1448 1376/1376/1376 1375/1375/1375
f 1450/1450/1450 1354/1354/1354 1356/1356/1356
f 1450/1450/1450 1451/1451/1451 1354/1354/1354
f 1452/1452/1452 1453/1453/1453 1454/1454/1454
f 1452/1452/1452 1455/1455/1455 1453/1453/1453
f 1456/1456/1456 1337/1337/1337 1339/1339/1339
f 1456/1456/1456 1278/1278/1278 1337/1337/1337
f 1367/1367/1367 1439/1439/1439 1366/1366/1366
f 1367/1367/1367 1368/1368/1368 1439/1439/1439
f 1418/1418/1418 1395/1395/1395 1393/1393/1393
f 1418/1418/1418 1457/1457/1457 1395/1395/1395
f 1411/1411/1411 1426/1426/1426 1409/1409/1409
f 1411/1411/1411 1424/1424/1424 1426/1426/1426
f 1443/1443/1443 1394/1394/1394 1396/1396/1396
f 1443/1443/1443 1317/1317/1317 1394/1394/1394
f 1453/1453/1453 1458/1458/1458 1459/1459/1459
f 1453/1453/1453 1455/1455/1455 1458/1458/1458
f 1428/1428/1428 1304/1304/1304 1302/1302/1302
f 1428/1428/1428 1349/1349/1349 1304/1304/1304
f 1336/1336/1336 1340/1340/1340 1338/1338/1338
f 1336/1336/1336 1332/1332/1332 1340/1340/1340
f 1316/1316/1316 1438/1438/1438 1368/1368/1368
f 1316/1316/1316 1318/1318/1318 1438/1438/1438
f 1460/1460/1460 1410/1410/1410 1408/1408/1408
f 1262/1262/1262 1225/1225/1225 1412/1412/1412
f 1433/1433/1433 1291/1291/1291 1289/1289/1289
f 1352/1352/1352 1354/1354/1354 1451/1451/1451
f 1357/1357/1357 1355/1355/1355 1351/1351/1351
f 1283/1283/1283 1434/1434/1434 1285/1285/1285
f 1304/1304/1304 1349/1349/1349 1306/1306/1306
f 1457/1457/1457 1397/1397/1397 1395/1395/1395
f 1317/1317/1317 1315/1315/1315 1394/1394/1394
f 1333/1333/1333 1335/1335/1335 1364/1364/1364
f 1331/1331/1331 1437/1437/1437 1329/1329/1329
f 1426/1426/1426 1424/1424/1424 1422/1422/1422
f 1268/1268/1268 1399/1399/1399 1401/1401/1401
f 1441/1441/1441 1438/1438/1438 1318/1318/1318
f 1461/1461/1461 1462/1462/1462 1463/1463/1463
f 1461/1461/1461 1464/1464/1464 1462/1462/1462
f 1465/1465/1465 1464/1464/1464 1461/1461/1461
f 1465/1465/1465 1466/1466/1466 1464/1464/1464
f 1467/1467/1467 1466/1466/1466 1465/1465/1465
f 1467/1467/1467 1468/1468/1468 1466/1466/1466
f 1469/1469/1469 1468/1468/1468 1467/1467/1467
f 1469/1469/1469 1470/1470/1470 1468/1468/1468
f 1471/1471/1471 1470/1470/1470 1469/1469/1469
f 1471/1471/1471 1472/1472/1472 1470/1470/1470
f 1473/1473/1473 1472/1472/1472 1471/1471/1471
f 1473/1473/1473 1474/1474/1474 1472/1472/1472
f 1475/1475/1475 1474/1474/1474 1473/1473/1473
f 1476/1476/1476 1477/1477/1477 1478/1478/1478
f 1476/1476/1476 1479/1479/1479 1477/1477/1477
f 1480/1480/1480 1479/1479/1479 1476/1476/1476
f 1480/1480/1480 1481/1481/1481 1479/1479/1479
f 1482/1482/1482 1481/1481/1481 1480/1480/1480
f 1482/1482/1482 1483/1483/1483 1481/1481/1481
f 1484/1484/1484 1483/1483/1483 1482/1482/1482
f 1484/1484/1484 1485/1485/1485 1483/1483/1483
f 1486/1486/1486 1485/1485/1485 1484/1484/1484
f 1486/1486/1486 1487/1487/1487 1485/1485/1485
f 1488/1488/1488 1487/1487/1487 1486/1486/1486
f 1488/1488/1488 1489/1489/1489 1487/1487/1487
f 1490/1490/1490 1489/1489/1489 1488/1488/1488
f 1254/1254/1254 1276/1276/1276 1252/1252/1252
f 1254/1254/1254 1491/1491/1491 1276/1276/1276
f 1256/1256/1256 1491/1491/1491 1254/1254/1254
f 1256/1256/1256 1492/1492/1492 1491/1491/1491
f 1257/1257/1257 1492/1492/1492 1256/1256/1256
f 1257/1257/1257 1493/1493/1493 1492/1492/1492
f 1494/1494/1494 1493/1493/1493 1257/1257/1257
f 1494/1494/1494 1495/1495/1495 1493/1493/1493
f 1496/1496/1496 1495/1495/1495 1494/1494/1494
f 1496/1496/1496 1497/1497/1497 1495/1495/1495
f 1498/1498/1498 1497/1497/1497 1496/1496/1496
f 1479/1479/1479 1499/1499/1499 1477/1477/1477
f 1479/1479/1479 1500/1500/1500 1499/1499/1499
f 1481/1481/1481 1500/1500/1500 1479/1479/1479
f 1481/1481/1481 1501/1501/1501 1500/1500/1500
f 1483/1483/1483 1501/1501/1501 1481/1481/1481
f 1483/1483/1483 1502/1502/1502 1501/1501/1501
f 1485/1485/1485 1502/1502/1502 1483/1483/1483
f 1485/1485/1485 1503/1503/1503 1502/1502/1502
f 1487/1487/1487 1503/1503/1503 1485/1485/1485
f 1487/1487/1487 1504/1504/1504 1503/1503/1503
f 1489/1489/1489 1504/1504/1504 1487/1487/1487
f 1505/1505/1505 1506/1506/1506 1507/1507/1507
f 1505/1505/1505 1508/1508/1508 1506/1506/1506
f 1509/1509/1509 1508/1508/1508 1505/1505/1505
f 1509/1509/1509 1510/1510/1510 1508/1508/1508
f 1511/1511/1511 1510/1510/1510 1509/1509/1509
f 1511/1511/1511 1512/1512/1512 1510/1510/1510
f 1513/1513/1513 1512/1512/1512 1511/1511/1511
f 1513/1513/1513 1514/1514/1514 1512/1512/1512
f 1515/1515/1515 1514/1514/1514 1513/1513/1513
f 1515/1515/1515 1516/1516/1516 1514/1514/1514
f 1517/1517/1517 1516/1516/1516 1515/1515/1515
f 1500/1500/1500 1518/1518/1518 1499/1499/1499
f 1500/1500/1500 1519/1519/1519 1518/1518/1518
f 1520/1520/1520 1519/1519/1519 1500/1500/1500
f 1520/1520/1520 1521/1521/1521 1519/1519/1519
f 1522/1522/1522 1521/1521/1521 1520/1520/1520
f 1522/1522/1522 1523/1523/1523 1521/1521/1521
f 1524/1524/1524 1523/1523/1523 1522/1522/1522
f 1524/1524/1524 1525/1525/1525 1523/1523/1523
f 1503/1503/1503 1525/1525/1525 1524/1524/1524
f 1503/1503/1503 1504/1504/1504 1525/1525/1525
f 1526/1526/1526 1482/1482/1482 1480/1480/1480
f 1526/1526/1526 1527/1527/1527 1482/1482/1482
f 1528/1528/1528 1527/1527/1527 1526/1526/1526
f 1528/1528/1528 1529/1529/1529 1527/1527/1527
f 1530/1530/1530 1529/1529/1529 1528/1528/1528
f 1530/1530/1530 1531/1531/1531 1529/1529/1529
f 1532/1532/1532 1531/1531/1531 1530/1530/1530
f 1532/1532/1532 1533/1533/1533 1531/1531/1531
f 1534/1534/1534 1533/1533/1533 1532/1532/1532
f 1534/1534/1534 1535/1535/1535 1533/1533/1533
f 1536/1536/1536 1537/1537/1537 1538/1538/1538
f 1536/1536/1536 1539/1539/1539 1537/1537/1537
f 1540/1540/1540 1539/1539/1539 1536/1536/1536
f 1540/1540/1540 1541/1541/1541 1539/1539/1539
f 1542/1542/1542 1541/1541/1541 1540/1540/1540
f 1542/1542/1542 1543/1543/1543 1541/1541/1541
f 1544/1544/1544 1543/1543/1543 1542/1542/1542
f 1544/1544/1544 1545/1545/1545 1543/1543/1543
f 1546/1546/1546 1545/1545/1545 1544/1544/1544
f 1546/1546/1546 1547/1547/1547 1545/1545/1545
f 1548/1548/1548 1549/1549/1549 1550/1550/1550
f 1548/1548/1548 1551/1551/1551 1549/1549/1549
f 1552/1552/1552 1551/1551/1551 1548/1548/1548
f 1552/1552/1552 1553/1553/1553 1551/1551/1551
f 1554/1554/1554 1553/1553/1553 1552/1552/1552
f 1554/1554/1554 1555/1555/1555 1553/1553/1553
f 1556/1556/1556 1555/1555/1555 1554/1554/1554
f 1556/1556/1556 1557/1557/1557 1555/1555/1555
f 1558/1558/1558 1557/1557/1557 1556/1556/1556
f 1558/1558/1558 1537/1537/1537 1557/1557/1557
f 1463/1463/1463 1559/1559/1559 1560/1560/1560
f 1463/1463/1463 1561/1561/1561 1559/1559/1559
f 1462/1462/1462 1561/1561/1561 1463/1463/1463
f 1462/1462/1462 1562/1562/1562 1561/1561/1561
f 1464/1464/1464 1562/1562/1562 1462/1462/1462
f 1464/1464/1464 1563/1563/1563 1562/1562/1562
f 1466/1466/1466 1563/1563/1563 1464/1464/1464
f 1466/1466/1466 1564/1564/1564 1563/1563/1563
f 1565/1565/1565 1564/1564/1564 1466/1466/1466
f 1566/1566/1566 1567/1567/1567 1568/1568/1568
f 1566/1566/1566 1569/1569/1569 1567/1567/1567
f 1570/1570/1570 1569/1569/1569 1566/1566/1566
f 1570/1570/1570 1571/1571/1571 1569/1569/1569
f 1572/1572/1572 1571/1571/1571 1570/1570/1570
f 1572/1572/1572 1573/1573/1573 1571/1571/1571
f 1574/1574/1574 1573/1573/1573 1572/1572/1572
f 1574/1574/1574 1575/1575/1575 1573/1573/1573
f 1576/1576/1576 1575/1575/1575 1574/1574/1574
f 1577/1577/1577 1578/1578/1578 1579/1579/1579
f 1577/1577/1577 1580/1580/1580 1578/1578/1578
f 1581/1581/1581 1580/1580/1580 1577/1577/1577
f 1581/1581/1581 1582/1582/1582 1580/1580/1580
f 1583/1583/1583 1582/1582/1582 1581/1581/1581
f 1583/1583/1583 1584/1584/1584 1582/1582/1582
f 1585/1585/1585 1584/1584/1584 1583/1583/1583
f 1585/1585/1585 1586/1586/1586 1584/1584/1584
f 1587/1587/1587 1586/1586/1586 1585/1585/1585
f 1588/1588/1588 1589/1589/1589 1590/1590/1590
f 1588/1588/1588 1591/1591/1591 1589/1589/1589
f 1592/1592/1592 1591/1591/1591 1588/1588/1588
f 1592/1592/1592 1593/1593/1593 1591/1591/1591
f 1594/1594/1594 1593/1593/1593 1592/1592/1592
f 1594/1594/1594 1595/1595/1595 1593/1593/1593
f 1596/1596/1596 1595/1595/1595 1594/1594/1594
f 1596/1596/1596 1597/1597/1597 1595/1595/1595
f 1598/1598/1598 1597/1597/1597 1596/1596/1596
f 1551/1551/1551 1599/1599/1599 1549/1549/1549
f 1551/1551/1551 1600/1600/1600 1599/1599/1599
f 1553/1553/1553 1600/1600/1600 1551/1551/1551
f 1553/1553/1553 1601/1601/1601 1600/1600/1600
f 1602/1602/1602 1601/1601/1601 1553/1553/1553
f 1602/1602/1602 1603/1603/1603 1601/1601/1601
f 1604/1604/1604 1603/1603/1603 1602/1602/1602
f 1604/1604/1604 1545/1545/1545 1603/1603/1603
f 1543/1543/1543 1545/1545/1545 1604/1604/1604
f 1605/1605/1605 1453/1453/1453 1459/1459/1459
f 1605/1605/1605 1606/1606/1606 1453/1453/1453
f 1607/1607/1607 1606/1606/1606 1605/1605/1605
f 1607/1607/1607 1608/1608/1608 1606/1606/1606
f 1609/1609/1609 1608/1608/1608 1607/1607/1607
f 1609/1609/1609 1610/1610/1610 1608/1608/1608
f 1611/1611/1611 1610/1610/1610 1609/1609/1609
f 1611/1611/1611 1612/1612/1612 1610/1610/1610
f 1613/1613/1613 1612/1612/1612 1611/1611/1611
f 1614/1614/1614 1517/1517/1517 1615/1615/1615
f 1614/1614/1614 1516/1516/1516 1517/1517/1517
f 1616/1616/1616 1516/1516/1516 1614/1614/1614
f 1616/1616/1616 1617/1617/1617 1516/1516/1516
f 1618/1618/1618 1617/1617/1617 1616/1616/1616
f 1618/1618/1618 1619/1619/1619 1617/1617/1617
f 1620/1620/1620 1619/1619/1619 1618/1618/1618
f 1620/1620/1620 1621/1621/1621 1619/1619/1619
f 1622/1622/1622 1623/1623/1623 1624/1624/1624
f 1622/1622/1622 1625/1625/1625 1623/1623/1623
f 1626/1626/1626 1625/1625/1625 1622/1622/1622
f 1626/1626/1626 1627/1627/1627 1625/1625/1625
f 1628/1628/1628 1627/1627/1627 1626/1626/1626
f 1628/1628/1628 1475/1475/1475 1627/1627/1627
f 1629/1629/1629 1475/1475/1475 1628/1628/1628
f 1629/1629/1629 1474/1474/1474 1475/1475/1475
f 1590/1590/1590 1630/1630/1630 1631/1631/1631
f 1590/1590/1590 1632/1632/1632 1630/1630/1630
f 1589/1589/1589 1632/1632/1632 1590/1590/1590
f 1589/1589/1589 1633/1633/1633 1632/1632/1632
f 1634/1634/1634 1633/1633/1633 1589/1589/1589
f 1634/1634/1634 1635/1635/1635 1633/1633/1633
f 1636/1636/1636 1635/1635/1635 1634/1634/1634
f 1637/1637/1637 1595/1595/1595 1597/1597/1597
f 1637/1637/1637 1638/1638/1638 1595/1595/1595
f 1639/1639/1639 1638/1638/1638 1637/1637/1637
f 1639/1639/1639 1640/1640/1640 1638/1638/1638
f 1641/1641/1641 1640/1640/1640 1639/1639/1639
f 1641/1641/1641 1634/1634/1634 1640/1640/1640
f 1636/1636/1636 1634/1634/1634 1641/1641/1641
f 1642/1642/1642 1594/1594/1594 1592/1592/1592
f 1642/1642/1642 1643/1643/1643 1594/1594/1594
f 1644/1644/1644 1643/1643/1643 1642/1642/1642
f 1644/1644/1644 1645/1645/1645 1643/1643/1643
f 1646/1646/1646 1645/1645/1645 1644/1644/1644
f 1646/1646/1646 1576/1576/1576 1645/1645/1645
f 1647/1647/1647 1576/1576/1576 1646/1646/1646
f 1648/1648/1648 1649/1649/1649 1650/1650/1650
f 1648/1648/1648 1651/1651/1651 1649/1649/1649
f 1652/1652/1652 1651/1651/1651 1648/1648/1648
f 1652/1652/1652 1247/1247/1247 1651/1651/1651
f 1653/1653/1653 1247/1247/1247 1652/1652/1652
f 1653/1653/1653 1248/1248/1248 1247/1247/1247
f 1235/1235/1235 1248/1248/1248 1653/1653/1653
f 1654/1654/1654 1655/1655/1655 1656/1656/1656
f 1654/1654/1654 1657/1657/1657 1655/1655/1655
f 1658/1658/1658 1657/1657/1657 1654/1654/1654
f 1658/1658/1658 1659/1659/1659 1657/1657/1657
f 1660/1660/1660 1659/1659/1659 1658/1658/1658
f 1660/1660/1660 1359/1359/1359 1659/1659/1659
f 1360/1360/1360 1359/1359/1359 1660/1660/1660
f 1661/1661/1661 1538/1538/1538 1662/1662/1662
f 1661/1661/1661 1536/1536/1536 1538/1538/1538
f 1663/1663/1663 1536/1536/1536 1661/1661/1661
f 1663/1663/1663 1540/1540/1540 1536/1536/1536
f 1664/1664/1664 1540/1540/1540 1663/1663/1663
f 1664/1664/1664 1665/1665/1665 1540/1540/1540
f 1656/1656/1656 1666/1666/1666 1667/1667/1667
f 1656/1656/1656 1668/1668/1668 1666/1666/1666
f 1655/1655/1655 1668/1668/1668 1656/1656/1656
f 1655/1655/1655 1669/1669/1669 1668/1668/1668
f 1670/1670/1670 1669/1669/1669 1655/1655/1655
f 1670/1670/1670 1671/1671/1671 1669/1669/1669
f 1672/1672/1672 1572/1572/1572 1570/1570/1570
f 1672/1672/1672 1673/1673/1673 1572/1572/1572
f 1674/1674/1674 1673/1673/1673 1672/1672/1672
f 1674/1674/1674 1675/1675/1675 1673/1673/1673
f 1676/1676/1676 1675/1675/1675 1674/1674/1674
f 1676/1676/1676 1598/1598/1598 1675/1675/1675
f 1677/1677/1677 1678/1678/1678 1679/1679/1679
f 1677/1677/1677 1680/1680/1680 1678/1678/1678
f 1681/1681/1681 1680/1680/1680 1677/1677/1677
f 1681/1681/1681 1682/1682/1682 1680/1680/1680
f 1276/1276/1276 1682/1682/1682 1681/1681/1681
f 1276/1276/1276 1491/1491/1491 1682/1682/1682
f 1683/1683/1683 1271/1271/1271 1273/1273/1273
f 1683/1683/1683 1684/1684/1684 1271/1271/1271
f 1685/1685/1685 1684/1684/1684 1683/1683/1683
f 1685/1685/1685 1686/1686/1686 1684/1684/1684
f 1687/1687/1687 1686/1686/1686 1685/1685/1685
f 1687/1687/1687 1688/1688/1688 1686/1686/1686
f 1684/1684/1684 1270/1270/1270 1271/1271/1271
f 1684/1684/1684 1689/1689/1689 1270/1270/1270
f 1690/1690/1690 1689/1689/1689 1684/1684/1684
f 1690/1690/1690 1649/1649/1649 1689/1689/1689
f 1691/1691/1691 1649/1649/1649 1690/1690/1690
f 1691/1691/1691 1650/1650/1650 1649/1649/1649
f 1692/1692/1692 1548/1548/1548 1550/1550/1550
f 1692/1692/1692 1693/1693/1693 1548/1548/1548
f 1694/1694/1694 1693/1693/1693 1692/1692/1692
f 1694/1694/1694 1695/1695/1695 1693/1693/1693
f 1696/1696/1696 1695/1695/1695 1694/1694/1694
f 1696/1696/1696 1697/1697/1697 1695/1695/1695
f 1698/1698/1698 1699/1699/1699 1700/1700/1700
f 1698/1698/1698 1701/1701/1701 1699/1699/1699
f 1702/1702/1702 1701/1701/1701 1698/1698/1698
f 1702/1702/1702 1703/1703/1703 1701/1701/1701
f 1585/1585/1585 1703/1703/1703 1702/1702/1702
f 1585/1585/1585 1583/1583/1583 1703/1703/1703
f 1524/1524/1524 1502/1502/1502 1503/1503/1503
f 1524/1524/1524 1704/1704/1704 1502/1502/1502
f 1522/1522/1522 1704/1704/1704 1524/1524/1524
f 1522/1522/1522 1705/1705/1705 1704/1704/1704
f 1520/1520/1520 1705/1705/1705 1522/1522/1522
f 1520/1520/1520 1500/1500/1500 1705/1705/1705
f 1706/1706/1706 1707/1707/1707 1708/1708/1708
f 1706/1706/1706 1709/1709/1709 1707/1707/1707
f 1710/1710/1710 1709/1709/1709 1706/1706/1706
f 1710/1710/1710 1711/1711/1711 1709/1709/1709
f 1273/1273/1273 1711/1711/1711 1710/1710/1710
f 1273/1273/1273 1272/1272/1272 1711/1711/1711
f 1631/1631/1631 1712/1712/1712 1713/1713/1713
f 1631/1631/1631 1714/1714/1714 1712/1712/1712
f 1630/1630/1630 1714/1714/1714 1631/1631/1631
f 1630/1630/1630 1715/1715/1715 1714/1714/1714
f 1716/1716/1716 1715/1715/1715 1630/1630/1630
f 1717/1717/1717 1718/1718/1718 1719/1719/1719
f 1717/1717/1717 1720/1720/1720 1718/1718/1718
f 1721/1721/1721 1720/1720/1720 1717/1717/1717
f 1721/1721/1721 1669/1669/1669 1720/1720/1720
f 1668/1668/1668 1669/1669/1669 1721/1721/1721
f 1473/1473/1473 1722/1722/1722 1475/1475/1475
f 1473/1473/1473 1723/1723/1723 1722/1722/1722
f 1471/1471/1471 1723/1723/1723 1473/1473/1473
f 1471/1471/1471 1724/1724/1724 1723/1723/1723
f 1469/1469/1469 1724/1724/1724 1471/1471/1471
f 1725/1725/1725 1726/1726/1726 1727/1727/1727
f 1725/1725/1725 1728/1728/1728 1726/1726/1726
f 1729/1729/1729 1728/1728/1728 1725/1725/1725
f 1729/1729/1729 1584/1584/1584 1728/1728/1728
f 1582/1582/1582 1584/1584/1584 1729/1729/1729
f 1685/1685/1685 1708/1708/1708 1730/1730/1730
f 1685/1685/1685 1706/1706/1706 1708/1708/1708
f 1683/1683/1683 1706/1706/1706 1685/1685/1685
f 1683/1683/1683 1710/1710/1710 1706/1706/1706
f 1273/1273/1273 1710/1710/1710 1683/1683/1683
f 1731/1731/1731 1493/1493/1493 1495/1495/1495
f 1731/1731/1731 1732/1732/1732 1493/1493/1493
f 1733/1733/1733 1732/1732/1732 1731/1731/1731
f 1733/1733/1733 1682/1682/1682 1732/1732/1732
f 1680/1680/1680 1682/1682/1682 1733/1733/1733
f 1554/1554/1554 1734/1734/1734 1556/1556/1556
f 1554/1554/1554 1735/1735/1735 1734/1734/1734
f 1736/1736/1736 1735/1735/1735 1554/1554/1554
f 1736/1736/1736 1693/1693/1693 1735/1735/1735
f 1548/1548/1548 1693/1693/1693 1736/1736/1736
f 1532/1532/1532 1737/1737/1737 1534/1534/1534
f 1532/1532/1532 1738/1738/1738 1737/1737/1737
f 1530/1530/1530 1738/1738/1738 1532/1532/1532
f 1530/1530/1530 1739/1739/1739 1738/1738/1738
f 1740/1740/1740 1739/1739/1739 1530/1530/1530
f 1555/1555/1555 1602/1602/1602 1553/1553/1553
f 1555/1555/1555 1741/1741/1741 1602/1602/1602
f 1557/1557/1557 1741/1741/1741 1555/1555/1555
f 1557/1557/1557 1539/1539/1539 1741/1741/1741
f 1537/1537/1537 1539/1539/1539 1557/1557/1557
f 1618/1618/1618 1742/1742/1742 1620/1620/1620
f 1618/1618/1618 1743/1743/1743 1742/1742/1742
f 1744/1744/1744 1743/1743/1743 1618/1618/1618
f 1744/1744/1744 1745/1745/1745 1743/1743/1743
f 1746/1746/1746 1745/1745/1745 1744/1744/1744
f 1608/1608/1608 1747/1747/1747 1606/1606/1606
f 1608/1608/1608 1748/1748/1748 1747/1747/1747
f 1610/1610/1610 1748/1748/1748 1608/1608/1608
f 1610/1610/1610 1749/1749/1749 1748/1748/1748
f 1612/1612/1612 1749/1749/1749 1610/1610/1610
f 1638/1638/1638 1593/1593/1593 1595/1595/1595
f 1638/1638/1638 1591/1591/1591 1593/1593/1593
f 1640/1640/1640 1591/1591/1591 1638/1638/1638
f 1640/1640/1640 1634/1634/1634 1591/1591/1591
f 1750/1750/1750 1751/1751/1751 1752/1752/1752
f 1750/1750/1750 1753/1753/1753 1751/1751/1751
f 1359/1359/1359 1753/1753/1753 1750/1750/1750
f 1359/1359/1359 1357/1357/1357 1753/1753/1753
f 1754/1754/1754 1570/1570/1570 1566/1566/1566
f 1754/1754/1754 1672/1672/1672 1570/1570/1570
f 1755/1755/1755 1672/1672/1672 1754/1754/1754
f 1755/1755/1755 1756/1756/1756 1672/1672/1672
f 1403/1403/1403 1700/1700/1700 1404/1404/1404
f 1403/1403/1403 1698/1698/1698 1700/1700/1700
f 1376/1376/1376 1698/1698/1698 1403/1403/1403
f 1376/1376/1376 1448/1448/1448 1698/1698/1698
f 1703/1703/1703 1699/1699/1699 1701/1701/1701
f 1703/1703/1703 1757/1757/1757 1699/1699/1699
f 1583/1583/1583 1757/1757/1757 1703/1703/1703
f 1583/1583/1583 1758/1758/1758 1757/1757/1757
f 1759/1759/1759 1611/1611/1611 1609/1609/1609
f 1759/1759/1759 1760/1760/1760 1611/1611/1611
f 1761/1761/1761 1760/1760/1760 1759/1759/1759
f 1761/1761/1761 1762/1762/1762 1760/1760/1760
f 1763/1763/1763 1633/1633/1633 1635/1635/1635
f 1763/1763/1763 1764/1764/1764 1633/1633/1633
f 1765/1765/1765 1764/1764/1764 1763/1763/1763
f 1765/1765/1765 1766/1766/1766 1764/1764/1764
f 1508/1508/1508 1621/1621/1621 1506/1506/1506
f 1508/1508/1508 1767/1767/1767 1621/1621/1621
f 1510/1510/1510 1767/1767/1767 1508/1508/1508
f 1510/1510/1510 1512/1512/1512 1767/1767/1767
f 1767/1767/1767 1619/1619/1619 1621/1621/1621
f 1767/1767/1767 1768/1768/1768 1619/1619/1619
f 1512/1512/1512 1768/1768/1768 1767/1767/1767
f 1512/1512/1512 1514/1514/1514 1768/1768/1768
f 1544/1544/1544 1769/1769/1769 1546/1546/1546
f 1544/1544/1544 1770/1770/1770 1769/1769/1769
f 1542/1542/1542 1770/1770/1770 1544/1544/1544
f 1542/1542/1542 1540/1540/1540 1770/1770/1770
f 1771/1771/1771 1681/1681/1681 1677/1677/1677
f 1771/1771/1771 1276/1276/1276 1681/1681/1681
f 1772/1772/1772 1276/1276/1276 1771/1771/1771
f 1772/1772/1772 1275/1275/1275 1276/1276/1276
f 1773/1773/1773 1533/1533/1533 1535/1535/1535
f 1773/1773/1773 1774/1774/1774 1533/1533/1533
f 1490/1490/1490 1774/1774/1774 1773/1773/1773
f 1490/1490/1490 1488/1488/1488 1774/1774/1774
f 1529/1529/1529 1486/1486/1486 1484/1484/1484
f 1529/1529/1529 1775/1775/1775 1486/1486/1486
f 1531/1531/1531 1775/1775/1775 1529/1529/1529
f 1531/1531/1531 1533/1533/1533 1775/1775/1775
f 1776/1776/1776 1495/1495/1495 1497/1497/1497
f 1776/1776/1776 1731/1731/1731 1495/1495/1495
f 1777/1777/1777 1731/1731/1731 1776/1776/1776
f 1777/1777/1777 1778/1778/1778 1731/1731/1731
f 1670/1670/1670 1779/1779/1779 1780/1780/1780
f 1670/1670/1670 1781/1781/1781 1779/1779/1779
f 1655/1655/1655 1781/1781/1781 1670/1670/1670
f 1655/1655/1655 1657/1657/1657 1781/1781/1781
f 1781/1781/1781 1752/1752/1752 1779/1779/1779
f 1781/1781/1781 1750/1750/1750 1752/1752/1752
f 1659/1659/1659 1750/1750/1750 1781/1781/1781
f 1659/1659/1659 1359/1359/1359 1750/1750/1750
f 1448/1448/1448 1702/1702/1702 1698/1698/1698
f 1448/1448/1448 1587/1587/1587 1702/1702/1702
f 1449/1449/1449 1587/1587/1587 1448/1448/1448
f 1782/1782/1782 1567/1567/1567 1569/1569/1569
f 1782/1782/1782 1783/1783/1783 1567/1567/1567
f 1784/1784/1784 1783/1783/1783 1782/1782/1782
f 1785/1785/1785 1561/1561/1561 1562/1562/1562
f 1785/1785/1785 1559/1559/1559 1561/1561/1561
f 1786/1786/1786 1559/1559/1559 1785/1785/1785
f 1787/1787/1787 1616/1616/1616 1614/1614/1614
f 1787/1787/1787 1744/1744/1744 1616/1616/1616
f 1746/1746/1746 1744/1744/1744 1787/1787/1787
f 1764/1764/1764 1632/1632/1632 1633/1633/1633
f 1764/1764/1764 1630/1630/1630 1632/1632/1632
f 1716/1716/1716 1630/1630/1630 1764/1764/1764
f 1644/1644/1644 1647/1647/1647 1646/1646/1646
f 1644/1644/1644 1788/1788/1788 1647/1647/1647
f 1642/1642/1642 1788/1788/1788 1644/1644/1644
f 1501/1501/1501 1705/1705/1705 1500/1500/1500
f 1501/1501/1501 1704/1704/1704 1705/1705/1705
f 1502/1502/1502 1704/1704/1704 1501/1501/1501
f 1774/1774/1774 1775/1775/1775 1533/1533/1533
f 1774/1774/1774 1486/1486/1486 1775/1775/1775
f 1488/1488/1488 1486/1486/1486 1774/1774/1774
f 1541/1541/1541 1741/1741/1741 1539/1539/1539
f 1541/1541/1541 1604/1604/1604 1741/1741/1741
f 1543/1543/1543 1604/1604/1604 1541/1541/1541
f 1732/1732/1732 1492/1492/1492 1493/1493/1493
f 1732/1732/1732 1491/1491/1491 1492/1492/1492
f 1682/1682/1682 1491/1491/1491 1732/1732/1732
f 1709/1709/1709 1789/1789/1789 1707/1707/1707
f 1709/1709/1709 1790/1790/1790 1789/1789/1789
f 1791/1791/1791 1790/1790/1790 1709/1709/1709
f 1690/1690/1690 1688/1688/1688 1691/1691/1691
f 1690/1690/1690 1686/1686/1686 1688/1688/1688
f 1684/1684/1684 1686/1686/1686 1690/1690/1690
f 1784/1784/1784 1792/1792/1792 1793/1793/1793
f 1784/1784/1784 1573/1573/1573 1792/1792/1792
f 1571/1571/1571 1573/1573/1573 1784/1784/1784
f 1651/1651/1651 1689/1689/1689 1649/1649/1649
f 1651/1651/1651 1270/1270/1270 1689/1689/1689
f 1247/1247/1247 1270/1270/1270 1651/1651/1651
f 1494/1494/1494 1648/1648/1648 1496/1496/1496
f 1494/1494/1494 1652/1652/1652 1648/1648/1648
f 1653/1653/1653 1652/1652/1652 1494/1494/1494
f 1794/1794/1794 1653/1653/1653 1494/1494/1494
f 1794/1794/1794 1235/1235/1235 1653/1653/1653
f 1257/1257/1257 1235/1235/1235 1794/1794/1794
f 1627/1627/1627 1722/1722/1722 1795/1795/1795
f 1627/1627/1627 1475/1475/1475 1722/1722/1722
f 1796/1796/1796 1513/1513/1513 1511/1511/1511
f 1796/1796/1796 1797/1797/1797 1513/1513/1513
f 1798/1798/1798 1584/1584/1584 1586/1586/1586
f 1798/1798/1798 1728/1728/1728 1584/1584/1584
f 1718/1718/1718 1669/1669/1669 1671/1671/1671
f 1718/1718/1718 1720/1720/1720 1669/1669/1669
f 1799/1799/1799 1760/1760/1760 1762/1762/1762
f 1799/1799/1799 1800/1800/1800 1760/1760/1760
f 1613/1613/1613 1760/1760/1760 1800/1800/1800
f 1613/1613/1613 1611/1611/1611 1760/1760/1760
f 1472/1472/1472 1468/1468/1468 1470/1470/1470
f 1472/1472/1472 1565/1565/1565 1468/1468/1468
f 1768/1768/1768 1617/1617/1617 1619/1619/1619
f 1768/1768/1768 1514/1514/1514 1617/1617/1617
f 1571/1571/1571 1782/1782/1782 1569/1569/1569
f 1571/1571/1571 1784/1784/1784 1782/1782/1782
f 1527/1527/1527 1484/1484/1484 1482/1482/1482
f 1527/1527/1527 1529/1529/1529 1484/1484/1484
f 1530/1530/1530 1801/1801/1801 1740/1740/1740
f 1530/1530/1530 1528/1528/1528 1801/1801/1801
f 1802/1802/1802 1738/1738/1738 1739/1739/1739
f 1802/1802/1802 1737/1737/1737 1738/1738/1738
f 1596/1596/1596 1675/1675/1675 1598/1598/1598
f 1596/1596/1596 1645/1645/1645 1675/1675/1675
f 1600/1600/1600 1803/1803/1803 1599/1599/1599
f 1600/1600/1600 1601/1601/1601 1803/1803/1803
f 1601/1601/1601 1804/1804/1804 1803/1803/1803
f 1601/1601/1601 1603/1603/1603 1804/1804/1804
f 1603/1603/1603 1547/1547/1547 1804/1804/1804
f 1603/1603/1603 1545/1545/1545 1547/1547/1547
f 1778/1778/1778 1733/1733/1733 1731/1731/1731
f 1778/1778/1778 1678/1678/1678 1733/1733/1733
f 1552/1552/1552 1736/1736/1736 1554/1554/1554
f 1552/1552/1552 1548/1548/1548 1736/1736/1736
f 1695/1695/1695 1735/1735/1735 1693/1693/1693
f 1695/1695/1695 1697/1697/1697 1735/1735/1735
f 1805/1805/1805 1735/1735/1735 1697/1697/1697
f 1805/1805/1805 1806/1806/1806 1735/1735/1735
f 1806/1806/1806 1734/1734/1734 1735/1735/1735
f 1806/1806/1806 1558/1558/1558 1734/1734/1734
f 1645/1645/1645 1673/1673/1673 1675/1675/1675
f 1645/1645/1645 1576/1576/1576 1673/1673/1673
f 1574/1574/1574 1673/1673/1673 1576/1576/1576
f 1574/1574/1574 1572/1572/1572 1673/1673/1673
f 1807/1807/1807 1711/1711/1711 1272/1272/1272
f 1807/1807/1807 1808/1808/1808 1711/1711/1711
f 1791/1791/1791 1711/1711/1711 1808/1808/1808
f 1791/1791/1791 1709/1709/1709 1711/1711/1711
f 1239/1239/1239 1272/1272/1272 1237/1237/1237
f 1239/1239/1239 1807/1807/1807 1272/1272/1272
f 1674/1674/1674 1756/1756/1756 1676/1676/1676
f 1674/1674/1674 1672/1672/1672 1756/1756/1756
f 1770/1770/1770 1665/1665/1665 1769/1769/1769
f 1770/1770/1770 1540/1540/1540 1665/1665/1665
f 1643/1643/1643 1596/1596/1596 1594/1594/1594
f 1643/1643/1643 1645/1645/1645 1596/1596/1596
f 1625/1625/1625 1795/1795/1795 1623/1623/1623
f 1625/1625/1625 1627/1627/1627 1795/1795/1795
f 1453/1453/1453 1747/1747/1747 1454/1454/1454
f 1453/1453/1453 1606/1606/1606 1747/1747/1747
f 1498/1498/1498 1648/1648/1648 1650/1650/1650
f 1498/1498/1498 1496/1496/1496 1648/1648/1648
f 1666/1666/1666 1721/1721/1721 1717/1717/1717
f 1666/1666/1666 1668/1668/1668 1721/1721/1721
f 1751/1751/1751 1351/1351/1351 1353/1353/1353
f 1751/1751/1751 1753/1753/1753 1351/1351/1351
f 1809/1809/1809 1784/1784/1784 1810/1810/1810
f 1809/1809/1809 1783/1783/1783 1784/1784/1784
f 1578/1578/1578 1725/1725/1725 1727/1727/1727
f 1578/1578/1578 1580/1580/1580 1725/1725/1725
f 1580/1580/1580 1729/1729/1729 1725/1725/1725
f 1580/1580/1580 1582/1582/1582 1729/1729/1729
f 1573/1573/1573 1575/1575/1575 1792/1792/1792
f 1680/1680/1680 1733/1733/1733 1678/1678/1678
f 1622/1622/1622 1811/1811/1811 1626/1626/1626
f 1468/1468/1468 1565/1565/1565 1466/1466/1466
f 1657/1657/1657 1659/1659/1659 1781/1781/1781
f 1351/1351/1351 1753/1753/1753 1357/1357/1357
f 1716/1716/1716 1764/1764/1764 1766/1766/1766
f 1634/1634/1634 1589/1589/1589 1591/1591/1591
f 1797/1797/1797 1515/1515/1515 1513/1513/1513
f 1801/1801/1801 1528/1528/1528 1526/1526/1526
f 1585/1585/1585 1702/1702/1702 1587/1587/1587
f 1744/1744/1744 1618/1618/1618 1616/1616/1616
f 1516/1516/1516 1617/1617/1617 1514/1514/1514
f 1602/1602/1602 1741/1741/1741 1604/1604/1604
f 1558/1558/1558 1556/1556/1556 1734/1734/1734
f 1685/1685/1685 1730/1730/1730 1687/1687/1687
f 1794/1794/1794 1494/1494/1494 1257/1257/1257
f 1812/1812/1812 1713/1713/1713 1712/1712/1712
f 1812/1812/1812 1813/1813/1813 1713/1713/1713
f 1814/1814/1814 1813/1813/1813 1812/1812/1812
f 1814/1814/1814 1815/1815/1815 1813/1813/1813
f 1816/1816/1816 1815/1815/1815 1814/1814/1814
f 1816/1816/1816 1817/1817/1817 1815/1815/1815
f 1818/1818/1818 1817/1817/1817 1816/1816/1816
f 1818/1818/1818 1819/1819/1819 1817/1817/1817
f 1564/1564/1564 1819/1819/1819 1818/1818/1818
f 1564/1564/1564 1820/1820/1820 1819/1819/1819
f 1565/1565/1565 1820/1820/1820 1564/1564/1564
f 1565/1565/1565 1472/1472/1472 1820/1820/1820
f 1815/1815/1815 1821/1821/1821 1813/1813/1813
f 1815/1815/1815 1822/1822/1822 1821/1821/1821
f 1823/1823/1823 1822/1822/1822 1815/1815/1815
f 1823/1823/1823 1824/1824/1824 1822/1822/1822
f 1825/1825/1825 1824/1824/1824 1823/1823/1823
f 1825/1825/1825 1826/1826/1826 1824/1824/1824
f 1827/1827/1827 1826/1826/1826 1825/1825/1825
f 1827/1827/1827 1828/1828/1828 1826/1826/1826
f 1820/1820/1820 1828/1828/1828 1827/1827/1827
f 1820/1820/1820 1472/1472/1472 1828/1828/1828
f 1822/1822/1822 1829/1829/1829 1821/1821/1821
f 1822/1822/1822 1830/1830/1830 1829/1829/1829
f 1824/1824/1824 1830/1830/1830 1822/1822/1822
f 1824/1824/1824 1831/1831/1831 1830/1830/1830
f 1826/1826/1826 1831/1831/1831 1824/1824/1824
f 1826/1826/1826 1788/1788/1788 1831/1831/1831
f 1647/1647/1647 1788/1788/1788 1826/1826/1826
f 1818/1818/1818 1563/1563/1563 1564/1564/1564
f 1818/1818/1818 1562/1562/1562 1563/1563/1563
f 1832/1832/1832 1562/1562/1562 1818/1818/1818
f 1832/1832/1832 1833/1833/1833 1562/1562/1562
f 1816/1816/1816 1833/1833/1833 1832/1832/1832
f 1816/1816/1816 1814/1814/1814 1833/1833/1833
f 1829/1829/1829 1813/1813/1813 1821/1821/1821
f 1829/1829/1829 1834/1834/1834 1813/1813/1813
f 1835/1835/1835 1834/1834/1834 1829/1829/1829
f 1835/1835/1835 1590/1590/1590 1834/1834/1834
f 1588/1588/1588 1590/1590/1590 1835/1835/1835
f 1836/1836/1836 1626/1626/1626 1811/1811/1811
f 1836/1836/1836 1793/1793/1793 1626/1626/1626
f 1810/1810/1810 1793/1793/1793 1836/1836/1836
f 1810/1810/1810 1784/1784/1784 1793/1793/1793
f 1642/1642/1642 1831/1831/1831 1788/1788/1788
f 1642/1642/1642 1837/1837/1837 1831/1831/1831
f 1592/1592/1592 1837/1837/1837 1642/1642/1642
f 1592/1592/1592 1588/1588/1588 1837/1837/1837
f 1828/1828/1828 1647/1647/1647 1826/1826/1826
f 1828/1828/1828 1838/1838/1838 1647/1647/1647
f 1472/1472/1472 1838/1838/1838 1828/1828/1828
f 1472/1472/1472 1474/1474/1474 1838/1838/1838
f 1837/1837/1837 1830/1830/1830 1831/1831/1831
f 1837/1837/1837 1835/1835/1835 1830/1830/1830
f 1588/1588/1588 1835/1835/1835 1837/1837/1837
f 1812/1812/1812 1833/1833/1833 1814/1814/1814
f 1812/1812/1812 1786/1786/1786 1833/1833/1833
f 1785/1785/1785 1833/1833/1833 1786/1786/1786
f 1785/1785/1785 1562/1562/1562 1833/1833/1833
f 1793/1793/1793 1628/1628/1628 1626/1626/1626
f 1793/1793/1793 1792/1792/1792 1628/1628/1628
f 1792/1792/1792 1629/1629/1629 1628/1628/1628
f 1792/1792/1792 1575/1575/1575 1629/1629/1629
f 1827/1827/1827 1819/1819/1819 1820/1820/1820
f 1827/1827/1827 1825/1825/1825 1819/1819/1819
f 1825/1825/1825 1817/1817/1817 1819/1819/1819
f 1825/1825/1825 1823/1823/1823 1817/1817/1817
f 1631/1631/1631 1834/1834/1834 1590/1590/1590
f 1631/1631/1631 1713/1713/1713 1834/1834/1834
f 1629/1629/1629 1838/1838/1838 1474/1474/1474
f 1629/1629/1629 1575/1575/1575 1838/1838/1838
f 1576/1576/1576 1838/1838/1838 1575/1575/1575
f 1576/1576/1576 1647/1647/1647 1838/1838/1838
f 1816/1816/1816 1832/1832/1832 1818/1818/1818
f 1823/1823/1823 1815/1815/1815 1817/1817/1817
f 1830/1830/1830 1835/1835/1835 1829/1829/1829
f 1813/1813/1813 1834/1834/1834 1713/1713/1713
f 1839/1839/1839 1840/1840/1840 1841/1841/1841
f 1839/1839/1839 1842/1842/1842 1840/1840/1840
f 1843/1843/1843 1842/1842/1842 1839/1839/1839
f 1843/1843/1843 1844/1844/1844 1842/1842/1842
f 1845/1845/1845 1844/1844/1844 1843/1843/1843
f 1845/1845/1845 1846/1846/1846 1844/1844/1844
f 1847/1847/1847 1846/1846/1846 1845/1845/1845
f 1847/1847/1847 1848/1848/1848 1846/1846/1846
f 1849/1849/1849 1848/1848/1848 1847/1847/1847
f 1849/1849/1849 1850/1850/1850 1848/1848/1848
f 1842/1842/1842 1851/1851/1851 1840/1840/1840
f 1842/1842/1842 1852/1852/1852 1851/1851/1851
f 1844/1844/1844 1852/1852/1852 1842/1842/1842
f 1844/1844/1844 1853/1853/1853 1852/1852/1852
f 1854/1854/1854 1853/1853/1853 1844/1844/1844
f 1855/1855/1855 1856/1856/1856 1857/1857/1857
f 1855/1855/1855 1858/1858/1858 1856/1856/1856
f 1859/1859/1859 1858/1858/1858 1855/1855/1855
f 1859/1859/1859 1860/1860/1860 1858/1858/1858
f 1861/1861/1861 1860/1860/1860 1859/1859/1859
f 1846/1846/1846 1854/1854/1854 1844/1844/1844
f 1846/1846/1846 1862/1862/1862 1854/1854/1854
f 1848/1848/1848 1862/1862/1862 1846/1846/1846
f 1848/1848/1848 1861/1861/1861 1862/1862/1862
f 1850/1850/1850 1861/1861/1861 1848/1848/1848
f 1863/1863/1863 1864/1864/1864 1865/1865/1865
f 1863/1863/1863 1866/1866/1866 1864/1864/1864
f 1867/1867/1867 1866/1866/1866 1863/1863/1863
f 1867/1867/1867 1868/1868/1868 1866/1866/1866
f 1869/1869/1869 1870/1870/1870 1871/1871/1871
f 1869/1869/1869 1872/1872/1872 1870/1870/1870
f 1873/1873/1873 1872/1872/1872 1869/1869/1869
f 1841/1841/1841 1874/1874/1874 1875/1875/1875
f 1841/1841/1841 1876/1876/1876 1874/1874/1874
f 1840/1840/1840 1876/1876/1876 1841/1841/1841
f 1877/1877/1877 1878/1878/1878 1879/1879/1879
f 1877/1877/1877 1880/1880/1880 1878/1878/1878
f 1881/1881/1881 1880/1880/1880 1877/1877/1877
f 1868/1868/1868 1882/1882/1882 1883/1883/1883
f 1868/1868/1868 1884/1884/1884 1882/1882/1882
f 1867/1867/1867 1884/1884/1884 1868/1868/1868
f 1885/1885/1885 1856/1856/1856 1879/1879/1879
f 1885/1885/1885 1886/1886/1886 1856/1856/1856
f 1887/1887/1887 1888/1888/1888 1889/1889/1889
f 1887/1887/1887 1890/1890/1890 1888/1888/1888
f 1891/1891/1891 1892/1892/1892 1893/1893/1893
f 1891/1891/1891 1894/1894/1894 1892/1892/1892
f 1894/1894/1894 1865/1865/1865 1892/1892/1892
f 1894/1894/1894 1863/1863/1863 1865/1865/1865
f 1884/1884/1884 1895/1895/1895 1882/1882/1882
f 1884/1884/1884 1896/1896/1896 1895/1895/1895
f 1896/1896/1896 1877/1877/1877 1895/1895/1895
f 1896/1896/1896 1881/1881/1881 1877/1877/1877
f 1897/1897/1897 1856/1856/1856 1886/1886/1886
f 1897/1897/1897 1857/1857/1857 1856/1856/1856
f 1898/1898/1898 1861/1861/1861 1859/1859/1859
f 1898/1898/1898 1862/1862/1862 1861/1861/1861
f 1869/1869/1869 1899/1899/1899 1873/1873/1873
f 1869/1869/1869 1900/1900/1900 1899/1899/1899
f 1888/1888/1888 1899/1899/1899 1900/1900/1900
f 1888/1888/1888 1890/1890/1890 1899/1899/1899
f 1901/1901/1901 1902/1902/1902 1903/1903/1903
f 1901/1901/1901 1850/1850/1850 1902/1902/1902
f 1904/1904/1904 1847/1847/1847 1845/1845/1845
f 1904/1904/1904 1849/1849/1849 1847/1847/1847
f 1862/1862/1862 1905/1905/1905 1854/1854/1854
f 1902/1902/1902 1906/1906/1906 1907/1907/1907
f 1902/1902/1902 1908/1908/1908 1906/1906/1906
f 1909/1909/1909 1908/1908/1908 1902/1902/1902
f 1909/1909/1909 1910/1910/1910 1908/1908/1908
f 1849/1849/1849 1910/1910/1910 1909/1909/1909
f 1849/1849/1849 1904/1904/1904 1910/1910/1910
f 1910/1910/1910 1911/1911/1911 1908/1908/1908
f 1910/1910/1910 1912/1912/1912 1911/1911/1911
f 1845/1845/1845 1912/1912/1912 1910/1910/1910
f 1845/1845/1845 1843/1843/1843 1912/1912/1912
f 1912/1912/1912 1913/1913/1913 1911/1911/1911
f 1912/1912/1912 1914/1914/1914 1913/1913/1913
f 1915/1915/1915 1914/1914/1914 1912/1912/1912
f 1915/1915/1915 1916/1916/1916 1914/1914/1914
f 1903/1903/1903 1907/1907/1907 1917/1917/1917
f 1903/1903/1903 1902/1902/1902 1907/1907/1907
f 1909/1909/1909 1850/1850/1850 1849/1849/1849
f 1909/1909/1909 1902/1902/1902 1850/1850/1850
f 1914/1914/1914 1918/1918/1918 1913/1913/1913
f 1914/1914/1914 1916/1916/1916 1918/1918/1918
f 1845/1845/1845 1910/1910/1910 1904/1904/1904
f 1912/1912/1912 1843/1843/1843 1915/1915/1915
f 1911/1911/1911 1919/1919/1919 1908/1908/1908
f 1911/1911/1911 1920/1920/1920 1919/1919/1919
f 1913/1913/1913 1920/1920/1920 1911/1911/1911
f 1913/1913/1913 1921/1921/1921 1920/1920/1920
f 1918/1918/1918 1921/1921/1921 1913/1913/1913
f 1918/1918/1918 1922/1922/1922 1921/1921/1921
f 1923/1923/1923 1922/1922/1922 1918/1918/1918
f 1923/1923/1923 1924/1924/1924 1922/1922/1922
f 1925/1925/1925 1924/1924/1924 1923/1923/1923
f 1925/1925/1925 1926/1926/1926 1924/1924/1924
f 1927/1927/1927 1926/1926/1926 1925/1925/1925
f 1925/1925/1925 1928/1928/1928 1927/1927/1927
f 1925/1925/1925 1929/1929/1929 1928/1928/1928
f 1923/1923/1923 1929/1929/1929 1925/1925/1925
f 1923/1923/1923 1916/1916/1916 1929/1929/1929
f 1918/1918/1918 1916/1916/1916 1923/1923/1923
f 1930/1930/1930 1931/1931/1931 1932/1932/1932
f 1930/1930/1930 1933/1933/1933 1931/1931/1931
f 1907/1907/1907 1933/1933/1933 1930/1930/1930
f 1907/1907/1907 1906/1906/1906 1933/1933/1933
f 1908/1908/1908 1934/1934/1934 1906/1906/1906
f 1908/1908/1908 1935/1935/1935 1934/1934/1934
f 1919/1919/1919 1935/1935/1935 1908/1908/1908
f 1933/1933/1933 1934/1934/1934 1931/1931/1931
f 1933/1933/1933 1906/1906/1906 1934/1934/1934
f 1936/1936/1936 1937/1937/1937 1938/1938/1938
f 1936/1936/1936 1939/1939/1939 1937/1937/1937
f 1940/1940/1940 1939/1939/1939 1936/1936/1936
f 1940/1940/1940 1941/1941/1941 1939/1939/1939
f 1942/1942/1942 1941/1941/1941 1940/1940/1940
f 1942/1942/1942 1943/1943/1943 1941/1941/1941
f 1883/1883/1883 1943/1943/1943 1942/1942/1942
f 1883/1883/1883 1944/1944/1944 1943/1943/1943
f 1882/1882/1882 1944/1944/1944 1883/1883/1883
f 1882/1882/1882 1945/1945/1945 1944/1944/1944
f 1895/1895/1895 1945/1945/1945 1882/1882/1882
f 1895/1895/1895 1946/1946/1946 1945/1945/1945
f 1877/1877/1877 1946/1946/1946 1895/1895/1895
f 1877/1877/1877 1947/1947/1947 1946/1946/1946
f 1948/1948/1948 1856/1856/1856 1858/1858/1858
f 1948/1948/1948 1949/1949/1949 1856/1856/1856
f 1950/1950/1950 1949/1949/1949 1948/1948/1948
f 1950/1950/1950 1951/1951/1951 1949/1949/1949
f 1952/1952/1952 1951/1951/1951 1950/1950/1950
f 1952/1952/1952 1946/1946/1946 1951/1951/1951
f 1945/1945/1945 1946/1946/1946 1952/1952/1952
f 1953/1953/1953 1871/1871/1871 1954/1954/1954
f 1953/1953/1953 1955/1955/1955 1871/1871/1871
f 1956/1956/1956 1955/1955/1955 1953/1953/1953
f 1956/1956/1956 1957/1957/1957 1955/1955/1955
f 1958/1958/1958 1957/1957/1957 1956/1956/1956
f 1958/1958/1958 1889/1889/1889 1957/1957/1957
f 1928/1928/1928 1959/1959/1959 1960/1960/1960
f 1928/1928/1928 1961/1961/1961 1959/1959/1959
f 1929/1929/1929 1961/1961/1961 1928/1928/1928
f 1929/1929/1929 1962/1962/1962 1961/1961/1961
f 1916/1916/1916 1962/1962/1962 1929/1929/1929
f 1916/1916/1916 1915/1915/1915 1962/1962/1962
f 1963/1963/1963 1964/1964/1964 1965/1965/1965
f 1963/1963/1963 1966/1966/1966 1964/1964/1964
f 1967/1967/1967 1966/1966/1966 1963/1963/1963
f 1967/1967/1967 1968/1968/1968 1966/1966/1966
f 1870/1870/1870 1968/1968/1968 1967/1967/1967
f 1955/1955/1955 1869/1869/1869 1871/1871/1871
f 1955/1955/1955 1900/1900/1900 1869/1869/1869
f 1957/1957/1957 1900/1900/1900 1955/1955/1955
f 1957/1957/1957 1888/1888/1888 1900/1900/1900
f 1889/1889/1889 1888/1888/1888 1957/1957/1957
f 1917/1917/1917 1901/1901/1901 1903/1903/1903
f 1917/1917/1917 1969/1969/1969 1901/1901/1901
f 1948/1948/1948 1969/1969/1969 1917/1917/1917
f 1948/1948/1948 1860/1860/1860 1969/1969/1969
f 1858/1858/1858 1860/1860/1860 1948/1948/1948
f 1961/1961/1961 1875/1875/1875 1959/1959/1959
f 1961/1961/1961 1841/1841/1841 1875/1875/1875
f 1962/1962/1962 1841/1841/1841 1961/1961/1961
f 1962/1962/1962 1839/1839/1839 1841/1841/1841
f 1843/1843/1843 1839/1839/1839 1962/1962/1962
f 1943/1943/1943 1970/1970/1970 1941/1941/1941
f 1943/1943/1943 1971/1971/1971 1970/1970/1970
f 1972/1972/1972 1971/1971/1971 1943/1943/1943
f 1972/1972/1972 1973/1973/1973 1971/1971/1971
f 1944/1944/1944 1973/1973/1973 1972/1972/1972
f 1974/1974/1974 1938/1938/1938 1975/1975/1975
f 1974/1974/1974 1936/1936/1936 1938/1938/1938
f 1865/1865/1865 1936/1936/1936 1974/1974/1974
f 1865/1865/1865 1864/1864/1864 1936/1936/1936
f 1942/1942/1942 1868/1868/1868 1883/1883/1883
f 1942/1942/1942 1866/1866/1866 1868/1868/1868
f 1940/1940/1940 1866/1866/1866 1942/1942/1942
f 1940/1940/1940 1936/1936/1936 1866/1866/1866
f 1969/1969/1969 1850/1850/1850 1901/1901/1901
f 1969/1969/1969 1861/1861/1861 1850/1850/1850
f 1860/1860/1860 1861/1861/1861 1969/1969/1969
f 1952/1952/1952 1944/1944/1944 1945/1945/1945
f 1952/1952/1952 1973/1973/1973 1944/1944/1944
f 1917/1917/1917 1973/1973/1973 1952/1952/1952
f 1976/1976/1976 1964/1964/1964 1977/1977/1977
f 1976/1976/1976 1965/1965/1965 1964/1964/1964
f 1967/1967/1967 1871/1871/1871 1870/1870/1870
f 1967/1967/1967 1954/1954/1954 1871/1871/1871
f 1892/1892/1892 1974/1974/1974 1893/1893/1893
f 1892/1892/1892 1865/1865/1865 1974/1974/1974
f 1949/1949/1949 1978/1978/1978 1856/1856/1856
f 1949/1949/1949 1951/1951/1951 1978/1978/1978
f 1950/1950/1950 1917/1917/1917 1952/1952/1952
f 1950/1950/1950 1948/1948/1948 1917/1917/1917
f 1946/1946/1946 1978/1978/1978 1951/1951/1951
f 1946/1946/1946 1947/1947/1947 1978/1978/1978
f 1966/1966/1966 1968/1968/1968 1964/1964/1964
f 1864/1864/1864 1866/1866/1866 1936/1936/1936
f 1843/1843/1843 1962/1962/1962 1915/1915/1915
f 1943/1943/1943 1944/1944/1944 1972/1972/1972
f 1958/1958/1958 1956/1956/1956 1979/1979/1979
f 1878/1878/1878 1885/1885/1885 1879/1879/1879
f 1878/1878/1878 1980/1980/1980 1885/1885/1885
f 1981/1981/1981 1980/1980/1980 1878/1878/1878
f 1981/1981/1981 1982/1982/1982 1980/1980/1980
f 1983/1983/1983 1982/1982/1982 1981/1981/1981
f 1983/1983/1983 1984/1984/1984 1982/1982/1982
f 1985/1985/1985 1984/1984/1984 1983/1983/1983
f 1985/1985/1985 1986/1986/1986 1984/1984/1984
f 1987/1987/1987 1986/1986/1986 1985/1985/1985
f 1987/1987/1987 1988/1988/1988 1986/1986/1986
f 1989/1989/1989 1988/1988/1988 1987/1987/1987
f 1989/1989/1989 1990/1990/1990 1988/1988/1988
f 1991/1991/1991 1990/1990/1990 1989/1989/1989
f 1991/1991/1991 1992/1992/1992 1990/1990/1990
f 1993/1993/1993 1992/1992/1992 1991/1991/1991
f 1993/1993/1993 1994/1994/1994 1992/1992/1992
f 1995/1995/1995 1994/1994/1994 1993/1993/1993
f 1995/1995/1995 1996/1996/1996 1994/1994/1994
f 1997/1997/1997 1996/1996/1996 1995/1995/1995
f 1993/1993/1993 1998/1998/1998 1995/1995/1995
f 1993/1993/1993 1999/1999/1999 1998/1998/1998
f 2000/2000/2000 1999/1999/1999 1993/1993/1993
f 2000/2000/2000 2001/2001/2001 1999/1999/1999
f 2002/2002/2002 2001/2001/2001 2000/2000/2000
f 2002/2002/2002 1881/1881/1881 2001/2001/2001
f 2003/2003/2003 1881/1881/1881 2002/2002/2002
f 2003/2003/2003 2004/2004/2004 1881/1881/1881
f 2005/2005/2005 2004/2004/2004 2003/2003/2003
f 2005/2005/2005 2006/2006/2006 2004/2004/2004
f 2007/2007/2007 2006/2006/2006 2005/2005/2005
f 2007/2007/2007 1985/1985/1985 2006/2006/2006
f 1987/1987/1987 1985/1985/1985 2007/2007/2007
f 1996/1996/1996 2008/2008/2008 2009/2009/2009
f 1996/1996/1996 2010/2010/2010 2008/2008/2008
f 1997/1997/1997 2010/2010/2010 1996/1996/1996
f 1997/1997/1997 2011/2011/2011 2010/2010/2010
f 1995/1995/1995 2011/2011/2011 1997/1997/1997
f 1995/1995/1995 2012/2012/2012 2011/2011/2011
f 1998/1998/1998 2012/2012/2012 1995/1995/1995
f 1998/1998/1998 1894/1894/1894 2012/2012/2012
f 1863/1863/1863 1894/1894/1894 1998/1998/1998
f 1872/1872/1872 1968/1968/1968 1870/1870/1870
f 1872/1872/1872 2013/2013/2013 1968/1968/1968
f 2014/2014/2014 2013/2013/2013 1872/1872/1872
f 2014/2014/2014 2015/2015/2015 2013/2013/2013
f 2016/2016/2016 2015/2015/2015 2014/2014/2014
f 2016/2016/2016 2017/2017/2017 2015/2015/2015
f 2013/2013/2013 1964/1964/1964 1968/1968/1968
f 2013/2013/2013 1977/1977/1977 1964/1964/1964
f 2018/2018/2018 1977/1977/1977 2013/2013/2013
f 2018/2018/2018 1975/1975/1975 1977/1977/1977
f 1893/1893/1893 1975/1975/1975 2018/2018/2018
f 1893/1893/1893 1974/1974/1974 1975/1975/1975
f 2015/2015/2015 2018/2018/2018 2013/2013/2013
f 2015/2015/2015 2010/2010/2010 2018/2018/2018
f 2017/2017/2017 2010/2010/2010 2015/2015/2015
f 2017/2017/2017 2008/2008/2008 2010/2010/2010
f 2019/2019/2019 2008/2008/2008 2017/2017/2017
f 2019/2019/2019 2009/2009/2009 2008/2008/2008
f 2005/2005/2005 1987/1987/1987 2007/2007/2007
f 2005/2005/2005 1989/1989/1989 1987/1987/1987
f 2003/2003/2003 1989/1989/1989 2005/2005/2005
f 2003/2003/2003 1991/1991/1991 1989/1989/1989
f 2002/2002/2002 1991/1991/1991 2003/2003/2003
f 2002/2002/2002 2000/2000/2000 1991/1991/1991
f 2011/2011/2011 2018/2018/2018 2010/2010/2010
f 2011/2011/2011 1893/1893/1893 2018/2018/2018
f 2012/2012/2012 1893/1893/1893 2011/2011/2011
f 2012/2012/2012 1891/1891/1891 1893/1893/1893
f 1894/1894/1894 1891/1891/1891 2012/2012/2012
f 1999/1999/1999 1863/1863/1863 1998/1998/1998
f 1999/1999/1999 1867/1867/1867 1863/1863/1863
f 2001/2001/2001 1867/1867/1867 1999/1999/1999
f 2001/2001/2001 1884/1884/1884 1867/1867/1867
f 1896/1896/1896 1884/1884/1884 2001/2001/2001
f 1857/1857/1857 1859/1859/1859 1855/1855/1855
f 1857/1857/1857 2020/2020/2020 1859/1859/1859
f 2021/2021/2021 2020/2020/2020 1857/1857/1857
f 2021/2021/2021 2022/2022/2022 2020/2020/2020
f 1898/1898/1898 1905/1905/1905 1862/1862/1862
f 1898/1898/1898 2023/2023/2023 1905/1905/1905
f 1859/1859/1859 2023/2023/2023 1898/1898/1898
f 1859/1859/1859 2020/2020/2020 2023/2023/2023
f 1876/1876/1876 2024/2024/2024 1874/1874/1874
f 1876/1876/1876 2025/2025/2025 2024/2024/2024
f 1840/1840/1840 2025/2025/2025 1876/1876/1876
f 1840/1840/1840 1851/1851/1851 2025/2025/2025
f 1983/1983/1983 2006/2006/2006 1985/1985/1985
f 1983/1983/1983 2026/2026/2026 2006/2006/2006
f 1981/1981/1981 2026/2026/2026 1983/1983/1983
f 1981/1981/1981 1878/1878/1878 2026/2026/2026
f 1879/1879/1879 1947/1947/1947 1877/1877/1877
f 1879/1879/1879 1978/1978/1978 1947/1947/1947
f 1856/1856/1856 1978/1978/1978 1879/1879/1879
f 2027/2027/2027 1899/1899/1899 2028/2028/2028
f 2027/2027/2027 1873/1873/1873 1899/1899/1899
f 1872/1872/1872 1873/1873/1873 2027/2027/2027
f 2029/2029/2029 2030/2030/2030 1905/1905/1905
f 2029/2029/2029 2031/2031/2031 2030/2030/2030
f 2032/2032/2032 2031/2031/2031 2029/2029/2029
f 2033/2033/2033 1890/1890/1890 1887/1887/1887
f 2033/2033/2033 2034/2034/2034 1890/1890/1890
f 2034/2034/2034 1899/1899/1899 1890/1890/1890
f 2034/2034/2034 2028/2028/2028 1899/1899/1899
f 1878/1878/1878 2006/2006/2006 2026/2026/2026
f 1878/1878/1878 1880/1880/1880 2006/2006/2006
f 2035/2035/2035 1984/1984/1984 1986/1986/1986
f 2035/2035/2035 2036/2036/2036 1984/1984/1984
f 2036/2036/2036 1982/1982/1982 1984/1984/1984
f 2036/2036/2036 2037/2037/2037 1982/1982/1982
f 2037/2037/2037 1980/1980/1980 1982/1982/1982
f 2037/2037/2037 2038/2038/2038 1980/1980/1980
f 2038/2038/2038 1885/1885/1885 1980/1980/1980
f 2038/2038/2038 2039/2039/2039 1885/1885/1885
f 2039/2039/2039 1886/1886/1886 1885/1885/1885
f 2039/2039/2039 2040/2040/2040 1886/1886/1886
f 2041/2041/2041 1886/1886/1886 2040/2040/2040
f 2041/2041/2041 2042/2042/2042 1886/1886/1886
f 2042/2042/2042 1897/1897/1897 1886/1886/1886
f 2042/2042/2042 2043/2043/2043 1897/1897/1897
f 2021/2021/2021 1897/1897/1897 2043/2043/2043
f 2021/2021/2021 1857/1857/1857 1897/1897/1897
f 2004/2004/2004 1880/1880/1880 1881/1881/1881
f 2004/2004/2004 2006/2006/2006 1880/1880/1880
f 1854/1854/1854 2030/2030/2030 1853/1853/1853
f 1854/1854/1854 1905/1905/1905 2030/2030/2030
f 2023/2023/2023 2029/2029/2029 1905/1905/1905
f 2023/2023/2023 2020/2020/2020 2029/2029/2029
f 2022/2022/2022 2029/2029/2029 2020/2020/2020
f 2022/2022/2022 2032/2032/2032 2029/2029/2029
f 1975/1975/1975 1938/1938/1938 2044/2044/2044
f 2001/2001/2001 1881/1881/1881 1896/1896/1896
f 1993/1993/1993 1991/1991/1991 2000/2000/2000
f 2014/2014/2014 1872/1872/1872 2027/2027/2027
f 1954/1954/1954 2045/2045/2045 1953/1953/1953
f 1954/1954/1954 2046/2046/2046 2045/2045/2045
f 2047/2047/2047 2046/2046/2046 1954/1954/1954
f 2047/2047/2047 2048/2048/2048 2046/2046/2046
f 2049/2049/2049 2048/2048/2048 2047/2047/2047
f 2049/2049/2049 2050/2050/2050 2048/2048/2048
f 2051/2051/2051 2050/2050/2050 2049/2049/2049
f 2052/2052/2052 2053/2053/2053 2054/2054/2054
f 2052/2052/2052 2055/2055/2055 2053/2053/2053
f 2056/2056/2056 2055/2055/2055 2052/2052/2052
f 2056/2056/2056 2057/2057/2057 2055/2055/2055
f 2051/2051/2051 2057/2057/2057 2056/2056/2056
f 2051/2051/2051 2049/2049/2049 2057/2057/2057
f 2055/2055/2055 2058/2058/2058 2053/2053/2053
f 2055/2055/2055 2059/2059/2059 2058/2058/2058
f 2057/2057/2057 2059/2059/2059 2055/2055/2055
f 2057/2057/2057 2060/2060/2060 2059/2059/2059
f 2049/2049/2049 2060/2060/2060 2057/2057/2057
f 2049/2049/2049 2047/2047/2047 2060/2060/2060
f 2059/2059/2059 1976/1976/1976 2058/2058/2058
f 2059/2059/2059 1965/1965/1965 1976/1976/1976
f 2060/2060/2060 1965/1965/1965 2059/2059/2059
f 2060/2060/2060 1963/1963/1963 1965/1965/1965
f 2047/2047/2047 1963/1963/1963 2060/2060/2060
f 1975/1975/1975 1976/1976/1976 1977/1977/1977
f 1975/1975/1975 2058/2058/2058 1976/1976/1976
f 2044/2044/2044 2058/2058/2058 1975/1975/1975
f 2044/2044/2044 2053/2053/2053 2058/2058/2058
f 2061/2061/2061 2048/2048/2048 2050/2050/2050
f 2061/2061/2061 2046/2046/2046 2048/2048/2048
f 2062/2062/2062 2046/2046/2046 2061/2061/2061
f 2062/2062/2062 2045/2045/2045 2046/2046/2046
f 1967/1967/1967 2047/2047/2047 1954/1954/1954
f 1967/1967/1967 1963/1963/1963 2047/2047/2047
f 2063/2063/2063 2064/2064/2064 2065/2065/2065
f 2063/2063/2063 2066/2066/2066 2064/2064/2064
f 2067/2067/2067 2066/2066/2066 2063/2063/2063
f 2067/2067/2067 2068/2068/2068 2066/2066/2066
f 2069/2069/2069 2068/2068/2068 2067/2067/2067
f 2069/2069/2069 2070/2070/2070 2068/2068/2068
f 2054/2054/2054 2070/2070/2070 2069/2069/2069
f 2054/2054/2054 2053/2053/2053 2070/2070/2070
f 1930/1930/1930 1917/1917/1917 1907/1907/1907
f 1930/1930/1930 1973/1973/1973 1917/1917/1917
f 2071/2071/2071 1973/1973/1973 1930/1930/1930
f 2071/2071/2071 1971/1971/1971 1973/1973/1973
f 2072/2072/2072 1971/1971/1971 2071/2071/2071
f 2072/2072/2072 1970/1970/1970 1971/1971/1971
f 1941/1941/1941 1970/1970/1970 2072/2072/2072
f 1937/1937/1937 2068/2068/2068 1938/1938/1938
f 1937/1937/1937 2066/2066/2066 2068/2068/2068
f 1939/1939/1939 2066/2066/2066 1937/1937/1937
f 1939/1939/1939 2064/2064/2064 2066/2066/2066
f 2073/2073/2073 2064/2064/2064 1939/1939/1939
f 2073/2073/2073 2065/2065/2065 2064/2064/2064
f 2074/2074/2074 2065/2065/2065 2073/2073/2073
f 2070/2070/2070 1938/1938/1938 2068/2068/2068
f 2070/2070/2070 2044/2044/2044 1938/1938/1938
f 2053/2053/2053 2044/2044/2044 2070/2070/2070
f 1932/1932/1932 2071/2071/2071 1930/1930/1930
f 1932/1932/1932 2075/2075/2075 2071/2071/2071
f 2075/2075/2075 2072/2072/2072 2071/2071/2071
f 2075/2075/2075 2076/2076/2076 2072/2072/2072
f 1941/1941/1941 2073/2073/2073 1939/1939/1939
f 1941/1941/1941 2072/2072/2072 2073/2073/2073
f 2073/2073/2073 2076/2076/2076 2074/2074/2074
f 2073/2073/2073 2072/2072/2072 2076/2076/2076
f 2077/2077/2077 2042/2042/2042 2041/2041/2041
f 2077/2077/2077 2078/2078/2078 2042/2042/2042
f 2079/2079/2079 2078/2078/2078 2077/2077/2077
f 2079/2079/2079 2080/2080/2080 2078/2078/2078
f 2081/2081/2081 2080/2080/2080 2079/2079/2079
f 2081/2081/2081 2082/2082/2082 2080/2080/2080
f 2083/2083/2083 2082/2082/2082 2081/2081/2081
f 2083/2083/2083 2084/2084/2084 2082/2082/2082
f 2085/2085/2085 2084/2084/2084 2083/2083/2083
f 2085/2085/2085 2086/2086/2086 2084/2084/2084
f 2087/2087/2087 2086/2086/2086 2085/2085/2085
f 2087/2087/2087 2088/2088/2088 2086/2086/2086
f 2089/2089/2089 2088/2088/2088 2087/2087/2087
f 2089/2089/2089 2090/2090/2090 2088/2088/2088
f 2091/2091/2091 2090/2090/2090 2089/2089/2089
f 2091/2091/2091 2092/2092/2092 2090/2090/2090
f 2093/2093/2093 2092/2092/2092 2091/2091/2091
f 2093/2093/2093 2094/2094/2094 2092/2092/2092
f 2095/2095/2095 2094/2094/2094 2093/2093/2093
f 2095/2095/2095 2096/2096/2096 2094/2094/2094
f 2097/2097/2097 2019/2019/2019 2017/2017/2017
f 2097/2097/2097 2098/2098/2098 2019/2019/2019
f 2099/2099/2099 2098/2098/2098 2097/2097/2097
f 2099/2099/2099 2100/2100/2100 2098/2098/2098
f 2101/2101/2101 2100/2100/2100 2099/2099/2099
f 2101/2101/2101 2102/2102/2102 2100/2100/2100
f 2103/2103/2103 2102/2102/2102 2101/2101/2101
f 2103/2103/2103 2104/2104/2104 2102/2102/2102
f 2105/2105/2105 2104/2104/2104 2103/2103/2103
f 2105/2105/2105 2106/2106/2106 2104/2104/2104
f 2107/2107/2107 2106/2106/2106 2105/2105/2105
f 2107/2107/2107 2108/2108/2108 2106/2106/2106
f 2109/2109/2109 2108/2108/2108 2107/2107/2107
f 2109/2109/2109 1992/1992/1992 2108/2108/2108
f 1990/1990/1990 1992/1992/1992 2109/2109/2109
f 2109/2109/2109 1988/1988/1988 1990/1990/1990
f 2109/2109/2109 2110/2110/2110 1988/1988/1988
f 2111/2111/2111 2110/2110/2110 2109/2109/2109
f 2111/2111/2111 2112/2112/2112 2110/2110/2110
f 2113/2113/2113 2112/2112/2112 2111/2111/2111
f 2113/2113/2113 2114/2114/2114 2112/2112/2112
f 2115/2115/2115 2114/2114/2114 2113/2113/2113
f 2115/2115/2115 2116/2116/2116 2114/2114/2114
f 2117/2117/2117 2116/2116/2116 2115/2115/2115
f 2117/2117/2117 2118/2118/2118 2116/2116/2116
f 2119/2119/2119 2118/2118/2118 2117/2117/2117
f 2119/2119/2119 2039/2039/2039 2118/2118/2118
f 2040/2040/2040 2039/2039/2039 2119/2119/2119
f 2082/2082/2082 2120/2120/2120 2080/2080/2080
f 2082/2082/2082 2121/2121/2121 2120/2120/2120
f 2084/2084/2084 2121/2121/2121 2082/2082/2082
f 2084/2084/2084 2122/2122/2122 2121/2121/2121
f 2086/2086/2086 2122/2122/2122 2084/2084/2084
f 2086/2086/2086 2031/2031/2031 2122/2122/2122
f 2088/2088/2088 2031/2031/2031 2086/2086/2086
f 2088/2088/2088 2030/2030/2030 2031/2031/2031
f 1853/1853/1853 2030/2030/2030 2088/2088/2088
f 2103/2103/2103 2123/2123/2123 2124/2124/2124
f 2103/2103/2103 2125/2125/2125 2123/2123/2123
f 2126/2126/2126 2125/2125/2125 2103/2103/2103
f 2126/2126/2126 2127/2127/2127 2125/2125/2125
f 2099/2099/2099 2127/2127/2127 2126/2126/2126
f 2099/2099/2099 2128/2128/2128 2127/2127/2127
f 2097/2097/2097 2128/2128/2128 2099/2099/2099
f 2097/2097/2097 2016/2016/2016 2128/2128/2128
f 2017/2017/2017 2016/2016/2016 2097/2097/2097
f 2090/2090/2090 1853/1853/1853 2088/2088/2088
f 2090/2090/2090 1852/1852/1852 1853/1853/1853
f 2092/2092/2092 1852/1852/1852 2090/2090/2090
f 2092/2092/2092 1851/1851/1851 1852/1852/1852
f 2129/2129/2129 1851/1851/1851 2092/2092/2092
f 2129/2129/2129 2025/2025/2025 1851/1851/1851
f 2024/2024/2024 2025/2025/2025 2129/2129/2129
f 2038/2038/2038 2118/2118/2118 2039/2039/2039
f 2038/2038/2038 2130/2130/2130 2118/2118/2118
f 2131/2131/2131 2130/2130/2130 2038/2038/2038
f 2131/2131/2131 2132/2132/2132 2130/2130/2130
f 2133/2133/2133 2132/2132/2132 2131/2131/2131
f 2133/2133/2133 2112/2112/2112 2132/2132/2132
f 2110/2110/2110 2112/2112/2112 2133/2133/2133
f 2134/2134/2134 2045/2045/2045 2062/2062/2062
f 2134/2134/2134 2135/2135/2135 2045/2045/2045
f 2136/2136/2136 2135/2135/2135 2134/2134/2134
f 2136/2136/2136 2137/2137/2137 2135/2135/2135
f 2138/2138/2138 2137/2137/2137 2136/2136/2136
f 2138/2138/2138 2139/2139/2139 2137/2137/2137
f 2035/2035/2035 2131/2131/2131 2036/2036/2036
f 2035/2035/2035 2133/2133/2133 2131/2131/2131
f 1986/1986/1986 2133/2133/2133 2035/2035/2035
f 1986/1986/1986 2110/2110/2110 2133/2133/2133
f 1988/1988/1988 2110/2110/2110 1986/1986/1986
f 2098/2098/2098 2009/2009/2009 2019/2019/2019
f 2098/2098/2098 2140/2140/2140 2009/2009/2009
f 2141/2141/2141 2140/2140/2140 2098/2098/2098
f 2141/2141/2141 2106/2106/2106 2140/2140/2140
f 2104/2104/2104 2106/2106/2106 2141/2141/2141
f 2080/2080/2080 2042/2042/2042 2078/2078/2078
f 2080/2080/2080 2043/2043/2043 2042/2042/2042
f 2120/2120/2120 2043/2043/2043 2080/2080/2080
f 2120/2120/2120 2021/2021/2021 2043/2043/2043
f 2022/2022/2022 2021/2021/2021 2120/2120/2120
f 2142/2142/2142 2117/2117/2117 2115/2115/2115
f 2142/2142/2142 2119/2119/2119 2117/2117/2117
f 2077/2077/2077 2119/2119/2119 2142/2142/2142
f 2077/2077/2077 2040/2040/2040 2119/2119/2119
f 2041/2041/2041 2040/2040/2040 2077/2077/2077
f 2079/2079/2079 2143/2143/2143 2081/2081/2081
f 2079/2079/2079 2144/2144/2144 2143/2143/2143
f 2077/2077/2077 2144/2144/2144 2079/2079/2079
f 2077/2077/2077 2142/2142/2142 2144/2144/2144
f 2125/2125/2125 2145/2145/2145 2123/2123/2123
f 2125/2125/2125 2146/2146/2146 2145/2145/2145
f 2127/2127/2127 2146/2146/2146 2125/2125/2125
f 2127/2127/2127 2028/2028/2028 2146/2146/2146
f 2107/2107/2107 2111/2111/2111 2109/2109/2109
f 2107/2107/2107 2147/2147/2147 2111/2111/2111
f 2105/2105/2105 2147/2147/2147 2107/2107/2107
f 2105/2105/2105 2103/2103/2103 2147/2147/2147
f 1927/1927/1927 2148/2148/2148 1926/1926/1926
f 1927/1927/1927 2149/2149/2149 2148/2148/2148
f 1928/1928/1928 2149/2149/2149 1927/1927/1927
f 1928/1928/1928 1960/1960/1960 2149/2149/2149
f 2129/2129/2129 2150/2150/2150 2024/2024/2024
f 2129/2129/2129 2096/2096/2096 2150/2150/2150
f 2094/2094/2094 2096/2096/2096 2129/2129/2129
f 2151/2151/2151 2103/2103/2103 2101/2101/2101
f 2151/2151/2151 2126/2126/2126 2103/2103/2103
f 2099/2099/2099 2126/2126/2126 2151/2151/2151
f 2145/2145/2145 2033/2033/2033 2152/2152/2152
f 2145/2145/2145 2034/2034/2034 2033/2033/2033
f 2028/2028/2028 2034/2034/2034 2145/2145/2145
f 2153/2153/2153 1996/1996/1996 2009/2009/2009
f 2153/2153/2153 2108/2108/2108 1996/1996/1996
f 2106/2106/2106 2108/2108/2108 2153/2153/2153
f 2154/2154/2154 2149/2149/2149 1960/1960/1960
f 2154/2154/2154 2155/2155/2155 2149/2149/2149
f 1979/1979/1979 2137/2137/2137 2139/2139/2139
f 1979/1979/1979 1956/1956/1956 2137/2137/2137
f 1956/1956/1956 2135/2135/2135 2137/2137/2137
f 1956/1956/1956 1953/1953/1953 2135/2135/2135
f 2014/2014/2014 2128/2128/2128 2016/2016/2016
f 2014/2014/2014 2027/2027/2027 2128/2128/2128
f 1994/1994/1994 2108/2108/2108 1992/1992/1992
f 1994/1994/1994 1996/1996/1996 2108/2108/2108
f 2037/2037/2037 2131/2131/2131 2038/2038/2038
f 2037/2037/2037 2036/2036/2036 2131/2131/2131
f 2091/2091/2091 2095/2095/2095 2093/2093/2093
f 2091/2091/2091 2089/2089/2089 2095/2095/2095
f 2027/2027/2027 2127/2127/2127 2128/2128/2128
f 2027/2027/2027 2028/2028/2028 2127/2127/2127
f 2113/2113/2113 2147/2147/2147 2103/2103/2103
f 2113/2113/2113 2111/2111/2111 2147/2147/2147
f 2100/2100/2100 2141/2141/2141 2098/2098/2098
f 2100/2100/2100 2102/2102/2102 2141/2141/2141
f 2032/2032/2032 2122/2122/2122 2031/2031/2031
f 2032/2032/2032 2022/2022/2022 2122/2122/2122
f 2121/2121/2121 2022/2022/2022 2120/2120/2120
f 2121/2121/2121 2122/2122/2122 2022/2022/2022
f 2114/2114/2114 2132/2132/2132 2112/2112/2112
f 2114/2114/2114 2116/2116/2116 2132/2132/2132
f 2116/2116/2116 2130/2130/2130 2132/2132/2132
f 2116/2116/2116 2118/2118/2118 2130/2130/2130
f 2124/2124/2124 2145/2145/2145 2152/2152/2152
f 2124/2124/2124 2123/2123/2123 2145/2145/2145
f 2085/2085/2085 2156/2156/2156 2087/2087/2087
f 2085/2085/2085 2083/2083/2083 2156/2156/2156
f 2140/2140/2140 2153/2153/2153 2009/2009/2009
f 2140/2140/2140 2106/2106/2106 2153/2153/2153
f 2148/2148/2148 2149/2149/2149 2155/2155/2155
f 1953/1953/1953 2045/2045/2045 2135/2135/2135
f 2089/2089/2089 2087/2087/2087 2095/2095/2095
f 2156/2156/2156 2083/2083/2083 2081/2081/2081
f 2143/2143/2143 2144/2144/2144 2142/2142/2142
f 2129/2129/2129 2092/2092/2092 2094/2094/2094
f 2102/2102/2102 2104/2104/2104 2141/2141/2141
f 2151/2151/2151 2101/2101/2101 2099/2099/2099
f 2146/2146/2146 2028/2028/2028 2145/2145/2145

v -2.042892 8.543466 1.018409
v -2.078306 8.024267 0.361163
v -1.911924 7.967151 0.962414
v -2.195296 8.602818 0.408556
v 2.076841 8.061016 0.314547
v 2.068640 8.545275 0.902624
v 1.965337 8.019173 0.868736
v 2.184968 8.589510 0.344965
v -6.228535 16.120838 0.141169
v -6.691676 16.250521 -0.243488
v -6.660969 16.070597 0.151889
v -6.259242 16.300762 -0.254209
v 6.663136 16.235882 -0.324064
v 6.205900 16.167110 0.113035
v 6.653466 16.121227 0.110891
v 6.215570 16.281767 -0.321919

vt 1.872118 0.990321
vt 1.991373 0.861965
vt 1.872118 0.861965
vt 1.991373 0.990321
vt 1.991373 0.861965
vt 1.872118 0.990321
vt 1.872118 0.861965
vt 1.991373 0.990321
vt 1.872118 0.990321
vt 1.991373 0.861965
vt 1.872118 0.861965
vt 1.991373 0.990321
vt 1.991373 0.861965
vt 1.872118 0.990321
vt 1.872118 0.861965
vt 1.991373 0.990321

vn -0.947602 -0.223859 0.227900
vn -0.947602 -0.223859 0.227900
vn -0.947602 -0.223859 0.227900
vn -0.947602 -0.223859 0.227900
vn 0.962042 -0.203932 0.181347
vn 0.962042 -0.203932 0.181347
vn 0.962042 -0.203932 0.181347
vn 0.962042 -0.203932 0.181347
vn -0.094577 0.903317 0.418417
vn -0.094577 0.903317 0.418417
vn -0.094577 0.903317 0.418417
vn -0.094577 0.903317 0.418417
vn 0.099807 0.961591 0.255697
vn 0.099807 0.961591 0.255697
vn 0.099807 0.961591 0.255697
vn 0.099807 0.961591 0.255697

g polygon2
s 1
usemtl mat11
f 2157/2157/2157 2158/2158/2158 2159/2159/2159
f 2157/2157/2157 2160/2160/2160 2158/2158/2158
f 2161/2161/2161 2162/2162/2162 2163/2163/2163
f 2161/2161/2161 2164/2164/2164 2162/2162/2162
f 2165/2165/2165 2166/2166/2166 2167/2167/2167
f 2165/2165/2165 2168/2168/2168 2166/2166/2166
f 2169/2169/2169 2170/2170/2170 2171/2171/2171
f 2169/2169/2169 2172/2172/2172 2170/2170/2170

v 1.342599 10.932719 -0.842298
v 0.649519 11.173822 -0.902981
v 1.052099 11.379504 -0.768742
v 0.602574 10.832177 -1.044083
v 1.203079 10.693274 -0.966796
v 0.560616 10.490532 -1.128165
v 1.103654 10.379892 -1.063196
v 0.532064 10.266921 -1.154117
v 1.034003 10.126359 -1.070750
v 0.503367 10.042175 -1.116960
v 0.992462 9.986005 -1.019138
v 0.522744 9.928900 -1.043423
v 0.192026 10.850490 -1.014535
v 0.169091 10.563840 -1.078658
v 0.162584 10.343403 -1.101269
v 0.156043 10.121846 -1.060755
v 0.191061 9.979441 -0.977410
v 0.217232 9.873012 -0.883948
v 1.514500 11.176581 1.294532
v 1.598315 10.871432 1.209704
v 1.747483 11.361342 1.084120
v 1.218499 10.612357 1.285654
v 0.978572 10.868629 1.353851
v 0.723095 10.516310 1.361368
v 0.369817 10.929116 1.567572
v 0.304081 10.393504 1.509583
v 0.000000 10.905712 1.582003
v 0.000000 10.413074 1.543481
v 0.323907 10.103603 1.384997
v 0.485696 9.847671 0.980092
v 0.598996 10.165055 1.303570
v 0.312043 9.855281 1.053059
v 0.000000 9.815627 1.070136
v 0.233845 9.760160 0.762836
v 0.000000 9.648299 0.431322
v 0.160768 9.616529 0.312988
v 0.000000 9.756687 0.047119
v 0.120133 9.635394 -0.134022
v 0.000000 10.393131 -0.973774
v 0.000000 10.176033 -0.901620
v 0.000000 10.038720 -0.758684
v 0.000000 9.936097 -0.620684
v 0.537226 9.844242 -0.957290
v 0.981614 9.801011 -0.934723
v 0.216488 9.776070 -0.659224
v 0.000000 9.803905 -0.281035
v 0.000000 9.756687 0.047119
v 1.821244 11.503166 0.730515
v 1.899858 11.080971 0.216991
v 1.723015 11.590837 0.217709
v 1.951508 11.067029 0.665449
v 1.855031 11.036059 0.974777
v 1.561690 11.048251 -0.568812
v 1.360585 11.519339 -0.524900
v 1.468277 10.767649 -0.804645
v 1.741097 11.092866 -0.185972
v 1.963060 10.849483 0.203214
v 1.552951 11.599133 -0.227263
v 0.554939 9.741739 -0.874582
v 0.215796 9.685819 -0.450010
v 0.186468 9.134405 -0.155910
v 0.344293 9.285038 -0.504314
v 0.120133 9.635394 -0.134022
v 0.561688 9.549633 1.127321
v 0.417201 9.114841 0.861217
v 0.310475 9.705616 0.757814
v 0.000000 10.103662 1.398384
v 0.000000 9.883432 -0.515069
v 1.458214 10.140095 -0.889809
v 1.512805 10.516353 -0.851078
v 1.650558 10.756568 -0.576885
v 1.687972 10.399261 -0.647184
v 1.871239 10.517627 -0.272334
v 1.799976 10.822783 -0.240567
v 2.037788 10.611385 0.123155
v 2.086460 10.528954 0.495653
v 2.000463 10.784533 0.565646
v 2.001628 10.399327 0.841603
v 1.939118 10.661115 0.868594
v 1.683067 10.163805 1.166020
v 1.694545 10.517794 1.133220
v 1.232407 10.285601 1.338179
v 1.048100 8.510539 -0.918019
v 1.351485 8.876661 -0.921260
v 1.320713 8.492094 -0.891713
v 1.026039 8.904580 -0.935065
v 0.592768 8.779988 -0.886218
v 0.582098 9.213150 -0.841900
v 0.571429 9.646313 -0.797582
v 0.839149 9.708300 1.415019
v 1.018432 9.468897 1.424960
v 1.213528 9.893348 1.371560
v 0.782305 9.430990 1.407064
v 0.718649 9.039495 1.326519
v 0.344375 8.339173 0.680997
v 0.757627 9.926176 1.375611
v 0.254702 9.083510 0.224207
v 0.190046 8.381752 0.192473
v 0.970042 9.568903 -0.887815
v 0.975621 9.675993 -0.903976
v 1.538853 10.030951 -0.837219
v 1.426500 9.714216 -0.931907
v 0.986254 9.900690 -0.961530
v 1.393458 9.532511 -0.945794
v 0.330294 8.782609 -0.559525
v 0.183586 8.448767 -0.191952
v 0.186468 9.134405 -0.155910
v 0.183586 8.448767 -0.191952
v 1.409389 9.620116 -0.939098
v 0.624649 8.502100 -0.848146
v 0.337085 8.448276 -0.559317
v 0.642156 8.265308 1.144771
v 0.857868 8.285133 1.265623
v 0.957541 9.072478 1.383036
v -1.462943 14.011905 -0.718377
v -1.236802 13.529239 -0.465673
v -1.650258 13.900356 -0.253076
v -1.025103 13.490465 -0.697080
v -1.060826 13.889651 -0.944066
v 1.462943 14.011905 -0.718377
v 1.025103 13.490465 -0.697080
v 1.060826 13.889651 -0.944066
v -1.515582 14.702579 -1.046593
v -1.559973 14.376495 0.984556
v -1.405516 14.146648 1.324041
v -1.606349 14.502650 1.132451
v -1.520598 14.053537 0.958431
v -1.690607 14.351798 0.610631
v -1.661630 14.005259 0.562319
v -1.945107 14.559172 0.167682
v -1.799584 13.977878 0.207027
v -1.943246 14.524347 -0.293680
v -1.936974 14.657872 -0.617814
v -1.845393 14.709931 -0.924293
v -0.929579 14.493093 1.865158
v -1.245050 14.911823 1.692531
v -1.333000 14.573797 1.690160
v -0.839044 14.898948 1.858492
v -0.607862 14.481473 1.939431
v -0.588155 14.891291 1.886819
v -0.287067 14.494142 2.000702
v -0.301786 14.885095 1.874304
v -1.540961 16.171324 -0.994309
v -1.769529 16.427708 -0.904422
v -1.469077 16.279812 -1.074773
v -1.876023 16.364908 -0.894796
v -1.872729 16.058008 -1.063075
v -2.142518 16.269770 -0.943602
v -2.117772 16.007826 -1.074327
v -1.231048 14.585765 -1.160747
v -0.806192 13.936712 -1.099172
v -0.773759 14.541912 -1.292703
v -0.735659 15.288720 1.639742
v -0.307313 15.227149 1.718173
v -1.662326 14.637750 0.768533
v -1.949010 15.106354 0.423819
v -1.934530 15.133428 0.647217
v -1.777167 15.893703 0.758422
v -1.503452 15.266464 1.230007
v -1.376425 15.577971 1.156731
v -1.897576 15.616483 0.848370
v -1.969695 15.908666 0.774589
v -0.958038 15.063781 -1.345506
v -0.517689 15.027424 -1.446543
v -0.133121 14.986778 -1.449071
v -0.138638 15.272396 -1.428613
v -0.322188 14.534340 -1.391581
v -0.685079 15.701181 1.351935
v -0.982472 15.314167 1.557523
v -1.718022 15.031282 1.118315
v -1.937971 15.328282 0.943409
v -1.720437 14.741031 0.951796
v -2.020458 16.177259 0.616075
v -1.771073 16.264425 0.579938
v -2.098663 16.437244 0.346774
v -1.968185 16.450489 0.160735
v -2.040433 16.616638 -0.210048
v -2.197226 16.608803 -0.094438
v -1.567420 15.975348 -1.074443
v -1.818012 15.736654 -1.052874
v -2.090151 15.755050 -1.082945
v -2.009981 16.543243 -0.573494
v -2.191080 16.466358 -0.737976
v -2.210685 16.530567 -0.549868
v -2.197226 16.608803 -0.094438
v -2.040433 16.616638 -0.210048
v -1.069394 16.031908 0.995155
v -1.182369 15.907447 1.032281
v -2.034716 15.404292 -1.008917
v -1.116863 16.175953 -1.216958
v -1.206278 16.064760 -1.170693
v -0.709281 16.062653 -1.274313
v -0.880166 15.978232 -1.289882
v -0.264648 15.673883 -1.393840
v -0.559779 15.467896 -1.405419
v -1.543234 14.745958 1.460432
v -1.425922 14.303110 1.343984
v -1.008224 15.458786 -1.300477
v -1.405371 15.118622 -1.196181
v -1.499142 15.641974 -1.132686
v -1.768490 15.484361 -1.072490
v -1.354993 15.861960 -1.169944
v -0.988055 15.665194 -1.296165
v -1.652520 15.096787 -1.124664
v -1.907157 15.063803 -1.032924
v -1.511700 16.121931 0.799147
v -0.245574 16.016043 -1.313415
v 0.869849 13.150969 -0.547933
v 1.236802 13.529239 -0.465673
v 0.633345 13.381959 -0.794714
v 0.538851 13.048028 -0.659054
v 0.241588 13.310221 -0.831277
v 0.207854 12.982190 -0.680416
v 0.000000 13.269320 -0.789634
v 0.000000 12.939670 -0.622483
v -0.207854 12.982190 -0.680416
v 0.000000 12.831737 -0.592863
v -0.208989 12.863021 -0.637351
v -1.293860 13.290904 0.020176
v -1.034484 12.949136 -0.215416
v -1.170164 12.949656 0.119912
v -1.111426 13.230781 -0.267672
v -0.869849 13.150969 -0.547933
v -0.633345 13.381959 -0.794714
v 1.034484 12.949136 -0.215416
v 1.293860 13.290904 0.020176
v 1.170164 12.949656 0.119912
v 1.111426 13.230781 -0.267672
v 0.822901 12.989067 -0.516685
v -1.431163 13.861860 1.248139
v -1.428167 13.453997 1.101144
v -1.231789 13.233590 1.347623
v -1.529573 13.779977 0.898563
v 1.431163 13.861860 1.248139
v 1.428167 13.453997 1.101144
v 1.529573 13.779977 0.898563
v 1.231789 13.233590 1.347623
v -0.538851 13.048028 -0.659054
v -0.241588 13.310221 -0.831277
v -0.822901 12.989067 -0.516685
v 0.208989 12.863021 -0.637351
v -0.499911 12.799128 -0.576657
v -0.519381 12.926974 -0.621245
v -0.210123 12.738402 -0.593464
v 0.000000 12.715443 -0.564507
v 0.210123 12.738402 -0.593464
v 0.519381 12.926974 -0.621245
v 0.499911 12.799128 -0.576657
v 0.775953 12.827166 -0.497748
v 0.210351 12.658216 -0.559589
v 0.479533 12.691294 -0.538185
v 0.000000 12.644903 -0.544080
v -0.212165 12.658216 -0.559589
v -0.481348 12.691294 -0.538185
v -0.775953 12.827166 -0.497748
v 1.096739 12.661145 -0.167030
v 1.275170 12.492010 0.044788
v 1.349750 12.494355 0.380749
v 1.470058 12.130186 0.290008
v -1.096739 12.661145 -0.167030
v -0.761416 12.703214 -0.465192
v -1.108943 12.418679 -0.209690
v -1.275170 12.492010 0.044788
v -1.349750 12.494355 0.380749
v -1.470058 12.130186 0.290008
v 1.108943 12.418679 -0.209690
v 0.760508 12.706052 -0.464039
v 0.828626 12.435305 1.456558
v 0.901865 11.943922 1.396857
v 1.154610 12.555292 1.250097
v -0.828626 12.435305 1.456558
v -1.154610 12.555292 1.250097
v -0.901865 11.943922 1.396857
v -1.154610 12.555292 1.250097
v -1.230420 12.788752 0.940823
v -1.493839 13.460176 0.874650
v -1.357071 13.026163 0.729411
v -1.521385 13.418432 0.518037
v -1.318527 12.998682 0.492307
v -1.341334 12.363188 0.711939
v -1.296823 12.223575 0.947040
v -1.148367 12.073278 1.238078
v 1.318527 12.998682 0.492307
v 1.357071 13.026163 0.729411
v 1.341334 12.363188 0.711939
v 1.230420 12.788752 0.940823
v 1.296823 12.223575 0.947040
v 1.493839 13.460176 0.874650
v 1.521385 13.418432 0.518037
v -0.304215 12.882349 1.679421
v -0.312808 13.535540 1.831862
v -0.846048 13.508651 1.696718
v 0.000000 13.567458 1.846558
v 0.000000 12.898783 1.722939
v 0.304215 12.882349 1.679421
v 0.873754 12.997044 1.588801
v -0.873754 12.997044 1.588801
v -0.828626 12.435305 1.456558
v -1.222145 13.668427 1.463740
v 1.148367 12.073278 1.238078
v 1.222145 13.668427 1.463740
v 0.846048 13.508651 1.696718
v 0.312808 13.535540 1.831862
v -1.148367 12.073278 1.238078
v -1.116991 14.130980 1.556169
v -1.180990 13.993472 1.516314
v -1.637163 13.710921 0.523994
v -1.546722 13.635999 0.115299
v -0.799404 13.916646 1.699213
v -0.291511 13.971599 1.911592
v 0.000000 13.963584 1.893843
v 1.637163 13.710921 0.523994
v 1.546722 13.635999 0.115299
v 1.180990 13.993472 1.516314
v 0.799404 13.916646 1.699213
v 0.291511 13.971599 1.855236
v 0.929579 14.493093 1.865158
v 1.116991 14.130980 1.556169
v 1.333000 14.573797 1.690160
v 0.699999 14.165766 1.682407
v 0.607862 14.481473 1.939431
v 0.228909 14.203621 1.862117
v 0.287067 14.494142 1.944345
v 0.000000 14.514396 1.948852
v 0.301786 14.885095 1.874304
v 0.000000 14.903158 1.853027
v 0.307313 15.227149 1.718173
v 0.000000 15.228205 1.701885
v 0.309004 15.569202 1.478761
v -0.000552 15.553249 1.475816
v -0.668949 13.726204 -0.977565
v -0.540771 13.844030 -1.119281
v -0.561593 14.083218 -1.240272
v -0.261744 14.047694 -1.293308
v 0.000000 14.063692 -1.287011
v 0.000000 14.530786 -1.423676
v 0.322188 14.534340 -1.391581
v 0.133121 14.986778 -1.449071
v 0.561593 14.083218 -1.240272
v 0.773759 14.541912 -1.292703
v 0.261744 14.047694 -1.293308
v 0.540771 13.844030 -1.119281
v 0.275351 13.751348 -1.139390
v 0.277071 13.562757 -1.011064
v 0.000000 13.733304 -1.106033
v 0.000000 13.477491 -0.952500
v -0.277071 13.562757 -1.011064
v 1.245050 14.911823 1.692531
v 1.503452 15.266464 1.230007
v 0.982472 15.314167 1.557523
v 1.543234 14.745958 1.460432
v 1.425922 14.303110 1.343984
v -0.228909 14.203621 1.918473
v -0.699999 14.165766 1.682407
v 0.000000 14.160593 1.886010
v 0.000000 14.357601 1.878177
v 0.000000 14.972195 -1.447996
v 0.000000 15.247441 -1.431886
v 0.000000 15.582300 -1.386130
v 0.138638 15.272396 -1.428613
v 0.264648 15.673883 -1.393840
v 1.661630 14.005259 0.562319
v 1.520598 14.053537 0.958431
v 1.690607 14.351798 0.610631
v 1.559973 14.376495 0.984556
v 1.662326 14.637750 0.768533
v 1.720437 14.741031 0.951796
v 0.806192 13.936712 -1.099172
v 0.668949 13.726204 -0.977565
v 1.405516 14.146648 1.324041
v 1.606349 14.502650 1.132451
v -0.309006 15.569202 1.478413
v 0.245574 16.016043 -1.313770
v -0.000009 16.004354 -1.335598
v -0.275351 13.751348 -1.139390
v 1.650258 13.900356 -0.253076
v 1.799584 13.977878 0.207027
v 1.063983 16.033381 0.988157
v 1.182369 15.907447 1.032281
v 1.511710 16.121929 0.799537
v 0.685061 15.701180 1.352445
v 1.231048 14.585765 -1.160747
v 0.958038 15.063781 -1.345506
v 0.517689 15.027424 -1.446543
v 0.559779 15.467896 -1.405419
v 0.839044 14.898948 1.858492
v 0.735659 15.288720 1.639742
v 1.405371 15.118622 -1.196181
v 1.008224 15.458786 -1.300477
v 0.988055 15.665194 -1.296165
v 0.880166 15.978232 -1.289882
v 1.515582 14.702579 -1.046593
v 1.652520 15.096787 -1.124664
v 0.588155 14.891291 1.886819
v 1.376425 15.577971 1.156731
v 0.709276 16.062651 -1.274960
v 1.718022 15.031282 1.118315
v 1.206278 16.064760 -1.170693
v 1.117037 16.175951 -1.217821
v 1.354993 15.861960 -1.169944
v 1.540961 16.171324 -0.994309
v 1.567419 15.975348 -1.074443
v 1.872729 16.058008 -1.063075
v 1.818012 15.736653 -1.052874
v 2.090150 15.755050 -1.082945
v 2.034715 15.404292 -1.008918
v 2.117771 16.007826 -1.074327
v 2.142518 16.269770 -0.943602
v 1.876022 16.364908 -0.894796
v 2.009912 16.543242 -0.574118
v 1.769450 16.427706 -0.905279
v 1.897576 15.616483 0.848369
v 1.777166 15.893703 0.758422
v 1.969695 15.908666 0.774589
v 2.020457 16.177259 0.616074
v 1.499142 15.641974 -1.132686
v 1.768490 15.484361 -1.072490
v 1.845393 14.709932 -0.924293
v 1.907156 15.063803 -1.032924
v 1.771090 16.264423 0.580211
v 2.098662 16.437244 0.346774
v 1.968183 16.450487 0.160706
v 2.040400 16.616636 -0.210365
v 2.197226 16.608803 -0.094438
v 1.469216 16.279808 -1.075691
v 2.191079 16.466358 -0.737976
v 2.210685 16.530567 -0.549868
v 2.197226 16.608803 -0.094438
v 1.934529 15.133428 0.647217
v 1.937970 15.328283 0.943408
v 2.040400 16.616636 -0.210365
v 1.936974 14.657872 -0.617814
v 1.943246 14.524347 -0.293680
v 1.945107 14.559172 0.167682
v 1.949010 15.106354 0.423819
v -1.687972 10.399261 -0.647184
v -1.512805 10.516353 -0.851078
v -1.458214 10.140095 -0.889809
v -1.650558 10.756568 -0.576885
v -1.871239 10.517627 -0.272333
v -1.799976 10.822783 -0.240567
v -2.037788 10.611384 0.123155
v -1.963060 10.849483 0.203214
v -2.086459 10.528954 0.495654
v -2.000463 10.784533 0.565646
v -2.001628 10.399326 0.841604
v -1.939118 10.661115 0.868594
v -1.683067 10.163805 1.166021
v -1.694545 10.517794 1.133220
v -1.232407 10.285601 1.338179
v -1.598315 10.871432 1.209704
v -1.218499 10.612357 1.285654
v -1.855031 11.036059 0.974777
v -1.951508 11.067029 0.665449
v -1.899858 11.080971 0.216991
v -1.741097 11.092866 -0.185972
v -1.561690 11.048251 -0.568812
v -1.213528 9.893347 1.371561
v -0.839149 9.708300 1.415019
v -1.018431 9.468897 1.424960
v -0.782305 9.430990 1.407064
v -0.718648 9.039495 1.326520
v -0.561688 9.549633 1.127321
v -0.417201 9.114841 0.861217
v -0.582098 9.213150 -0.841900
v -0.970042 9.568903 -0.887815
v -0.571429 9.646313 -0.797582
v -1.026039 8.904580 -0.935064
v -0.592767 8.779987 -0.886217
v -1.048100 8.510539 -0.918019
v -0.624649 8.502100 -0.848145
v -1.351485 8.876660 -0.921259
v -1.320713 8.492094 -0.891713
v -1.393458 9.532511 -0.945794
v -0.344293 9.285038 -0.504314
v -0.330294 8.782609 -0.559525
v -0.186468 9.134405 -0.155910
v -0.183587 8.448801 -0.191952
v -1.409389 9.620116 -0.939098
v -0.975621 9.675993 -0.903976
v -1.426500 9.714216 -0.931907
v -0.337084 8.448276 -0.559317
v -0.757627 9.926176 1.375611
v -0.957541 9.072477 1.383037
v -0.857868 8.285133 1.265624
v -0.642156 8.265308 1.144772
v -0.344375 8.339173 0.680998
v -0.190046 8.381752 0.192474
v -0.254702 9.083510 0.224207
v -0.183587 8.448801 -0.191952
v -0.186468 9.134405 -0.155910
v -0.602574 10.832177 -1.044083
v -0.192026 10.850490 -1.014535
v -0.169091 10.563840 -1.078658
v -0.649519 11.173822 -0.902981
v -1.342599 10.932719 -0.842298
v -1.052099 11.379504 -0.768742
v -1.360585 11.519339 -0.524900
v -1.552951 11.599133 -0.227263
v -1.723015 11.590837 0.217709
v -1.821244 11.503166 0.730515
v -1.747483 11.361342 1.084120
v -0.978572 10.868629 1.353851
v -1.514500 11.176581 1.294532
v -0.723095 10.516310 1.361368
v -0.598996 10.165055 1.303570
v -0.323907 10.103603 1.384997
v -0.485696 9.847671 0.980092
v -0.312043 9.855281 1.053059
v -0.310475 9.705616 0.757814
v -0.233845 9.760160 0.762836
v -0.160768 9.616529 0.312988
v -1.468277 10.767649 -0.804645
v -1.203079 10.693274 -0.966796
v -0.560616 10.490532 -1.128165
v -0.162584 10.343403 -1.101269
v -0.191061 9.979441 -0.977410
v -0.503367 10.042175 -1.116960
v -0.156043 10.121846 -1.060755
v -0.522744 9.928900 -1.043423
v -0.217232 9.873012 -0.883948
v -0.537226 9.844242 -0.957290
v -0.216488 9.776070 -0.659224
v -0.554939 9.741739 -0.874582
v -0.215796 9.685819 -0.450010
v -1.538853 10.030951 -0.837219
v -0.992462 9.986005 -1.019138
v -1.034003 10.126359 -1.070750
v -0.532064 10.266921 -1.154117
v -0.369817 10.929116 1.567572
v -0.304081 10.393504 1.509583
v -0.120133 9.635394 -0.134022
v -1.103654 10.379892 -1.063196
v -0.981614 9.801011 -0.934723
v -0.986254 9.900690 -0.961530
v -0.120133 9.635394 -0.134022
v -0.460970 12.548214 -0.451463
v -0.212393 12.432865 -0.502075
v 0.000000 12.434875 -0.497707
v 0.212393 12.432865 -0.502075
v 0.460970 12.548214 -0.451463
v 0.487364 12.227574 -0.464013
v 0.746879 12.549692 -0.394594
v 0.750588 12.267126 -0.437962
v 1.084996 12.096498 -0.342439
v 0.804638 11.995036 -0.496402
v 0.727079 11.584402 -0.699610
v 0.215591 11.137136 -0.919331
v 0.000000 10.874539 -0.941572
v 0.000000 10.609132 -1.024034
v 0.224944 11.826411 -0.564898
v 0.206729 11.481744 -0.714964
v 0.000000 11.139947 -0.863408
v -0.215591 11.137136 -0.919331
v -0.746879 12.549692 -0.394594
v -1.084996 12.096498 -0.342439
v -0.750588 12.267126 -0.437962
v -0.804638 11.995036 -0.496402
v -0.487364 12.227574 -0.464013
v -0.224944 11.826411 -0.564898
v -0.224140 12.188023 -0.512565
v 0.000000 12.179580 -0.513742
v -0.727079 11.584402 -0.699610
v -0.206729 11.481744 -0.714964
v 0.000000 11.483681 -0.679012
v -1.570638 11.993069 0.804249
v -1.526572 11.825113 1.106558
v -1.240030 11.619582 1.319097
v 1.570638 11.993069 0.804249
v 1.526572 11.825113 1.106558
v 1.240030 11.619582 1.319097
v 0.964022 11.479248 1.392184
v -1.240030 11.619582 1.319097
v -0.964022 11.479248 1.392184
v -0.978572 10.868629 1.353851
v -0.369817 10.929116 1.567572
v 0.000000 11.827450 -0.548840
v 0.224140 12.188023 -0.512565
v -1.294799 12.145217 -0.122803
v -0.437200 11.472061 1.522018
v 0.000000 10.905712 1.582003
v 0.000000 11.530672 1.575319
v 1.294799 12.145217 -0.122803
v 0.437200 11.472061 1.522018
v 0.000000 11.530672 1.575319
v -1.514500 11.176581 1.294532
v -0.367186 12.345262 1.531476
v 0.000000 12.377970 1.631123
v -0.367186 12.345262 1.531476
v 0.000000 11.988533 1.624992
v 0.000000 12.377970 1.631123
v -0.444988 11.890682 1.512470
v 0.444988 11.890682 1.512470
v 0.000000 11.988533 1.624992
v 0.367186 12.345262 1.531476

vt -1.312446 0.214662
vt -1.184323 0.251147
vt -1.264981 0.262457
vt -1.175017 0.217493
vt -1.283991 0.194618
vt -1.171276 0.185606
vt -1.263920 0.158983
vt -1.172503 0.166466
vt -1.260807 0.146386
vt -1.173737 0.147228
vt -1.257678 0.133726
vt -1.182306 0.133443
vt -1.094166 0.226979
vt -1.092444 0.195400
vt -1.098732 0.177194
vt -1.105052 0.158896
vt -1.113951 0.143315
vt -1.120602 0.131669
vt -1.658676 0.237737
vt -1.660420 0.206391
vt -1.623885 0.252022
vt -1.715894 0.182486
vt -1.752290 0.209675
vt -1.793968 0.172374
vt -1.852488 0.212089
vt -1.863514 0.165134
vt -1.912298 0.212221
vt -1.912297 0.171836
vt -1.864701 0.133706
vt -1.858170 0.090734
vt -1.818363 0.133284
vt -1.878383 0.099318
vt -1.912291 0.102667
vt -1.901899 0.078389
vt -1.943006 0.070586
vt -1.945608 0.056522
vt -1.990907 0.068190
vt -1.990887 0.054420
vt -1.052287 0.181141
vt -1.052330 0.163983
vt -1.052379 0.144396
vt -1.052416 0.129756
vt -1.188711 0.123141
vt -1.263760 0.111040
vt -1.104334 0.114432
vt -1.052674 0.118395
vt -1.010600 0.068190
vt -1.567633 0.265085
vt -1.501179 0.224404
vt -1.480890 0.276917
vt -1.567320 0.221919
vt -1.612152 0.219914
vt -1.367291 0.223769
vt -1.335975 0.271907
vt -1.337243 0.198528
vt -1.433658 0.227648
vt -1.509025 0.202236
vt -1.397693 0.278684
vt -1.200929 0.109229
vt -1.089188 0.098384
vt -1.009920 0.034807
vt -1.150945 0.060958
vt -1.010684 0.054420
vt -1.829738 0.065455
vt -1.863037 0.034807
vt -1.893884 0.072161
vt -1.912297 0.129641
vt -1.052549 0.123873
vt -1.334509 0.143954
vt -1.345603 0.175988
vt -1.385511 0.196539
vt -1.397362 0.164332
vt -1.451790 0.175833
vt -1.439640 0.202341
vt -1.510250 0.179932
vt -1.561250 0.172147
vt -1.561458 0.195670
vt -1.606030 0.160104
vt -1.604391 0.184245
vt -1.655609 0.138938
vt -1.649340 0.171880
vt -1.712436 0.149677
vt -1.267438 0.001897
vt -1.327242 0.034807
vt -1.327241 0.001897
vt -1.267438 0.034807
vt -1.212659 0.034807
vt -1.212481 0.065542
vt -1.212304 0.096277
vt -1.767631 0.088880
vt -1.738083 0.055135
vt -1.710940 0.112792
vt -1.773937 0.060066
vt -1.797743 0.034807
vt -1.863765 0.001286
vt -1.785492 0.109545
vt -1.943753 0.034807
vt -1.943934 0.001286
vt -1.270955 0.086004
vt -1.267486 0.098074
vt -1.359310 0.131122
vt -1.333926 0.099474
vt -1.261159 0.120743
vt -1.327241 0.079466
vt -1.145299 0.034807
vt -1.012538 0.001897
vt -1.990887 0.034807
vt -1.990888 0.001286
vt -1.330464 0.089112
vt -1.212659 0.001897
vt -1.145299 0.001897
vt -1.798102 0.001286
vt -1.738084 0.001286
vt -1.738084 0.034807
vt -1.330036 0.597195
vt -1.328954 0.546974
vt -1.385485 0.587006
vt -1.259261 0.546752
vt -1.244529 0.590869
vt -1.330036 0.597195
vt -1.259261 0.546752
vt -1.244529 0.590869
vt -1.320404 0.668304
vt -1.617456 0.629603
vt -1.661244 0.607402
vt -1.623589 0.649879
vt -1.595049 0.597322
vt -1.540462 0.627393
vt -1.524340 0.590719
vt -1.464044 0.642834
vt -1.466766 0.589585
vt -1.417327 0.639606
vt -1.395513 0.651191
vt -1.353170 0.663940
vt -1.767614 0.654502
vt -1.734184 0.711154
vt -1.722222 0.664870
vt -1.780836 0.700876
vt -1.807452 0.652241
vt -1.811320 0.702108
vt -1.861660 0.652356
vt -1.859699 0.705544
vt -1.298868 0.845053
vt -1.309470 0.887858
vt -1.283038 0.885874
vt -1.339066 0.849753
vt -1.335886 0.821277
vt -1.386722 0.838215
vt -1.380887 0.800295
vt -1.249441 0.664253
vt -1.194991 0.595865
vt -1.179477 0.663596
vt -1.776000 0.757114
vt -1.855501 0.745786
vt -1.564464 0.661810
vt -1.534026 0.705078
vt -1.567025 0.708479
vt -1.632549 0.800378
vt -1.671638 0.761728
vt -1.688976 0.783314
vt -1.619866 0.761459
vt -1.588130 0.804482
vt -1.193906 0.719915
vt -1.129824 0.716288
vt -1.075133 0.715863
vt -1.075331 0.748800
vt -1.113320 0.662095
vt -1.776725 0.798692
vt -1.752169 0.761243
vt -1.629573 0.708685
vt -1.587950 0.733075
vt -1.595307 0.679179
vt -1.565804 0.834724
vt -1.616987 0.854497
vt -1.552620 0.900691
vt -1.592101 0.900669
vt -1.582237 0.970868
vt -1.553597 0.971208
vt -1.301139 0.815633
vt -1.331364 0.781647
vt -1.376425 0.762952
vt -1.337307 0.892474
vt -1.391459 0.874303
vt -1.395733 0.924790
vt -1.389961 0.971699
vt -1.336373 0.972368
vt -1.720193 0.837298
vt -1.707961 0.822015
vt -1.368279 0.728593
vt -1.238418 0.877031
vt -1.246759 0.843240
vt -1.165128 0.862126
vt -1.189453 0.824983
vt -1.095352 0.794609
vt -1.135972 0.765286
vt -1.671196 0.684296
vt -1.673344 0.627927
vt -1.203646 0.764122
vt -1.263273 0.722122
vt -1.269290 0.781370
vt -1.327377 0.751265
vt -1.256000 0.813423
vt -1.203552 0.787841
vt -1.322727 0.711215
vt -1.363191 0.701581
vt -1.661804 0.841304
vt -1.097996 0.838829
vt -1.253773 0.493960
vt -1.328954 0.546974
vt -1.182726 0.521340
vt -1.178940 0.477681
vt -1.106190 0.495927
vt -1.104107 0.461402
vt -1.053638 0.474082
vt -1.053638 0.457449
vt -1.104107 0.461402
vt -1.053447 0.447673
vt -1.104442 0.449120
vt -1.398839 0.506339
vt -1.337942 0.452966
vt -1.406610 0.458049
vt -1.335787 0.500462
vt -1.253773 0.493960
vt -1.182726 0.521340
vt -1.337942 0.452966
vt -1.398839 0.506339
vt -1.406610 0.458049
vt -1.335787 0.500462
vt -1.241804 0.471012
vt -1.647178 0.573742
vt -1.621784 0.525110
vt -1.704145 0.498414
vt -1.586027 0.560333
vt -1.647178 0.573742
vt -1.621784 0.525110
vt -1.586027 0.560333
vt -1.704145 0.498414
vt -1.178940 0.477681
vt -1.106190 0.495927
vt -1.241804 0.471012
vt -1.104442 0.449120
vt -1.171745 0.446391
vt -1.175342 0.462036
vt -1.104777 0.436839
vt -1.053256 0.437896
vt -1.104777 0.436839
vt -1.175342 0.462036
vt -1.171745 0.446391
vt -1.229836 0.448063
vt -1.105113 0.424558
vt -1.168148 0.430745
vt -1.053065 0.428120
vt -1.105113 0.424558
vt -1.168148 0.430745
vt -1.229836 0.448063
vt -1.331021 0.419198
vt -1.404644 0.391325
vt -1.484391 0.392785
vt -1.473496 0.342609
vt -1.331021 0.419198
vt -1.227195 0.429283
vt -1.324100 0.385431
vt -1.404644 0.391325
vt -1.484391 0.392785
vt -1.473496 0.342609
vt -1.324100 0.385431
vt -1.227195 0.429283
vt -1.759593 0.398466
vt -1.758903 0.334211
vt -1.704111 0.409575
vt -0.843644 0.983035
vt -0.788608 0.994144
vt -0.842953 0.921909
vt -1.704111 0.409575
vt -1.603454 0.437406
vt -1.578914 0.524405
vt -1.552158 0.467487
vt -1.508032 0.515905
vt -1.498794 0.463999
vt -1.560645 0.376756
vt -1.615411 0.360758
vt -1.704848 0.344715
vt -1.498794 0.463999
vt -1.552158 0.467487
vt -1.560645 0.376756
vt -1.603454 0.437406
vt -1.615411 0.360758
vt -1.578914 0.524405
vt -1.508032 0.515905
vt -1.855314 0.457661
vt -1.856499 0.534721
vt -1.770005 0.531383
vt -1.912298 0.539818
vt -1.912298 0.459996
vt -1.855314 0.457661
vt -1.764811 0.470807
vt -1.764811 0.470807
vt -1.759593 0.398466
vt -1.710409 0.550216
vt -1.704848 0.344715
vt -1.710409 0.550216
vt -1.770005 0.531383
vt -1.856499 0.534721
vt -0.789346 0.932413
vt -1.737119 0.607845
vt -1.717603 0.588034
vt -1.512109 0.549752
vt -1.432802 0.543374
vt -1.771150 0.579046
vt -1.859795 0.581983
vt -1.912301 0.580798
vt -1.512109 0.549752
vt -1.432802 0.543374
vt -1.717603 0.588034
vt -1.771150 0.579046
vt -1.859795 0.581983
vt -1.767614 0.654502
vt -1.737119 0.607845
vt -1.722222 0.664870
vt -1.785901 0.609514
vt -1.807452 0.652241
vt -1.870180 0.606976
vt -1.861660 0.652356
vt -1.911752 0.659266
vt -1.859699 0.705544
vt -1.912109 0.708839
vt -1.855501 0.745786
vt -1.912300 0.744111
vt -1.851304 0.786029
vt -1.912491 0.776855
vt -1.175768 0.561920
vt -1.148901 0.578317
vt -1.150055 0.606434
vt -1.098749 0.593469
vt -1.053614 0.583101
vt -1.053637 0.657004
vt -1.113320 0.662095
vt -1.075133 0.715863
vt -1.150055 0.606434
vt -1.179477 0.663596
vt -1.098749 0.593469
vt -1.148901 0.578317
vt -1.102812 0.560768
vt -1.107007 0.532970
vt -1.053638 0.552706
vt -1.053638 0.502644
vt -1.107007 0.532970
vt -1.734184 0.711154
vt -1.671638 0.761728
vt -1.752169 0.761243
vt -1.671196 0.684296
vt -1.673344 0.627927
vt -1.870180 0.606976
vt -1.785901 0.609514
vt -1.912284 0.604693
vt -1.912266 0.628588
vt -1.053637 0.711748
vt -1.053637 0.745694
vt -1.053637 0.786207
vt -1.075331 0.748800
vt -1.095352 0.794609
vt -1.524340 0.590719
vt -1.595049 0.597322
vt -1.540462 0.627393
vt -1.617456 0.629603
vt -1.564464 0.661810
vt -1.595307 0.679179
vt -1.194991 0.595865
vt -1.175768 0.561920
vt -1.661244 0.607402
vt -1.623589 0.649879
vt -1.851304 0.786029
vt -1.097996 0.838829
vt -1.053637 0.825206
vt -1.102812 0.560768
vt -1.385485 0.587006
vt -1.466766 0.589585
vt -1.720193 0.837298
vt -1.707961 0.822015
vt -1.661804 0.841304
vt -1.776725 0.798692
vt -1.249441 0.664253
vt -1.193906 0.719915
vt -1.129824 0.716288
vt -1.135972 0.765286
vt -1.780836 0.700876
vt -1.776000 0.757114
vt -1.263273 0.722122
vt -1.203646 0.764122
vt -1.203552 0.787841
vt -1.189453 0.824983
vt -1.320404 0.668304
vt -1.322727 0.711215
vt -1.811320 0.702108
vt -1.688976 0.783314
vt -1.165128 0.862126
vt -1.629573 0.708685
vt -1.246759 0.843240
vt -1.238418 0.877031
vt -1.256000 0.813423
vt -1.298868 0.845053
vt -1.301139 0.815633
vt -1.335886 0.821277
vt -1.331364 0.781647
vt -1.376425 0.762952
vt -1.368279 0.728593
vt -1.380887 0.800295
vt -1.386722 0.838215
vt -1.339066 0.849753
vt -1.337307 0.892474
vt -1.309470 0.887858
vt -1.619866 0.761459
vt -1.632549 0.800378
vt -1.588130 0.804482
vt -1.565804 0.834724
vt -1.269290 0.781370
vt -1.327377 0.751265
vt -1.353170 0.663940
vt -1.363191 0.701581
vt -1.616987 0.854497
vt -1.552620 0.900691
vt -1.592101 0.900669
vt -1.582237 0.970868
vt -1.553597 0.971208
vt -1.283038 0.885874
vt -1.391459 0.874303
vt -1.395733 0.924790
vt -1.389961 0.971699
vt -1.567025 0.708479
vt -1.587950 0.733075
vt -1.336373 0.972368
vt -1.395513 0.651191
vt -1.417327 0.639606
vt -1.464044 0.642834
vt -1.534026 0.705078
vt -1.397362 0.164332
vt -1.345603 0.175988
vt -1.334509 0.143954
vt -1.385511 0.196539
vt -1.451790 0.175833
vt -1.439640 0.202341
vt -1.510250 0.179932
vt -1.509025 0.202236
vt -1.561250 0.172147
vt -1.561458 0.195670
vt -1.606030 0.160104
vt -1.604391 0.184245
vt -1.655609 0.138938
vt -1.649340 0.171880
vt -1.712436 0.149677
vt -1.660420 0.206391
vt -1.715894 0.182486
vt -1.612152 0.219914
vt -1.567320 0.221919
vt -1.501179 0.224404
vt -1.433658 0.227648
vt -1.367291 0.223769
vt -1.710940 0.112792
vt -1.767631 0.088880
vt -1.738083 0.055135
vt -1.773937 0.060066
vt -1.797743 0.034807
vt -1.829738 0.065455
vt -1.863037 0.034807
vt -1.212481 0.065542
vt -1.270955 0.086004
vt -1.212304 0.096277
vt -1.267438 0.034807
vt -1.212659 0.034807
vt -1.267438 0.001897
vt -1.212659 0.001897
vt -1.327242 0.034807
vt -1.327241 0.001897
vt -1.327241 0.079466
vt -1.150945 0.060958
vt -1.145299 0.034807
vt -1.009920 0.034807
vt -1.012538 0.001897
vt -1.330464 0.089112
vt -1.267486 0.098074
vt -1.333926 0.099474
vt -1.145299 0.001897
vt -1.785492 0.109545
vt -1.738084 0.034807
vt -1.738084 0.001286
vt -1.798102 0.001286
vt -1.863765 0.001286
vt -1.943934 0.001286
vt -1.943753 0.034807
vt -1.990888 0.001286
vt -1.990887 0.034807
vt -1.175017 0.217493
vt -1.094166 0.226979
vt -1.092444 0.195400
vt -1.184323 0.251147
vt -1.312446 0.214662
vt -1.264981 0.262457
vt -1.335975 0.271907
vt -1.397693 0.278684
vt -1.480890 0.276917
vt -1.567633 0.265085
vt -1.623885 0.252022
vt -1.752290 0.209675
vt -1.658676 0.237737
vt -1.793968 0.172374
vt -1.818363 0.133284
vt -1.864701 0.133706
vt -1.858170 0.090734
vt -1.878383 0.099318
vt -1.893884 0.072161
vt -1.901899 0.078389
vt -1.945608 0.056522
vt -1.337243 0.198528
vt -1.283991 0.194618
vt -1.171276 0.185606
vt -1.098732 0.177194
vt -1.113951 0.143315
vt -1.173737 0.147228
vt -1.105052 0.158896
vt -1.182306 0.133443
vt -1.120602 0.131669
vt -1.188711 0.123141
vt -1.104334 0.114432
vt -1.200929 0.109229
vt -1.089188 0.098384
vt -1.359310 0.131122
vt -1.257678 0.133726
vt -1.260807 0.146386
vt -1.172503 0.166466
vt -1.852488 0.212089
vt -1.863514 0.165134
vt -1.010684 0.054420
vt -1.263920 0.158983
vt -1.263760 0.111040
vt -1.261159 0.120743
vt -1.990887 0.054420
vt -1.164551 0.415100
vt -1.105448 0.412276
vt -1.052874 0.418343
vt -1.105448 0.412276
vt -1.164551 0.415100
vt -1.165484 0.373381
vt -1.224554 0.410504
vt -1.229049 0.373402
vt -1.308732 0.342705
vt -1.237014 0.336120
vt -1.210668 0.293633
vt -1.097670 0.260112
vt -1.052228 0.235313
vt -1.052244 0.198211
vt -1.097076 0.329981
vt -1.097373 0.295046
vt -1.052212 0.272415
vt -1.097670 0.260112
vt -1.224554 0.410504
vt -1.308732 0.342705
vt -1.229049 0.373402
vt -1.237014 0.336120
vt -1.165484 0.373381
vt -1.097076 0.329981
vt -1.101919 0.373360
vt -1.052366 0.372785
vt -1.210668 0.293633
vt -1.097373 0.295046
vt -1.052223 0.301525
vt -1.575725 0.322281
vt -1.630497 0.303566
vt -1.705117 0.288906
vt -1.575725 0.322281
vt -1.630497 0.303566
vt -1.705117 0.288906
vt -1.747931 0.278066
vt -0.789614 0.876604
vt -0.831982 0.865764
vt -0.836340 0.799160
vt -0.936538 0.801574
vt -1.052234 0.330635
vt -1.101919 0.373360
vt -1.376389 0.345730
vt -0.922489 0.870916
vt -0.992326 0.802600
vt -0.992327 0.885747
vt -1.376389 0.345730
vt -1.838439 0.283219
vt -1.912298 0.297156
vt -0.743173 0.827222
vt -1.841132 0.391290
vt -1.912298 0.397971
vt -0.925182 0.975859
vt -0.992327 0.940221
vt -0.992326 0.983434
vt -0.915323 0.921990
vt -1.831272 0.334292
vt -1.912299 0.351629
vt -1.841132 0.391290

vn 0.393312 0.339613 -0.854382
vn 0.069666 0.368586 -0.926979
vn 0.310495 0.415405 -0.855004
vn 0.065795 0.299863 -0.951711
vn 0.319196 0.230682 -0.919184
vn 0.030205 0.174303 -0.984229
vn 0.292098 0.069992 -0.953824
vn -0.011321 -0.046513 -0.998854
vn 0.240034 -0.217551 -0.946074
vn -0.055913 -0.398441 -0.915488
vn 0.229343 -0.446151 -0.865073
vn -0.053689 -0.590643 -0.805145
vn -0.160482 0.296247 -0.941532
vn -0.246594 0.119196 -0.961761
vn -0.416647 -0.032364 -0.908492
vn -0.495353 -0.348289 -0.795814
vn -0.494042 -0.588383 -0.640100
vn -0.460424 -0.755515 -0.466055
vn 0.383909 0.026985 0.922977
vn 0.494081 -0.018512 0.869219
vn 0.820945 0.209912 0.531023
vn 0.110575 -0.011237 0.993804
vn 0.227282 -0.084376 0.970167
vn 0.295727 -0.214410 0.930899
vn 0.222926 -0.064321 0.972711
vn 0.203612 -0.217187 0.954658
vn 0.000000 -0.025318 0.999679
vn 0.000000 -0.301853 0.953355
vn 0.202790 -0.585290 0.785055
vn -0.430005 -0.563135 0.705673
vn -0.169350 -0.258156 0.951145
vn 0.023287 -0.877380 0.479231
vn 0.000000 -0.889578 0.456784
vn -0.164252 -0.930522 0.327339
vn 0.000000 -0.994419 0.105504
vn -0.738840 -0.653000 0.166452
vn 0.000000 -0.978556 -0.205980
vn -0.877279 -0.451114 -0.163945
vn 0.000000 -0.143911 -0.989591
vn 0.000000 -0.413394 -0.910552
vn 0.000000 -0.739064 -0.673635
vn 0.000000 -0.832735 -0.553671
vn -0.178580 -0.667796 -0.722605
vn 0.076038 -0.255134 -0.963911
vn -0.517585 -0.773725 -0.365316
vn 0.000000 -0.959599 -0.281372
vn 0.000000 -0.978556 -0.205980
vn 0.930034 0.364979 0.042736
vn 0.942832 0.280726 -0.179610
vn 0.887693 0.380101 -0.259853
vn 0.967775 0.195963 0.158148
vn 0.818626 0.062810 0.570883
vn 0.734316 0.336502 -0.589531
vn 0.648526 0.391842 -0.652590
vn 0.634462 0.254111 -0.729990
vn 0.866723 0.294709 -0.402415
vn 0.930399 0.308130 -0.198529
vn 0.813304 0.365390 -0.452799
vn -0.342962 -0.608556 -0.715567
vn -0.735651 -0.465723 -0.491853
vn -0.982547 -0.084222 -0.165853
vn -0.823881 -0.017115 -0.566504
vn -0.877279 -0.451114 -0.163945
vn -0.797873 -0.038272 0.601610
vn -0.902155 -0.021826 0.430860
vn -0.692883 -0.547285 0.469459
vn 0.000000 -0.600847 0.799364
vn 0.000000 -0.924234 -0.381827
vn 0.505907 -0.102151 -0.856518
vn 0.623770 0.139163 -0.769119
vn 0.820821 0.233506 -0.521275
vn 0.406035 0.584266 -0.702687
vn 0.418868 0.816546 -0.397243
vn 0.870394 0.282750 -0.403071
vn 0.480719 0.869181 -0.115907
vn 0.488336 0.842531 0.227310
vn 0.969397 0.222033 0.104742
vn 0.346580 0.824435 0.447424
vn 0.861528 0.088144 0.500000
vn 0.092045 0.671947 0.734858
vn 0.599264 0.007203 0.800519
vn 0.183470 0.090656 0.978836
vn -0.032692 -0.065610 -0.997310
vn 0.187281 -0.072625 -0.979618
vn 0.237407 -0.084778 -0.967704
vn -0.076670 0.013959 -0.996959
vn -0.530813 -0.025426 -0.847107
vn -0.460125 0.070446 -0.885055
vn -0.573290 -0.260079 -0.776980
vn -0.253435 0.060322 0.965470
vn -0.244966 0.018206 0.969361
vn -0.267412 0.447640 0.853293
vn -0.453396 -0.020022 0.891084
vn -0.575327 -0.091197 0.812824
vn -0.900453 -0.037683 0.433318
vn -0.321997 0.047864 0.945530
vn -0.977123 -0.064247 0.202740
vn -0.984262 0.014028 0.176159
vn -0.163432 -0.090452 -0.982399
vn -0.072947 -0.225188 -0.971581
vn -0.026521 0.151331 -0.988127
vn -0.014743 0.090111 -0.995823
vn 0.212935 -0.415644 -0.884250
vn 0.130294 0.005659 -0.991459
vn -0.876463 0.029462 -0.480568
vn -0.987429 -0.013495 -0.157487
vn -0.982547 -0.084222 -0.165853
vn -0.987429 -0.013495 -0.157487
vn 0.075333 0.013890 -0.997062
vn -0.424004 -0.143623 -0.894200
vn -0.798048 -0.121919 -0.590131
vn -0.653922 -0.113230 0.748041
vn -0.267672 -0.138305 0.953532
vn -0.160404 -0.101575 0.981811
vn -0.635045 -0.507002 -0.582810
vn -0.717676 -0.564775 -0.407395
vn -0.803471 -0.523221 -0.284032
vn -0.516165 -0.530236 -0.672624
vn -0.419838 -0.463691 -0.780209
vn 0.635045 -0.507002 -0.582810
vn 0.479189 -0.523900 -0.704207
vn 0.435826 -0.462417 -0.772157
vn -0.395727 -0.328397 -0.857645
vn -0.942165 -0.250047 0.223161
vn -0.867784 -0.184333 0.461489
vn -0.904985 -0.319827 0.280559
vn -0.943508 -0.079095 0.321771
vn -0.915797 -0.129838 0.380076
vn -0.924151 -0.125206 0.360926
vn -0.880871 -0.299089 0.366896
vn -0.926635 -0.372462 0.051189
vn -0.819106 -0.563670 -0.106499
vn -0.706087 -0.630011 -0.323306
vn -0.397656 -0.486313 -0.778055
vn -0.318893 -0.238991 0.917165
vn -0.500503 0.296732 0.813294
vn -0.629634 -0.218726 0.745466
vn -0.227253 0.309385 0.923384
vn -0.217891 -0.190292 0.957242
vn -0.062448 0.338710 0.938816
vn 0.005500 0.046328 0.998911
vn 0.067831 0.338773 0.938420
vn -0.257591 0.197716 -0.945809
vn -0.445584 0.235062 -0.863829
vn -0.510044 -0.194862 -0.837785
vn -0.176142 0.558669 -0.810471
vn 0.017901 0.258744 -0.965780
vn 0.065458 0.627915 -0.775524
vn 0.080250 0.244847 -0.966235
vn -0.378090 -0.264024 -0.887321
vn -0.320850 -0.438664 -0.839422
vn -0.266637 -0.220416 -0.938255
vn -0.132010 0.538050 0.832512
vn -0.007109 0.499405 0.866340
vn -0.923888 -0.309610 0.224882
vn -0.692326 -0.621009 0.367468
vn -0.792104 -0.580980 0.187172
vn -0.239693 0.420817 0.874906
vn -0.558856 0.376218 0.739013
vn -0.398876 0.465188 0.790252
vn -0.126530 0.314868 0.940664
vn 0.183442 0.373350 0.909373
vn -0.270603 -0.054766 -0.961132
vn -0.114800 -0.051260 -0.992065
vn -0.022944 -0.024292 -0.999442
vn 0.000000 0.087202 -0.996191
vn -0.130137 -0.177536 -0.975472
vn -0.214401 0.563205 0.798018
vn -0.346133 0.528585 0.775106
vn -0.719030 0.082112 0.690111
vn -0.583119 -0.091364 0.807233
vn -0.917270 -0.322939 0.233079
vn 0.104506 0.569462 0.815347
vn -0.092045 0.671947 0.734858
vn 0.169633 0.858907 0.483222
vn 0.330009 0.896605 0.295284
vn 0.150648 0.975544 0.160057
vn 0.070014 0.985573 0.154088
vn -0.154282 0.192470 -0.969099
vn -0.088678 -0.009932 -0.996011
vn 0.114800 -0.051261 -0.992065
vn -0.128105 0.871427 -0.473502
vn 0.107936 0.864170 -0.491488
vn 0.016261 0.975741 -0.218325
vn 0.070014 0.985573 0.154088
vn 0.150648 0.975544 0.160057
vn -0.291376 0.494072 0.819142
vn -0.291376 0.494072 0.819142
vn 0.000238 0.012954 -0.999916
vn -0.336101 -0.026526 -0.941452
vn -0.322338 0.105485 -0.940729
vn -0.126871 0.179391 -0.975563
vn -0.171251 0.149944 -0.973750
vn -0.015390 0.154060 -0.987942
vn -0.142451 0.090333 -0.985671
vn -0.842169 -0.031982 0.538264
vn -0.756170 -0.257761 0.601470
vn -0.279891 0.057617 -0.958301
vn -0.312207 -0.056985 -0.948304
vn -0.280237 0.069602 -0.957404
vn -0.252209 0.045939 -0.966582
vn -0.301662 0.171090 -0.937938
vn -0.257463 0.096082 -0.961499
vn -0.291965 -0.143240 -0.945642
vn 0.048166 -0.092453 -0.994551
vn -0.369907 0.443099 0.816598
vn -0.022064 0.204855 -0.978544
vn 0.558779 -0.463424 -0.687753
vn 0.717676 -0.564775 -0.407394
vn 0.282796 -0.483509 -0.828399
vn 0.243274 -0.384508 -0.890489
vn 0.071438 -0.494953 -0.865978
vn 0.000000 -0.369079 -0.929398
vn 0.000000 -0.516025 -0.856574
vn 0.000000 -0.369079 -0.929398
vn 0.000000 -0.369079 -0.929398
vn 0.000000 -0.296698 -0.954971
vn 0.016378 -0.314905 -0.948982
vn -0.830618 -0.445693 -0.333812
vn -0.833003 -0.196570 -0.517171
vn -0.931082 -0.001461 -0.364808
vn -0.767011 -0.422132 -0.483216
vn -0.558777 -0.463423 -0.687755
vn -0.281669 -0.489037 -0.825534
vn 0.833004 -0.196570 -0.517170
vn 0.830618 -0.445693 -0.333812
vn 0.931082 -0.001461 -0.364808
vn 0.767012 -0.422133 -0.483214
vn 0.617835 -0.311648 -0.721911
vn -0.863741 -0.090286 0.495782
vn -0.926040 -0.206805 0.315725
vn -0.751042 -0.176408 0.636251
vn -0.950692 -0.093015 0.295860
vn 0.863741 -0.090286 0.495782
vn 0.926040 -0.206805 0.315725
vn 0.950692 -0.093015 0.295860
vn 0.751042 -0.176408 0.636252
vn -0.243274 -0.384508 -0.890489
vn -0.071438 -0.494954 -0.865978
vn -0.617834 -0.311647 -0.721912
vn -0.016378 -0.314906 -0.948982
vn -0.212316 -0.324716 -0.921673
vn -0.238431 -0.311510 -0.919843
vn -0.011662 -0.333870 -0.942547
vn -0.000098 -0.313799 -0.949489
vn 0.011638 -0.334223 -0.942422
vn 0.238431 -0.311511 -0.919843
vn 0.213059 -0.327950 -0.920356
vn 0.563530 -0.235471 -0.791825
vn 0.097265 -0.349635 -0.931823
vn 0.186384 -0.425320 -0.885643
vn -0.000139 -0.286205 -0.958168
vn -0.097266 -0.349635 -0.931823
vn -0.184668 -0.424493 -0.886399
vn -0.564707 -0.229708 -0.792679
vn 0.784697 0.080430 -0.614640
vn 0.871944 0.266057 -0.411008
vn 0.960118 0.252661 -0.119732
vn 0.904553 0.378965 -0.195369
vn -0.785326 0.083212 -0.613465
vn -0.431270 -0.277678 -0.858430
vn -0.652207 0.129199 -0.746950
vn -0.871945 0.266057 -0.411006
vn -0.960118 0.252661 -0.119732
vn -0.904553 0.378965 -0.195368
vn 0.652063 0.131350 -0.746700
vn 0.431416 -0.278641 -0.858044
vn 0.356000 -0.119804 0.926774
vn 0.383909 0.026985 0.922977
vn 0.791418 -0.110344 0.601234
vn -0.356001 -0.119804 0.926774
vn -0.791418 -0.110344 0.601234
vn -0.383909 0.026985 0.922977
vn -0.791418 -0.110344 0.601234
vn -0.957514 -0.132448 0.256173
vn -0.939775 -0.274334 0.203874
vn -0.978540 -0.185872 0.088947
vn -0.907470 -0.410130 -0.091061
vn -0.943892 -0.206462 -0.257763
vn -0.919143 0.246081 0.307603
vn -0.837168 0.332322 0.434410
vn -0.615932 0.212360 0.758638
vn 0.943892 -0.206462 -0.257763
vn 0.978540 -0.185872 0.088946
vn 0.919144 0.246081 0.307602
vn 0.957514 -0.132448 0.256173
vn 0.837168 0.332322 0.434409
vn 0.939775 -0.274334 0.203874
vn 0.907469 -0.410131 -0.091062
vn -0.177314 -0.211073 0.961253
vn -0.184037 -0.143306 0.972416
vn -0.373948 -0.094864 0.922585
vn 0.023909 -0.161023 0.986661
vn 0.000000 -0.189330 0.981914
vn 0.177314 -0.211072 0.961254
vn 0.438953 -0.206596 0.874436
vn -0.438953 -0.206596 0.874436
vn -0.356001 -0.119804 0.926774
vn -0.653922 -0.113230 0.748041
vn 0.615933 0.212360 0.758637
vn 0.653921 -0.113230 0.748041
vn 0.373948 -0.094864 0.922585
vn 0.186729 -0.105989 0.976677
vn -0.615932 0.212360 0.758638
vn -0.459145 -0.243792 0.854255
vn -0.593373 -0.055493 0.803012
vn -0.945373 -0.290121 0.148662
vn -0.820650 -0.533515 -0.204684
vn -0.366470 0.044070 0.929385
vn -0.176166 -0.001961 0.984359
vn 0.072122 -0.038731 0.996644
vn 0.945372 -0.290122 0.148662
vn 0.820650 -0.533515 -0.204685
vn 0.593372 -0.055492 0.803013
vn 0.337101 0.057321 0.939722
vn 0.214762 0.029258 0.976228
vn 0.318892 -0.238991 0.917165
vn 0.459145 -0.243792 0.854255
vn 0.629633 -0.218726 0.745467
vn 0.290264 -0.231324 0.928567
vn 0.143441 -0.193683 0.970521
vn 0.090638 -0.209601 0.973577
vn 0.000238 -0.012954 0.999916
vn 0.072122 -0.038731 0.996644
vn -0.032414 0.286611 0.957499
vn 0.000000 0.360378 0.932806
vn 0.007128 0.499134 0.866495
vn -0.000136 0.523926 0.851764
vn -0.001580 0.572555 0.819865
vn -0.001580 0.572555 0.819865
vn -0.287642 -0.552668 -0.782189
vn -0.253575 -0.528389 -0.810250
vn -0.242544 -0.321948 -0.915162
vn -0.097266 -0.349635 -0.931823
vn 0.000000 -0.369079 -0.929398
vn 0.000000 -0.127545 -0.991833
vn 0.130137 -0.177536 -0.975472
vn 0.022944 -0.024292 -0.999442
vn 0.242544 -0.321948 -0.915162
vn 0.266636 -0.220416 -0.938255
vn 0.097265 -0.349635 -0.931823
vn 0.253575 -0.528389 -0.810250
vn 0.091281 -0.505361 -0.858067
vn 0.161034 -0.558050 -0.814032
vn 0.000000 -0.504390 -0.863476
vn 0.000000 -0.566393 -0.824135
vn -0.161033 -0.558050 -0.814032
vn 0.500502 0.296732 0.813294
vn 0.558856 0.376218 0.739013
vn 0.346243 0.528388 0.775192
vn 0.842169 -0.031982 0.538265
vn 0.756169 -0.257761 0.601472
vn -0.015394 -0.209854 0.977612
vn -0.340714 -0.215293 0.915185
vn 0.111504 0.015432 0.993644
vn 0.114841 -0.184101 0.976175
vn -0.006575 0.008493 -0.999942
vn 0.000000 0.100293 -0.994958
vn -0.000098 0.136969 -0.990575
vn 0.000000 0.087202 -0.996191
vn 0.015360 0.153567 -0.988019
vn 0.924151 -0.125206 0.360926
vn 0.943508 -0.079096 0.321771
vn 0.915797 -0.129838 0.380076
vn 0.942165 -0.250047 0.223161
vn 0.923888 -0.309610 0.224883
vn 0.917270 -0.322939 0.233080
vn 0.320850 -0.438664 -0.839422
vn 0.298282 -0.546929 -0.782238
vn 0.867783 -0.184333 0.461491
vn 0.904984 -0.319827 0.280561
vn -0.001580 0.572555 0.819865
vn 0.021990 0.203633 -0.978800
vn -0.000295 0.168520 -0.985698
vn -0.091281 -0.505361 -0.858066
vn 0.803471 -0.523221 -0.284032
vn 0.926635 -0.372462 0.051189
vn 0.263625 0.530178 0.805861
vn 0.280642 0.508133 0.814273
vn 0.364399 0.449789 0.815416
vn 0.211314 0.567502 0.795794
vn 0.378090 -0.264024 -0.887321
vn 0.270603 -0.054766 -0.961132
vn 0.117387 -0.043150 -0.992148
vn 0.142450 0.090333 -0.985671
vn 0.227252 0.309384 0.923384
vn 0.132085 0.537778 0.832675
vn 0.312207 -0.056985 -0.948304
vn 0.279891 0.057617 -0.958301
vn 0.257462 0.096082 -0.961500
vn 0.171616 0.148356 -0.973929
vn 0.395727 -0.328397 -0.857645
vn 0.291965 -0.143240 -0.945642
vn 0.033745 0.315704 0.948258
vn 0.399042 0.464987 0.790287
vn 0.127803 0.175453 -0.976157
vn 0.719030 0.082113 0.690111
vn 0.322931 0.103096 -0.940790
vn 0.337323 -0.032609 -0.940824
vn 0.301662 0.171090 -0.937938
vn 0.258766 0.195263 -0.945998
vn 0.154281 0.192470 -0.969099
vn -0.017901 0.258744 -0.965780
vn 0.088678 -0.009932 -0.996011
vn -0.114800 -0.051260 -0.992065
vn -0.006575 0.008493 -0.999942
vn -0.080250 0.244847 -0.966235
vn -0.065222 0.627815 -0.775625
vn 0.177600 0.556991 -0.811307
vn 0.129340 0.870967 -0.474012
vn 0.448717 0.230046 -0.863558
vn 0.126531 0.314868 0.940664
vn 0.239991 0.420548 0.874954
vn -0.183442 0.373350 0.909373
vn -0.104260 0.569373 0.815441
vn 0.280237 0.069602 -0.957404
vn 0.252210 0.045939 -0.966582
vn 0.397657 -0.486313 -0.778054
vn -0.048166 -0.092452 -0.994551
vn 0.092045 0.671947 0.734858
vn -0.169578 0.858936 0.483190
vn -0.329895 0.896689 0.295157
vn -0.150640 0.975558 0.159982
vn -0.070038 0.985574 0.154076
vn 0.511312 -0.200220 -0.835747
vn -0.107363 0.864168 -0.491616
vn -0.015980 0.975744 -0.218333
vn -0.070038 0.985574 0.154076
vn 0.792104 -0.580980 0.187171
vn 0.583120 -0.091365 0.807232
vn -0.150640 0.975558 0.159982
vn 0.706088 -0.630011 -0.323305
vn 0.819106 -0.563670 -0.106500
vn 0.880871 -0.299089 0.366896
vn 0.692325 -0.621008 0.367470
vn -0.406035 0.584266 -0.702687
vn -0.623770 0.139163 -0.769119
vn -0.505907 -0.102151 -0.856518
vn -0.820821 0.233506 -0.521275
vn -0.418868 0.816547 -0.397241
vn -0.870394 0.282751 -0.403071
vn -0.480719 0.869181 -0.115905
vn -0.930399 0.308130 -0.198529
vn -0.488336 0.842531 0.227310
vn -0.969397 0.222033 0.104742
vn -0.346581 0.824436 0.447423
vn -0.861528 0.088144 0.500000
vn -0.092045 0.671947 0.734858
vn -0.599264 0.007203 0.800519
vn -0.183470 0.090656 0.978836
vn -0.494081 -0.018512 0.869219
vn -0.110575 -0.011237 0.993804
vn -0.818626 0.062810 0.570883
vn -0.969160 0.216687 0.117371
vn -0.934951 0.282127 -0.215107
vn -0.862349 0.292028 -0.413611
vn -0.734316 0.336502 -0.589530
vn 0.267412 0.447640 0.853293
vn 0.253436 0.060322 0.965470
vn 0.244966 0.018206 0.969361
vn 0.453396 -0.020022 0.891084
vn 0.575327 -0.091197 0.812824
vn 0.797873 -0.038272 0.601610
vn 0.902155 -0.021826 0.430860
vn 0.460125 0.070446 -0.885055
vn 0.163431 -0.090451 -0.982400
vn 0.573289 -0.260078 -0.776981
vn 0.076670 0.013959 -0.996959
vn 0.530814 -0.025426 -0.847107
vn 0.032692 -0.065610 -0.997310
vn 0.424005 -0.143623 -0.894199
vn -0.187281 -0.072625 -0.979618
vn -0.237407 -0.084778 -0.967704
vn -0.130295 0.005659 -0.991459
vn 0.823881 -0.017115 -0.566504
vn 0.876463 0.029463 -0.480567
vn 0.982547 -0.084222 -0.165854
vn 0.987429 -0.013494 -0.157485
vn -0.076670 0.013959 -0.996959
vn 0.072946 -0.225188 -0.971581
vn 0.014743 0.090111 -0.995823
vn 0.798049 -0.121919 -0.590130
vn 0.321997 0.047864 0.945530
vn 0.160404 -0.101575 0.981811
vn 0.267672 -0.138305 0.953532
vn 0.652749 -0.106550 0.750044
vn 0.900453 -0.037683 0.433318
vn 0.984262 0.014028 0.176159
vn 0.977123 -0.064247 0.202741
vn 0.987429 -0.013494 -0.157485
vn 0.982547 -0.084222 -0.165854
vn -0.065795 0.299863 -0.951711
vn 0.160482 0.296247 -0.941532
vn 0.246594 0.119196 -0.961761
vn -0.069666 0.368587 -0.926979
vn -0.393312 0.339613 -0.854382
vn -0.310495 0.415405 -0.855004
vn -0.648526 0.391842 -0.652590
vn -0.829895 0.354386 -0.430912
vn -0.898288 0.380312 -0.220095
vn -0.925210 0.372796 0.070775
vn -0.820945 0.209912 0.531024
vn -0.227282 -0.084376 0.970167
vn -0.383909 0.026985 0.922977
vn -0.295728 -0.214410 0.930899
vn 0.169350 -0.258156 0.951145
vn -0.202790 -0.585290 0.785055
vn 0.430005 -0.563136 0.705672
vn -0.023287 -0.877380 0.479230
vn 0.692883 -0.547285 0.469459
vn 0.164252 -0.930522 0.327339
vn 0.738840 -0.653000 0.166452
vn -0.634463 0.254111 -0.729990
vn -0.319196 0.230682 -0.919184
vn -0.030205 0.174303 -0.984229
vn 0.416647 -0.032364 -0.908492
vn 0.494042 -0.588384 -0.640099
vn 0.055913 -0.398442 -0.915488
vn 0.495353 -0.348289 -0.795814
vn 0.053689 -0.590645 -0.805144
vn 0.460424 -0.755516 -0.466053
vn 0.178580 -0.667797 -0.722604
vn 0.517585 -0.773725 -0.365316
vn 0.342962 -0.608555 -0.715568
vn 0.735651 -0.465723 -0.491854
vn 0.026521 0.151330 -0.988127
vn -0.229344 -0.446153 -0.865072
vn -0.240034 -0.217552 -0.946073
vn 0.011320 -0.046513 -0.998854
vn -0.222926 -0.064321 0.972711
vn -0.203611 -0.217186 0.954658
vn 0.877279 -0.451114 -0.163946
vn -0.292099 0.069992 -0.953824
vn -0.076038 -0.255135 -0.963911
vn -0.212936 -0.415645 -0.884250
vn 0.877279 -0.451114 -0.163946
vn -0.208633 -0.234880 -0.949370
vn -0.122181 -0.063468 -0.990476
vn -0.000041 -0.090590 -0.995888
vn 0.121963 -0.063048 -0.990530
vn 0.209218 -0.232476 -0.949833
vn 0.128340 0.126686 -0.983605
vn 0.287958 -0.041035 -0.956764
vn 0.219404 0.199471 -0.955025
vn 0.466401 0.343757 -0.815047
vn 0.143059 0.349021 -0.926131
vn 0.000783 0.444428 -0.895814
vn -0.138393 0.397802 -0.906973
vn 0.000000 0.305847 -0.952081
vn 0.000000 0.100293 -0.994958
vn -0.016857 0.300405 -0.953663
vn -0.128301 0.455693 -0.880842
vn 0.000000 0.423305 -0.905987
vn 0.138393 0.397802 -0.906973
vn -0.286449 -0.044789 -0.957048
vn -0.466401 0.343757 -0.815047
vn -0.219404 0.199471 -0.955025
vn -0.143059 0.349021 -0.926131
vn -0.128340 0.126686 -0.983605
vn 0.016857 0.300405 -0.953663
vn -0.072836 0.092111 -0.993081
vn 0.000000 0.087202 -0.996191
vn 0.000783 0.444428 -0.895814
vn 0.128301 0.455693 -0.880842
vn 0.000000 0.411396 -0.911457
vn -0.844121 0.478025 0.242800
vn -0.628069 0.390192 0.673261
vn -0.336741 0.119849 0.933939
vn 0.844121 0.478025 0.242799
vn 0.628069 0.390193 0.673259
vn 0.336741 0.119849 0.933939
vn 0.262397 0.001717 0.964959
vn -0.336741 0.119849 0.933939
vn -0.262396 0.001717 0.964959
vn -0.227282 -0.084376 0.970167
vn -0.222926 -0.064321 0.972711
vn 0.000000 0.239473 -0.970903
vn 0.072836 0.092111 -0.993081
vn -0.768394 0.380098 -0.514875
vn -0.151981 0.036089 0.987724
vn 0.000000 -0.025318 0.999679
vn 0.000000 -0.025318 0.999679
vn 0.768394 0.380098 -0.514875
vn 0.151982 0.036089 0.987724
vn 0.000000 -0.025318 0.999679
vn -0.383909 0.026985 0.922977
vn -0.218990 -0.123833 0.967837
vn 0.000000 -0.143935 0.989587
vn -0.218990 -0.123833 0.967837
vn 0.000000 -0.040902 0.999163
vn 0.000000 -0.143935 0.989587
vn -0.213186 -0.019433 0.976818
vn 0.213186 -0.019433 0.976818
vn 0.000000 -0.040902 0.999163
vn 0.218990 -0.123833 0.967837

g polygon3
s 1
usemtl mat5
f 2173/2173/2173 2174/2174/2174 2175/2175/2175
f 2173/2173/2173 2176/2176/2176 2174/2174/2174
f 2177/2177/2177 2176/2176/2176 2173/2173/2173
f 2177/2177/2177 2178/2178/2178 2176/2176/2176
f 2179/2179/2179 2178/2178/2178 2177/2177/2177
f 2179/2179/2179 2180/2180/2180 2178/2178/2178
f 2181/2181/2181 2180/2180/2180 2179/2179/2179
f 2181/2181/2181 2182/2182/2182 2180/2180/2180
f 2183/2183/2183 2182/2182/2182 2181/2181/2181
f 2183/2183/2183 2184/2184/2184 2182/2182/2182
f 2176/2176/2176 2185/2185/2185 2174/2174/2174
f 2176/2176/2176 2186/2186/2186 2185/2185/2185
f 2178/2178/2178 2186/2186/2186 2176/2176/2176
f 2178/2178/2178 2187/2187/2187 2186/2186/2186
f 2180/2180/2180 2187/2187/2187 2178/2178/2178
f 2180/2180/2180 2188/2188/2188 2187/2187/2187
f 2182/2182/2182 2188/2188/2188 2180/2180/2180
f 2182/2182/2182 2189/2189/2189 2188/2188/2188
f 2184/2184/2184 2189/2189/2189 2182/2182/2182
f 2184/2184/2184 2190/2190/2190 2189/2189/2189
f 2191/2191/2191 2192/2192/2192 2193/2193/2193
f 2191/2191/2191 2194/2194/2194 2192/2192/2192
f 2195/2195/2195 2194/2194/2194 2191/2191/2191
f 2195/2195/2195 2196/2196/2196 2194/2194/2194
f 2197/2197/2197 2196/2196/2196 2195/2195/2195
f 2197/2197/2197 2198/2198/2198 2196/2196/2196
f 2199/2199/2199 2198/2198/2198 2197/2197/2197
f 2199/2199/2199 2200/2200/2200 2198/2198/2198
f 2201/2201/2201 2202/2202/2202 2203/2203/2203
f 2201/2201/2201 2204/2204/2204 2202/2202/2202
f 2205/2205/2205 2204/2204/2204 2201/2201/2201
f 2205/2205/2205 2206/2206/2206 2204/2204/2204
f 2207/2207/2207 2206/2206/2206 2205/2205/2205
f 2207/2207/2207 2208/2208/2208 2206/2206/2206
f 2209/2209/2209 2208/2208/2208 2207/2207/2207
f 2209/2209/2209 2210/2210/2210 2208/2208/2208
f 2187/2187/2187 2211/2211/2211 2186/2186/2186
f 2187/2187/2187 2212/2212/2212 2211/2211/2211
f 2188/2188/2188 2212/2212/2212 2187/2187/2187
f 2188/2188/2188 2213/2213/2213 2212/2212/2212
f 2189/2189/2189 2213/2213/2213 2188/2188/2188
f 2189/2189/2189 2214/2214/2214 2213/2213/2213
f 2190/2190/2190 2214/2214/2214 2189/2189/2189
f 2215/2215/2215 2184/2184/2184 2216/2216/2216
f 2215/2215/2215 2190/2190/2190 2184/2184/2184
f 2217/2217/2217 2190/2190/2190 2215/2215/2215
f 2217/2217/2217 2218/2218/2218 2190/2190/2190
f 2219/2219/2219 2218/2218/2218 2217/2217/2217
f 2220/2220/2220 2221/2221/2221 2222/2222/2222
f 2220/2220/2220 2223/2223/2223 2221/2221/2221
f 2193/2193/2193 2223/2223/2223 2220/2220/2220
f 2193/2193/2193 2224/2224/2224 2223/2223/2223
f 2192/2192/2192 2224/2224/2224 2193/2193/2193
f 2225/2225/2225 2175/2175/2175 2226/2226/2226
f 2225/2225/2225 2173/2173/2173 2175/2175/2175
f 2227/2227/2227 2173/2173/2173 2225/2225/2225
f 2227/2227/2227 2177/2177/2177 2173/2173/2173
f 2196/2196/2196 2203/2203/2203 2194/2194/2194
f 2196/2196/2196 2201/2201/2201 2203/2203/2203
f 2198/2198/2198 2201/2201/2201 2196/2196/2196
f 2198/2198/2198 2200/2200/2200 2201/2201/2201
f 2228/2228/2228 2221/2221/2221 2229/2229/2229
f 2228/2228/2228 2222/2222/2222 2221/2221/2221
f 2230/2230/2230 2222/2222/2222 2228/2228/2228
f 2231/2231/2231 2217/2217/2217 2215/2215/2215
f 2231/2231/2231 2232/2232/2232 2217/2217/2217
f 2233/2233/2233 2232/2232/2232 2234/2234/2234
f 2233/2233/2233 2235/2235/2235 2232/2232/2232
f 2235/2235/2235 2217/2217/2217 2232/2232/2232
f 2235/2235/2235 2219/2219/2219 2217/2217/2217
f 2236/2236/2236 2202/2202/2202 2237/2237/2237
f 2236/2236/2236 2203/2203/2203 2202/2202/2202
f 2228/2228/2228 2226/2226/2226 2230/2230/2230
f 2228/2228/2228 2225/2225/2225 2226/2226/2226
f 2204/2204/2204 2238/2238/2238 2202/2202/2202
f 2204/2204/2204 2206/2206/2206 2238/2238/2238
f 2239/2239/2239 2201/2201/2201 2200/2200/2200
f 2239/2239/2239 2205/2205/2205 2201/2201/2201
f 2240/2240/2240 2190/2190/2190 2218/2218/2218
f 2240/2240/2240 2214/2214/2214 2190/2190/2190
f 2181/2181/2181 2241/2241/2241 2183/2183/2183
f 2181/2181/2181 2179/2179/2179 2241/2241/2241
f 2242/2242/2242 2179/2179/2179 2177/2177/2177
f 2242/2242/2242 2241/2241/2241 2179/2179/2179
f 2206/2206/2206 2208/2208/2208 2238/2238/2238
f 2243/2243/2243 2244/2244/2244 2242/2242/2242
f 2243/2243/2243 2245/2245/2245 2244/2244/2244
f 2246/2246/2246 2245/2245/2245 2243/2243/2243
f 2246/2246/2246 2247/2247/2247 2245/2245/2245
f 2229/2229/2229 2247/2247/2247 2246/2246/2246
f 2229/2229/2229 2248/2248/2248 2247/2247/2247
f 2249/2249/2249 2248/2248/2248 2229/2229/2229
f 2249/2249/2249 2250/2250/2250 2248/2248/2248
f 2251/2251/2251 2250/2250/2250 2249/2249/2249
f 2251/2251/2251 2252/2252/2252 2250/2250/2250
f 2253/2253/2253 2252/2252/2252 2251/2251/2251
f 2253/2253/2253 2254/2254/2254 2252/2252/2252
f 2192/2192/2192 2254/2254/2254 2253/2253/2253
f 2192/2192/2192 2194/2194/2194 2254/2254/2254
f 2227/2227/2227 2242/2242/2242 2177/2177/2177
f 2227/2227/2227 2243/2243/2243 2242/2242/2242
f 2225/2225/2225 2243/2243/2243 2227/2227/2227
f 2225/2225/2225 2246/2246/2246 2243/2243/2243
f 2228/2228/2228 2246/2246/2246 2225/2225/2225
f 2228/2228/2228 2229/2229/2229 2246/2246/2246
f 2255/2255/2255 2256/2256/2256 2257/2257/2257
f 2255/2255/2255 2258/2258/2258 2256/2256/2256
f 2259/2259/2259 2258/2258/2258 2255/2255/2255
f 2259/2259/2259 2260/2260/2260 2258/2258/2258
f 2234/2234/2234 2260/2260/2260 2259/2259/2259
f 2234/2234/2234 2261/2261/2261 2260/2260/2260
f 2262/2262/2262 2263/2263/2263 2264/2264/2264
f 2262/2262/2262 2265/2265/2265 2263/2263/2263
f 2236/2236/2236 2265/2265/2265 2262/2262/2262
f 2236/2236/2236 2266/2266/2266 2265/2265/2265
f 2237/2237/2237 2266/2266/2266 2236/2236/2236
f 2237/2237/2237 2267/2267/2267 2266/2266/2266
f 2254/2254/2254 2264/2264/2264 2252/2252/2252
f 2254/2254/2254 2262/2262/2262 2264/2264/2264
f 2268/2268/2268 2262/2262/2262 2254/2254/2254
f 2268/2268/2268 2236/2236/2236 2262/2262/2262
f 2203/2203/2203 2236/2236/2236 2268/2268/2268
f 2269/2269/2269 2238/2238/2238 2208/2208/2208
f 2269/2269/2269 2237/2237/2237 2238/2238/2238
f 2270/2270/2270 2237/2237/2237 2269/2269/2269
f 2270/2270/2270 2267/2267/2267 2237/2237/2237
f 2231/2231/2231 2271/2271/2271 2261/2261/2261
f 2231/2231/2231 2272/2272/2272 2271/2271/2271
f 2215/2215/2215 2272/2272/2272 2231/2231/2231
f 2215/2215/2215 2216/2216/2216 2272/2272/2272
f 2216/2216/2216 2273/2273/2273 2274/2274/2274
f 2216/2216/2216 2275/2275/2275 2273/2273/2273
f 2184/2184/2184 2275/2275/2275 2216/2216/2216
f 2184/2184/2184 2183/2183/2183 2275/2275/2275
f 2258/2258/2258 2276/2276/2276 2256/2256/2256
f 2258/2258/2258 2271/2271/2271 2276/2276/2276
f 2260/2260/2260 2271/2271/2271 2258/2258/2258
f 2260/2260/2260 2261/2261/2261 2271/2271/2271
f 2277/2277/2277 2234/2234/2234 2259/2259/2259
f 2277/2277/2277 2233/2233/2233 2234/2234/2234
f 2278/2278/2278 2233/2233/2233 2277/2277/2277
f 2232/2232/2232 2261/2261/2261 2234/2234/2234
f 2232/2232/2232 2231/2231/2231 2261/2261/2261
f 2279/2279/2279 2208/2208/2208 2210/2210/2210
f 2279/2279/2279 2269/2269/2269 2208/2208/2208
f 2280/2280/2280 2269/2269/2269 2279/2279/2279
f 2280/2280/2280 2270/2270/2270 2269/2269/2269
f 2271/2271/2271 2281/2281/2281 2276/2276/2276
f 2271/2271/2271 2272/2272/2272 2281/2281/2281
f 2272/2272/2272 2274/2274/2274 2281/2281/2281
f 2272/2272/2272 2216/2216/2216 2274/2274/2274
f 2183/2183/2183 2273/2273/2273 2275/2275/2275
f 2183/2183/2183 2241/2241/2241 2273/2273/2273
f 2241/2241/2241 2244/2244/2244 2273/2273/2273
f 2241/2241/2241 2242/2242/2242 2244/2244/2244
f 2253/2253/2253 2224/2224/2224 2192/2192/2192
f 2253/2253/2253 2251/2251/2251 2224/2224/2224
f 2251/2251/2251 2223/2223/2223 2224/2224/2224
f 2251/2251/2251 2249/2249/2249 2223/2223/2223
f 2249/2249/2249 2221/2221/2221 2223/2223/2223
f 2249/2249/2249 2229/2229/2229 2221/2221/2221
f 2268/2268/2268 2194/2194/2194 2203/2203/2203
f 2268/2268/2268 2254/2254/2254 2194/2194/2194
f 2282/2282/2282 2259/2259/2259 2255/2255/2255
f 2282/2282/2282 2283/2283/2283 2259/2259/2259
f 2284/2284/2284 2266/2266/2266 2267/2267/2267
f 2284/2284/2284 2285/2285/2285 2266/2266/2266
f 2286/2286/2286 2266/2266/2266 2285/2285/2285
f 2286/2286/2286 2263/2263/2263 2266/2266/2266
f 2277/2277/2277 2283/2283/2283 2278/2278/2278
f 2277/2277/2277 2259/2259/2259 2283/2283/2283
f 2202/2202/2202 2238/2238/2238 2237/2237/2237
f 2266/2266/2266 2263/2263/2263 2265/2265/2265
f 2287/2287/2287 2288/2288/2288 2289/2289/2289
f 2287/2287/2287 2290/2290/2290 2288/2288/2288
f 2291/2291/2291 2290/2290/2290 2287/2287/2287
f 2292/2292/2292 2293/2293/2293 2294/2294/2294
f 2287/2287/2287 2295/2295/2295 2291/2291/2291
f 2296/2296/2296 2297/2297/2297 2298/2298/2298
f 2296/2296/2296 2299/2299/2299 2297/2297/2297
f 2300/2300/2300 2299/2299/2299 2296/2296/2296
f 2300/2300/2300 2301/2301/2301 2299/2299/2299
f 2302/2302/2302 2301/2301/2301 2300/2300/2300
f 2302/2302/2302 2303/2303/2303 2301/2301/2301
f 2304/2304/2304 2303/2303/2303 2302/2302/2302
f 2304/2304/2304 2289/2289/2289 2303/2303/2303
f 2305/2305/2305 2289/2289/2289 2304/2304/2304
f 2305/2305/2305 2287/2287/2287 2289/2289/2289
f 2306/2306/2306 2287/2287/2287 2305/2305/2305
f 2306/2306/2306 2295/2295/2295 2287/2287/2287
f 2307/2307/2307 2308/2308/2308 2309/2309/2309
f 2307/2307/2307 2310/2310/2310 2308/2308/2308
f 2311/2311/2311 2310/2310/2310 2307/2307/2307
f 2311/2311/2311 2312/2312/2312 2310/2310/2310
f 2313/2313/2313 2312/2312/2312 2311/2311/2311
f 2313/2313/2313 2314/2314/2314 2312/2312/2312
f 2315/2315/2315 2316/2316/2316 2317/2317/2317
f 2315/2315/2315 2318/2318/2318 2316/2316/2316
f 2319/2319/2319 2318/2318/2318 2315/2315/2315
f 2319/2319/2319 2320/2320/2320 2318/2318/2318
f 2321/2321/2321 2320/2320/2320 2319/2319/2319
f 2322/2322/2322 2291/2291/2291 2295/2295/2295
f 2322/2322/2322 2323/2323/2323 2291/2291/2291
f 2324/2324/2324 2323/2323/2323 2322/2322/2322
f 2312/2312/2312 2325/2325/2325 2310/2310/2310
f 2312/2312/2312 2326/2326/2326 2325/2325/2325
f 2314/2314/2314 2326/2326/2326 2312/2312/2312
f 2327/2327/2327 2302/2302/2302 2300/2300/2300
f 2327/2327/2327 2328/2328/2328 2302/2302/2302
f 2329/2329/2329 2328/2328/2328 2327/2327/2327
f 2330/2330/2330 2331/2331/2331 2332/2332/2332
f 2330/2330/2330 2333/2333/2333 2331/2331/2331
f 2334/2334/2334 2333/2333/2333 2330/2330/2330
f 2335/2335/2335 2324/2324/2324 2322/2322/2322
f 2335/2335/2335 2336/2336/2336 2324/2324/2324
f 2337/2337/2337 2336/2336/2336 2338/2338/2338
f 2337/2337/2337 2339/2339/2339 2336/2336/2336
f 2340/2340/2340 2325/2325/2325 2326/2326/2326
f 2340/2340/2340 2341/2341/2341 2325/2325/2325
f 2333/2333/2333 2342/2342/2342 2331/2331/2331
f 2333/2333/2333 2343/2343/2343 2342/2342/2342
f 2343/2343/2343 2344/2344/2344 2342/2342/2342
f 2343/2343/2343 2329/2329/2329 2344/2344/2344
f 2330/2330/2330 2345/2345/2345 2334/2334/2334
f 2330/2330/2330 2346/2346/2346 2345/2345/2345
f 2346/2346/2346 2347/2347/2347 2345/2345/2345
f 2346/2346/2346 2348/2348/2348 2347/2347/2347
f 2349/2349/2349 2347/2347/2347 2348/2348/2348
f 2349/2349/2349 2350/2350/2350 2347/2347/2347
f 2351/2351/2351 2319/2319/2319 2315/2315/2315
f 2351/2351/2351 2352/2352/2352 2319/2319/2319
f 2319/2319/2319 2353/2353/2353 2321/2321/2321
f 2319/2319/2319 2352/2352/2352 2353/2353/2353
f 2318/2318/2318 2354/2354/2354 2316/2316/2316
f 2318/2318/2318 2320/2320/2320 2354/2354/2354
f 2355/2355/2355 2354/2354/2354 2320/2320/2320
f 2355/2355/2355 2356/2356/2356 2354/2354/2354
f 2354/2354/2354 2357/2357/2357 2358/2358/2358
f 2354/2354/2354 2356/2356/2356 2357/2357/2357
f 2359/2359/2359 2360/2360/2360 2340/2340/2340
f 2336/2336/2336 2339/2339/2339 2324/2324/2324
f 2352/2352/2352 2361/2361/2361 2353/2353/2353
f 2344/2344/2344 2329/2329/2329 2327/2327/2327
f 2362/2362/2362 2315/2315/2315 2317/2317/2317
f 2362/2362/2362 2363/2363/2363 2315/2315/2315
f 2364/2364/2364 2363/2363/2363 2362/2362/2362
f 2364/2364/2364 2365/2365/2365 2363/2363/2363
f 2366/2366/2366 2365/2365/2365 2364/2364/2364
f 2366/2366/2366 2367/2367/2367 2365/2365/2365
f 2338/2338/2338 2367/2367/2367 2366/2366/2366
f 2338/2338/2338 2336/2336/2336 2367/2367/2367
f 2332/2332/2332 2340/2340/2340 2360/2360/2360
f 2332/2332/2332 2341/2341/2341 2340/2340/2340
f 2331/2331/2331 2341/2341/2341 2332/2332/2332
f 2331/2331/2331 2308/2308/2308 2341/2341/2341
f 2368/2368/2368 2308/2308/2308 2331/2331/2331
f 2368/2368/2368 2309/2309/2309 2308/2308/2308
f 2369/2369/2369 2309/2309/2309 2368/2368/2368
f 2335/2335/2335 2367/2367/2367 2336/2336/2336
f 2335/2335/2335 2370/2370/2370 2367/2367/2367
f 2371/2371/2371 2370/2370/2370 2335/2335/2335
f 2371/2371/2371 2372/2372/2372 2370/2370/2370
f 2373/2373/2373 2372/2372/2372 2371/2371/2371
f 2373/2373/2373 2352/2352/2352 2372/2372/2372
f 2361/2361/2361 2352/2352/2352 2373/2373/2373
f 2351/2351/2351 2372/2372/2372 2352/2352/2352
f 2351/2351/2351 2374/2374/2374 2372/2372/2372
f 2315/2315/2315 2374/2374/2374 2351/2351/2351
f 2315/2315/2315 2363/2363/2363 2374/2374/2374
f 2374/2374/2374 2370/2370/2370 2372/2372/2372
f 2374/2374/2374 2375/2375/2375 2370/2370/2370
f 2363/2363/2363 2375/2375/2375 2374/2374/2374
f 2363/2363/2363 2365/2365/2365 2375/2375/2375
f 2296/2296/2296 2327/2327/2327 2300/2300/2300
f 2296/2296/2296 2344/2344/2344 2327/2327/2327
f 2298/2298/2298 2344/2344/2344 2296/2296/2296
f 2376/2376/2376 2377/2377/2377 2361/2361/2361
f 2376/2376/2376 2306/2306/2306 2377/2377/2377
f 2295/2295/2295 2306/2306/2306 2376/2376/2376
f 2330/2330/2330 2378/2378/2378 2346/2346/2346
f 2330/2330/2330 2332/2332/2332 2378/2378/2378
f 2378/2378/2378 2360/2360/2360 2359/2359/2359
f 2378/2378/2378 2332/2332/2332 2360/2360/2360
f 2342/2342/2342 2368/2368/2368 2331/2331/2331
f 2342/2342/2342 2344/2344/2344 2368/2368/2368
f 2368/2368/2368 2298/2298/2298 2369/2369/2369
f 2368/2368/2368 2344/2344/2344 2298/2298/2298
f 2367/2367/2367 2375/2375/2375 2365/2365/2365
f 2367/2367/2367 2370/2370/2370 2375/2375/2375
f 2322/2322/2322 2371/2371/2371 2335/2335/2335
f 2322/2322/2322 2295/2295/2295 2371/2371/2371
f 2373/2373/2373 2376/2376/2376 2361/2361/2361
f 2373/2373/2373 2371/2371/2371 2376/2376/2376
f 2364/2364/2364 2379/2379/2379 2366/2366/2366
f 2371/2371/2371 2295/2295/2295 2376/2376/2376
f 2380/2380/2380 2293/2293/2293 2381/2381/2381
f 2380/2380/2380 2382/2382/2382 2293/2293/2293
f 2383/2383/2383 2382/2382/2382 2380/2380/2380
f 2383/2383/2383 2384/2384/2384 2382/2382/2382
f 2385/2385/2385 2384/2384/2384 2383/2383/2383
f 2385/2385/2385 2386/2386/2386 2384/2384/2384
f 2387/2387/2387 2386/2386/2386 2385/2385/2385
f 2387/2387/2387 2388/2388/2388 2386/2386/2386
f 2389/2389/2389 2388/2388/2388 2387/2387/2387
f 2389/2389/2389 2390/2390/2390 2388/2388/2388
f 2391/2391/2391 2392/2392/2392 2393/2393/2393
f 2391/2391/2391 2394/2394/2394 2392/2392/2392
f 2288/2288/2288 2394/2394/2394 2391/2391/2391
f 2288/2288/2288 2395/2395/2395 2394/2394/2394
f 2290/2290/2290 2395/2395/2395 2288/2288/2288
f 2290/2290/2290 2396/2396/2396 2395/2395/2395
f 2397/2397/2397 2398/2398/2398 2399/2399/2399
f 2397/2397/2397 2400/2400/2400 2398/2398/2398
f 2401/2401/2401 2400/2400/2400 2397/2397/2397
f 2401/2401/2401 2380/2380/2380 2400/2400/2400
f 2402/2402/2402 2403/2403/2403 2404/2404/2404
f 2402/2402/2402 2405/2405/2405 2403/2403/2403
f 2406/2406/2406 2407/2407/2407 2408/2408/2408
f 2406/2406/2406 2409/2409/2409 2407/2407/2407
f 2400/2400/2400 2381/2381/2381 2398/2398/2398
f 2400/2400/2400 2380/2380/2380 2381/2381/2381
f 2396/2396/2396 2410/2410/2410 2395/2395/2395
f 2396/2396/2396 2411/2411/2411 2410/2410/2410
f 2411/2411/2411 2388/2388/2388 2410/2410/2410
f 2411/2411/2411 2386/2386/2386 2388/2388/2388
f 2394/2394/2394 2412/2412/2412 2392/2392/2392
f 2394/2394/2394 2395/2395/2395 2412/2412/2412
f 2413/2413/2413 2387/2387/2387 2385/2385/2385
f 2413/2413/2413 2389/2389/2389 2387/2387/2387
f 2390/2390/2390 2414/2414/2414 2415/2415/2415
f 2390/2390/2390 2416/2416/2416 2414/2414/2414
f 2389/2389/2389 2416/2416/2416 2390/2390/2390
f 2389/2389/2389 2417/2417/2417 2416/2416/2416
f 2413/2413/2413 2417/2417/2417 2389/2389/2389
f 2413/2413/2413 2418/2418/2418 2417/2417/2417
f 2419/2419/2419 2418/2418/2418 2413/2413/2413
f 2419/2419/2419 2420/2420/2420 2418/2418/2418
f 2401/2401/2401 2420/2420/2420 2419/2419/2419
f 2401/2401/2401 2421/2421/2421 2420/2420/2420
f 2422/2422/2422 2420/2420/2420 2423/2423/2423
f 2422/2422/2422 2418/2418/2418 2420/2420/2420
f 2424/2424/2424 2418/2418/2418 2422/2422/2422
f 2424/2424/2424 2417/2417/2417 2418/2418/2418
f 2425/2425/2425 2417/2417/2417 2424/2424/2424
f 2425/2425/2425 2416/2416/2416 2417/2417/2417
f 2426/2426/2426 2416/2416/2416 2425/2425/2425
f 2426/2426/2426 2414/2414/2414 2416/2416/2416
f 2412/2412/2412 2414/2414/2414 2427/2427/2427
f 2412/2412/2412 2415/2415/2415 2414/2414/2414
f 2395/2395/2395 2415/2415/2415 2412/2412/2412
f 2395/2395/2395 2410/2410/2410 2415/2415/2415
f 2388/2388/2388 2415/2415/2415 2410/2410/2410
f 2388/2388/2388 2390/2390/2390 2415/2415/2415
f 2385/2385/2385 2419/2419/2419 2413/2413/2413
f 2385/2385/2385 2383/2383/2383 2419/2419/2419
f 2419/2419/2419 2380/2380/2380 2401/2401/2401
f 2419/2419/2419 2383/2383/2383 2380/2380/2380
f 2397/2397/2397 2421/2421/2421 2401/2401/2401
f 2397/2397/2397 2428/2428/2428 2421/2421/2421
f 2399/2399/2399 2428/2428/2428 2397/2397/2397
f 2399/2399/2399 2429/2429/2429 2428/2428/2428
f 2430/2430/2430 2429/2429/2429 2399/2399/2399
f 2430/2430/2430 2431/2431/2431 2429/2429/2429
f 2427/2427/2427 2392/2392/2392 2412/2412/2412
f 2427/2427/2427 2432/2432/2432 2392/2392/2392
f 2433/2433/2433 2432/2432/2432 2427/2427/2427
f 2433/2433/2433 2434/2434/2434 2432/2432/2432
f 2432/2432/2432 2393/2393/2393 2392/2392/2392
f 2432/2432/2432 2435/2435/2435 2393/2393/2393
f 2434/2434/2434 2435/2435/2435 2432/2432/2432
f 2436/2436/2436 2435/2435/2435 2437/2437/2437
f 2436/2436/2436 2393/2393/2393 2435/2435/2435
f 2438/2438/2438 2428/2428/2428 2429/2429/2429
f 2438/2438/2438 2439/2439/2439 2428/2428/2428
f 2439/2439/2439 2421/2421/2421 2428/2428/2428
f 2439/2439/2439 2423/2423/2423 2421/2421/2421
f 2414/2414/2414 2433/2433/2433 2427/2427/2427
f 2414/2414/2414 2426/2426/2426 2433/2433/2433
f 2440/2440/2440 2441/2441/2441 2442/2442/2442
f 2443/2443/2443 2444/2444/2444 2445/2445/2445
f 2420/2420/2420 2421/2421/2421 2423/2423/2423
f 2403/2403/2403 2446/2446/2446 2404/2404/2404
f 2403/2403/2403 2447/2447/2447 2446/2446/2446
f 2448/2448/2448 2447/2447/2447 2403/2403/2403
f 2448/2448/2448 2449/2449/2449 2447/2447/2447
f 2450/2450/2450 2449/2449/2449 2448/2448/2448
f 2450/2450/2450 2451/2451/2451 2449/2449/2449
f 2391/2391/2391 2451/2451/2451 2450/2450/2450
f 2391/2391/2391 2393/2393/2393 2451/2451/2451
f 2436/2436/2436 2451/2451/2451 2393/2393/2393
f 2436/2436/2436 2449/2449/2449 2451/2451/2451
f 2452/2452/2452 2449/2449/2449 2436/2436/2436
f 2452/2452/2452 2447/2447/2447 2449/2449/2449
f 2453/2453/2453 2447/2447/2447 2452/2452/2452
f 2453/2453/2453 2446/2446/2446 2447/2447/2447
f 2454/2454/2454 2446/2446/2446 2453/2453/2453
f 2455/2455/2455 2399/2399/2399 2398/2398/2398
f 2455/2455/2455 2430/2430/2430 2399/2399/2399
f 2456/2456/2456 2430/2430/2430 2455/2455/2455
f 2456/2456/2456 2457/2457/2457 2430/2430/2430
f 2458/2458/2458 2457/2457/2457 2456/2456/2456
f 2458/2458/2458 2459/2459/2459 2457/2457/2457
f 2442/2442/2442 2459/2459/2459 2458/2458/2458
f 2458/2458/2458 2407/2407/2407 2442/2442/2442
f 2458/2458/2458 2460/2460/2460 2407/2407/2407
f 2456/2456/2456 2460/2460/2460 2458/2458/2458
f 2456/2456/2456 2461/2461/2461 2460/2460/2460
f 2455/2455/2455 2461/2461/2461 2456/2456/2456
f 2455/2455/2455 2398/2398/2398 2461/2461/2461
f 2462/2462/2462 2463/2463/2463 2464/2464/2464
f 2462/2462/2462 2465/2465/2465 2463/2463/2463
f 2466/2466/2466 2465/2465/2465 2462/2462/2462
f 2466/2466/2466 2467/2467/2467 2465/2465/2465
f 2442/2442/2442 2468/2468/2468 2440/2440/2440
f 2442/2442/2442 2409/2409/2409 2468/2468/2468
f 2407/2407/2407 2409/2409/2409 2442/2442/2442
f 2469/2469/2469 2446/2446/2446 2470/2470/2470
f 2469/2469/2469 2404/2404/2404 2446/2446/2446
f 2471/2471/2471 2404/2404/2404 2469/2469/2469
f 2469/2469/2469 2464/2464/2464 2471/2471/2471
f 2469/2469/2469 2462/2462/2462 2464/2464/2464
f 2472/2472/2472 2442/2442/2442 2441/2441/2441
f 2472/2472/2472 2459/2459/2459 2442/2442/2442
f 2473/2473/2473 2468/2468/2468 2409/2409/2409
f 2473/2473/2473 2474/2474/2474 2468/2468/2468
f 2474/2474/2474 2467/2467/2467 2468/2468/2468
f 2474/2474/2474 2475/2475/2475 2467/2467/2467
f 2445/2445/2445 2444/2444/2444 2476/2476/2476
f 2475/2475/2475 2465/2465/2465 2467/2467/2467
f 2369/2369/2369 2477/2477/2477 2309/2309/2309
f 2369/2369/2369 2478/2478/2478 2477/2477/2477
f 2297/2297/2297 2478/2478/2478 2369/2369/2369
f 2297/2297/2297 2402/2402/2402 2478/2478/2478
f 2299/2299/2299 2402/2402/2402 2297/2297/2297
f 2299/2299/2299 2405/2405/2405 2402/2402/2402
f 2301/2301/2301 2405/2405/2405 2299/2299/2299
f 2301/2301/2301 2479/2479/2479 2405/2405/2405
f 2303/2303/2303 2479/2479/2479 2301/2301/2301
f 2303/2303/2303 2480/2480/2480 2479/2479/2479
f 2289/2289/2289 2480/2480/2480 2303/2303/2303
f 2289/2289/2289 2288/2288/2288 2480/2480/2480
f 2471/2471/2471 2402/2402/2402 2404/2404/2404
f 2471/2471/2471 2478/2478/2478 2402/2402/2402
f 2464/2464/2464 2478/2478/2478 2471/2471/2471
f 2464/2464/2464 2481/2481/2481 2478/2478/2478
f 2463/2463/2463 2481/2481/2481 2464/2464/2464
f 2463/2463/2463 2482/2482/2482 2481/2481/2481
f 2483/2483/2483 2482/2482/2482 2463/2463/2463
f 2460/2460/2460 2408/2408/2408 2407/2407/2407
f 2460/2460/2460 2484/2484/2484 2408/2408/2408
f 2461/2461/2461 2484/2484/2484 2460/2460/2460
f 2461/2461/2461 2485/2485/2485 2484/2484/2484
f 2398/2398/2398 2485/2485/2485 2461/2461/2461
f 2398/2398/2398 2381/2381/2381 2485/2485/2485
f 2341/2341/2341 2310/2310/2310 2325/2325/2325
f 2341/2341/2341 2308/2308/2308 2310/2310/2310
f 2405/2405/2405 2448/2448/2448 2403/2403/2403
f 2405/2405/2405 2479/2479/2479 2448/2448/2448
f 2391/2391/2391 2480/2480/2480 2288/2288/2288
f 2391/2391/2391 2450/2450/2450 2480/2480/2480
f 2479/2479/2479 2450/2450/2450 2448/2448/2448
f 2479/2479/2479 2480/2480/2480 2450/2450/2450
f 2406/2406/2406 2473/2473/2473 2409/2409/2409
f 2406/2406/2406 2486/2486/2486 2473/2473/2473
f 2486/2486/2486 2474/2474/2474 2473/2473/2473
f 2486/2486/2486 2487/2487/2487 2474/2474/2474
f 2487/2487/2487 2475/2475/2475 2474/2474/2474
f 2487/2487/2487 2488/2488/2488 2475/2475/2475
f 2465/2465/2465 2483/2483/2483 2463/2463/2463
f 2465/2465/2465 2475/2475/2475 2483/2483/2483
f 2369/2369/2369 2298/2298/2298 2297/2297/2297
f 2488/2488/2488 2483/2483/2483 2475/2475/2475
f 2489/2489/2489 2490/2490/2490 2491/2491/2491
f 2489/2489/2489 2492/2492/2492 2490/2490/2490
f 2493/2493/2493 2492/2492/2492 2489/2489/2489
f 2493/2493/2493 2494/2494/2494 2492/2492/2492
f 2495/2495/2495 2494/2494/2494 2493/2493/2493
f 2495/2495/2495 2496/2496/2496 2494/2494/2494
f 2497/2497/2497 2496/2496/2496 2495/2495/2495
f 2497/2497/2497 2498/2498/2498 2496/2496/2496
f 2499/2499/2499 2498/2498/2498 2497/2497/2497
f 2499/2499/2499 2500/2500/2500 2498/2498/2498
f 2501/2501/2501 2500/2500/2500 2499/2499/2499
f 2501/2501/2501 2502/2502/2502 2500/2500/2500
f 2291/2291/2291 2396/2396/2396 2290/2290/2290
f 2291/2291/2291 2503/2503/2503 2396/2396/2396
f 2323/2323/2323 2503/2503/2503 2291/2291/2291
f 2323/2323/2323 2504/2504/2504 2503/2503/2503
f 2505/2505/2505 2504/2504/2504 2323/2323/2323
f 2505/2505/2505 2506/2506/2506 2504/2504/2504
f 2339/2339/2339 2506/2506/2506 2505/2505/2505
f 2339/2339/2339 2507/2507/2507 2506/2506/2506
f 2508/2508/2508 2507/2507/2507 2339/2339/2339
f 2508/2508/2508 2509/2509/2509 2507/2507/2507
f 2510/2510/2510 2509/2509/2509 2508/2508/2508
f 2511/2511/2511 2509/2509/2509 2512/2512/2512
f 2511/2511/2511 2513/2513/2513 2509/2509/2509
f 2514/2514/2514 2513/2513/2513 2511/2511/2511
f 2514/2514/2514 2515/2515/2515 2513/2513/2513
f 2516/2516/2516 2515/2515/2515 2514/2514/2514
f 2516/2516/2516 2517/2517/2517 2515/2515/2515
f 2518/2518/2518 2517/2517/2517 2516/2516/2516
f 2518/2518/2518 2519/2519/2519 2517/2517/2517
f 2411/2411/2411 2519/2519/2519 2518/2518/2518
f 2411/2411/2411 2396/2396/2396 2519/2519/2519
f 2520/2520/2520 2521/2521/2521 2522/2522/2522
f 2520/2520/2520 2523/2523/2523 2521/2521/2521
f 2491/2491/2491 2523/2523/2523 2520/2520/2520
f 2491/2491/2491 2524/2524/2524 2523/2523/2523
f 2490/2490/2490 2524/2524/2524 2491/2491/2491
f 2490/2490/2490 2486/2486/2486 2524/2524/2524
f 2487/2487/2487 2486/2486/2486 2490/2490/2490
f 2314/2314/2314 2498/2498/2498 2326/2326/2326
f 2314/2314/2314 2496/2496/2496 2498/2498/2498
f 2313/2313/2313 2496/2496/2496 2314/2314/2314
f 2313/2313/2313 2525/2525/2525 2496/2496/2496
f 2311/2311/2311 2525/2525/2525 2313/2313/2313
f 2311/2311/2311 2526/2526/2526 2525/2525/2525
f 2307/2307/2307 2526/2526/2526 2311/2311/2311
f 2492/2492/2492 2487/2487/2487 2490/2490/2490
f 2492/2492/2492 2488/2488/2488 2487/2487/2487
f 2494/2494/2494 2488/2488/2488 2492/2492/2492
f 2494/2494/2494 2527/2527/2527 2488/2488/2488
f 2528/2528/2528 2527/2527/2527 2494/2494/2494
f 2528/2528/2528 2525/2525/2525 2527/2527/2527
f 2496/2496/2496 2525/2525/2525 2528/2528/2528
f 2337/2337/2337 2508/2508/2508 2339/2339/2339
f 2337/2337/2337 2529/2529/2529 2508/2508/2508
f 2338/2338/2338 2529/2529/2529 2337/2337/2337
f 2338/2338/2338 2530/2530/2530 2529/2529/2529
f 2531/2531/2531 2530/2530/2530 2338/2338/2338
f 2531/2531/2531 2532/2532/2532 2530/2530/2530
f 2533/2533/2533 2532/2532/2532 2531/2531/2531
f 2534/2534/2534 2408/2408/2408 2484/2484/2484
f 2534/2534/2534 2535/2535/2535 2408/2408/2408
f 2536/2536/2536 2535/2535/2535 2534/2534/2534
f 2536/2536/2536 2537/2537/2537 2535/2535/2535
f 2538/2538/2538 2537/2537/2537 2536/2536/2536
f 2538/2538/2538 2539/2539/2539 2537/2537/2537
f 2540/2540/2540 2511/2511/2511 2512/2512/2512
f 2540/2540/2540 2514/2514/2514 2511/2511/2511
f 2541/2541/2541 2514/2514/2514 2540/2540/2540
f 2541/2541/2541 2516/2516/2516 2514/2514/2514
f 2382/2382/2382 2516/2516/2516 2541/2541/2541
f 2382/2382/2382 2384/2384/2384 2516/2516/2516
f 2477/2477/2477 2307/2307/2307 2309/2309/2309
f 2477/2477/2477 2526/2526/2526 2307/2307/2307
f 2481/2481/2481 2526/2526/2526 2477/2477/2477
f 2481/2481/2481 2482/2482/2482 2526/2526/2526
f 2542/2542/2542 2537/2537/2537 2543/2543/2543
f 2542/2542/2542 2535/2535/2535 2537/2537/2537
f 2406/2406/2406 2535/2535/2535 2542/2542/2542
f 2406/2406/2406 2408/2408/2408 2535/2535/2535
f 2527/2527/2527 2483/2483/2483 2488/2488/2488
f 2527/2527/2527 2482/2482/2482 2483/2483/2483
f 2525/2525/2525 2482/2482/2482 2527/2527/2527
f 2525/2525/2525 2526/2526/2526 2482/2482/2482
f 2543/2543/2543 2523/2523/2523 2524/2524/2524
f 2543/2543/2543 2539/2539/2539 2523/2523/2523
f 2537/2537/2537 2539/2539/2539 2543/2543/2543
f 2326/2326/2326 2544/2544/2544 2340/2340/2340
f 2326/2326/2326 2500/2500/2500 2544/2544/2544
f 2498/2498/2498 2500/2500/2500 2326/2326/2326
f 2529/2529/2529 2510/2510/2510 2508/2508/2508
f 2529/2529/2529 2532/2532/2532 2510/2510/2510
f 2530/2530/2530 2532/2532/2532 2529/2529/2529
f 2531/2531/2531 2545/2545/2545 2533/2533/2533
f 2531/2531/2531 2546/2546/2546 2545/2545/2545
f 2379/2379/2379 2546/2546/2546 2531/2531/2531
f 2518/2518/2518 2386/2386/2386 2411/2411/2411
f 2518/2518/2518 2384/2384/2384 2386/2386/2386
f 2516/2516/2516 2384/2384/2384 2518/2518/2518
f 2517/2517/2517 2513/2513/2513 2515/2515/2515
f 2517/2517/2517 2507/2507/2507 2513/2513/2513
f 2506/2506/2506 2507/2507/2507 2517/2517/2517
f 2547/2547/2547 2519/2519/2519 2504/2504/2504
f 2547/2547/2547 2517/2517/2517 2519/2519/2519
f 2506/2506/2506 2517/2517/2517 2547/2547/2547
f 2292/2292/2292 2381/2381/2381 2293/2293/2293
f 2292/2292/2292 2548/2548/2548 2381/2381/2381
f 2548/2548/2548 2485/2485/2485 2381/2381/2381
f 2548/2548/2548 2549/2549/2549 2485/2485/2485
f 2549/2549/2549 2484/2484/2484 2485/2485/2485
f 2549/2549/2549 2534/2534/2534 2484/2484/2484
f 2486/2486/2486 2542/2542/2542 2524/2524/2524
f 2486/2486/2486 2406/2406/2406 2542/2542/2542
f 2324/2324/2324 2505/2505/2505 2323/2323/2323
f 2324/2324/2324 2339/2339/2339 2505/2505/2505
f 2366/2366/2366 2531/2531/2531 2338/2338/2338
f 2366/2366/2366 2379/2379/2379 2531/2531/2531
f 2294/2294/2294 2541/2541/2541 2540/2540/2540
f 2294/2294/2294 2293/2293/2293 2541/2541/2541
f 2503/2503/2503 2519/2519/2519 2396/2396/2396
f 2503/2503/2503 2504/2504/2504 2519/2519/2519
f 2550/2550/2550 2551/2551/2551 2552/2552/2552
f 2500/2500/2500 2502/2502/2502 2544/2544/2544
f 2477/2477/2477 2478/2478/2478 2481/2481/2481
f 2501/2501/2501 2499/2499/2499 2553/2553/2553
f 2528/2528/2528 2494/2494/2494 2496/2496/2496
f 2382/2382/2382 2541/2541/2541 2293/2293/2293
f 2509/2509/2509 2513/2513/2513 2507/2507/2507
f 2506/2506/2506 2547/2547/2547 2504/2504/2504
f 2512/2512/2512 2554/2554/2554 2540/2540/2540
f 2512/2512/2512 2555/2555/2555 2554/2554/2554
f 2556/2556/2556 2555/2555/2555 2512/2512/2512
f 2556/2556/2556 2557/2557/2557 2555/2555/2555
f 2532/2532/2532 2557/2557/2557 2556/2556/2556
f 2532/2532/2532 2533/2533/2533 2557/2557/2557
f 2520/2520/2520 2489/2489/2489 2491/2491/2491
f 2520/2520/2520 2558/2558/2558 2489/2489/2489
f 2522/2522/2522 2558/2558/2558 2520/2520/2520
f 2522/2522/2522 2559/2559/2559 2558/2558/2558
f 2553/2553/2553 2559/2559/2559 2522/2522/2522
f 2553/2553/2553 2499/2499/2499 2559/2559/2559
f 2555/2555/2555 2560/2560/2560 2554/2554/2554
f 2555/2555/2555 2561/2561/2561 2560/2560/2560
f 2557/2557/2557 2561/2561/2561 2555/2555/2555
f 2557/2557/2557 2562/2562/2562 2561/2561/2561
f 2563/2563/2563 2562/2562/2562 2557/2557/2557
f 2564/2564/2564 2560/2560/2560 2565/2565/2565
f 2564/2564/2564 2554/2554/2554 2560/2560/2560
f 2294/2294/2294 2554/2554/2554 2564/2564/2564
f 2294/2294/2294 2540/2540/2540 2554/2554/2554
f 2558/2558/2558 2493/2493/2493 2489/2489/2489
f 2558/2558/2558 2566/2566/2566 2493/2493/2493
f 2559/2559/2559 2566/2566/2566 2558/2558/2558
f 2559/2559/2559 2499/2499/2499 2566/2566/2566
f 2551/2551/2551 2567/2567/2567 2552/2552/2552
f 2551/2551/2551 2553/2553/2553 2567/2567/2567
f 2550/2550/2550 2553/2553/2553 2551/2551/2551
f 2533/2533/2533 2563/2563/2563 2557/2557/2557
f 2533/2533/2533 2568/2568/2568 2563/2563/2563
f 2545/2545/2545 2568/2568/2568 2533/2533/2533
f 2556/2556/2556 2510/2510/2510 2532/2532/2532
f 2556/2556/2556 2509/2509/2509 2510/2510/2510
f 2512/2512/2512 2509/2509/2509 2556/2556/2556
f 2566/2566/2566 2495/2495/2495 2493/2493/2493
f 2566/2566/2566 2497/2497/2497 2495/2495/2495
f 2499/2499/2499 2497/2497/2497 2566/2566/2566
f 2569/2569/2569 2523/2523/2523 2539/2539/2539
f 2569/2569/2569 2521/2521/2521 2523/2523/2523
f 2567/2567/2567 2522/2522/2522 2521/2521/2521
f 2567/2567/2567 2553/2553/2553 2522/2522/2522
f 2570/2570/2570 2568/2568/2568 2571/2571/2571
f 2570/2570/2570 2563/2563/2563 2568/2568/2568
f 2524/2524/2524 2542/2542/2542 2543/2543/2543
f 2570/2570/2570 2562/2562/2562 2563/2563/2563
f 2570/2570/2570 2572/2572/2572 2562/2562/2562
f 2573/2573/2573 2572/2572/2572 2570/2570/2570
f 2573/2573/2573 2574/2574/2574 2572/2572/2572
f 2575/2575/2575 2574/2574/2574 2573/2573/2573
f 2575/2575/2575 2576/2576/2576 2574/2574/2574
f 2577/2577/2577 2576/2576/2576 2575/2575/2575
f 2577/2577/2577 2578/2578/2578 2576/2576/2576
f 2575/2575/2575 2579/2579/2579 2577/2577/2577
f 2575/2575/2575 2580/2580/2580 2579/2579/2579
f 2581/2581/2581 2580/2580/2580 2575/2575/2575
f 2581/2581/2581 2582/2582/2582 2580/2580/2580
f 2583/2583/2583 2582/2582/2582 2581/2581/2581
f 2584/2584/2584 2521/2521/2521 2569/2569/2569
f 2584/2584/2584 2585/2585/2585 2521/2521/2521
f 2586/2586/2586 2585/2585/2585 2584/2584/2584
f 2586/2586/2586 2587/2587/2587 2585/2585/2585
f 2572/2572/2572 2561/2561/2561 2562/2562/2562
f 2572/2572/2572 2588/2588/2588 2561/2561/2561
f 2574/2574/2574 2588/2588/2588 2572/2572/2572
f 2574/2574/2574 2576/2576/2576 2588/2588/2588
f 2588/2588/2588 2560/2560/2560 2561/2561/2561
f 2588/2588/2588 2589/2589/2589 2560/2560/2560
f 2576/2576/2576 2589/2589/2589 2588/2588/2588
f 2576/2576/2576 2578/2578/2578 2589/2589/2589
f 2565/2565/2565 2590/2590/2590 2564/2564/2564
f 2565/2565/2565 2591/2591/2591 2590/2590/2590
f 2578/2578/2578 2591/2591/2591 2565/2565/2565
f 2585/2585/2585 2567/2567/2567 2521/2521/2521
f 2585/2585/2585 2552/2552/2552 2567/2567/2567
f 2592/2592/2592 2552/2552/2552 2585/2585/2585
f 2593/2593/2593 2594/2594/2594 2592/2592/2592
f 2593/2593/2593 2595/2595/2595 2594/2594/2594
f 2596/2596/2596 2595/2595/2595 2593/2593/2593
f 2573/2573/2573 2581/2581/2581 2575/2575/2575
f 2573/2573/2573 2583/2583/2583 2581/2581/2581
f 2597/2597/2597 2583/2583/2583 2573/2573/2573
f 2582/2582/2582 2598/2598/2598 2580/2580/2580
f 2582/2582/2582 2599/2599/2599 2598/2598/2598
f 2600/2600/2600 2599/2599/2599 2582/2582/2582
f 2601/2601/2601 2539/2539/2539 2538/2538/2538
f 2601/2601/2601 2602/2602/2602 2539/2539/2539
f 2602/2602/2602 2569/2569/2569 2539/2539/2539
f 2602/2602/2602 2584/2584/2584 2569/2569/2569
f 2587/2587/2587 2592/2592/2592 2585/2585/2585
f 2587/2587/2587 2593/2593/2593 2592/2592/2592
f 2565/2565/2565 2589/2589/2589 2578/2578/2578
f 2565/2565/2565 2560/2560/2560 2589/2589/2589
f 2573/2573/2573 2571/2571/2571 2597/2597/2597
f 2573/2573/2573 2570/2570/2570 2571/2571/2571
f 2603/2603/2603 2600/2600/2600 2582/2582/2582
f 2604/2604/2604 2292/2292/2292 2590/2590/2590
f 2604/2604/2604 2548/2548/2548 2292/2292/2292
f 2605/2605/2605 2548/2548/2548 2604/2604/2604
f 2605/2605/2605 2549/2549/2549 2548/2548/2548
f 2606/2606/2606 2549/2549/2549 2605/2605/2605
f 2606/2606/2606 2534/2534/2534 2549/2549/2549
f 2538/2538/2538 2607/2607/2607 2601/2601/2601
f 2538/2538/2538 2606/2606/2606 2607/2607/2607
f 2536/2536/2536 2606/2606/2606 2538/2538/2538
f 2536/2536/2536 2534/2534/2534 2606/2606/2606
f 2564/2564/2564 2292/2292/2292 2294/2294/2294
f 2564/2564/2564 2590/2590/2590 2292/2292/2292
f 2608/2608/2608 2609/2609/2609 2610/2610/2610
f 2608/2608/2608 2611/2611/2611 2609/2609/2609
f 2612/2612/2612 2611/2611/2611 2608/2608/2608
f 2612/2612/2612 2613/2613/2613 2611/2611/2611
f 2614/2614/2614 2613/2613/2613 2612/2612/2612
f 2614/2614/2614 2615/2615/2615 2613/2613/2613
f 2616/2616/2616 2615/2615/2615 2614/2614/2614
f 2616/2616/2616 2617/2617/2617 2615/2615/2615
f 2618/2618/2618 2617/2617/2617 2616/2616/2616
f 2618/2618/2618 2619/2619/2619 2617/2617/2617
f 2620/2620/2620 2619/2619/2619 2618/2618/2618
f 2620/2620/2620 2621/2621/2621 2619/2619/2619
f 2622/2622/2622 2621/2621/2621 2620/2620/2620
f 2622/2622/2622 2623/2623/2623 2621/2621/2621
f 2624/2624/2624 2623/2623/2623 2622/2622/2622
f 2625/2625/2625 2621/2621/2621 2623/2623/2623
f 2625/2625/2625 2619/2619/2619 2621/2621/2621
f 2626/2626/2626 2619/2619/2619 2625/2625/2625
f 2626/2626/2626 2617/2617/2617 2619/2619/2619
f 2627/2627/2627 2617/2617/2617 2626/2626/2626
f 2627/2627/2627 2615/2615/2615 2617/2617/2617
f 2628/2628/2628 2615/2615/2615 2627/2627/2627
f 2628/2628/2628 2613/2613/2613 2615/2615/2615
f 2629/2629/2629 2613/2613/2613 2628/2628/2628
f 2630/2630/2630 2622/2622/2622 2620/2620/2620
f 2630/2630/2630 2631/2631/2631 2622/2622/2622
f 2632/2632/2632 2631/2631/2631 2630/2630/2630
f 2632/2632/2632 2633/2633/2633 2631/2631/2631
f 2634/2634/2634 2633/2633/2633 2632/2632/2632
f 2634/2634/2634 2635/2635/2635 2633/2633/2633
f 2636/2636/2636 2635/2635/2635 2634/2634/2634
f 2637/2637/2637 2638/2638/2638 2639/2639/2639
f 2637/2637/2637 2640/2640/2640 2638/2638/2638
f 2641/2641/2641 2640/2640/2640 2637/2637/2637
f 2641/2641/2641 2642/2642/2642 2640/2640/2640
f 2643/2643/2643 2642/2642/2642 2641/2641/2641
f 2644/2644/2644 2642/2642/2642 2645/2645/2645
f 2644/2644/2644 2640/2640/2640 2642/2642/2642
f 2646/2646/2646 2640/2640/2640 2644/2644/2644
f 2646/2646/2646 2638/2638/2638 2640/2640/2640
f 2647/2647/2647 2641/2641/2641 2637/2637/2637
f 2647/2647/2647 2648/2648/2648 2641/2641/2641
f 2649/2649/2649 2648/2648/2648 2647/2647/2647
f 2649/2649/2649 2650/2650/2650 2648/2648/2648
f 2651/2651/2651 2638/2638/2638 2646/2646/2646
f 2651/2651/2651 2652/2652/2652 2638/2638/2638
f 2653/2653/2653 2652/2652/2652 2651/2651/2651
f 2641/2641/2641 2654/2654/2654 2643/2643/2643
f 2641/2641/2641 2648/2648/2648 2654/2654/2654
f 2635/2635/2635 2631/2631/2631 2633/2633/2633
f 2635/2635/2635 2655/2655/2655 2631/2631/2631
f 2655/2655/2655 2622/2622/2622 2631/2631/2631
f 2655/2655/2655 2624/2624/2624 2622/2622/2622
f 2656/2656/2656 2634/2634/2634 2632/2632/2632
f 2656/2656/2656 2657/2657/2657 2634/2634/2634
f 2658/2658/2658 2634/2634/2634 2657/2657/2657
f 2658/2658/2658 2659/2659/2659 2634/2634/2634
f 2659/2659/2659 2636/2636/2636 2634/2634/2634
f 2659/2659/2659 2660/2660/2660 2636/2636/2636
f 2660/2660/2660 2661/2661/2661 2636/2636/2636
f 2660/2660/2660 2662/2662/2662 2661/2661/2661
f 2654/2654/2654 2648/2648/2648 2650/2650/2650
f 2661/2661/2661 2662/2662/2662 2663/2663/2663
f 2664/2664/2664 2665/2665/2665 2666/2666/2666
f 2664/2664/2664 2667/2667/2667 2665/2665/2665
f 2668/2668/2668 2667/2667/2667 2664/2664/2664
f 2668/2668/2668 2669/2669/2669 2667/2667/2667
f 2629/2629/2629 2669/2669/2669 2668/2668/2668
f 2629/2629/2629 2670/2670/2670 2669/2669/2669
f 2628/2628/2628 2670/2670/2670 2629/2629/2629
f 2628/2628/2628 2671/2671/2671 2670/2670/2670
f 2627/2627/2627 2671/2671/2671 2628/2628/2628
f 2627/2627/2627 2672/2672/2672 2671/2671/2671
f 2626/2626/2626 2672/2672/2672 2627/2627/2627
f 2626/2626/2626 2673/2673/2673 2672/2672/2672
f 2674/2674/2674 2673/2673/2673 2626/2626/2626
f 2624/2624/2624 2675/2675/2675 2676/2676/2676
f 2624/2624/2624 2677/2677/2677 2675/2675/2675
f 2678/2678/2678 2677/2677/2677 2624/2624/2624
f 2678/2678/2678 2679/2679/2679 2677/2677/2677
f 2680/2680/2680 2679/2679/2679 2678/2678/2678
f 2680/2680/2680 2681/2681/2681 2679/2679/2679
f 2682/2682/2682 2681/2681/2681 2680/2680/2680
f 2682/2682/2682 2683/2683/2683 2681/2681/2681
f 2684/2684/2684 2683/2683/2683 2682/2682/2682
f 2684/2684/2684 2207/2207/2207 2683/2683/2683
f 2209/2209/2209 2207/2207/2207 2684/2684/2684
f 2629/2629/2629 2611/2611/2611 2613/2613/2613
f 2629/2629/2629 2685/2685/2685 2611/2611/2611
f 2668/2668/2668 2685/2685/2685 2629/2629/2629
f 2668/2668/2668 2686/2686/2686 2685/2685/2685
f 2664/2664/2664 2686/2686/2686 2668/2668/2668
f 2664/2664/2664 2687/2687/2687 2686/2686/2686
f 2666/2666/2666 2687/2687/2687 2664/2664/2664
f 2666/2666/2666 2688/2688/2688 2687/2687/2687
f 2211/2211/2211 2688/2688/2688 2666/2666/2666
f 2211/2211/2211 2212/2212/2212 2688/2688/2688
f 2689/2689/2689 2690/2690/2690 2691/2691/2691
f 2689/2689/2689 2692/2692/2692 2690/2690/2690
f 2693/2693/2693 2692/2692/2692 2689/2689/2689
f 2693/2693/2693 2694/2694/2694 2692/2692/2692
f 2695/2695/2695 2694/2694/2694 2693/2693/2693
f 2695/2695/2695 2696/2696/2696 2694/2694/2694
f 2697/2697/2697 2696/2696/2696 2695/2695/2695
f 2697/2697/2697 2639/2639/2639 2696/2696/2696
f 2647/2647/2647 2639/2639/2639 2697/2697/2697
f 2610/2610/2610 2698/2698/2698 2608/2608/2608
f 2610/2610/2610 2699/2699/2699 2698/2698/2698
f 2700/2700/2700 2699/2699/2699 2610/2610/2610
f 2700/2700/2700 2690/2690/2690 2699/2699/2699
f 2701/2701/2701 2690/2690/2690 2700/2700/2700
f 2701/2701/2701 2691/2691/2691 2690/2690/2690
f 2688/2688/2688 2691/2691/2691 2701/2701/2701
f 2688/2688/2688 2212/2212/2212 2691/2691/2691
f 2213/2213/2213 2691/2691/2691 2212/2212/2212
f 2213/2213/2213 2689/2689/2689 2691/2691/2691
f 2214/2214/2214 2689/2689/2689 2213/2213/2213
f 2214/2214/2214 2693/2693/2693 2689/2689/2689
f 2240/2240/2240 2693/2693/2693 2214/2214/2214
f 2240/2240/2240 2218/2218/2218 2693/2693/2693
f 2677/2677/2677 2702/2702/2702 2675/2675/2675
f 2677/2677/2677 2703/2703/2703 2702/2702/2702
f 2679/2679/2679 2703/2703/2703 2677/2677/2677
f 2679/2679/2679 2200/2200/2200 2703/2703/2703
f 2239/2239/2239 2200/2200/2200 2679/2679/2679
f 2682/2682/2682 2661/2661/2661 2684/2684/2684
f 2682/2682/2682 2636/2636/2636 2661/2661/2661
f 2680/2680/2680 2636/2636/2636 2682/2682/2682
f 2680/2680/2680 2635/2635/2635 2636/2636/2636
f 2678/2678/2678 2635/2635/2635 2680/2680/2680
f 2697/2697/2697 2649/2649/2649 2647/2647/2647
f 2697/2697/2697 2704/2704/2704 2649/2649/2649
f 2695/2695/2695 2704/2704/2704 2697/2697/2697
f 2695/2695/2695 2219/2219/2219 2704/2704/2704
f 2218/2218/2218 2219/2219/2219 2695/2695/2695
f 2701/2701/2701 2687/2687/2687 2688/2688/2688
f 2701/2701/2701 2705/2705/2705 2687/2687/2687
f 2700/2700/2700 2705/2705/2705 2701/2701/2701
f 2700/2700/2700 2610/2610/2610 2705/2705/2705
f 2652/2652/2652 2694/2694/2694 2696/2696/2696
f 2652/2652/2652 2706/2706/2706 2694/2694/2694
f 2653/2653/2653 2706/2706/2706 2652/2652/2652
f 2653/2653/2653 2698/2698/2698 2706/2706/2706
f 2706/2706/2706 2692/2692/2692 2694/2694/2694
f 2706/2706/2706 2707/2707/2707 2692/2692/2692
f 2698/2698/2698 2707/2707/2707 2706/2706/2706
f 2698/2698/2698 2699/2699/2699 2707/2707/2707
f 2684/2684/2684 2708/2708/2708 2209/2209/2209
f 2684/2684/2684 2663/2663/2663 2708/2708/2708
f 2661/2661/2661 2663/2663/2663 2684/2684/2684
f 2205/2205/2205 2683/2683/2683 2207/2207/2207
f 2205/2205/2205 2681/2681/2681 2683/2683/2683
f 2679/2679/2679 2681/2681/2681 2205/2205/2205
f 2705/2705/2705 2686/2686/2686 2687/2687/2687
f 2705/2705/2705 2609/2609/2609 2686/2686/2686
f 2610/2610/2610 2609/2609/2609 2705/2705/2705
f 2625/2625/2625 2674/2674/2674 2626/2626/2626
f 2625/2625/2625 2623/2623/2623 2674/2674/2674
f 2623/2623/2623 2676/2676/2676 2674/2674/2674
f 2623/2623/2623 2624/2624/2624 2676/2676/2676
f 2655/2655/2655 2678/2678/2678 2624/2624/2624
f 2655/2655/2655 2635/2635/2635 2678/2678/2678
f 2199/2199/2199 2703/2703/2703 2200/2200/2200
f 2199/2199/2199 2702/2702/2702 2703/2703/2703
f 2685/2685/2685 2609/2609/2609 2611/2611/2611
f 2685/2685/2685 2686/2686/2686 2609/2609/2609
f 2638/2638/2638 2696/2696/2696 2639/2639/2639
f 2638/2638/2638 2652/2652/2652 2696/2696/2696
f 2699/2699/2699 2692/2692/2692 2707/2707/2707
f 2699/2699/2699 2690/2690/2690 2692/2692/2692
f 2205/2205/2205 2239/2239/2239 2679/2679/2679
f 2637/2637/2637 2639/2639/2639 2647/2647/2647
f 2695/2695/2695 2693/2693/2693 2218/2218/2218
f 2425/2425/2425 2709/2709/2709 2426/2426/2426
f 2425/2425/2425 2710/2710/2710 2709/2709/2709
f 2424/2424/2424 2710/2710/2710 2425/2425/2425
f 2424/2424/2424 2711/2711/2711 2710/2710/2710
f 2422/2422/2422 2711/2711/2711 2424/2424/2424
f 2422/2422/2422 2712/2712/2712 2711/2711/2711
f 2713/2713/2713 2712/2712/2712 2422/2422/2422
f 2713/2713/2713 2714/2714/2714 2712/2712/2712
f 2715/2715/2715 2714/2714/2714 2713/2713/2713
f 2715/2715/2715 2716/2716/2716 2714/2714/2714
f 2717/2717/2717 2716/2716/2716 2715/2715/2715
f 2717/2717/2717 2718/2718/2718 2716/2716/2716
f 2175/2175/2175 2718/2718/2718 2717/2717/2717
f 2175/2175/2175 2719/2719/2719 2718/2718/2718
f 2174/2174/2174 2719/2719/2719 2175/2175/2175
f 2174/2174/2174 2720/2720/2720 2719/2719/2719
f 2185/2185/2185 2720/2720/2720 2174/2174/2174
f 2185/2185/2185 2721/2721/2721 2720/2720/2720
f 2722/2722/2722 2721/2721/2721 2185/2185/2185
f 2722/2722/2722 2665/2665/2665 2721/2721/2721
f 2666/2666/2666 2665/2665/2665 2722/2722/2722
f 2718/2718/2718 2714/2714/2714 2716/2716/2716
f 2718/2718/2718 2723/2723/2723 2714/2714/2714
f 2719/2719/2719 2723/2723/2723 2718/2718/2718
f 2719/2719/2719 2724/2724/2724 2723/2723/2723
f 2720/2720/2720 2724/2724/2724 2719/2719/2719
f 2720/2720/2720 2725/2725/2725 2724/2724/2724
f 2721/2721/2721 2725/2725/2725 2720/2720/2720
f 2721/2721/2721 2726/2726/2726 2725/2725/2725
f 2665/2665/2665 2726/2726/2726 2721/2721/2721
f 2665/2665/2665 2667/2667/2667 2726/2726/2726
f 2727/2727/2727 2434/2434/2434 2433/2433/2433
f 2727/2727/2727 2728/2728/2728 2434/2434/2434
f 2729/2729/2729 2728/2728/2728 2727/2727/2727
f 2729/2729/2729 2730/2730/2730 2728/2728/2728
f 2731/2731/2731 2730/2730/2730 2729/2729/2729
f 2731/2731/2731 2732/2732/2732 2730/2730/2730
f 2733/2733/2733 2732/2732/2732 2731/2731/2731
f 2733/2733/2733 2734/2734/2734 2732/2732/2732
f 2710/2710/2710 2734/2734/2734 2733/2733/2733
f 2710/2710/2710 2711/2711/2711 2734/2734/2734
f 2730/2730/2730 2669/2669/2669 2728/2728/2728
f 2730/2730/2730 2735/2735/2735 2669/2669/2669
f 2732/2732/2732 2735/2735/2735 2730/2730/2730
f 2732/2732/2732 2736/2736/2736 2735/2735/2735
f 2737/2737/2737 2736/2736/2736 2732/2732/2732
f 2737/2737/2737 2725/2725/2725 2736/2736/2736
f 2724/2724/2724 2725/2725/2725 2737/2737/2737
f 2673/2673/2673 2437/2437/2437 2672/2672/2672
f 2673/2673/2673 2738/2738/2738 2437/2437/2437
f 2674/2674/2674 2738/2738/2738 2673/2673/2673
f 2674/2674/2674 2739/2739/2739 2738/2738/2738
f 2676/2676/2676 2739/2739/2739 2674/2674/2674
f 2676/2676/2676 2740/2740/2740 2739/2739/2739
f 2459/2459/2459 2741/2741/2741 2457/2457/2457
f 2459/2459/2459 2742/2742/2742 2741/2741/2741
f 2472/2472/2472 2742/2742/2742 2459/2459/2459
f 2472/2472/2472 2743/2743/2743 2742/2742/2742
f 2441/2441/2441 2743/2743/2743 2472/2472/2472
f 2441/2441/2441 2744/2744/2744 2743/2743/2743
f 2745/2745/2745 2445/2445/2445 2476/2476/2476
f 2745/2745/2745 2746/2746/2746 2445/2445/2445
f 2747/2747/2747 2746/2746/2746 2745/2745/2745
f 2747/2747/2747 2748/2748/2748 2746/2746/2746
f 2431/2431/2431 2220/2220/2220 2222/2222/2222
f 2431/2431/2431 2741/2741/2741 2220/2220/2220
f 2430/2430/2430 2741/2741/2741 2431/2431/2431
f 2430/2430/2430 2457/2457/2457 2741/2741/2741
f 2737/2737/2737 2723/2723/2723 2724/2724/2724
f 2737/2737/2737 2749/2749/2749 2723/2723/2723
f 2732/2732/2732 2749/2749/2749 2737/2737/2737
f 2732/2732/2732 2734/2734/2734 2749/2749/2749
f 2726/2726/2726 2736/2736/2736 2725/2725/2725
f 2726/2726/2726 2735/2735/2735 2736/2736/2736
f 2667/2667/2667 2735/2735/2735 2726/2726/2726
f 2667/2667/2667 2669/2669/2669 2735/2735/2735
f 2734/2734/2734 2723/2723/2723 2749/2749/2749
f 2734/2734/2734 2750/2750/2750 2723/2723/2723
f 2711/2711/2711 2750/2750/2750 2734/2734/2734
f 2711/2711/2711 2712/2712/2712 2750/2750/2750
f 2751/2751/2751 2672/2672/2672 2437/2437/2437
f 2751/2751/2751 2671/2671/2671 2672/2672/2672
f 2670/2670/2670 2671/2671/2671 2751/2751/2751
f 2752/2752/2752 2753/2753/2753 2754/2754/2754
f 2752/2752/2752 2748/2748/2748 2753/2753/2753
f 2746/2746/2746 2748/2748/2748 2752/2752/2752
f 2755/2755/2755 2431/2431/2431 2222/2222/2222
f 2755/2755/2755 2429/2429/2429 2431/2431/2431
f 2438/2438/2438 2429/2429/2429 2755/2755/2755
f 2717/2717/2717 2226/2226/2226 2175/2175/2175
f 2717/2717/2717 2755/2755/2755 2226/2226/2226
f 2438/2438/2438 2755/2755/2755 2717/2717/2717
f 2715/2715/2715 2438/2438/2438 2717/2717/2717
f 2715/2715/2715 2439/2439/2439 2438/2438/2438
f 2713/2713/2713 2439/2439/2439 2715/2715/2715
f 2727/2727/2727 2731/2731/2731 2729/2729/2729
f 2727/2727/2727 2709/2709/2709 2731/2731/2731
f 2426/2426/2426 2709/2709/2709 2727/2727/2727
f 2728/2728/2728 2751/2751/2751 2434/2434/2434
f 2728/2728/2728 2670/2670/2670 2751/2751/2751
f 2669/2669/2669 2670/2670/2670 2728/2728/2728
f 2423/2423/2423 2713/2713/2713 2422/2422/2422
f 2423/2423/2423 2439/2439/2439 2713/2713/2713
f 2197/2197/2197 2744/2744/2744 2756/2756/2756
f 2197/2197/2197 2195/2195/2195 2744/2744/2744
f 2186/2186/2186 2722/2722/2722 2185/2185/2185
f 2186/2186/2186 2211/2211/2211 2722/2722/2722
f 2741/2741/2741 2193/2193/2193 2220/2220/2220
f 2741/2741/2741 2742/2742/2742 2193/2193/2193
f 2742/2742/2742 2191/2191/2191 2193/2193/2193
f 2742/2742/2742 2743/2743/2743 2191/2191/2191
f 2743/2743/2743 2195/2195/2195 2191/2191/2191
f 2743/2743/2743 2744/2744/2744 2195/2195/2195
f 2230/2230/2230 2755/2755/2755 2222/2222/2222
f 2230/2230/2230 2226/2226/2226 2755/2755/2755
f 2731/2731/2731 2710/2710/2710 2733/2733/2733
f 2731/2731/2731 2709/2709/2709 2710/2710/2710
f 2454/2454/2454 2739/2739/2739 2740/2740/2740
f 2454/2454/2454 2453/2453/2453 2739/2739/2739
f 2453/2453/2453 2738/2738/2738 2739/2739/2739
f 2453/2453/2453 2452/2452/2452 2738/2738/2738
f 2436/2436/2436 2738/2738/2738 2452/2452/2452
f 2436/2436/2436 2437/2437/2437 2738/2738/2738
f 2435/2435/2435 2751/2751/2751 2437/2437/2437
f 2435/2435/2435 2434/2434/2434 2751/2751/2751
f 2199/2199/2199 2756/2756/2756 2757/2757/2757
f 2199/2199/2199 2197/2197/2197 2756/2756/2756
f 2714/2714/2714 2750/2750/2750 2712/2712/2712
f 2714/2714/2714 2723/2723/2723 2750/2750/2750
f 2747/2747/2747 2745/2745/2745 2758/2758/2758
f 2211/2211/2211 2666/2666/2666 2722/2722/2722
f 2433/2433/2433 2426/2426/2426 2727/2727/2727
f 2759/2759/2759 2469/2469/2469 2470/2470/2470
f 2759/2759/2759 2462/2462/2462 2469/2469/2469
f 2760/2760/2760 2462/2462/2462 2759/2759/2759
f 2760/2760/2760 2466/2466/2466 2462/2462/2462
f 2467/2467/2467 2466/2466/2466 2760/2760/2760
f 2761/2761/2761 2762/2762/2762 2763/2763/2763
f 2761/2761/2761 2764/2764/2764 2762/2762/2762
f 2443/2443/2443 2764/2764/2764 2761/2761/2761
f 2443/2443/2443 2445/2445/2445 2764/2764/2764
f 2765/2765/2765 2766/2766/2766 2757/2757/2757
f 2765/2765/2765 2767/2767/2767 2766/2766/2766
f 2440/2440/2440 2767/2767/2767 2765/2765/2765
f 2440/2440/2440 2468/2468/2468 2767/2767/2767
f 2764/2764/2764 2754/2754/2754 2762/2762/2762
f 2764/2764/2764 2752/2752/2752 2754/2754/2754
f 2746/2746/2746 2752/2752/2752 2764/2764/2764
f 2767/2767/2767 2760/2760/2760 2766/2766/2766
f 2767/2767/2767 2467/2467/2467 2760/2760/2760
f 2468/2468/2468 2467/2467/2467 2767/2767/2767
f 2756/2756/2756 2765/2765/2765 2757/2757/2757
f 2756/2756/2756 2744/2744/2744 2765/2765/2765
f 2765/2765/2765 2441/2441/2441 2440/2440/2440
f 2765/2765/2765 2744/2744/2744 2441/2441/2441
f 2746/2746/2746 2764/2764/2764 2445/2445/2445

v 1.907156 15.063803 -1.032924
v 2.173978 14.995096 -1.100068
v 1.845393 14.709932 -0.924293
v 2.420372 15.265272 -1.161067
v 2.034715 15.404292 -1.008918
v 2.635481 15.590164 -1.151678
v 2.090150 15.755050 -1.082945
v 2.801555 15.877193 -1.176716
v 2.117771 16.007826 -1.074327
v 2.842295 16.198437 -1.109400
v 2.142518 16.269770 -0.943602
v 2.930424 16.429804 -0.943664
v 2.191079 16.466358 -0.737976
v 3.016458 16.624525 -0.590125
v 2.210685 16.530567 -0.549868
v 3.082014 16.689091 0.052450
v 2.197226 16.608803 -0.094438
v -2.899593 16.378422 0.644483
v -2.197226 16.608803 -0.094438
v -3.082015 16.689091 0.052450
v -2.098663 16.437244 0.346774
v -2.691403 16.134716 0.859202
v -2.020458 16.177259 0.616075
v -2.450234 15.817618 0.943390
v -1.969695 15.908666 0.774589
v -2.234618 15.575041 0.941509
v -1.897576 15.616483 0.848370
v -1.937971 15.328282 0.943409
v 2.234618 15.575040 0.941508
v 1.897576 15.616483 0.848369
v 1.937970 15.328283 0.943408
v 1.969695 15.908666 0.774589
v 2.450233 15.817618 0.943390
v 2.197226 16.608803 -0.094438
v 2.899592 16.378422 0.644482
v 2.098662 16.437244 0.346774
v 2.691403 16.134716 0.859201
v 2.020457 16.177259 0.616074
v -2.173978 14.995097 -1.100067
v -1.907157 15.063803 -1.032924
v -1.845393 14.709931 -0.924293
v -2.420373 15.265273 -1.161067
v -2.034716 15.404292 -1.008917
v -2.635481 15.590165 -1.151678
v -2.090151 15.755050 -1.082945
v -2.801555 15.877193 -1.176715
v -2.117772 16.007826 -1.074327
v -2.842296 16.198437 -1.109400
v -2.142518 16.269770 -0.943602
v -2.930425 16.429804 -0.943664
v -2.191080 16.466358 -0.737976
v -3.016459 16.624525 -0.590125
v -2.210685 16.530567 -0.549868
v -2.197226 16.608803 -0.094438

vt -1.363191 0.701581
vt -1.401382 0.681307
vt -1.353170 0.663940
vt -1.420547 0.704857
vt -1.368279 0.728593
vt -1.438046 0.733226
vt -1.376425 0.762952
vt -1.462074 0.773107
vt -1.380887 0.800295
vt -1.471931 0.815503
vt -1.386722 0.838215
vt -1.476495 0.854322
vt -1.391459 0.874303
vt -1.477150 0.924698
vt -1.395733 0.924790
vt -1.477747 0.971497
vt -1.389961 0.971699
vt -1.477150 0.902838
vt -1.553597 0.971208
vt -1.477747 0.971497
vt -1.552620 0.900691
vt -1.476495 0.836902
vt -1.565804 0.834724
vt -1.520778 0.788836
vt -1.588130 0.804482
vt -1.559621 0.754774
vt -1.619866 0.761459
vt -1.587950 0.733075
vt -1.559621 0.754774
vt -1.619866 0.761459
vt -1.587950 0.733075
vt -1.588130 0.804482
vt -1.520778 0.788836
vt -1.553597 0.971208
vt -1.477150 0.902838
vt -1.552620 0.900691
vt -1.476495 0.836902
vt -1.565804 0.834724
vt -1.401382 0.681307
vt -1.363191 0.701581
vt -1.353170 0.663940
vt -1.420547 0.704857
vt -1.368279 0.728593
vt -1.438046 0.733226
vt -1.376425 0.762952
vt -1.462074 0.773107
vt -1.380887 0.800295
vt -1.471931 0.815503
vt -1.386722 0.838215
vt -1.476495 0.854322
vt -1.391459 0.874303
vt -1.477150 0.924698
vt -1.395733 0.924790
vt -1.389961 0.971699

vn -0.048166 -0.092452 -0.994551
vn -0.270397 -0.116110 -0.955722
vn 0.397657 -0.486313 -0.778054
vn -0.280226 0.134372 -0.950483
vn -0.006575 0.008493 -0.999942
vn -0.200895 0.010013 -0.979562
vn -0.114800 -0.051260 -0.992065
vn -0.124393 0.084880 -0.988596
vn -0.080250 0.244847 -0.966235
vn -0.131894 0.433070 -0.891658
vn -0.065222 0.627815 -0.775625
vn -0.121225 0.752221 -0.647664
vn -0.107363 0.864168 -0.491616
vn -0.111714 0.950278 -0.290675
vn -0.015980 0.975744 -0.218333
vn -0.114808 0.991756 0.056916
vn -0.070038 0.985574 0.154076
vn 0.135428 0.866157 0.481072
vn 0.070014 0.985573 0.154088
vn 0.114808 0.991756 0.056914
vn 0.169633 0.858907 0.483222
vn 0.223163 0.645898 0.730078
vn 0.104506 0.569462 0.815347
vn 0.253303 0.406169 0.877989
vn 0.183442 0.373350 0.909373
vn 0.242232 0.269684 0.931984
vn -0.126530 0.314868 0.940664
vn -0.583119 -0.091364 0.807233
vn -0.242231 0.269684 0.931984
vn 0.126531 0.314868 0.940664
vn 0.583120 -0.091365 0.807232
vn -0.183442 0.373350 0.909373
vn -0.253303 0.406169 0.877989
vn -0.070038 0.985574 0.154076
vn -0.135428 0.866158 0.481072
vn -0.169578 0.858936 0.483190
vn -0.223163 0.645899 0.730078
vn -0.104260 0.569373 0.815441
vn 0.270397 -0.116111 -0.955722
vn 0.048166 -0.092453 -0.994551
vn -0.397656 -0.486313 -0.778055
vn 0.280226 0.134372 -0.950483
vn 0.006575 0.008493 -0.999942
vn 0.200896 0.010013 -0.979561
vn 0.114800 -0.051261 -0.992065
vn 0.124393 0.084880 -0.988596
vn 0.080250 0.244847 -0.966235
vn 0.131894 0.433070 -0.891658
vn 0.065458 0.627915 -0.775524
vn 0.121225 0.752220 -0.647664
vn 0.107936 0.864170 -0.491488
vn 0.111714 0.950278 -0.290676
vn 0.016261 0.975741 -0.218325
vn 0.070014 0.985573 0.154088

g polygon4
s 1
usemtl mat10
f 2768/2768/2768 2769/2769/2769 2770/2770/2770
f 2768/2768/2768 2771/2771/2771 2769/2769/2769
f 2772/2772/2772 2771/2771/2771 2768/2768/2768
f 2772/2772/2772 2773/2773/2773 2771/2771/2771
f 2774/2774/2774 2773/2773/2773 2772/2772/2772
f 2774/2774/2774 2775/2775/2775 2773/2773/2773
f 2776/2776/2776 2775/2775/2775 2774/2774/2774
f 2776/2776/2776 2777/2777/2777 2775/2775/2775
f 2778/2778/2778 2777/2777/2777 2776/2776/2776
f 2778/2778/2778 2779/2779/2779 2777/2777/2777
f 2780/2780/2780 2779/2779/2779 2778/2778/2778
f 2780/2780/2780 2781/2781/2781 2779/2779/2779
f 2782/2782/2782 2781/2781/2781 2780/2780/2780
f 2782/2782/2782 2783/2783/2783 2781/2781/2781
f 2784/2784/2784 2783/2783/2783 2782/2782/2782
f 2785/2785/2785 2786/2786/2786 2787/2787/2787
f 2785/2785/2785 2788/2788/2788 2786/2786/2786
f 2789/2789/2789 2788/2788/2788 2785/2785/2785
f 2789/2789/2789 2790/2790/2790 2788/2788/2788
f 2791/2791/2791 2790/2790/2790 2789/2789/2789
f 2791/2791/2791 2792/2792/2792 2790/2790/2790
f 2793/2793/2793 2792/2792/2792 2791/2791/2791
f 2793/2793/2793 2794/2794/2794 2792/2792/2792
f 2795/2795/2795 2794/2794/2794 2793/2793/2793
f 2796/2796/2796 2797/2797/2797 2798/2798/2798
f 2796/2796/2796 2799/2799/2799 2797/2797/2797
f 2800/2800/2800 2799/2799/2799 2796/2796/2796
f 2801/2801/2801 2802/2802/2802 2783/2783/2783
f 2801/2801/2801 2803/2803/2803 2802/2802/2802
f 2803/2803/2803 2804/2804/2804 2802/2802/2802
f 2803/2803/2803 2805/2805/2805 2804/2804/2804
f 2805/2805/2805 2800/2800/2800 2804/2804/2804
f 2805/2805/2805 2799/2799/2799 2800/2800/2800
f 2806/2806/2806 2807/2807/2807 2808/2808/2808
f 2806/2806/2806 2809/2809/2809 2807/2807/2807
f 2809/2809/2809 2810/2810/2810 2807/2807/2807
f 2809/2809/2809 2811/2811/2811 2810/2810/2810
f 2811/2811/2811 2812/2812/2812 2810/2810/2810
f 2811/2811/2811 2813/2813/2813 2812/2812/2812
f 2813/2813/2813 2814/2814/2814 2812/2812/2812
f 2813/2813/2813 2815/2815/2815 2814/2814/2814
f 2815/2815/2815 2816/2816/2816 2814/2814/2814
f 2815/2815/2815 2817/2817/2817 2816/2816/2816
f 2817/2817/2817 2818/2818/2818 2816/2816/2816
f 2817/2817/2817 2819/2819/2819 2818/2818/2818
f 2819/2819/2819 2820/2820/2820 2818/2818/2818
f 2819/2819/2819 2787/2787/2787 2820/2820/2820
f 2821/2821/2821 2820/2820/2820 2787/2787/2787

v 0.639264 17.729050 1.189031
v 0.739918 17.755428 1.058780
v 0.726749 17.809471 1.089139
v 0.622576 17.607685 1.169046
v 0.497606 17.598969 1.247577
v 0.586236 17.491224 1.160442
v 0.478376 17.484024 1.219235
v 0.654038 17.824699 1.183195
v 0.510237 17.713316 1.270926
v 0.517986 17.826864 1.264886
v 0.392396 17.762096 1.293432
v 0.372922 17.665985 1.299542
v 0.263597 17.686777 1.301909
v 0.365744 17.600376 1.284597
v 0.200399 17.547577 1.243456
v 0.707408 17.612001 1.075320
v 0.359048 17.508326 1.253682

vt 0.780357 0.625462
vt 0.997619 0.710149
vt 0.959935 0.843365
vt 0.763174 0.317803
vt 0.489554 0.272978
vt 0.701954 0.018846
vt 0.465743 -0.019029
vt 0.797469 0.868233
vt 0.498939 0.562283
vt 0.497707 0.848679
vt 0.231749 0.663068
vt 0.204369 0.418281
vt -0.039575 0.450386
vt 0.199136 0.252296
vt -0.156240 0.089426
vt 0.949171 0.344216
vt 0.199223 0.020046

vn 0.675883 -0.150668 0.721444
vn 0.778972 -0.143918 0.610320
vn 0.789846 -0.109728 0.603409
vn 0.671667 -0.202674 0.712592
vn 0.433791 -0.247038 0.866486
vn 0.579906 -0.263306 0.770960
vn 0.356402 -0.292068 0.887510
vn 0.620450 -0.035291 0.783452
vn 0.420633 -0.090643 0.902691
vn 0.362562 0.020945 0.931724
vn 0.116532 0.044003 0.992212
vn 0.121683 -0.091706 0.988324
vn -0.038484 -0.168810 0.984897
vn 0.044372 -0.281566 0.958515
vn -0.130938 -0.320878 0.938026
vn 0.733156 -0.182167 0.655207
vn 0.049336 -0.305789 0.950820

g polygon5
s 1
usemtl mat6
f 2822/2822/2822 2823/2823/2823 2824/2824/2824
f 2822/2822/2822 2825/2825/2825 2823/2823/2823
f 2826/2826/2826 2825/2825/2825 2822/2822/2822
f 2826/2826/2826 2827/2827/2827 2825/2825/2825
f 2828/2828/2828 2827/2827/2827 2826/2826/2826
f 2829/2829/2829 2822/2822/2822 2824/2824/2824
f 2829/2829/2829 2830/2830/2830 2822/2822/2822
f 2831/2831/2831 2830/2830/2830 2829/2829/2829
f 2831/2831/2831 2832/2832/2832 2830/2830/2830
f 2830/2830/2830 2826/2826/2826 2822/2822/2822
f 2830/2830/2830 2833/2833/2833 2826/2826/2826
f 2832/2832/2832 2833/2833/2833 2830/2830/2830
f 2832/2832/2832 2834/2834/2834 2833/2833/2833
f 2835/2835/2835 2834/2834/2834 2836/2836/2836
f 2835/2835/2835 2833/2833/2833 2834/2834/2834
f 2826/2826/2826 2833/2833/2833 2835/2835/2835
f 2837/2837/2837 2825/2825/2825 2827/2827/2827
f 2837/2837/2837 2823/2823/2823 2825/2825/2825
f 2838/2838/2838 2835/2835/2835 2836/2836/2836
f 2838/2838/2838 2828/2828/2828 2835/2835/2835
f 2828/2828/2828 2826/2826/2826 2835/2835/2835

v -0.528391 17.484732 1.219235
v -0.672056 17.609013 1.169046
v -0.636219 17.492397 1.160442
v -0.547124 17.599756 1.247577
v -0.415257 17.600594 1.284597
v -0.422152 17.666233 1.299542
v -0.312738 17.686552 1.301909
v -0.441211 17.762428 1.293432
v -0.688219 17.730448 1.189031
v -0.775355 17.811245 1.089139
v -0.788758 17.757261 1.058780
v -0.702580 17.826162 1.183195
v -0.559261 17.714157 1.270926
v -0.566519 17.827738 1.264886
v -0.756868 17.613695 1.075320
v -0.250142 17.547081 1.243456
v -0.408959 17.508516 1.253682

vt 0.249222 -0.081123
vt 0.565661 0.255709
vt 0.500528 -0.043248
vt 0.274555 0.210884
vt -0.034422 0.190202
vt -0.028855 0.356186
vt -0.288387 0.388292
vt 0.000275 0.600974
vt 0.583941 0.563368
vt 0.774995 0.781271
vt 0.815088 0.648054
vt 0.602146 0.806139
vt 0.284539 0.500189
vt 0.283229 0.786585
vt 0.763543 0.282122
vt -0.412508 0.027332
vt -0.034330 -0.042048

vn -0.370762 -0.275315 0.886982
vn -0.641936 -0.212550 0.736709
vn -0.608376 -0.242706 0.755628
vn -0.403181 -0.243285 0.882189
vn -0.074986 -0.287550 0.954826
vn -0.151599 -0.120322 0.981091
vn 0.037753 -0.168974 0.984897
vn -0.116337 0.044506 0.992212
vn -0.676530 -0.147747 0.721442
vn -0.790313 -0.106312 0.603410
vn -0.779586 -0.140550 0.610321
vn -0.620600 -0.032609 0.783449
vn -0.421735 -0.087292 0.902508
vn -0.362465 0.022511 0.931726
vn -0.733939 -0.179000 0.655204
vn 0.129551 -0.321447 0.938024
vn -0.033884 -0.320191 0.946747

g polygon6
s 1
usemtl mat7
f 2839/2839/2839 2840/2840/2840 2841/2841/2841
f 2839/2839/2839 2842/2842/2842 2840/2840/2840
f 2843/2843/2843 2842/2842/2842 2839/2839/2839
f 2843/2843/2843 2844/2844/2844 2842/2842/2842
f 2845/2845/2845 2844/2844/2844 2843/2843/2843
f 2845/2845/2845 2846/2846/2846 2844/2844/2844
f 2847/2847/2847 2848/2848/2848 2849/2849/2849
f 2847/2847/2847 2850/2850/2850 2848/2848/2848
f 2851/2851/2851 2850/2850/2850 2847/2847/2847
f 2851/2851/2851 2852/2852/2852 2850/2850/2850
f 2846/2846/2846 2852/2852/2852 2851/2851/2851
f 2842/2842/2842 2847/2847/2847 2840/2840/2840
f 2842/2842/2842 2851/2851/2851 2847/2847/2847
f 2844/2844/2844 2851/2851/2851 2842/2842/2842
f 2844/2844/2844 2846/2846/2846 2851/2851/2851
f 2840/2840/2840 2853/2853/2853 2841/2841/2841
f 2840/2840/2840 2849/2849/2849 2853/2853/2853
f 2847/2847/2847 2849/2849/2849 2840/2840/2840
f 2843/2843/2843 2854/2854/2854 2845/2845/2845
f 2843/2843/2843 2855/2855/2855 2854/2854/2854
f 2839/2839/2839 2855/2855/2855 2843/2843/2843

v 0.639264 17.729050 1.190798
v 0.739918 17.755428 1.060547
v 0.726749 17.809471 1.090907
v 0.622576 17.607685 1.170813
v 0.497606 17.598969 1.249344
v 0.586236 17.491224 1.162209
v 0.478376 17.484024 1.221002
v 0.654038 17.824699 1.184962
v 0.510237 17.713316 1.272694
v 0.517986 17.826864 1.266653
v 0.392396 17.762096 1.295199
v 0.372922 17.665985 1.301309
v 0.263597 17.686777 1.303676
v 0.365744 17.600376 1.286364
v 0.200399 17.547577 1.245223
v 0.707408 17.612001 1.077088
v 0.359048 17.508326 1.255449

vt 0.780357 0.625462
vt 0.997619 0.710149
vt 0.959935 0.843365
vt 0.763174 0.317803
vt 0.489554 0.272978
vt 0.701954 0.018846
vt 0.465743 -0.019029
vt 0.797469 0.868233
vt 0.498939 0.562283
vt 0.497707 0.848679
vt 0.231749 0.663068
vt 0.204369 0.418281
vt -0.039575 0.450386
vt 0.199136 0.252296
vt -0.156240 0.089426
vt 0.949171 0.344216
vt 0.199223 0.020046

vn 0.675883 -0.150668 0.721444
vn 0.778972 -0.143918 0.610320
vn 0.789846 -0.109728 0.603409
vn 0.671667 -0.202674 0.712592
vn 0.433791 -0.247038 0.866486
vn 0.579906 -0.263306 0.770960
vn 0.356403 -0.292068 0.887510
vn 0.620450 -0.035291 0.783451
vn 0.420633 -0.090643 0.902691
vn 0.362562 0.020945 0.931724
vn 0.116531 0.044003 0.992212
vn 0.121683 -0.091706 0.988324
vn -0.038483 -0.168810 0.984897
vn 0.044372 -0.281566 0.958515
vn -0.130939 -0.320878 0.938026
vn 0.733156 -0.182167 0.655208
vn 0.049336 -0.305789 0.950820

g polygon7
s 1
usemtl mat1
f 2856/2856/2856 2857/2857/2857 2858/2858/2858
f 2856/2856/2856 2859/2859/2859 2857/2857/2857
f 2860/2860/2860 2859/2859/2859 2856/2856/2856
f 2860/2860/2860 2861/2861/2861 2859/2859/2859
f 2862/2862/2862 2861/2861/2861 2860/2860/2860
f 2863/2863/2863 2856/2856/2856 2858/2858/2858
f 2863/2863/2863 2864/2864/2864 2856/2856/2856
f 2865/2865/2865 2864/2864/2864 2863/2863/2863
f 2865/2865/2865 2866/2866/2866 2864/2864/2864
f 2864/2864/2864 2860/2860/2860 2856/2856/2856
f 2864/2864/2864 2867/2867/2867 2860/2860/2860
f 2866/2866/2866 2867/2867/2867 2864/2864/2864
f 2866/2866/2866 2868/2868/2868 2867/2867/2867
f 2869/2869/2869 2868/2868/2868 2870/2870/2870
f 2869/2869/2869 2867/2867/2867 2868/2868/2868
f 2860/2860/2860 2867/2867/2867 2869/2869/2869
f 2871/2871/2871 2859/2859/2859 2861/2861/2861
f 2871/2871/2871 2857/2857/2857 2859/2859/2859
f 2872/2872/2872 2869/2869/2869 2870/2870/2870
f 2872/2872/2872 2862/2862/2862 2869/2869/2869
f 2862/2862/2862 2860/2860/2860 2869/2869/2869

v -0.528391 17.484732 1.221002
v -0.672056 17.609013 1.170813
v -0.636219 17.492397 1.162209
v -0.547124 17.599756 1.249344
v -0.415257 17.600594 1.286364
v -0.422152 17.666233 1.301309
v -0.312738 17.686552 1.303676
v -0.441211 17.762428 1.295199
v -0.688219 17.730448 1.190798
v -0.775355 17.811245 1.090907
v -0.788758 17.757261 1.060547
v -0.702580 17.826162 1.184962
v -0.559261 17.714157 1.272694
v -0.566519 17.827738 1.266653
v -0.756868 17.613695 1.077088
v -0.250142 17.547081 1.245223
v -0.408959 17.508516 1.255449

vt 0.249222 -0.081123
vt 0.565661 0.255709
vt 0.500528 -0.043248
vt 0.274555 0.210884
vt -0.034422 0.190202
vt -0.028855 0.356186
vt -0.288387 0.388292
vt 0.000275 0.600974
vt 0.583941 0.563368
vt 0.774995 0.781271
vt 0.815088 0.648054
vt 0.602146 0.806139
vt 0.284539 0.500189
vt 0.283229 0.786585
vt 0.763543 0.282122
vt -0.412508 0.027332
vt -0.034330 -0.042048

vn -0.370762 -0.275315 0.886982
vn -0.641936 -0.212550 0.736709
vn -0.608375 -0.242706 0.755628
vn -0.403181 -0.243285 0.882189
vn -0.074986 -0.287550 0.954826
vn -0.151599 -0.120322 0.981091
vn 0.037753 -0.168974 0.984897
vn -0.116337 0.044506 0.992212
vn -0.676530 -0.147747 0.721442
vn -0.790313 -0.106312 0.603410
vn -0.779586 -0.140550 0.610321
vn -0.620600 -0.032609 0.783449
vn -0.421735 -0.087292 0.902507
vn -0.362465 0.022511 0.931725
vn -0.733939 -0.179000 0.655205
vn 0.129552 -0.321447 0.938024
vn -0.033883 -0.320191 0.946747

g polygon8
s 1
usemtl mat2
f 2873/2873/2873 2874/2874/2874 2875/2875/2875
f 2873/2873/2873 2876/2876/2876 2874/2874/2874
f 2877/2877/2877 2876/2876/2876 2873/2873/2873
f 2877/2877/2877 2878/2878/2878 2876/2876/2876
f 2879/2879/2879 2878/2878/2878 2877/2877/2877
f 2879/2879/2879 2880/2880/2880 2878/2878/2878
f 2881/2881/2881 2882/2882/2882 2883/2883/2883
f 2881/2881/2881 2884/2884/2884 2882/2882/2882
f 2885/2885/2885 2884/2884/2884 2881/2881/2881
f 2885/2885/2885 2886/2886/2886 2884/2884/2884
f 2880/2880/2880 2886/2886/2886 2885/2885/2885
f 2876/2876/2876 2881/2881/2881 2874/2874/2874
f 2876/2876/2876 2885/2885/2885 2881/2881/2881
f 2878/2878/2878 2885/2885/2885 2876/2876/2876
f 2878/2878/2878 2880/2880/2880 2885/2885/2885
f 2874/2874/2874 2887/2887/2887 2875/2875/2875
f 2874/2874/2874 2883/2883/2883 2887/2887/2887
f 2881/2881/2881 2883/2883/2883 2874/2874/2874
f 2877/2877/2877 2888/2888/2888 2879/2879/2879
f 2877/2877/2877 2889/2889/2889 2888/2888/2888
f 2873/2873/2873 2889/2889/2889 2877/2877/2877

v 0.387875 17.211912 1.321502
v 0.549721 16.787638 1.160785
v 0.672755 17.082211 1.165835
v 0.327065 16.784908 1.361036
v 0.177766 17.118391 1.527890
v 0.105993 17.021637 1.583148
v 0.039931 17.168612 1.677629
v -0.025146 17.003004 1.611466
v -0.025146 17.170218 1.696099
v -0.090224 17.168612 1.677629
v -0.077294 17.332720 1.591029
v -0.228059 17.118391 1.527890
v -0.276015 17.282194 1.420869
v -0.438168 17.211912 1.321502
v -0.403246 17.359884 1.327527
v -0.702126 17.365482 1.189976
v -0.525876 17.470028 1.234365
v -0.649058 17.516962 1.196634
v -0.633787 17.555479 1.205506
v -0.702341 17.640499 1.157749
v -0.663917 17.624828 1.185730
v -0.700414 17.682394 1.163161
v -0.547209 17.674482 1.092628
v -0.730627 17.733810 1.139772
v -0.738631 17.767464 1.134999
v -0.803760 17.794065 1.104270
v -0.683246 17.776981 1.225816
v -0.821473 17.813919 1.100692
v -0.681262 17.794443 1.228849
v -0.675787 17.842611 1.237215
v -0.552631 17.795994 1.300030
v -0.545062 17.817078 1.302840
v -0.412026 17.745913 1.327723
v -0.410326 17.762255 1.332263
v -0.293392 17.690668 1.347839
v -0.260199 17.740402 1.447970
v -0.190721 17.630796 1.337506
v -0.145703 17.705761 1.464579
v -0.082813 17.645298 1.456260
v -0.025146 17.718224 1.474553
v -0.025146 17.646961 1.465677
v 0.032520 17.645298 1.456260
v 0.015939 17.456955 1.523131
v 0.065730 17.550722 1.359687
v 0.062423 17.391632 1.383820
v 0.179162 17.533470 1.302666
v 0.219397 17.369347 1.360881
v 0.247648 17.513264 1.287155
v 0.352953 17.359884 1.327527
v 0.330601 17.492887 1.283839
v 0.475797 17.469336 1.234365
v 0.426013 17.502960 1.241186
v 0.522819 17.531586 1.223292
v 0.498014 17.673695 1.092628
v 0.574133 17.573820 1.202466
v 0.614506 17.623537 1.185730
v 0.584076 17.554319 1.205506
v 0.652997 17.639040 1.157749
v 0.599181 17.515734 1.196634
v 0.665817 17.625248 1.140849
v 0.791903 17.568821 0.995512
v 0.726364 17.732027 1.103649
v 0.871103 17.675411 0.840500
v 0.772475 17.790985 1.100044
v 0.914744 17.809996 0.794602
v 0.778942 17.811836 1.094460
v 0.791877 17.853539 1.083291
v 0.625494 17.842611 1.237215
v 0.824699 17.936373 1.082565
v 0.620551 17.905714 1.294205
v 0.842559 18.025408 1.074052
v 0.608683 18.021133 1.312755
v 0.830727 18.149090 1.070101
v 0.596815 18.126179 1.331815
v 0.810210 18.354990 1.141749
v 0.514316 18.360497 1.365836
v -1.123209 17.815248 0.260207
v -1.073260 17.701620 0.532480
v -1.051928 18.215719 0.551932
v -1.047462 17.512770 0.569807
v -1.124774 17.565802 0.239893
v -0.987870 17.134323 0.590220
v -0.966135 17.121115 0.225190
v -0.853466 16.854685 0.573169
v -0.713665 16.766373 0.243437
v -0.808665 16.761473 0.567485
v -0.438908 16.437805 0.694762
v -0.491009 16.463480 1.011060
v -0.150573 16.243362 1.170580
v -0.172162 16.371925 1.331115
v 0.000000 16.335091 1.355407
v -0.025146 16.799349 1.538190
v 0.172162 16.371925 1.331115
v 0.403004 16.532457 1.197481
v 0.491009 16.463480 1.011060
v 0.698438 16.776033 0.897201
v 0.758372 16.761473 0.567485
v 0.803011 16.854685 0.570077
v 0.662574 16.766373 0.243437
v 0.915044 17.121115 0.225190
v 0.631493 17.797939 1.229615
v 0.634493 17.775604 1.225816
v 0.521554 17.745552 1.293426
v 0.512626 17.769392 1.296564
v 0.365408 17.718067 1.320030
v 0.362395 17.742834 1.326886
v 0.256209 17.678450 1.336728
v 0.243100 17.690668 1.347839
v 0.140428 17.630796 1.337506
v 0.209906 17.740402 1.447970
v 0.095410 17.705761 1.464579
v 0.125414 17.858549 1.494648
v -0.025146 17.873611 1.517524
v -0.175707 17.858549 1.494648
v -0.181718 18.084446 1.516431
v -0.418339 18.053186 1.430767
v -0.187730 18.310347 1.538214
v -0.540488 18.262451 1.414424
v -0.775305 17.733803 1.103649
v -0.921396 17.675411 0.840500
v -0.965037 17.809996 0.794602
v -1.020952 17.973080 0.735796
v -1.016051 18.128208 0.709552
v -0.955863 18.232481 0.685402
v -0.879664 18.149090 1.077351
v -0.866433 18.243927 1.234410
v -0.647108 18.126179 1.331815
v -0.708670 18.265087 1.309150
v -0.622247 18.311064 1.352506
v -0.156285 17.021637 1.583148
v -0.377358 16.784908 1.361036
v -0.403004 16.532457 1.197481
v -0.600014 16.787638 1.160785
v -0.748731 16.776033 0.897201
v -0.689068 17.079872 1.171386
v -0.828744 16.979044 0.951232
v -0.854112 17.149166 1.005264
v -0.974041 17.490896 0.837870
v -0.415425 17.713226 1.318644
v -0.304208 17.680305 1.338446
v -0.325840 17.659576 1.319660
v -0.417196 17.696199 1.313914
v -0.334035 17.651722 1.312542
v -0.420613 17.667042 1.305771
v -0.354194 17.631603 1.308499
v -0.439917 17.612885 1.132968
v -0.265020 17.554695 1.271596
v -0.314479 17.538441 1.273099
v -0.228966 17.532883 1.302666
v -0.297539 17.512968 1.287155
v -0.269690 17.369347 1.360881
v 0.225722 17.282194 1.420869
v 0.649595 17.365482 1.205475
v 0.676350 17.187487 1.184141
v 0.835204 17.408619 1.027551
v 0.800213 17.149166 1.009345
v 0.912215 17.490896 0.836597
v 0.936929 17.134323 0.577854
v 0.997169 17.512770 0.569807
v 1.073683 17.565802 0.239893
v 1.072118 17.815248 0.260207
v 0.360033 17.762255 1.332263
v 0.368907 17.811323 1.411166
v 0.368476 17.935040 1.428940
v 0.174170 18.049404 1.486056
v 0.368046 18.053186 1.430767
v 0.222927 18.240259 1.477463
v 0.346477 18.501938 1.430811
v -0.206798 17.589632 1.322860
v -0.116023 17.550722 1.359687
v -0.112716 17.391632 1.383820
v -0.127991 17.275721 1.418859
v 0.514201 17.716454 1.278491
v 0.368096 17.695972 1.313914
v 0.274917 17.661015 1.320871
v 0.157643 17.587540 1.322022
v -0.689306 17.187487 1.193839
v -0.890224 17.408619 1.001269
v -0.842196 17.568821 0.995512
v -0.715220 17.626764 1.140849
v -0.856899 17.853630 1.093535
v -0.872284 17.936373 1.097036
v -0.670844 17.905714 1.294205
v -0.890144 18.025408 1.088523
v -0.658976 18.021133 1.312755
v 0.150573 16.243362 1.170580
v 0.000000 16.215866 1.196971
v -0.196907 16.261372 0.888361
v -0.307233 16.328203 0.560632
v 0.494769 17.817078 1.302840
v 0.681686 17.732227 1.139772
v 0.689836 17.765848 1.134999
v 0.623145 17.750595 1.211501
v -0.475947 17.503437 1.241186
v -0.572628 17.532482 1.223292
v -0.623760 17.574936 1.202466
v 0.749325 16.979044 0.953273
v 0.371387 17.666801 1.305771
v 0.514201 17.716454 1.278491
v 0.390457 17.612560 1.132968
v 0.304815 17.631647 1.308499
v 0.215310 17.555126 1.271596
v 0.284744 17.651857 1.312542
v -0.066232 17.456955 1.523131
v -0.025146 17.460733 1.534143
v -0.025146 17.336390 1.602143
v 0.027001 17.332720 1.591029
v -0.563935 17.764509 1.295834
v -0.570423 17.746439 1.293426
v -0.563163 17.717308 1.278491
v -0.532723 18.089682 1.381291
v -0.418769 17.935040 1.428940
v -0.419199 17.811323 1.411166
v 0.000000 16.215614 0.657486
v 0.000000 16.245695 0.927754
v 0.196907 16.261372 0.888361
v 1.121018 18.316879 0.680926
v 1.022968 17.701620 0.532480
v 0.970659 17.973080 0.735796
v 0.965758 18.128208 0.709552
v 0.328877 17.518595 1.269069
v 0.264698 17.538660 1.273099
v 0.307233 16.328203 0.560632
v 0.473152 16.437805 0.694762
v 0.468870 16.470066 0.436973
v 0.077698 17.275721 1.418859
v 0.500722 17.801182 1.300748
v 0.672755 17.082211 1.165835
v -0.022258 18.063362 1.520993
v -0.019370 18.253117 1.524462
v -0.002943 18.329720 1.522103
v -0.380579 17.492954 1.283839
v -0.378744 17.518652 1.269069
v -0.671983 17.751925 1.211501
v -0.563163 17.717308 1.278491
v 0.623145 17.750595 1.211501
v 0.651251 17.680944 1.163161
v 0.993445 18.339815 0.920935
v -0.671983 17.751925 1.211501
v 0.098422 18.404066 1.487606
v -0.468870 16.470066 0.436973

vt 0.150697 0.211531
vt 0.193634 0.117030
vt 0.229583 0.192784
vt 0.128577 0.102958
vt 0.082623 0.176913
vt 0.044709 0.154552
vt 0.027974 0.185629
vt 0.005321 0.143733
vt 0.005321 0.186406
vt 0.027924 0.185577
vt 0.024582 0.243034
vt 0.082971 0.176868
vt 0.099210 0.224411
vt 0.150697 0.211531
vt 0.140016 0.247686
vt 0.231679 0.246391
vt 0.187346 0.288052
vt 0.229906 0.303585
vt 0.223902 0.317770
vt 0.249884 0.348571
vt 0.236490 0.341484
vt 0.248076 0.364361
vt 0.208050 0.358917
vt 0.257968 0.384781
vt 0.260533 0.403734
vt 0.287467 0.415567
vt 0.229146 0.407947
vt 0.288890 0.421114
vt 0.229236 0.415348
vt 0.229416 0.427203
vt 0.184866 0.408751
vt 0.185051 0.417370
vt 0.142878 0.385299
vt 0.142313 0.396849
vt 0.105979 0.370033
vt 0.088178 0.387926
vt 0.075982 0.347899
vt 0.053643 0.374625
vt 0.035537 0.351353
vt 0.006794 0.380253
vt 0.006832 0.353332
vt 0.035537 0.351353
vt 0.024919 0.278624
vt 0.056034 0.317580
vt 0.057485 0.269638
vt 0.092036 0.304784
vt 0.101724 0.257017
vt 0.114131 0.298870
vt 0.140016 0.247686
vt 0.139584 0.293082
vt 0.187346 0.288052
vt 0.171250 0.299584
vt 0.203162 0.309536
vt 0.208050 0.358917
vt 0.220774 0.324974
vt 0.236490 0.341484
vt 0.223902 0.317770
vt 0.249884 0.348571
vt 0.229906 0.303585
vt 0.255334 0.343830
vt 0.298000 0.325184
vt 0.274176 0.386148
vt 0.334057 0.345666
vt 0.287467 0.415567
vt 0.350970 0.404959
vt 0.288890 0.421114
vt 0.291737 0.432206
vt 0.229416 0.427203
vt 0.299665 0.463540
vt 0.223508 0.450541
vt 0.308542 0.497360
vt 0.218644 0.494234
vt 0.315321 0.544371
vt 0.213726 0.533980
vt 0.326747 0.589195
vt 0.181071 0.605425
vt 0.458818 0.427272
vt 0.387413 0.380163
vt 0.407325 0.574927
vt 0.377081 0.308094
vt 0.454024 0.331778
vt 0.372372 0.210241
vt 0.430170 0.209437
vt 0.357260 0.157387
vt 0.430235 0.139157
vt 0.367315 0.135332
vt 0.293312 0.033711
vt 0.198815 0.057586
vt 0.058667 0.022396
vt 0.071849 0.047123
vt 0.004901 0.043470
vt 0.004901 0.105299
vt 0.071849 0.047123
vt 0.151616 0.070400
vt 0.198815 0.057586
vt 0.265280 0.137865
vt 0.367315 0.135332
vt 0.357260 0.157387
vt 0.430235 0.139157
vt 0.430170 0.209437
vt 0.229236 0.415348
vt 0.229146 0.407947
vt 0.185554 0.394731
vt 0.184856 0.403780
vt 0.142839 0.382228
vt 0.142878 0.385299
vt 0.111455 0.362577
vt 0.105979 0.370033
vt 0.075982 0.347899
vt 0.088178 0.387926
vt 0.053643 0.374625
vt 0.059351 0.432680
vt 0.006685 0.438863
vt 0.059351 0.432680
vt 0.062522 0.511734
vt 0.137308 0.506202
vt 0.065692 0.615020
vt 0.181071 0.605425
vt 0.274176 0.386148
vt 0.334057 0.345666
vt 0.350970 0.404959
vt 0.372640 0.480925
vt 0.383807 0.540027
vt 0.401080 0.579678
vt 0.315321 0.544371
vt 0.326747 0.589195
vt 0.213726 0.533980
vt 0.253909 0.597310
vt 0.217490 0.601367
vt 0.044881 0.154536
vt 0.128577 0.102958
vt 0.151616 0.070400
vt 0.193634 0.117030
vt 0.265280 0.137865
vt 0.229583 0.192784
vt 0.286442 0.178831
vt 0.301171 0.211582
vt 0.335693 0.283261
vt 0.142839 0.382228
vt 0.111455 0.362577
vt 0.112764 0.358855
vt 0.144241 0.370617
vt 0.120361 0.351991
vt 0.146466 0.359723
vt 0.127089 0.344834
vt 0.166962 0.341593
vt 0.104850 0.314187
vt 0.119817 0.309056
vt 0.092036 0.304784
vt 0.114131 0.298870
vt 0.101750 0.257034
vt 0.099210 0.224411
vt 0.231679 0.246391
vt 0.233640 0.217433
vt 0.301716 0.264018
vt 0.301171 0.211582
vt 0.335693 0.283261
vt 0.372372 0.210241
vt 0.377081 0.308094
vt 0.454024 0.331778
vt 0.458818 0.427272
vt 0.142313 0.396849
vt 0.138786 0.414533
vt 0.137419 0.461333
vt 0.074889 0.505058
vt 0.137308 0.506202
vt 0.090427 0.577436
vt 0.123381 0.610222
vt 0.082731 0.328737
vt 0.056034 0.317580
vt 0.057502 0.269648
vt 0.061308 0.243804
vt 0.188528 0.386529
vt 0.144241 0.370617
vt 0.112764 0.358855
vt 0.082731 0.328737
vt 0.233640 0.217433
vt 0.301716 0.264018
vt 0.298000 0.325184
vt 0.255334 0.343830
vt 0.291737 0.432206
vt 0.299665 0.463540
vt 0.223508 0.450541
vt 0.308542 0.497360
vt 0.218644 0.494234
vt 0.058667 0.022396
vt 0.004901 0.019875
vt 0.096707 0.018034
vt 0.257288 0.011328
vt 0.185051 0.417370
vt 0.257968 0.384781
vt 0.260533 0.403734
vt 0.227291 0.400447
vt 0.171250 0.299584
vt 0.203162 0.309536
vt 0.220774 0.324974
vt 0.286442 0.178831
vt 0.146466 0.359723
vt 0.188528 0.386529
vt 0.166962 0.341593
vt 0.127089 0.344834
vt 0.104850 0.314187
vt 0.120361 0.351991
vt 0.024919 0.278624
vt 0.006609 0.281804
vt 0.006384 0.244477
vt 0.024582 0.243034
vt 0.184856 0.403780
vt 0.185554 0.394731
vt 0.188528 0.386529
vt 0.175517 0.520091
vt 0.137419 0.461333
vt 0.138786 0.414533
vt 0.004901 0.001520
vt 0.004901 0.019628
vt 0.096707 0.018034
vt 0.407325 0.574927
vt 0.387413 0.380163
vt 0.372640 0.480925
vt 0.383807 0.540027
vt 0.139713 0.302964
vt 0.119817 0.309056
vt 0.257288 0.011328
vt 0.293312 0.033711
vt 0.408145 0.030366
vt 0.061308 0.243804
vt 0.184828 0.408751
vt 0.229656 0.193268
vt 0.006716 0.513204
vt 0.006748 0.587545
vt 0.006762 0.620871
vt 0.139584 0.293082
vt 0.139713 0.302964
vt 0.227291 0.400447
vt 0.188528 0.386529
vt 0.227291 0.400447
vt 0.248076 0.364361
vt 0.401080 0.579678
vt 0.227291 0.400447
vt 0.065692 0.615020
vt 0.408145 0.030366

vn 0.529208 0.000003 0.848492
vn 0.701849 -0.270700 0.658885
vn 0.701849 -0.270700 0.658885
vn 0.601997 -0.191195 0.775270
vn 0.696600 0.118646 0.707582
vn 0.469517 -0.284348 0.835883
vn 0.455369 0.055507 0.888571
vn 0.000000 -0.416276 0.909238
vn -0.050099 0.126628 0.990684
vn -0.495002 -0.041964 0.867878
vn -0.524088 0.556739 0.644495
vn -0.696602 0.118646 0.707580
vn -0.401373 0.558600 0.725855
vn -0.542937 0.005531 0.839755
vn -0.338370 0.305967 0.889882
vn -0.498447 0.096526 0.861530
vn -0.323605 0.121144 0.938405
vn -0.584858 0.031098 0.810540
vn -0.351117 0.067807 0.933873
vn -0.648759 -0.066392 0.758092
vn -0.138124 0.279406 0.950186
vn -0.166627 0.296327 0.940439
vn 0.019049 0.054075 0.998355
vn -0.321243 0.076990 0.943862
vn -0.433720 -0.518689 0.736783
vn -0.694603 -0.397443 0.599638
vn -0.617411 -0.454227 0.642247
vn -0.705681 -0.374323 0.601579
vn -0.559954 -0.028429 0.828036
vn -0.578102 -0.252695 0.775850
vn -0.370097 -0.021896 0.928735
vn -0.420497 -0.410985 0.808872
vn -0.257396 -0.210054 0.943199
vn -0.412909 -0.585345 0.697767
vn -0.357184 -0.548173 0.756257
vn -0.376761 -0.544070 0.749693
vn -0.399534 -0.534797 0.744557
vn -0.251760 -0.434746 0.864646
vn -0.485602 -0.200260 0.850933
vn 0.000000 -0.198490 0.980103
vn 0.000000 0.183999 0.982926
vn 0.485603 -0.200261 0.850932
vn 0.745030 0.260157 0.614206
vn 0.699118 -0.099579 0.708038
vn 0.624977 0.233207 0.744995
vn 0.389746 0.051459 0.919484
vn 0.189969 0.436752 0.879295
vn 0.222569 0.366883 0.903250
vn 0.326995 0.311573 0.892186
vn 0.248650 0.405340 0.879700
vn 0.314513 0.137661 0.939218
vn 0.167789 0.518943 0.838180
vn 0.122932 0.314026 0.941422
vn -0.018823 0.054145 0.998356
vn 0.042068 0.301718 0.952469
vn 0.139344 0.278808 0.950184
vn 0.351412 0.066288 0.933871
vn 0.648477 -0.069196 0.758083
vn 0.574460 0.062693 0.816128
vn 0.725678 -0.138268 0.673998
vn 0.761483 0.082720 0.642885
vn 0.722575 -0.216683 0.656456
vn 0.872217 -0.012307 0.488964
vn 0.707079 -0.285805 0.646804
vn 0.896117 -0.157636 0.414880
vn 0.782429 -0.081635 0.617366
vn 0.825282 -0.194530 0.530158
vn 0.602263 -0.206295 0.771182
vn 0.792243 -0.267207 0.548590
vn 0.596158 -0.306538 0.742045
vn 0.819936 -0.015649 0.572241
vn 0.595485 -0.041052 0.802317
vn 0.854030 0.010322 0.520121
vn 0.595485 -0.041052 0.802317
vn 0.763546 -0.184268 0.618904
vn 0.428813 0.033650 0.902766
vn -0.982177 -0.028964 0.185711
vn -0.952056 -0.025642 0.304848
vn -0.941985 0.171311 0.288647
vn -0.971788 -0.096122 0.215381
vn -0.977474 -0.165468 0.131013
vn -0.945859 -0.274884 0.172597
vn -0.887885 -0.451322 -0.089270
vn -0.889481 -0.456734 0.014774
vn -0.778319 -0.607314 -0.159341
vn -0.789084 -0.613507 -0.030910
vn -0.639518 -0.768396 -0.024191
vn -0.705472 -0.642059 0.300116
vn -0.433577 -0.855047 0.284438
vn -0.493676 -0.520023 0.697036
vn -0.000518 -0.675750 0.737131
vn 0.000561 -0.355485 0.934682
vn 0.493001 -0.496383 0.714530
vn 0.687639 -0.370872 0.624184
vn 0.748171 -0.581475 0.319574
vn 0.861191 -0.382471 0.334762
vn 0.832771 -0.553143 -0.022911
vn 0.898214 -0.438549 0.029784
vn 0.798758 -0.570984 -0.189638
vn 0.887749 -0.451131 -0.091559
vn 0.574101 -0.016205 0.818624
vn 0.598451 -0.464503 0.652758
vn 0.381253 -0.224125 0.896891
vn 0.319711 -0.044647 0.946463
vn 0.218326 -0.246072 0.944342
vn 0.253824 -0.206680 0.944911
vn 0.250275 -0.396981 0.883045
vn 0.355354 -0.547305 0.757747
vn 0.400188 -0.534141 0.744676
vn 0.383193 -0.605960 0.697120
vn 0.251760 -0.434746 0.864646
vn 0.197388 -0.131212 0.971505
vn -0.004575 -0.135050 0.990828
vn -0.204524 -0.153110 0.966813
vn -0.174913 -0.083226 0.981060
vn -0.347201 -0.087697 0.933681
vn -0.106689 -0.063981 0.992232
vn -0.454805 -0.124795 0.881804
vn -0.732863 -0.167903 0.659333
vn -0.864390 0.017002 0.502535
vn -0.861835 -0.305419 0.404919
vn -0.941193 -0.046233 0.334691
vn -0.885734 0.313143 0.342660
vn -0.891294 0.326330 0.314808
vn -0.886672 -0.000722 0.462399
vn -0.748036 -0.323804 0.579304
vn -0.542862 -0.166353 0.823181
vn -0.426471 -0.041587 0.903545
vn -0.520902 -0.025448 0.853237
vn -0.469520 -0.284349 0.835881
vn -0.603393 -0.227569 0.764283
vn -0.666393 -0.443262 0.599533
vn -0.696626 -0.308102 0.647909
vn -0.823327 -0.441750 0.356356
vn -0.657343 -0.255574 0.708931
vn -0.841371 -0.369797 0.394138
vn -0.845203 -0.181533 0.502671
vn -0.927150 -0.008584 0.374591
vn -0.217133 -0.251536 0.943177
vn -0.250659 -0.400458 0.881365
vn -0.257317 -0.389579 0.884317
vn -0.213655 -0.330234 0.919400
vn -0.257317 -0.389579 0.884317
vn -0.358127 -0.602240 0.713479
vn -0.280647 -0.591629 0.755786
vn -0.525812 0.120350 0.842044
vn -0.457513 -0.086805 0.884956
vn -0.227214 0.577078 0.784445
vn -0.390879 0.052618 0.918937
vn -0.221312 0.367854 0.903163
vn -0.189704 0.437520 0.878970
vn 0.401373 0.558596 0.725858
vn 0.466727 0.130971 0.874650
vn 0.640144 -0.097711 0.762016
vn 0.787218 0.117799 0.605319
vn 0.871143 -0.226396 0.435723
vn 0.935336 -0.024801 0.352890
vn 0.939028 -0.290906 0.183302
vn 0.968401 -0.097542 0.229533
vn 0.977369 -0.168186 0.128310
vn 0.983047 -0.100670 0.153247
vn 0.412412 -0.583819 0.699337
vn 0.437532 -0.480967 0.759761
vn 0.368223 -0.067978 0.927249
vn 0.226321 -0.015246 0.973934
vn 0.365201 -0.015618 0.930798
vn 0.256421 0.027976 0.966160
vn 0.276041 0.040867 0.960277
vn -0.293453 -0.267247 0.917859
vn -0.699594 -0.099877 0.707526
vn -0.625424 0.233519 0.744523
vn -0.570738 0.626253 0.531098
vn 0.416210 -0.463307 0.782378
vn 0.212586 -0.329279 0.919990
vn 0.257052 -0.386555 0.885720
vn 0.293639 -0.266098 0.918133
vn -0.624140 -0.095294 0.775479
vn -0.773072 0.096464 0.626940
vn -0.769631 0.054426 0.636165
vn -0.725298 -0.134044 0.675259
vn -0.786861 -0.313551 0.531541
vn -0.788092 -0.214696 0.576902
vn -0.586973 -0.307824 0.748804
vn -0.812408 -0.007121 0.583045
vn -0.586751 -0.038459 0.808854
vn 0.424962 -0.857119 0.291126
vn 0.000000 -0.987514 0.157530
vn -0.323659 -0.946165 -0.004092
vn -0.535769 -0.844124 -0.020143
vn 0.419552 -0.408648 0.810545
vn 0.311660 0.056624 0.948505
vn 0.400188 -0.534141 0.744676
vn 0.612253 -0.583322 0.533743
vn -0.165545 0.519662 0.838180
vn -0.121569 0.314556 0.941422
vn -0.040759 0.301899 0.952468
vn 0.865390 -0.363704 0.344702
vn 0.355493 -0.603801 0.713477
vn 0.372016 -0.911153 0.177215
vn 0.526332 0.118090 0.842039
vn 0.278093 -0.592833 0.755786
vn 0.457123 -0.088779 0.884961
vn 0.250275 -0.396981 0.883045
vn -0.686205 0.296092 0.664419
vn 0.044539 0.430666 0.901412
vn -0.002891 0.486492 0.873680
vn 0.526796 0.554181 0.644492
vn -0.321612 -0.050098 0.945545
vn -0.382956 -0.228530 0.895052
vn -0.418200 -0.461778 0.782221
vn -0.432506 -0.112780 0.894550
vn -0.375903 -0.085445 0.922711
vn -0.456893 -0.540403 0.706550
vn 0.000000 -0.999916 0.012929
vn 0.000000 -1.000000 0.000058
vn 0.299599 -0.953993 -0.011733
vn 0.744077 -0.241635 0.622866
vn 0.931076 -0.106399 0.348964
vn 0.852028 -0.097153 0.514402
vn 0.748578 -0.216220 0.626801
vn 0.274833 0.616896 0.737500
vn 0.229707 0.576105 0.784435
vn 0.495861 -0.866245 -0.061176
vn 0.653182 -0.755856 -0.045099
vn 0.714604 -0.692554 -0.098541
vn 0.570740 0.626251 0.531098
vn 0.365201 -0.015618 0.930798
vn 0.701849 -0.270700 0.658885
vn 0.083650 -0.029392 0.996062
vn 0.143035 -0.008523 0.989681
vn 0.172009 0.041343 0.984227
vn -0.246869 0.406150 0.879828
vn -0.272161 0.618076 0.737503
vn -0.397530 -0.901676 0.170147
vn -0.375998 -0.909501 0.177294
vn 0.393652 -0.903395 0.170046
vn 0.167927 0.295600 0.940437
vn 0.660759 -0.571981 0.486040
vn -0.614559 -0.581090 0.533527
vn 0.214738 0.103082 0.971217
vn -0.715616 -0.698481 -0.004242

g polygon9
s 1
usemtl mat3
f 2890/2890/2890 2891/2891/2891 2892/2892/2892
f 2890/2890/2890 2893/2893/2893 2891/2891/2891
f 2894/2894/2894 2893/2893/2893 2890/2890/2890
f 2894/2894/2894 2895/2895/2895 2893/2893/2893
f 2896/2896/2896 2895/2895/2895 2894/2894/2894
f 2896/2896/2896 2897/2897/2897 2895/2895/2895
f 2898/2898/2898 2897/2897/2897 2896/2896/2896
f 2898/2898/2898 2899/2899/2899 2897/2897/2897
f 2900/2900/2900 2899/2899/2899 2898/2898/2898
f 2900/2900/2900 2901/2901/2901 2899/2899/2899
f 2902/2902/2902 2901/2901/2901 2900/2900/2900
f 2902/2902/2902 2903/2903/2903 2901/2901/2901
f 2904/2904/2904 2903/2903/2903 2902/2902/2902
f 2904/2904/2904 2905/2905/2905 2903/2903/2903
f 2906/2906/2906 2905/2905/2905 2904/2904/2904
f 2906/2906/2906 2907/2907/2907 2905/2905/2905
f 2908/2908/2908 2907/2907/2907 2906/2906/2906
f 2908/2908/2908 2909/2909/2909 2907/2907/2907
f 2910/2910/2910 2909/2909/2909 2908/2908/2908
f 2910/2910/2910 2911/2911/2911 2909/2909/2909
f 2912/2912/2912 2911/2911/2911 2910/2910/2910
f 2912/2912/2912 2913/2913/2913 2911/2911/2911
f 2914/2914/2914 2913/2913/2913 2912/2912/2912
f 2914/2914/2914 2915/2915/2915 2913/2913/2913
f 2916/2916/2916 2915/2915/2915 2914/2914/2914
f 2916/2916/2916 2917/2917/2917 2915/2915/2915
f 2918/2918/2918 2917/2917/2917 2916/2916/2916
f 2918/2918/2918 2919/2919/2919 2917/2917/2917
f 2920/2920/2920 2919/2919/2919 2918/2918/2918
f 2920/2920/2920 2921/2921/2921 2919/2919/2919
f 2922/2922/2922 2921/2921/2921 2920/2920/2920
f 2922/2922/2922 2923/2923/2923 2921/2921/2921
f 2924/2924/2924 2923/2923/2923 2922/2922/2922
f 2924/2924/2924 2925/2925/2925 2923/2923/2923
f 2926/2926/2926 2925/2925/2925 2924/2924/2924
f 2926/2926/2926 2927/2927/2927 2925/2925/2925
f 2928/2928/2928 2927/2927/2927 2926/2926/2926
f 2928/2928/2928 2929/2929/2929 2927/2927/2927
f 2930/2930/2930 2929/2929/2929 2928/2928/2928
f 2930/2930/2930 2931/2931/2931 2929/2929/2929
f 2932/2932/2932 2931/2931/2931 2930/2930/2930
f 2932/2932/2932 2933/2933/2933 2931/2931/2931
f 2934/2934/2934 2933/2933/2933 2932/2932/2932
f 2934/2934/2934 2935/2935/2935 2933/2933/2933
f 2936/2936/2936 2935/2935/2935 2934/2934/2934
f 2936/2936/2936 2937/2937/2937 2935/2935/2935
f 2938/2938/2938 2937/2937/2937 2936/2936/2936
f 2938/2938/2938 2939/2939/2939 2937/2937/2937
f 2940/2940/2940 2939/2939/2939 2938/2938/2938
f 2940/2940/2940 2941/2941/2941 2939/2939/2939
f 2942/2942/2942 2941/2941/2941 2940/2940/2940
f 2942/2942/2942 2943/2943/2943 2941/2941/2941
f 2944/2944/2944 2943/2943/2943 2942/2942/2942
f 2944/2944/2944 2945/2945/2945 2943/2943/2943
f 2946/2946/2946 2945/2945/2945 2944/2944/2944
f 2946/2946/2946 2947/2947/2947 2945/2945/2945
f 2948/2948/2948 2947/2947/2947 2946/2946/2946
f 2948/2948/2948 2949/2949/2949 2947/2947/2947
f 2950/2950/2950 2949/2949/2949 2948/2948/2948
f 2950/2950/2950 2951/2951/2951 2949/2949/2949
f 2952/2952/2952 2951/2951/2951 2950/2950/2950
f 2952/2952/2952 2953/2953/2953 2951/2951/2951
f 2954/2954/2954 2953/2953/2953 2952/2952/2952
f 2954/2954/2954 2955/2955/2955 2953/2953/2953
f 2956/2956/2956 2955/2955/2955 2954/2954/2954
f 2956/2956/2956 2957/2957/2957 2955/2955/2955
f 2958/2958/2958 2957/2957/2957 2956/2956/2956
f 2958/2958/2958 2959/2959/2959 2957/2957/2957
f 2960/2960/2960 2959/2959/2959 2958/2958/2958
f 2960/2960/2960 2961/2961/2961 2959/2959/2959
f 2962/2962/2962 2961/2961/2961 2960/2960/2960
f 2962/2962/2962 2963/2963/2963 2961/2961/2961
f 2964/2964/2964 2963/2963/2963 2962/2962/2962
f 2964/2964/2964 2965/2965/2965 2963/2963/2963
f 2966/2966/2966 2967/2967/2967 2968/2968/2968
f 2966/2966/2966 2969/2969/2969 2967/2967/2967
f 2970/2970/2970 2969/2969/2969 2966/2966/2966
f 2970/2970/2970 2971/2971/2971 2969/2969/2969
f 2972/2972/2972 2971/2971/2971 2970/2970/2970
f 2972/2972/2972 2973/2973/2973 2971/2971/2971
f 2974/2974/2974 2973/2973/2973 2972/2972/2972
f 2974/2974/2974 2975/2975/2975 2973/2973/2973
f 2976/2976/2976 2975/2975/2975 2974/2974/2974
f 2976/2976/2976 2977/2977/2977 2975/2975/2975
f 2978/2978/2978 2977/2977/2977 2976/2976/2976
f 2978/2978/2978 2979/2979/2979 2977/2977/2977
f 2980/2980/2980 2979/2979/2979 2978/2978/2978
f 2980/2980/2980 2981/2981/2981 2979/2979/2979
f 2982/2982/2982 2981/2981/2981 2980/2980/2980
f 2982/2982/2982 2893/2893/2893 2981/2981/2981
f 2983/2983/2983 2893/2893/2893 2982/2982/2982
f 2983/2983/2983 2891/2891/2891 2893/2893/2893
f 2984/2984/2984 2891/2891/2891 2983/2983/2983
f 2984/2984/2984 2985/2985/2985 2891/2891/2891
f 2986/2986/2986 2985/2985/2985 2984/2984/2984
f 2986/2986/2986 2987/2987/2987 2985/2985/2985
f 2988/2988/2988 2987/2987/2987 2986/2986/2986
f 2988/2988/2988 2989/2989/2989 2987/2987/2987
f 2990/2990/2990 2991/2991/2991 2953/2953/2953
f 2990/2990/2990 2992/2992/2992 2991/2991/2991
f 2993/2993/2993 2992/2992/2992 2990/2990/2990
f 2993/2993/2993 2994/2994/2994 2992/2992/2992
f 2995/2995/2995 2994/2994/2994 2993/2993/2993
f 2995/2995/2995 2996/2996/2996 2994/2994/2994
f 2997/2997/2997 2996/2996/2996 2995/2995/2995
f 2997/2997/2997 2998/2998/2998 2996/2996/2996
f 2999/2999/2999 2998/2998/2998 2997/2997/2997
f 2999/2999/2999 3000/3000/3000 2998/2998/2998
f 3001/3001/3001 3000/3000/3000 2999/2999/2999
f 3001/3001/3001 2929/2929/2929 3000/3000/3000
f 3002/3002/3002 2929/2929/2929 3001/3001/3001
f 3002/3002/3002 3003/3003/3003 2929/2929/2929
f 3004/3004/3004 3003/3003/3003 3002/3002/3002
f 3004/3004/3004 3005/3005/3005 3003/3003/3003
f 3006/3006/3006 3005/3005/3005 3004/3004/3004
f 3006/3006/3006 3007/3007/3007 3005/3005/3005
f 2913/2913/2913 2909/2909/2909 2911/2911/2911
f 2913/2913/2913 3008/3008/3008 2909/2909/2909
f 2915/2915/2915 3008/3008/3008 2913/2913/2913
f 2915/2915/2915 3009/3009/3009 3008/3008/3008
f 3010/3010/3010 3009/3009/3009 2915/2915/2915
f 3010/3010/3010 2967/2967/2967 3009/3009/3009
f 3011/3011/3011 2967/2967/2967 3010/3010/3010
f 3011/3011/3011 2968/2968/2968 2967/2967/2967
f 3012/3012/3012 2968/2968/2968 3011/3011/3011
f 3012/3012/3012 3013/3013/3013 2968/2968/2968
f 3014/3014/3014 3013/3013/3013 3012/3012/3012
f 3014/3014/3014 3015/3015/3015 3013/3013/3013
f 3016/3016/3016 3015/3015/3015 3014/3014/3014
f 3016/3016/3016 3017/3017/3017 3015/3015/3015
f 3018/3018/3018 3017/3017/3017 3016/3016/3016
f 3019/3019/3019 2897/2897/2897 2899/2899/2899
f 3019/3019/3019 2981/2981/2981 2897/2897/2897
f 3020/3020/3020 2981/2981/2981 3019/3019/3019
f 3020/3020/3020 2979/2979/2979 2981/2981/2981
f 3021/3021/3021 2979/2979/2979 3020/3020/3020
f 3021/3021/3021 2977/2977/2977 2979/2979/2979
f 3022/3022/3022 2977/2977/2977 3021/3021/3021
f 3022/3022/3022 3023/3023/3023 2977/2977/2977
f 3024/3024/3024 3023/3023/3023 3022/3022/3022
f 3024/3024/3024 3025/3025/3025 3023/3023/3023
f 3026/3026/3026 3025/3025/3025 3024/3024/3024
f 3026/3026/3026 2971/2971/2971 3025/3025/3025
f 3027/3027/3027 2971/2971/2971 3026/3026/3026
f 3027/3027/3027 2969/2969/2969 2971/2971/2971
f 2967/2967/2967 2969/2969/2969 3027/3027/3027
f 3028/3028/3028 3029/3029/3029 2922/2922/2922
f 3028/3028/3028 3030/3030/3030 3029/3029/3029
f 3031/3031/3031 3030/3030/3030 3028/3028/3028
f 3031/3031/3031 3032/3032/3032 3030/3030/3030
f 3033/3033/3033 3032/3032/3032 3031/3031/3031
f 3033/3033/3033 3034/3034/3034 3032/3032/3032
f 3035/3035/3035 3034/3034/3034 3033/3033/3033
f 3035/3035/3035 3036/3036/3036 3034/3034/3034
f 3037/3037/3037 3036/3036/3036 3035/3035/3035
f 3037/3037/3037 3038/3038/3038 3036/3036/3036
f 3039/3039/3039 3038/3038/3038 3037/3037/3037
f 3039/3039/3039 3040/3040/3040 3038/3038/3038
f 2904/2904/2904 3040/3040/3040 3039/3039/3039
f 2904/2904/2904 2902/2902/2902 3040/3040/3040
f 2890/2890/2890 2938/2938/2938 3041/3041/3041
f 2890/2890/2890 3042/3042/3042 2938/2938/2938
f 3043/3043/3043 3042/3042/3042 2890/2890/2890
f 3043/3043/3043 3044/3044/3044 3042/3042/3042
f 3045/3045/3045 3044/3044/3044 3043/3043/3043
f 3045/3045/3045 3046/3046/3046 3044/3044/3044
f 3047/3047/3047 3046/3046/3046 3045/3045/3045
f 3047/3047/3047 3048/3048/3048 3046/3046/3046
f 3049/3049/3049 3048/3048/3048 3047/3047/3047
f 3049/3049/3049 3050/3050/3050 3048/3048/3048
f 3051/3051/3051 2997/2997/2997 2995/2995/2995
f 3051/3051/3051 2999/2999/2999 2997/2997/2997
f 3052/3052/3052 2999/2999/2999 3051/3051/3051
f 3052/3052/3052 3001/3001/3001 2999/2999/2999
f 3053/3053/3053 3001/3001/3001 3052/3052/3052
f 3053/3053/3053 3054/3054/3054 3001/3001/3001
f 3055/3055/3055 3054/3054/3054 3053/3053/3053
f 3055/3055/3055 3056/3056/3056 3054/3054/3054
f 2965/2965/2965 3056/3056/3056 3055/3055/3055
f 2965/2965/2965 3057/3057/3057 3056/3056/3056
f 3029/3029/3029 2924/2924/2924 2922/2922/2922
f 3029/3029/3029 2926/2926/2926 2924/2924/2924
f 3058/3058/3058 2926/2926/2926 3029/3029/3029
f 3058/3058/3058 3059/3059/3059 2926/2926/2926
f 3038/3038/3038 3059/3059/3059 3058/3058/3058
f 3038/3038/3038 3060/3060/3060 3059/3059/3059
f 3040/3040/3040 3060/3060/3060 3038/3038/3038
f 3040/3040/3040 3061/3061/3061 3060/3060/3060
f 2902/2902/2902 3061/3061/3061 3040/3040/3040
f 2902/2902/2902 2900/2900/2900 3061/3061/3061
f 2992/2992/2992 3062/3062/3062 2991/2991/2991
f 2992/2992/2992 3063/3063/3063 3062/3062/3062
f 2994/2994/2994 3063/3063/3063 2992/2992/2992
f 2994/2994/2994 3064/3064/3064 3063/3063/3063
f 2996/2996/2996 3064/3064/3064 2994/2994/2994
f 2996/2996/2996 3065/3065/3065 3064/3064/3064
f 2998/2998/2998 3065/3065/3065 2996/2996/2996
f 2998/2998/2998 2933/2933/2933 3065/3065/3065
f 2931/2931/2931 2933/2933/2933 2998/2998/2998
f 2903/2903/2903 3024/3024/3024 3022/3022/3022
f 2903/2903/2903 3066/3066/3066 3024/3024/3024
f 2905/2905/2905 3066/3066/3066 2903/2903/2903
f 2905/2905/2905 3067/3067/3067 3066/3066/3066
f 2907/2907/2907 3067/3067/3067 2905/2905/2905
f 2907/2907/2907 3068/3068/3068 3067/3067/3067
f 3069/3069/3069 3068/3068/3068 2907/2907/2907
f 3069/3069/3069 3008/3008/3008 3068/3068/3068
f 2909/2909/2909 3008/3008/3008 3069/3069/3069
f 2917/2917/2917 3010/3010/3010 2915/2915/2915
f 2917/2917/2917 3070/3070/3070 3010/3010/3010
f 2919/2919/2919 3070/3070/3070 2917/2917/2917
f 2919/2919/2919 3071/3071/3071 3070/3070/3070
f 3072/3072/3072 3071/3071/3071 2919/2919/2919
f 3072/3072/3072 3073/3073/3073 3071/3071/3071
f 3074/3074/3074 3073/3073/3073 3072/3072/3072
f 3074/3074/3074 3014/3014/3014 3073/3073/3073
f 3016/3016/3016 3014/3014/3014 3074/3074/3074
f 2982/2982/2982 2984/2984/2984 2983/2983/2983
f 2982/2982/2982 3075/3075/3075 2984/2984/2984
f 2980/2980/2980 3075/3075/3075 2982/2982/2982
f 2980/2980/2980 3076/3076/3076 3075/3075/3075
f 2978/2978/2978 3076/3076/3076 2980/2980/2980
f 2978/2978/2978 3077/3077/3077 3076/3076/3076
f 2976/2976/2976 3077/3077/3077 2978/2978/2978
f 2976/2976/2976 3078/3078/3078 3077/3077/3077
f 3055/3055/3055 2963/2963/2963 2965/2965/2965
f 3055/3055/3055 2961/2961/2961 2963/2963/2963
f 3053/3053/3053 2961/2961/2961 3055/3055/3055
f 3053/3053/3053 2959/2959/2959 2961/2961/2961
f 3052/3052/3052 2959/2959/2959 3053/3053/3053
f 3052/3052/3052 3079/3079/3079 2959/2959/2959
f 3051/3051/3051 3079/3079/3079 3052/3052/3052
f 3051/3051/3051 2995/2995/2995 3079/3079/3079
f 2951/2951/2951 2947/2947/2947 2949/2949/2949
f 2951/2951/2951 3080/3080/3080 2947/2947/2947
f 2953/2953/2953 3080/3080/3080 2951/2951/2951
f 2953/2953/2953 3081/3081/3081 3080/3080/3080
f 2991/2991/2991 3081/3081/3081 2953/2953/2953
f 2991/2991/2991 3082/3082/3082 3081/3081/3081
f 3062/3062/3062 3082/3082/3082 2991/2991/2991
f 2912/2912/2912 3035/3035/3035 3033/3033/3033
f 2912/2912/2912 3083/3083/3083 3035/3035/3035
f 3084/3084/3084 3083/3083/3083 2912/2912/2912
f 3084/3084/3084 2906/2906/2906 3083/3083/3083
f 3085/3085/3085 2906/2906/2906 3084/3084/3084
f 3085/3085/3085 2908/2908/2908 2906/2906/2906
f 2910/2910/2910 2908/2908/2908 3085/3085/3085
f 2985/2985/2985 2892/2892/2892 2891/2891/2891
f 2985/2985/2985 3086/3086/3086 2892/2892/2892
f 2987/2987/2987 3086/3086/3086 2985/2985/2985
f 2987/2987/2987 3047/3047/3047 3086/3086/3086
f 2989/2989/2989 3047/3047/3047 2987/2987/2987
f 2989/2989/2989 3049/3049/3049 3047/3047/3047
f 3087/3087/3087 2943/2943/2943 3088/3088/3088
f 3087/3087/3087 3089/3089/3089 2943/2943/2943
f 3090/3090/3090 3089/3089/3089 3087/3087/3087
f 3090/3090/3090 3091/3091/3091 3089/3089/3089
f 3092/3092/3092 3091/3091/3091 3090/3090/3090
f 3092/3092/3092 2935/2935/2935 3091/3091/3091
f 3093/3093/3093 2930/2930/2930 2928/2928/2928
f 3093/3093/3093 3094/3094/3094 2930/2930/2930
f 3095/3095/3095 3094/3094/3094 3093/3093/3093
f 3095/3095/3095 3096/3096/3096 3094/3094/3094
f 2896/2896/2896 3096/3096/3096 3095/3095/3095
f 2896/2896/2896 2894/2894/2894 3096/3096/3096
f 3063/3063/3063 3087/3087/3087 3062/3062/3062
f 3063/3063/3063 3092/3092/3092 3087/3087/3087
f 3064/3064/3064 3092/3092/3092 3063/3063/3063
f 3064/3064/3064 2935/2935/2935 3092/3092/3092
f 3065/3065/3065 2935/2935/2935 3064/3064/3064
f 3065/3065/3065 2933/2933/2933 2935/2935/2935
f 3097/3097/3097 2922/2922/2922 2920/2920/2920
f 3097/3097/3097 3028/3028/3028 2922/2922/2922
f 3098/3098/3098 3028/3028/3028 3097/3097/3097
f 3098/3098/3098 3031/3031/3031 3028/3028/3028
f 3099/3099/3099 3031/3031/3031 3098/3098/3098
f 3099/3099/3099 3033/3033/3033 3031/3031/3031
f 3016/3016/3016 3007/3007/3007 3018/3018/3018
f 3016/3016/3016 3100/3100/3100 3007/3007/3007
f 3074/3074/3074 3100/3100/3100 3016/3016/3016
f 3074/3074/3074 3101/3101/3101 3100/3100/3100
f 3072/3072/3072 3101/3101/3101 3074/3074/3074
f 3072/3072/3072 3102/3102/3102 3101/3101/3101
f 3103/3103/3103 3077/3077/3077 3078/3078/3078
f 3103/3103/3103 3104/3104/3104 3077/3077/3077
f 3105/3105/3105 3104/3104/3104 3103/3103/3103
f 3105/3105/3105 3076/3076/3076 3104/3104/3104
f 3075/3075/3075 3076/3076/3076 3105/3105/3105
f 3042/3042/3042 2940/2940/2940 2938/2938/2938
f 3042/3042/3042 2948/2948/2948 2940/2940/2940
f 3044/3044/3044 2948/2948/2948 3042/3042/3042
f 3044/3044/3044 2950/2950/2950 2948/2948/2948
f 2952/2952/2952 2950/2950/2950 3044/3044/3044
f 3106/3106/3106 3107/3107/3107 3050/3050/3050
f 3106/3106/3106 3108/3108/3108 3107/3107/3107
f 3109/3109/3109 3108/3108/3108 3106/3106/3106
f 3109/3109/3109 2962/2962/2962 3108/3108/3108
f 2964/2964/2964 2962/2962/2962 3109/3109/3109
f 3089/3089/3089 2941/2941/2941 2943/2943/2943
f 3089/3089/3089 3110/3110/3110 2941/2941/2941
f 3111/3111/3111 3110/3110/3110 3089/3089/3089
f 3111/3111/3111 2939/2939/2939 3110/3110/3110
f 2937/2937/2937 2939/2939/2939 3111/3111/3111
f 2918/2918/2918 3097/3097/3097 2920/2920/2920
f 2918/2918/2918 3098/3098/3098 3097/3097/3097
f 2916/2916/2916 3098/3098/3098 2918/2918/2918
f 2916/2916/2916 3099/3099/3099 3098/3098/3098
f 3112/3112/3112 3105/3105/3105 3103/3103/3103
f 3112/3112/3112 3113/3113/3113 3105/3105/3105
f 3114/3114/3114 3113/3113/3113 3112/3112/3112
f 3114/3114/3114 2988/2988/2988 3113/3113/3113
f 2921/2921/2921 3072/3072/3072 2919/2919/2919
f 2921/2921/2921 3102/3102/3102 3072/3072/3072
f 2923/2923/2923 3102/3102/3102 2921/2921/2921
f 2923/2923/2923 2925/2925/2925 3102/3102/3102
f 3046/3046/3046 2952/2952/2952 3044/3044/3044
f 3046/3046/3046 3107/3107/3107 2952/2952/2952
f 3048/3048/3048 3107/3107/3107 3046/3046/3046
f 3048/3048/3048 3050/3050/3050 3107/3107/3107
f 3059/3059/3059 2928/2928/2928 2926/2926/2926
f 3059/3059/3059 3093/3093/3093 2928/2928/2928
f 3060/3060/3060 3093/3093/3093 3059/3059/3059
f 3060/3060/3060 3061/3061/3061 3093/3093/3093
f 2925/2925/2925 3101/3101/3101 3102/3102/3102
f 2925/2925/2925 3003/3003/3003 3101/3101/3101
f 2927/2927/2927 3003/3003/3003 2925/2925/2925
f 2927/2927/2927 2929/2929/2929 3003/3003/3003
f 2936/2936/2936 3041/3041/3041 2938/2938/2938
f 2936/2936/2936 3115/3115/3115 3041/3041/3041
f 2934/2934/2934 3115/3115/3115 2936/2936/2936
f 2934/2934/2934 2932/2932/2932 3115/3115/3115
f 3096/3096/3096 3115/3115/3115 2932/2932/2932
f 3096/3096/3096 3041/3041/3041 3115/3115/3115
f 2894/2894/2894 3041/3041/3041 3096/3096/3096
f 2894/2894/2894 2890/2890/2890 3041/3041/3041
f 3079/3079/3079 2957/2957/2957 2959/2959/2959
f 3079/3079/3079 3116/3116/3116 2957/2957/2957
f 2995/2995/2995 3116/3116/3116 3079/3079/3079
f 2995/2995/2995 2993/2993/2993 3116/3116/3116
f 3117/3117/3117 3043/3043/3043 2890/2890/2890
f 3117/3117/3117 3045/3045/3045 3043/3043/3043
f 3086/3086/3086 3045/3045/3045 3117/3117/3117
f 3086/3086/3086 3047/3047/3047 3045/3045/3045
f 2973/2973/2973 3025/3025/3025 2971/2971/2971
f 2973/2973/2973 3023/3023/3023 3025/3025/3025
f 2975/2975/2975 3023/3023/3023 2973/2973/2973
f 2975/2975/2975 2977/2977/2977 3023/3023/3023
f 2900/2900/2900 3093/3093/3093 3061/3061/3061
f 2900/2900/2900 3095/3095/3095 3093/3093/3093
f 2898/2898/2898 3095/3095/3095 2900/2900/2900
f 2898/2898/2898 2896/2896/2896 3095/3095/3095
f 3009/3009/3009 3068/3068/3068 3008/3008/3008
f 3009/3009/3009 3067/3067/3067 3068/3068/3068
f 3027/3027/3027 3067/3067/3067 3009/3009/3009
f 3027/3027/3027 3026/3026/3026 3067/3067/3067
f 3054/3054/3054 3118/3118/3118 3001/3001/3001
f 3054/3054/3054 3119/3119/3119 3118/3118/3118
f 3056/3056/3056 3119/3119/3119 3054/3054/3054
f 3056/3056/3056 3120/3120/3120 3119/3119/3119
f 3037/3037/3037 3121/3121/3121 3039/3039/3039
f 3037/3037/3037 3122/3122/3122 3121/3121/3121
f 3035/3035/3035 3122/3122/3122 3037/3037/3037
f 3035/3035/3035 3083/3083/3083 3122/3122/3122
f 3113/3113/3113 3075/3075/3075 3105/3105/3105
f 3113/3113/3113 2984/2984/2984 3075/3075/3075
f 2986/2986/2986 2984/2984/2984 3113/3113/3113
f 2912/2912/2912 3123/3123/3123 2914/2914/2914
f 2912/2912/2912 3124/3124/3124 3123/3123/3123
f 3033/3033/3033 3124/3124/3124 2912/2912/2912
f 3011/3011/3011 3014/3014/3014 3012/3012/3012
f 3011/3011/3011 3073/3073/3073 3014/3014/3014
f 3071/3071/3071 3073/3073/3073 3011/3011/3011
f 2940/2940/2940 2944/2944/2944 2942/2942/2942
f 2940/2940/2940 2946/2946/2946 2944/2944/2944
f 2948/2948/2948 2946/2946/2946 2940/2940/2940
f 3020/3020/3020 3022/3022/3022 3021/3021/3021
f 3020/3020/3020 2903/2903/2903 3022/3022/3022
f 2901/2901/2901 2903/2903/2903 3020/3020/3020
f 3118/3118/3118 3002/3002/3002 3001/3001/3001
f 3118/3118/3118 3004/3004/3004 3002/3002/3002
f 3006/3006/3006 3004/3004/3004 3118/3118/3118
f 2943/2943/2943 3125/3125/3125 3088/3088/3088
f 2943/2943/2943 3081/3081/3081 3125/3125/3125
f 3080/3080/3080 3081/3081/3081 2943/2943/2943
f 3111/3111/3111 2935/2935/2935 2937/2937/2937
f 3111/3111/3111 3091/3091/3091 2935/2935/2935
f 3089/3089/3089 3091/3091/3091 3111/3111/3111
f 3126/3126/3126 2947/2947/2947 3080/3080/3080
f 3126/3126/3126 2945/2945/2945 2947/2947/2947
f 2943/2943/2943 2945/2945/2945 3126/3126/3126
f 2960/2960/2960 3108/3108/3108 2962/2962/2962
f 2960/2960/2960 2958/2958/2958 3108/3108/3108
f 2956/2956/2956 3108/3108/3108 2958/2958/2958
f 2956/2956/2956 2954/2954/2954 3108/3108/3108
f 2895/2895/2895 2981/2981/2981 2893/2893/2893
f 2895/2895/2895 2897/2897/2897 2981/2981/2981
f 3109/3109/3109 3127/3127/3127 2964/2964/2964
f 3109/3109/3109 3106/3106/3106 3127/3127/3127
f 3094/3094/3094 2932/2932/2932 2930/2930/2930
f 3094/3094/3094 3096/3096/3096 2932/2932/2932
f 3128/3128/3128 2916/2916/2916 2914/2914/2914
f 3128/3128/3128 3099/3099/3099 2916/2916/2916
f 2912/2912/2912 3085/3085/3085 3084/3084/3084
f 2912/2912/2912 2910/2910/2910 3085/3085/3085
f 3036/3036/3036 3032/3032/3032 3034/3034/3034
f 3036/3036/3036 3038/3038/3038 3032/3032/3032
f 3066/3066/3066 3026/3026/3026 3024/3024/3024
f 3066/3066/3066 3067/3067/3067 3026/3026/3026
f 3019/3019/3019 2901/2901/2901 3020/3020/3020
f 3019/3019/3019 2899/2899/2899 2901/2901/2901
f 3100/3100/3100 3005/3005/3005 3007/3007/3007
f 3100/3100/3100 3101/3101/3101 3005/3005/3005
f 3129/3129/3129 3056/3056/3056 3057/3057/3057
f 3129/3129/3129 3120/3120/3120 3056/3056/3056
f 2955/2955/2955 2990/2990/2990 2953/2953/2953
f 2955/2955/2955 2957/2957/2957 2990/2990/2990
f 3119/3119/3119 3006/3006/3006 3118/3118/3118
f 3119/3119/3119 3120/3120/3120 3006/3006/3006
f 2990/2990/2990 3116/3116/3116 2993/2993/2993
f 2990/2990/2990 2957/2957/2957 3116/3116/3116
f 3083/3083/3083 3121/3121/3121 3122/3122/3122
f 3083/3083/3083 2906/2906/2906 3121/3121/3121
f 2904/2904/2904 3121/3121/3121 2906/2906/2906
f 2904/2904/2904 3039/3039/3039 3121/3121/3121
f 3038/3038/3038 3030/3030/3030 3032/3032/3032
f 3038/3038/3038 3058/3058/3058 3030/3030/3030
f 3000/3000/3000 2931/2931/2931 2998/2998/2998
f 3000/3000/3000 2929/2929/2929 2931/2931/2931
f 3130/3130/3130 2976/2976/2976 2974/2974/2974
f 3130/3130/3130 3078/3078/3078 2976/2976/2976
f 3011/3011/3011 3070/3070/3070 3071/3071/3071
f 3011/3011/3011 3010/3010/3010 3070/3070/3070
f 3107/3107/3107 2954/2954/2954 2952/2952/2952
f 3107/3107/3107 3108/3108/3108 2954/2954/2954
f 3104/3104/3104 3076/3076/3076 3077/3077/3077
f 2986/2986/2986 3113/3113/3113 2988/2988/2988
f 3030/3030/3030 3058/3058/3058 3029/3029/3029
f 3005/3005/3005 3101/3101/3101 3003/3003/3003
f 3069/3069/3069 2907/2907/2907 2909/2909/2909
f 3027/3027/3027 3009/3009/3009 2967/2967/2967
f 2941/2941/2941 3110/3110/3110 2939/2939/2939
f 3092/3092/3092 3090/3090/3090 3087/3087/3087
f 2943/2943/2943 3126/3126/3126 3080/3080/3080

v -0.671983 17.751925 1.211501
v -0.707236 17.787422 1.297043
v -0.570827 17.734154 1.342640
v -0.797776 17.803757 1.221531
v -0.738631 17.767464 1.134999
v -0.854056 17.808464 1.132389
v -0.722736 17.734388 1.145679
v -0.754516 17.714064 1.157471
v -0.663917 17.624828 1.185730
v 0.521889 17.733261 1.342640
v 0.514201 17.716454 1.278491
v 0.371387 17.666801 1.305771
v 0.623145 17.750595 1.211501
v 0.658527 17.785940 1.297043
v 0.749137 17.801884 1.221531
v 0.673798 17.732841 1.145679
v 0.705490 17.712379 1.157471
v 0.614506 17.623537 1.185730
v 0.805437 17.806345 1.132389
v 0.689836 17.765848 1.134999
v -0.563163 17.717308 1.278491
v -0.420613 17.667042 1.305771

vt -0.446425 0.604103
vt -0.447679 0.632810
vt -0.486560 0.608510
vt -0.414840 0.633194
vt -0.421073 0.601030
vt -0.360110 0.619087
vt -0.425698 0.591814
vt -0.395227 0.588120
vt -0.443092 0.561438
vt -0.486560 0.608510
vt -0.480703 0.596118
vt -0.517992 0.569022
vt -0.446425 0.604103
vt -0.447679 0.632810
vt -0.414840 0.633194
vt -0.425698 0.591814
vt -0.395227 0.588120
vt -0.443092 0.561438
vt -0.360110 0.619087
vt -0.421073 0.601030
vt -0.480703 0.596118
vt -0.517992 0.569022

vn 0.384749 0.903751 -0.187625
vn 0.384441 0.897957 -0.214190
vn 0.384749 0.903751 -0.187625
vn 0.352674 0.919184 -0.175277
vn 0.295321 0.739310 -0.605150
vn 0.058584 0.106040 -0.992635
vn -0.102767 -0.366416 -0.924759
vn -0.102767 -0.366416 -0.924759
vn -0.093767 -0.385845 -0.917786
vn -0.380917 0.905355 -0.187709
vn -0.380917 0.905355 -0.187709
vn -0.355297 0.913783 -0.196887
vn -0.380917 0.905355 -0.187709
vn -0.380588 0.899576 -0.214281
vn -0.348734 0.920687 -0.175270
vn 0.101181 -0.366865 -0.924755
vn 0.101181 -0.366865 -0.924755
vn 0.092098 -0.386245 -0.917787
vn -0.058119 0.106285 -0.992636
vn -0.292160 0.740589 -0.605121
vn 0.384749 0.903751 -0.187625
vn 0.359324 0.912270 -0.196597

g polygon10
s 1
usemtl mat11
f 3131/3131/3131 3132/3132/3132 3133/3133/3133
f 3131/3131/3131 3134/3134/3134 3132/3132/3132
f 3135/3135/3135 3134/3134/3134 3131/3131/3131
f 3135/3135/3135 3136/3136/3136 3134/3134/3134
f 3137/3137/3137 3136/3136/3136 3135/3135/3135
f 3137/3137/3137 3138/3138/3138 3136/3136/3136
f 3139/3139/3139 3138/3138/3138 3137/3137/3137
f 3140/3140/3140 3141/3141/3141 3142/3142/3142
f 3140/3140/3140 3143/3143/3143 3141/3141/3141
f 3144/3144/3144 3143/3143/3143 3140/3140/3140
f 3144/3144/3144 3145/3145/3145 3143/3143/3143
f 3146/3146/3146 3147/3147/3147 3148/3148/3148
f 3146/3146/3146 3149/3149/3149 3147/3147/3147
f 3150/3150/3150 3149/3149/3149 3146/3146/3146
f 3145/3145/3145 3150/3150/3150 3143/3143/3143
f 3145/3145/3145 3149/3149/3149 3150/3150/3150
f 3151/3151/3151 3133/3133/3133 3152/3152/3152
f 3151/3151/3151 3131/3131/3131 3133/3133/3133

v -1.045253 18.236040 1.060833
v -1.240229 18.277634 1.098439
v -1.069813 18.253832 1.206005
v -1.213894 18.197990 0.952751
v -1.073414 18.173887 0.918365
v -1.285711 18.246824 0.816159
v -1.145396 18.208509 0.796872
v -1.311139 18.191254 0.756280
v -1.169446 18.184738 0.697879
v -1.318275 18.207123 0.666696
v -1.203257 18.101551 0.617598
v -1.403683 18.087803 0.703439
v -1.315021 17.931139 0.645760
v -1.434625 17.933529 0.714420
v -1.409786 17.649817 0.659817
v -1.369546 17.693571 0.868211
v -1.276664 17.345469 0.877774
v -1.302236 17.369612 1.027471
v -1.257921 17.312353 0.939666
v -1.374955 17.658676 1.026547
v -1.304405 17.665035 1.146134
v -1.339997 17.977873 0.993657
v -1.329565 18.010248 1.166171
v -1.194999 18.008432 1.270760
v -1.009248 18.299559 1.372754
v -0.866433 18.261824 1.234410
v -0.708670 18.281452 1.309150
v -0.681261 18.381262 1.465060
v -0.540485 18.279003 1.414442
v -0.622247 18.324301 1.352506
v -0.776780 18.320618 1.607478
v -0.848000 18.242367 1.431740
v -0.838648 18.172319 1.678464
v -0.929777 18.015091 1.501600
v -0.887691 17.930511 1.706561
v -0.863913 17.624062 1.620873
v -0.673116 17.871759 1.583751
v -0.688492 17.579370 1.556844
v -1.380235 18.115793 0.828338
v -1.357528 17.930161 0.841475
v -1.372685 17.984459 0.922678
v -1.528252 17.650700 0.151379
v -1.349773 17.828791 0.039104
v -1.429354 17.639441 0.083985
v -1.517341 17.867229 0.118451
v -1.413794 17.848475 0.193725
v -1.444889 18.047714 0.110164
v -1.363352 17.961809 0.186689
v -1.285307 18.107887 0.086080
v -1.180497 18.076408 0.184129
v -1.193919 18.095612 0.080793
v -0.848000 18.242367 1.431740
v -1.111267 17.965759 1.419655
v -1.050104 17.549379 1.344228
v -1.221433 17.567341 1.260437
v -1.126973 17.311113 1.212777
v -1.164505 17.328150 1.105422
v -0.939849 17.299110 1.444248
v -1.040469 17.549379 1.332370
v -0.979025 17.303314 1.316292
v -1.051529 17.591145 1.470753
v -0.880591 17.617516 1.470989
v -0.929777 18.015091 1.501600
v -1.407105 17.441839 0.566250
v -1.354703 17.397833 0.634878
v -1.477133 17.695156 0.549239
v -1.375925 17.976564 0.516492
v -1.212206 18.119324 0.509592
v -1.314895 18.123739 0.972719
v -1.410209 17.723082 0.413387
v -1.381166 17.461067 0.307495
v -1.357161 17.462009 0.388331
v -1.432516 17.657124 0.289636
v -1.395450 17.919519 0.264634
v -1.379399 17.785107 0.191391
v -1.363352 17.961809 0.186689
v -1.201926 18.086256 0.364050
v -1.377458 17.924667 0.401758
v -1.308913 18.104059 0.244876
v -1.179911 18.047810 0.013347
v -1.177843 17.930967 -0.021680
v -1.355460 17.457397 0.457331
v -1.180497 18.076408 0.184129
v -1.216501 18.106634 0.271545
v -0.678856 17.361887 1.516274
v -0.766629 17.360994 1.537330
v -0.802976 17.352659 1.487925
v -0.941557 18.243864 1.160514
v -1.377153 17.484539 0.254099
v -0.708670 18.281452 1.309150
v -0.613697 18.046444 1.559566
v -0.880591 17.617516 1.470989
v -0.990835 17.334566 1.296377
v -1.364397 17.372400 0.685214
v -0.818877 17.393318 1.439764
v -1.433530 17.652746 0.216328
v 0.340815 18.200178 1.760388
v 0.109673 18.482464 1.550181
v 0.326758 18.133829 1.714260
v 0.302180 18.457848 1.711335
v 0.432454 18.189333 1.802340
v 0.406703 18.497185 1.680957
v 0.547170 18.194912 1.714990
v 0.460743 18.382097 1.630476
v 0.717200 18.084179 1.665838
v 0.692857 18.304016 1.667846
v 0.745438 18.285429 1.555061
v 0.608029 18.505432 1.610080
v 0.585600 18.588385 1.420166
v 0.490320 18.677967 1.510884
v 0.444620 18.687405 1.467409
v 0.391526 18.555586 1.492400
v 0.346477 18.505390 1.430811
v 0.275476 18.651400 1.506598
v 0.098422 18.411842 1.487605
v 0.114898 18.572468 1.531343
v -0.002943 18.341763 1.522103
v 1.279181 18.461889 0.976583
v 1.360244 18.253157 1.041850
v 1.387188 18.193159 0.908715
v 1.155781 18.367958 1.117739
v 1.054412 18.594397 1.005882
v 0.915796 18.678785 1.113636
v 0.810210 18.365494 1.141749
v 0.812919 18.637407 1.212708
v 0.514316 18.370674 1.365836
v 0.651015 18.663794 1.280775
v 0.748530 18.633263 1.403460
v 0.861566 18.415493 1.492462
v 0.942844 18.333807 1.344118
v 0.890775 18.203875 1.497610
v 1.415481 18.377762 0.585858
v 1.472846 18.183847 0.854871
v 1.478534 18.136496 0.647731
v 1.394901 18.438890 0.777669
v 1.286825 18.575741 0.630838
v 1.197608 18.597647 0.817482
v 1.121018 18.329737 0.680926
v 0.993445 18.351234 0.920935
v 0.299804 18.648254 1.538923
v 1.281077 18.626434 0.899052
v 1.197608 18.597647 0.817482
v 1.279181 18.461889 0.976583
v 1.394901 18.438890 0.777669
v 1.383486 18.556614 0.993494
v 1.454785 18.357237 0.885641
v 1.461359 18.408785 1.073056
v 1.122524 18.614580 0.907127
v 0.060506 18.499184 1.588517
v 0.109673 18.482464 1.550181
v -0.002943 18.341763 1.522103
v 0.152270 18.431942 1.775767
v 0.072445 18.163656 1.801770
v -0.839794 17.032763 1.168339
v -0.901183 17.011631 1.051472
v 1.242728 18.299845 0.381196
v 1.336990 18.455326 0.526703
v -1.470056 17.481232 0.169427
v -1.360136 17.316032 0.167338
v -1.358005 17.317289 0.198111
v -1.443081 17.486336 0.136282
v 0.326758 18.133829 1.714260
v 0.257837 18.272831 1.954983
v 0.145957 18.552435 1.580683
v -0.661814 17.071657 1.482005
v -0.570420 17.093645 1.479137
v -1.202223 17.067976 0.696956
v -1.138193 17.110664 0.887343
v -1.189543 17.105915 0.500821
v -1.230836 17.112970 0.637866
v -0.775861 17.020828 1.300657
v -0.711273 17.069056 1.361696
v -1.134522 17.148260 0.279773
v -1.153539 17.151215 0.350159
v -1.110518 17.039291 0.972382
v -1.059457 17.049803 1.057784
v 1.082648 18.434347 1.221156
v -1.424802 17.488384 0.208425
v 1.322953 18.353800 1.047241
v 0.131674 17.936300 1.854903
v 0.317150 17.932848 2.005929
v 0.178007 17.678091 1.843314
v 0.314575 17.649410 1.955608
v 0.135507 17.403952 1.784121
v 0.209741 17.372530 1.824241
v 0.053047 17.127794 1.658835
v 0.125524 17.104954 1.646277
v 0.500669 17.880808 1.841543
v 0.597915 17.862061 1.746517
v 0.686112 17.915665 1.710078
v 0.692642 17.610893 1.716079
v 0.730399 17.859791 1.654798
v 0.704893 17.599400 1.623327
v 0.376586 17.895702 1.782373
v 0.368672 17.635103 1.786618
v 0.480882 17.605183 1.824704
v 0.424056 17.371204 1.762049
v 0.515651 17.400837 1.694570
v 0.437939 17.223425 1.630961
v 0.896078 17.260885 1.352267
v 0.652814 16.947195 1.232587
v 0.808381 16.937115 1.132827
v 0.798998 17.287329 1.357532
v 1.030901 17.560808 1.464704
v 0.937937 17.809999 1.497429
v 1.047350 17.926487 1.437917
v 1.160291 18.054440 1.276960
v 1.433294 17.674608 0.886425
v 1.204326 17.329685 0.996502
v 1.356715 17.418283 0.844112
v 1.310886 17.688692 1.086811
v 1.469592 17.991163 0.869445
v 1.366742 18.042633 1.081098
v 0.376586 17.895702 1.782373
v 0.368672 17.635103 1.786618
v 1.517012 17.920584 1.138885
v 1.449350 17.580379 1.081926
v 1.480819 17.576088 1.044633
v 1.440168 17.913155 1.118766
v 1.508796 18.236450 1.117857
v 1.387499 18.174623 1.091948
v 0.665051 17.406620 1.685281
v 0.638278 17.230709 1.562006
v 0.685871 17.411995 1.605933
v 0.611175 17.208874 1.628230
v 0.535497 17.384750 1.701123
v 0.476946 17.195427 1.644504
v 0.565524 17.593245 1.732792
v 1.280651 17.974472 1.226755
v 1.064699 17.607143 1.301752
v 1.310886 17.688692 1.086811
v 1.196689 17.604553 1.236306
v 0.961098 17.298313 1.220895
v 0.311127 17.399942 1.729993
v 0.345080 17.184069 1.678573
v 0.225742 17.179773 1.647982
v 0.112645 16.945141 1.543343
v 1.543428 17.913231 1.061796
v 1.507517 18.180349 0.981458
v 1.417566 17.694695 0.614541
v 1.286009 17.418661 0.717534
v 1.334917 17.492081 0.555630
v 1.373817 17.646999 0.802892
v 1.474362 17.946390 0.640572
v 1.127646 17.614193 1.313178
v 0.717436 17.265163 1.530846
v 0.538261 16.966730 1.469212
v 0.666008 16.952780 1.410396
v 0.634728 17.270411 1.544367
v 0.689703 17.596834 1.633374
v 0.813631 17.874554 1.646140
v 0.262197 16.929144 1.513225
v 1.119869 17.022293 0.695502
v 0.992482 16.995998 0.850707
v 0.273902 17.388367 1.744547
v 0.944464 17.001297 1.000250
v 0.784101 16.997791 1.101206
v 1.148692 17.342344 1.060073
v 1.009325 17.295313 1.259220
v 0.381200 16.914482 1.553796
v 0.549162 16.939156 1.467118
v 0.771740 17.231514 1.415268
v 1.153362 17.128183 0.416006
v 1.074849 17.114195 0.505704

vt 0.791559 0.246159
vt 0.796113 0.222581
vt 0.847279 0.225073
vt 0.750341 0.228882
vt 0.745057 0.235948
vt 0.697733 0.235321
vt 0.692480 0.247726
vt 0.677397 0.233914
vt 0.654812 0.244468
vt 0.657514 0.234040
vt 0.630938 0.226648
vt 0.660689 0.220043
vt 0.636925 0.187872
vt 0.664752 0.187455
vt 0.637190 0.109354
vt 0.704489 0.136253
vt 0.708121 0.087134
vt 0.752361 0.087134
vt 0.708121 0.087134
vt 0.755476 0.133323
vt 0.780154 0.136179
vt 0.758014 0.180138
vt 0.790064 0.186109
vt 0.854914 0.185865
vt 0.895143 0.220293
vt 0.894826 0.243071
vt 0.974588 0.241358
vt 0.714345 0.591046
vt 0.681894 0.549539
vt 0.682198 0.591045
vt 0.727068 0.591046
vt 0.745691 0.635282
vt 0.746493 0.591045
vt 0.809476 0.635282
vt 0.808573 0.591046
vt 0.863514 0.591046
vt 0.809471 0.546444
vt 0.868528 0.546444
vt 0.702488 0.215618
vt 0.701115 0.184032
vt 0.737576 0.184788
vt 0.870709 0.590680
vt 0.785332 0.546078
vt 0.870709 0.546078
vt 0.819386 0.590680
vt 0.785332 0.635282
vt 0.785332 0.590680
vt 0.699954 0.635282
vt 0.721298 0.590680
vt 0.699739 0.635282
vt 0.699954 0.590680
vt 0.940545 0.218609
vt 0.899456 0.186441
vt 0.873780 0.106452
vt 0.834296 0.120206
vt 0.834654 0.087134
vt 0.796678 0.087134
vt 0.905980 0.087134
vt 0.873780 0.106452
vt 0.872179 0.087134
vt 0.900767 0.123855
vt 0.946006 0.131480
vt 0.942613 0.188585
vt 0.592914 0.087134
vt 0.632665 0.087134
vt 0.594989 0.107391
vt 0.598674 0.198291
vt 0.598083 0.232781
vt 0.755919 0.215267
vt 0.544475 0.144677
vt 0.506647 0.097311
vt 0.538148 0.087134
vt 0.512046 0.146075
vt 0.515796 0.194093
vt 0.484049 0.145474
vt 0.487526 0.192161
vt 0.551443 0.225237
vt 0.549414 0.191256
vt 0.518554 0.225147
vt 0.699954 0.568379
vt 0.699954 0.546078
vt 0.538148 0.087134
vt 0.488982 0.222741
vt 0.526186 0.233667
vt 0.922938 0.546444
vt 0.921812 0.591046
vt 0.922915 0.635282
vt 0.852378 0.242692
vt 0.483498 0.097311
vt 0.681588 0.635282
vt 0.745692 0.546444
vt 0.868524 0.635282
vt 0.872179 0.087134
vt 0.632665 0.087134
vt 0.943247 0.087134
vt 0.870709 0.635282
vt 0.524456 0.437256
vt 0.504646 0.500751
vt 0.505495 0.434002
vt 0.530948 0.481785
vt 0.538835 0.433516
vt 0.546824 0.484452
vt 0.578397 0.436699
vt 0.578210 0.465289
vt 0.618446 0.401734
vt 0.618741 0.439688
vt 0.640605 0.453405
vt 0.619086 0.477359
vt 0.640480 0.491574
vt 0.619100 0.490232
vt 0.619104 0.494524
vt 0.578210 0.505565
vt 0.578211 0.518990
vt 0.541896 0.503977
vt 0.513675 0.519213
vt 0.517853 0.503210
vt 0.503950 0.519430
vt 0.854738 0.473916
vt 0.855190 0.429331
vt 0.898138 0.417620
vt 0.816537 0.463211
vt 0.816535 0.489583
vt 0.763702 0.486964
vt 0.739855 0.519822
vt 0.717180 0.486752
vt 0.640213 0.519632
vt 0.669983 0.482735
vt 0.669865 0.476102
vt 0.669511 0.456203
vt 0.717182 0.458540
vt 0.669472 0.414970
vt 0.993331 0.462292
vt 0.935359 0.416317
vt 0.993457 0.413197
vt 0.933915 0.470020
vt 0.938972 0.488958
vt 0.890701 0.501410
vt 0.920824 0.519910
vt 0.831816 0.519892
vt 0.542810 0.500358
vt 0.784570 0.590680
vt 0.742675 0.590680
vt 0.741768 0.546078
vt 0.741772 0.635282
vt 0.826465 0.590680
vt 0.825972 0.635282
vt 0.855129 0.590680
vt 0.854202 0.495101
vt 0.668264 0.590680
vt 0.668264 0.601830
vt 0.653793 0.546698
vt 0.689971 0.590680
vt 0.711678 0.546078
vt 0.877424 0.019979
vt 0.796762 0.019979
vt 0.992904 0.519975
vt 0.993176 0.479856
vt 0.938641 0.590680
vt 0.976531 0.544930
vt 0.979238 0.635243
vt 0.938641 0.546078
vt 0.711677 0.635282
vt 0.711677 0.590680
vt 0.522729 0.497854
vt 0.977060 0.635282
vt 0.977060 0.546483
vt 0.628465 0.019979
vt 0.710383 0.019979
vt 0.540116 0.019979
vt 0.628465 0.019979
vt 0.877424 0.019979
vt 0.945496 0.019979
vt 0.481290 0.030156
vt 0.540116 0.030156
vt 0.710383 0.033280
vt 0.796762 0.033280
vt 0.764843 0.467793
vt 0.938641 0.635243
vt 0.825970 0.546078
vt 0.793210 0.546078
vt 0.794624 0.590680
vt 0.865819 0.546078
vt 0.867120 0.590680
vt 0.943588 0.546078
vt 0.943588 0.590680
vt 0.970769 0.544930
vt 0.973968 0.635243
vt 0.538431 0.385577
vt 0.578135 0.391116
vt 0.602202 0.382962
vt 0.602430 0.361480
vt 0.618575 0.381280
vt 0.618821 0.359448
vt 0.505683 0.386620
vt 0.505556 0.358512
vt 0.538428 0.358666
vt 0.538434 0.343052
vt 0.577968 0.340575
vt 0.577881 0.326383
vt 0.717173 0.307333
vt 0.672537 0.261805
vt 0.783914 0.262777
vt 0.670303 0.309883
vt 0.717177 0.345473
vt 0.669540 0.355161
vt 0.717180 0.379372
vt 0.765334 0.397580
vt 0.936228 0.366338
vt 0.853472 0.320963
vt 0.937729 0.331177
vt 0.854478 0.360377
vt 0.935479 0.381251
vt 0.854801 0.388253
vt 0.793216 0.635282
vt 0.865824 0.635282
vt 0.931335 0.590680
vt 0.964191 0.546078
vt 0.964191 0.635243
vt 0.931016 0.546078
vt 0.883793 0.590680
vt 0.884076 0.546078
vt 0.602529 0.342162
vt 0.619076 0.315569
vt 0.618948 0.337508
vt 0.602628 0.322843
vt 0.577968 0.337954
vt 0.577881 0.321142
vt 0.578055 0.354766
vt 0.816539 0.382269
vt 0.763813 0.340896
vt 0.854478 0.346803
vt 0.816531 0.342193
vt 0.779089 0.308471
vt 0.505420 0.340374
vt 0.538440 0.327437
vt 0.505284 0.322236
vt 0.505781 0.283946
vt 0.931018 0.635282
vt 0.884075 0.635282
vt 0.993548 0.358538
vt 0.937729 0.327741
vt 0.993659 0.333843
vt 0.936228 0.355600
vt 0.993502 0.379954
vt 0.763813 0.346768
vt 0.640460 0.318957
vt 0.619065 0.263105
vt 0.672537 0.261805
vt 0.619076 0.318235
vt 0.618821 0.367445
vt 0.640453 0.378037
vt 0.577880 0.281807
vt 0.938651 0.264249
vt 0.856611 0.267435
vt 0.943588 0.635243
vt 0.856611 0.270612
vt 0.783914 0.271108
vt 0.856804 0.310565
vt 0.779089 0.306345
vt 0.577880 0.277929
vt 0.619065 0.275768
vt 0.670303 0.311009
vt 0.991528 0.285439
vt 0.938651 0.283577

vn 0.097321 0.956940 -0.273487
vn -0.628044 0.761702 0.159281
vn -0.216939 0.974660 0.054544
vn -0.192183 0.964513 -0.181053
vn 0.158231 0.979557 -0.124221
vn -0.356429 0.934164 -0.017191
vn 0.139232 0.979140 -0.147984
vn -0.507262 0.858818 -0.071530
vn 0.139457 0.914792 -0.379088
vn -0.299244 0.816868 -0.493132
vn -0.560493 0.601821 -0.568911
vn -0.792899 0.341916 -0.504385
vn -0.897865 0.354327 -0.261325
vn -0.995525 0.058635 -0.074103
vn -0.964338 -0.086294 0.250211
vn -0.991020 -0.120535 0.057893
vn -0.886512 -0.317428 0.336654
vn -0.860789 -0.384406 0.333579
vn -0.895854 -0.401540 -0.190291
vn -0.960647 -0.035863 0.275449
vn -0.832794 -0.138046 0.536095
vn -0.941836 0.161287 0.294842
vn -0.880882 0.148053 0.449585
vn -0.722508 0.181236 0.667185
vn -0.391597 0.850794 0.350430
vn -0.001324 0.967842 -0.251554
vn -0.156446 0.967565 -0.198348
vn -0.049663 0.990007 -0.131982
vn 0.665617 0.592465 0.453805
vn 0.213899 0.912196 -0.349493
vn 0.083173 0.691148 0.717911
vn -0.634512 0.685455 0.357135
vn -0.553655 0.391060 0.735213
vn -0.883173 0.120614 0.453275
vn -0.179897 -0.031503 0.983181
vn -0.552836 -0.309321 0.773753
vn 0.439967 -0.105185 0.891832
vn 0.346358 -0.163553 0.923735
vn -0.924279 0.335658 0.181774
vn -0.980383 -0.017870 0.196289
vn -0.983846 0.083640 0.158277
vn -0.998824 -0.044935 -0.018220
vn -0.454191 0.042810 -0.889875
vn -0.635985 -0.131197 -0.760467
vn -0.974437 0.206011 -0.089621
vn -0.539748 0.206878 0.816011
vn -0.732224 0.600243 -0.321802
vn -0.765666 0.602259 0.225919
vn -0.165862 0.984568 0.055824
vn -0.160731 0.980927 -0.109308
vn 0.117613 0.969058 -0.217013
vn -0.634512 0.685455 0.357135
vn -0.635086 0.097747 0.766232
vn -0.579648 -0.217847 0.785207
vn -0.745703 -0.228292 0.625948
vn -0.628522 -0.510060 0.587195
vn -0.760047 -0.439611 0.478613
vn -0.485832 -0.390753 0.781844
vn -0.960926 -0.260188 0.094461
vn -0.871307 -0.420523 0.252953
vn -0.685741 -0.168972 0.707960
vn -0.469177 -0.122947 0.874504
vn -0.883173 0.120614 0.453275
vn -0.928705 -0.368205 0.043950
vn -0.841198 -0.297049 0.451827
vn -0.998292 0.057624 0.009648
vn -0.791373 0.603527 0.097384
vn -0.657543 0.753192 -0.018414
vn -0.868095 0.437833 0.233908
vn -0.998824 -0.044935 -0.018220
vn -0.907808 -0.418153 -0.032127
vn -0.880997 -0.391144 0.266177
vn -0.990685 -0.039633 -0.130276
vn -0.969033 0.228099 -0.094579
vn -0.912803 -0.000584 -0.408400
vn -0.765666 0.602259 0.225919
vn -0.532232 0.843278 0.074907
vn -0.898997 0.437747 -0.013497
vn -0.557947 0.825201 -0.087964
vn -0.196349 0.550014 -0.811746
vn -0.364233 0.195239 -0.910613
vn -0.834339 -0.316500 -0.451338
vn -0.160731 0.980927 -0.109308
vn -0.016504 0.999092 -0.039275
vn 0.255851 -0.139928 0.956536
vn -0.200369 -0.283123 0.937920
vn -0.814122 -0.373748 0.444429
vn 0.015068 0.984761 -0.173261
vn -0.827653 -0.381784 -0.411377
vn -0.156446 0.967565 -0.198348
vn 0.538630 0.098151 0.836806
vn -0.469177 -0.122947 0.874504
vn -0.422476 -0.416743 0.804885
vn -0.888224 -0.277919 0.365812
vn 0.145780 -0.140585 0.979277
vn -0.593444 -0.008527 0.804830
vn -0.627784 -0.018042 0.778178
vn -0.577498 0.484921 0.656771
vn 0.748126 0.455983 0.482065
vn -0.328908 0.339412 0.881260
vn 0.101874 0.244232 0.964351
vn 0.569748 0.560111 0.601384
vn 0.618753 0.318276 0.718224
vn 0.383210 0.496018 0.779176
vn 0.522685 0.163096 0.836780
vn 0.475869 0.240157 0.846093
vn 0.678330 0.296898 0.672102
vn 0.223638 0.521040 0.823713
vn 0.020377 0.999657 -0.016429
vn 0.110492 0.806265 0.581144
vn -0.455169 0.776245 -0.436194
vn -0.112319 0.886280 0.449323
vn -0.328411 0.531020 -0.781130
vn -0.001844 0.742836 -0.669471
vn -0.359969 0.289082 -0.887048
vn -0.806482 0.589246 0.048745
vn -0.908157 0.416021 0.046668
vn 0.285952 0.582755 0.760676
vn 0.806617 0.293572 0.513016
vn 0.845666 0.249613 0.471743
vn 0.632375 0.418153 0.652112
vn -0.359479 0.853047 -0.378268
vn -0.108577 0.956567 -0.270539
vn -0.649294 0.226101 -0.726151
vn -0.110903 0.870265 -0.479937
vn -0.478778 0.228849 -0.847585
vn -0.504138 0.824322 -0.257561
vn 0.250825 0.832975 0.493193
vn 0.618753 0.318276 0.718224
vn 0.680873 0.323010 0.657325
vn 0.697137 0.098363 0.710158
vn 0.899683 0.424870 -0.100282
vn 0.904441 0.219360 0.365880
vn 0.993427 0.114462 -0.000806
vn 0.828752 0.558540 0.034693
vn 0.179392 0.881888 -0.435995
vn -0.339858 0.908410 -0.243490
vn -0.787686 0.453218 -0.417305
vn -0.746092 0.380055 -0.546722
vn 0.206957 0.878047 0.431511
vn -0.039099 0.971428 0.234094
vn -0.339858 0.908410 -0.243490
vn 0.285952 0.582755 0.760676
vn 0.828752 0.558540 0.034693
vn 0.379556 0.739644 0.555755
vn 0.925034 0.352417 -0.141827
vn 0.558319 0.480926 0.676010
vn -0.227778 0.971718 -0.062300
vn -0.495316 0.864301 -0.087436
vn -0.577498 0.484921 0.656771
vn -0.908157 0.416021 0.046668
vn -0.098832 0.854038 0.510737
vn -0.750205 0.197244 0.631100
vn -0.498156 -0.612013 0.614232
vn -0.677248 -0.671980 0.299629
vn -0.427290 0.643209 -0.635378
vn 0.457361 0.683019 -0.569479
vn -0.924168 -0.374091 0.077261
vn -0.800233 -0.528885 -0.282678
vn -0.772771 -0.449840 0.447739
vn -0.718118 -0.295697 -0.629976
vn 0.748126 0.455983 0.482065
vn 0.256179 0.520929 0.814251
vn -0.554319 0.450381 0.699919
vn -0.362383 -0.300005 0.882426
vn 0.152554 -0.102004 0.983017
vn -0.823512 -0.447836 0.348238
vn -0.805456 -0.459762 0.373978
vn -0.819574 -0.465813 -0.333640
vn -0.885865 -0.453791 0.096524
vn -0.581955 -0.616556 0.530271
vn -0.065877 -0.394357 0.916593
vn -0.771368 -0.586276 -0.247530
vn -0.807492 -0.589138 0.029548
vn -0.834256 -0.516423 0.193196
vn -0.638499 -0.423817 0.642416
vn 0.665597 0.417689 0.618479
vn -0.626442 -0.176310 0.759266
vn -0.320948 0.251338 0.913138
vn -0.632890 -0.069191 0.771144
vn 0.309862 0.045878 0.949674
vn -0.638395 -0.113392 0.761311
vn -0.014221 -0.276179 0.961001
vn -0.569882 -0.157389 0.806513
vn 0.111816 -0.496534 0.860785
vn -0.294013 -0.398819 0.868620
vn 0.373473 -0.592349 0.713891
vn 0.154301 0.066422 0.985789
vn 0.463258 0.033493 0.885590
vn 0.547401 0.078521 0.833178
vn 0.661714 -0.084186 0.745015
vn 0.640462 -0.048107 0.766482
vn 0.977663 -0.126493 0.167852
vn 0.064684 0.054438 0.996420
vn 0.377317 -0.227016 0.897828
vn 0.191851 -0.175737 0.965562
vn 0.181409 -0.360896 0.914792
vn 0.621542 -0.418147 0.662449
vn 0.569323 -0.540077 0.619829
vn 0.440746 -0.482149 0.757149
vn 0.194003 -0.477408 0.856997
vn 0.521877 -0.570918 0.633795
vn -0.094887 -0.290355 0.952203
vn 0.435541 -0.231487 0.869895
vn 0.572300 -0.002463 0.820041
vn 0.625017 0.132965 0.769204
vn 0.657500 0.196999 0.727244
vn 0.804388 -0.252150 0.537941
vn 0.739128 -0.472117 0.480412
vn 0.748065 -0.453765 0.484248
vn 0.848342 -0.215533 0.483593
vn 0.910049 -0.024159 0.413795
vn 0.845676 0.116896 0.520737
vn 0.064684 0.054438 0.996420
vn 0.377317 -0.227016 0.897828
vn 0.541343 -0.116250 0.832727
vn 0.282073 -0.212728 0.935511
vn 0.838815 -0.223895 0.496246
vn -0.245293 -0.001152 0.969448
vn 0.419888 0.183528 0.888826
vn -0.254337 0.095698 0.962369
vn 0.656194 -0.280382 0.700568
vn 0.909509 -0.333922 0.247566
vn 0.949193 -0.226075 0.218912
vn 0.581542 -0.422670 0.695097
vn 0.153521 -0.244862 0.957326
vn 0.151902 -0.334475 0.930082
vn 0.433842 -0.176120 0.883608
vn 0.672255 0.063981 0.737550
vn 0.411573 -0.155734 0.897973
vn 0.848342 -0.215533 0.483593
vn 0.656039 -0.322058 0.682563
vn 0.537078 -0.481071 0.692905
vn -0.304352 -0.210231 0.929071
vn 0.162411 -0.486081 0.858690
vn -0.251773 -0.283804 0.925238
vn -0.062441 -0.444907 0.893397
vn 0.978863 -0.009046 0.204318
vn 0.981067 0.176518 -0.079675
vn 0.929845 -0.352436 0.105723
vn 0.847924 -0.501110 0.172956
vn 0.898862 -0.431627 0.075795
vn 0.937906 -0.328541 0.111322
vn 0.987448 -0.141884 0.069391
vn 0.807938 -0.221715 0.545966
vn 0.515422 -0.310206 0.798820
vn 0.246145 -0.335574 0.909287
vn 0.613245 -0.370039 0.697855
vn 0.137500 -0.280487 0.949958
vn 0.233476 -0.207758 0.949908
vn 0.515564 -0.017240 0.856678
vn 0.339352 -0.587057 0.734985
vn 0.690953 -0.593700 0.412436
vn 0.659869 -0.610377 0.438192
vn 0.763225 -0.486112 0.425656
vn 0.546330 -0.518970 0.657414
vn 0.454363 -0.547479 0.702724
vn 0.699420 -0.474579 0.534403
vn 0.643919 -0.454281 0.615628
vn 0.304376 -0.450042 0.839534
vn 0.716072 -0.471881 0.514363
vn 0.821808 -0.311772 0.476896
vn 0.763466 -0.599088 0.241274
vn 0.591349 -0.694855 0.409248

g polygon11
s 1
usemtl mat8
f 3153/3153/3153 3154/3154/3154 3155/3155/3155
f 3153/3153/3153 3156/3156/3156 3154/3154/3154
f 3157/3157/3157 3156/3156/3156 3153/3153/3153
f 3157/3157/3157 3158/3158/3158 3156/3156/3156
f 3159/3159/3159 3158/3158/3158 3157/3157/3157
f 3159/3159/3159 3160/3160/3160 3158/3158/3158
f 3161/3161/3161 3160/3160/3160 3159/3159/3159
f 3161/3161/3161 3162/3162/3162 3160/3160/3160
f 3163/3163/3163 3162/3162/3162 3161/3161/3161
f 3163/3163/3163 3164/3164/3164 3162/3162/3162
f 3165/3165/3165 3164/3164/3164 3163/3163/3163
f 3165/3165/3165 3166/3166/3166 3164/3164/3164
f 3167/3167/3167 3166/3166/3166 3165/3165/3165
f 3167/3167/3167 3168/3168/3168 3166/3166/3166
f 3169/3169/3169 3168/3168/3168 3167/3167/3167
f 3170/3170/3170 3168/3168/3168 3171/3171/3171
f 3170/3170/3170 3172/3172/3172 3168/3168/3168
f 3173/3173/3173 3172/3172/3172 3170/3170/3170
f 3173/3173/3173 3174/3174/3174 3172/3172/3172
f 3175/3175/3175 3174/3174/3174 3173/3173/3173
f 3175/3175/3175 3154/3154/3154 3174/3174/3174
f 3176/3176/3176 3154/3154/3154 3175/3175/3175
f 3176/3176/3176 3155/3155/3155 3154/3154/3154
f 3177/3177/3177 3155/3155/3155 3176/3176/3176
f 3177/3177/3177 3178/3178/3178 3155/3155/3155
f 3179/3179/3179 3178/3178/3178 3177/3177/3177
f 3180/3180/3180 3181/3181/3181 3182/3182/3182
f 3180/3180/3180 3183/3183/3183 3181/3181/3181
f 3184/3184/3184 3183/3183/3183 3180/3180/3180
f 3184/3184/3184 3185/3185/3185 3183/3183/3183
f 3186/3186/3186 3185/3185/3185 3184/3184/3184
f 3186/3186/3186 3187/3187/3187 3185/3185/3185
f 3188/3188/3188 3187/3187/3187 3186/3186/3186
f 3188/3188/3188 3189/3189/3189 3187/3187/3187
f 3190/3190/3190 3189/3189/3189 3188/3188/3188
f 3164/3164/3164 3160/3160/3160 3162/3162/3162
f 3164/3164/3164 3191/3191/3191 3160/3160/3160
f 3166/3166/3166 3191/3191/3191 3164/3164/3164
f 3166/3166/3166 3192/3192/3192 3191/3191/3191
f 3168/3168/3168 3192/3192/3192 3166/3166/3166
f 3168/3168/3168 3193/3193/3193 3192/3192/3192
f 3172/3172/3172 3193/3193/3193 3168/3168/3168
f 3172/3172/3172 3174/3174/3174 3193/3193/3193
f 3194/3194/3194 3195/3195/3195 3196/3196/3196
f 3194/3194/3194 3197/3197/3197 3195/3195/3195
f 3198/3198/3198 3197/3197/3197 3194/3194/3194
f 3198/3198/3198 3199/3199/3199 3197/3197/3197
f 3200/3200/3200 3199/3199/3199 3198/3198/3198
f 3200/3200/3200 3201/3201/3201 3199/3199/3199
f 3202/3202/3202 3201/3201/3201 3200/3200/3200
f 3202/3202/3202 3203/3203/3203 3201/3201/3201
f 3177/3177/3177 3204/3204/3204 3179/3179/3179
f 3177/3177/3177 3205/3205/3205 3204/3204/3204
f 3176/3176/3176 3205/3205/3205 3177/3177/3177
f 3176/3176/3176 3206/3206/3206 3205/3205/3205
f 3207/3207/3207 3206/3206/3206 3176/3176/3176
f 3207/3207/3207 3208/3208/3208 3206/3206/3206
f 3209/3209/3209 3208/3208/3208 3207/3207/3207
f 3210/3210/3210 3211/3211/3211 3212/3212/3212
f 3210/3210/3210 3213/3213/3213 3211/3211/3211
f 3214/3214/3214 3213/3213/3213 3210/3210/3210
f 3214/3214/3214 3205/3205/3205 3213/3213/3213
f 3215/3215/3215 3205/3205/3205 3214/3214/3214
f 3215/3215/3215 3204/3204/3204 3205/3205/3205
f 3167/3167/3167 3216/3216/3216 3217/3217/3217
f 3167/3167/3167 3218/3218/3218 3216/3216/3216
f 3165/3165/3165 3218/3218/3218 3167/3167/3167
f 3165/3165/3165 3219/3219/3219 3218/3218/3218
f 3163/3163/3163 3219/3219/3219 3165/3165/3165
f 3163/3163/3163 3220/3220/3220 3219/3219/3219
f 3191/3191/3191 3158/3158/3158 3160/3160/3160
f 3191/3191/3191 3156/3156/3156 3158/3158/3158
f 3221/3221/3221 3156/3156/3156 3191/3191/3191
f 3221/3221/3221 3154/3154/3154 3156/3156/3156
f 3174/3174/3174 3154/3154/3154 3221/3221/3221
f 3222/3222/3222 3223/3223/3223 3224/3224/3224
f 3222/3222/3222 3225/3225/3225 3223/3223/3223
f 3226/3226/3226 3225/3225/3225 3222/3222/3222
f 3226/3226/3226 3227/3227/3227 3225/3225/3225
f 3228/3228/3228 3227/3227/3227 3226/3226/3226
f 3229/3229/3229 3219/3219/3219 3220/3220/3220
f 3229/3229/3229 3230/3230/3230 3219/3219/3219
f 3231/3231/3231 3230/3230/3230 3229/3229/3229
f 3231/3231/3231 3226/3226/3226 3230/3230/3230
f 3228/3228/3228 3226/3226/3226 3231/3231/3231
f 3232/3232/3232 3201/3201/3201 3203/3203/3203
f 3232/3232/3232 3199/3199/3199 3201/3201/3201
f 3233/3233/3233 3199/3199/3199 3232/3232/3232
f 3233/3233/3233 3195/3195/3195 3199/3199/3199
f 3218/3218/3218 3234/3234/3234 3216/3216/3216
f 3218/3218/3218 3222/3222/3222 3234/3234/3234
f 3230/3230/3230 3222/3222/3222 3218/3218/3218
f 3230/3230/3230 3226/3226/3226 3222/3222/3222
f 3231/3231/3231 3235/3235/3235 3228/3228/3228
f 3231/3231/3231 3236/3236/3236 3235/3235/3235
f 3229/3229/3229 3236/3236/3236 3231/3231/3231
f 3188/3188/3188 3237/3237/3237 3190/3190/3190
f 3188/3188/3188 3238/3238/3238 3237/3237/3237
f 3239/3239/3239 3238/3238/3238 3188/3188/3188
f 3240/3240/3240 3155/3155/3155 3178/3178/3178
f 3240/3240/3240 3153/3153/3153 3155/3155/3155
f 3209/3209/3209 3173/3173/3173 3170/3170/3170
f 3209/3209/3209 3207/3207/3207 3173/3173/3173
f 3221/3221/3221 3193/3193/3193 3174/3174/3174
f 3221/3221/3221 3191/3191/3191 3193/3193/3193
f 3176/3176/3176 3173/3173/3173 3207/3207/3207
f 3176/3176/3176 3175/3175/3175 3173/3173/3173
f 3225/3225/3225 3241/3241/3241 3223/3223/3223
f 3225/3225/3225 3227/3227/3227 3241/3241/3241
f 3242/3242/3242 3180/3180/3180 3182/3182/3182
f 3242/3242/3242 3184/3184/3184 3180/3180/3180
f 3183/3183/3183 3243/3243/3243 3181/3181/3181
f 3183/3183/3183 3185/3185/3185 3243/3243/3243
f 3188/3188/3188 3244/3244/3244 3239/3239/3239
f 3188/3188/3188 3186/3186/3186 3244/3244/3244
f 3243/3243/3243 3187/3187/3187 3189/3189/3189
f 3243/3243/3243 3185/3185/3185 3187/3187/3187
f 3245/3245/3245 3206/3206/3206 3208/3208/3208
f 3169/3169/3169 3167/3167/3167 3246/3246/3246
f 3247/3247/3247 3214/3214/3214 3210/3210/3210
f 3198/3198/3198 3194/3194/3194 3248/3248/3248
f 3191/3191/3191 3192/3192/3192 3193/3193/3193
f 3213/3213/3213 3205/3205/3205 3211/3211/3211
f 3219/3219/3219 3230/3230/3230 3218/3218/3218
f 3195/3195/3195 3197/3197/3197 3199/3199/3199
f 3249/3249/3249 3250/3250/3250 3251/3251/3251
f 3249/3249/3249 3252/3252/3252 3250/3250/3250
f 3253/3253/3253 3252/3252/3252 3249/3249/3249
f 3253/3253/3253 3254/3254/3254 3252/3252/3252
f 3255/3255/3255 3254/3254/3254 3253/3253/3253
f 3255/3255/3255 3256/3256/3256 3254/3254/3254
f 3257/3257/3257 3256/3256/3256 3255/3255/3255
f 3257/3257/3257 3258/3258/3258 3256/3256/3256
f 3259/3259/3259 3258/3258/3258 3257/3257/3257
f 3259/3259/3259 3260/3260/3260 3258/3258/3258
f 3261/3261/3261 3260/3260/3260 3259/3259/3259
f 3261/3261/3261 3262/3262/3262 3260/3260/3260
f 3263/3263/3263 3262/3262/3262 3261/3261/3261
f 3263/3263/3263 3264/3264/3264 3262/3262/3262
f 3265/3265/3265 3264/3264/3264 3263/3263/3263
f 3265/3265/3265 3266/3266/3266 3264/3264/3264
f 3267/3267/3267 3266/3266/3266 3265/3265/3265
f 3267/3267/3267 3268/3268/3268 3266/3266/3266
f 3269/3269/3269 3268/3268/3268 3267/3267/3267
f 3269/3269/3269 3250/3250/3250 3268/3268/3268
f 3270/3270/3270 3271/3271/3271 3272/3272/3272
f 3270/3270/3270 3273/3273/3273 3271/3271/3271
f 3274/3274/3274 3273/3273/3273 3270/3270/3270
f 3274/3274/3274 3275/3275/3275 3273/3273/3273
f 3276/3276/3276 3275/3275/3275 3274/3274/3274
f 3276/3276/3276 3277/3277/3277 3275/3275/3275
f 3278/3278/3278 3277/3277/3277 3276/3276/3276
f 3278/3278/3278 3279/3279/3279 3277/3277/3277
f 3261/3261/3261 3279/3279/3279 3278/3278/3278
f 3261/3261/3261 3280/3280/3280 3279/3279/3279
f 3281/3281/3281 3280/3280/3280 3261/3261/3261
f 3281/3281/3281 3282/3282/3282 3280/3280/3280
f 3283/3283/3283 3282/3282/3282 3281/3281/3281
f 3284/3284/3284 3285/3285/3285 3286/3286/3286
f 3284/3284/3284 3287/3287/3287 3285/3285/3285
f 3288/3288/3288 3287/3287/3287 3284/3284/3284
f 3288/3288/3288 3289/3289/3289 3287/3287/3287
f 3290/3290/3290 3289/3289/3289 3288/3288/3288
f 3290/3290/3290 3291/3291/3291 3289/3289/3289
f 3264/3264/3264 3260/3260/3260 3262/3262/3262
f 3264/3264/3264 3256/3256/3256 3260/3260/3260
f 3292/3292/3292 3256/3256/3256 3264/3264/3264
f 3292/3292/3292 3254/3254/3254 3256/3256/3256
f 3252/3252/3252 3254/3254/3254 3292/3292/3292
f 3293/3293/3293 3294/3294/3294 3295/3295/3295
f 3293/3293/3293 3296/3296/3296 3294/3294/3294
f 3297/3297/3297 3296/3296/3296 3293/3293/3293
f 3297/3297/3297 3298/3298/3298 3296/3296/3296
f 3299/3299/3299 3298/3298/3298 3297/3297/3297
f 3274/3274/3274 3291/3291/3291 3276/3276/3276
f 3274/3274/3274 3300/3300/3300 3291/3291/3291
f 3270/3270/3270 3300/3300/3300 3274/3274/3274
f 3270/3270/3270 3289/3289/3289 3300/3300/3300
f 3301/3301/3301 3302/3302/3302 3303/3303/3303
f 3301/3301/3301 3304/3304/3304 3302/3302/3302
f 3303/3303/3303 3304/3304/3304 3301/3301/3301
f 3303/3303/3303 3305/3305/3305 3304/3304/3304
f 3208/3208/3208 3306/3306/3306 3245/3245/3245
f 3208/3208/3208 3307/3307/3307 3306/3306/3306
f 3209/3209/3209 3307/3307/3307 3208/3208/3208
f 3288/3288/3288 3308/3308/3308 3290/3290/3290
f 3288/3288/3288 3309/3309/3309 3308/3308/3308
f 3284/3284/3284 3309/3309/3309 3288/3288/3288
f 3310/3310/3310 3311/3311/3311 3312/3312/3312
f 3310/3310/3310 3313/3313/3313 3311/3311/3311
f 3196/3196/3196 3313/3313/3313 3310/3310/3310
f 3304/3304/3304 3314/3314/3314 3302/3302/3302
f 3304/3304/3304 3315/3315/3315 3314/3314/3314
f 3305/3305/3305 3315/3315/3315 3304/3304/3304
f 3316/3316/3316 3252/3252/3252 3292/3292/3292
f 3316/3316/3316 3250/3250/3250 3252/3252/3252
f 3268/3268/3268 3250/3250/3250 3316/3316/3316
f 3317/3317/3317 3238/3238/3238 3239/3239/3239
f 3317/3317/3317 3318/3318/3318 3238/3238/3238
f 3319/3319/3319 3169/3169/3169 3246/3246/3246
f 3319/3319/3319 3320/3320/3320 3169/3169/3169
f 3321/3321/3321 3216/3216/3216 3234/3234/3234
f 3321/3321/3321 3322/3322/3322 3216/3216/3216
f 3323/3323/3323 3210/3210/3210 3212/3212/3212
f 3323/3323/3323 3324/3324/3324 3210/3210/3210
f 3325/3325/3325 3223/3223/3223 3241/3241/3241
f 3325/3325/3325 3326/3326/3326 3223/3223/3223
f 3327/3327/3327 3170/3170/3170 3171/3171/3171
f 3327/3327/3327 3328/3328/3328 3170/3170/3170
f 3287/3287/3287 3272/3272/3272 3285/3285/3285
f 3287/3287/3287 3270/3270/3270 3272/3272/3272
f 3263/3263/3263 3278/3278/3278 3265/3265/3265
f 3263/3263/3263 3261/3261/3261 3278/3278/3278
f 3266/3266/3266 3292/3292/3292 3264/3264/3264
f 3266/3266/3266 3268/3268/3268 3292/3292/3292
f 3280/3280/3280 3277/3277/3277 3279/3279/3279
f 3280/3280/3280 3282/3282/3282 3277/3277/3277
f 3281/3281/3281 3259/3259/3259 3283/3283/3283
f 3281/3281/3281 3261/3261/3261 3259/3259/3259
f 3275/3275/3275 3329/3329/3329 3273/3273/3273
f 3275/3275/3275 3277/3277/3277 3329/3329/3329
f 3330/3330/3330 3310/3310/3310 3312/3312/3312
f 3330/3330/3330 3248/3248/3248 3310/3310/3310
f 3194/3194/3194 3310/3310/3310 3248/3248/3248
f 3194/3194/3194 3196/3196/3196 3310/3310/3310
f 3295/3295/3295 3297/3297/3297 3293/3293/3293
f 3295/3295/3295 3331/3331/3331 3297/3297/3297
f 3170/3170/3170 3328/3328/3328 3209/3209/3209
f 3224/3224/3224 3223/3223/3223 3326/3326/3326
f 3216/3216/3216 3322/3322/3322 3217/3217/3217
f 3210/3210/3210 3324/3324/3324 3247/3247/3247
f 3238/3238/3238 3318/3318/3318 3237/3237/3237
f 3256/3256/3256 3258/3258/3258 3260/3260/3260
f 3291/3291/3291 3300/3300/3300 3289/3289/3289
f 3282/3282/3282 3329/3329/3329 3277/3277/3277
f 3316/3316/3316 3292/3292/3292 3268/3268/3268
f 3299/3299/3299 3297/3297/3297 3331/3331/3331
f 3332/3332/3332 3315/3315/3315 3305/3305/3305
f 3332/3332/3332 3333/3333/3333 3315/3315/3315
f 3334/3334/3334 3333/3333/3333 3332/3332/3332
f 3334/3334/3334 3335/3335/3335 3333/3333/3333
f 3336/3336/3336 3335/3335/3335 3334/3334/3334
f 3336/3336/3336 3337/3337/3337 3335/3335/3335
f 3338/3338/3338 3337/3337/3337 3336/3336/3336
f 3338/3338/3338 3339/3339/3339 3337/3337/3337
f 3340/3340/3340 3253/3253/3253 3249/3249/3249
f 3340/3340/3340 3255/3255/3255 3253/3253/3253
f 3341/3341/3341 3255/3255/3255 3340/3340/3340
f 3341/3341/3341 3342/3342/3342 3255/3255/3255
f 3343/3343/3343 3342/3342/3342 3341/3341/3341
f 3343/3343/3343 3344/3344/3344 3342/3342/3342
f 3345/3345/3345 3344/3344/3344 3343/3343/3343
f 3346/3346/3346 3249/3249/3249 3251/3251/3251
f 3346/3346/3346 3340/3340/3340 3249/3249/3249
f 3347/3347/3347 3340/3340/3340 3346/3346/3346
f 3347/3347/3347 3348/3348/3348 3340/3340/3340
f 3349/3349/3349 3348/3348/3348 3347/3347/3347
f 3349/3349/3349 3350/3350/3350 3348/3348/3348
f 3351/3351/3351 3350/3350/3350 3349/3349/3349
f 3352/3352/3352 3353/3353/3353 3354/3354/3354
f 3352/3352/3352 3355/3355/3355 3353/3353/3353
f 3356/3356/3356 3355/3355/3355 3352/3352/3352
f 3356/3356/3356 3357/3357/3357 3355/3355/3355
f 3358/3358/3358 3357/3357/3357 3356/3356/3356
f 3358/3358/3358 3282/3282/3282 3357/3357/3357
f 3359/3359/3359 3282/3282/3282 3358/3358/3358
f 3360/3360/3360 3361/3361/3361 3362/3362/3362
f 3360/3360/3360 3363/3363/3363 3361/3361/3361
f 3364/3364/3364 3363/3363/3363 3360/3360/3360
f 3364/3364/3364 3365/3365/3365 3363/3363/3363
f 3272/3272/3272 3365/3365/3365 3364/3364/3364
f 3272/3272/3272 3271/3271/3271 3365/3365/3365
f 3333/3333/3333 3314/3314/3314 3315/3315/3315
f 3333/3333/3333 3366/3366/3366 3314/3314/3314
f 3335/3335/3335 3366/3366/3366 3333/3333/3333
f 3335/3335/3335 3367/3367/3367 3366/3366/3366
f 3337/3337/3337 3367/3367/3367 3335/3335/3335
f 3368/3368/3368 3369/3369/3369 3370/3370/3370
f 3368/3368/3368 3371/3371/3371 3369/3369/3369
f 3372/3372/3372 3371/3371/3371 3368/3368/3368
f 3372/3372/3372 3373/3373/3373 3371/3371/3371
f 3331/3331/3331 3373/3373/3373 3372/3372/3372
f 3374/3374/3374 3375/3375/3375 3376/3376/3376
f 3374/3374/3374 3377/3377/3377 3375/3375/3375
f 3378/3378/3378 3377/3377/3377 3374/3374/3374
f 3378/3378/3378 3379/3379/3379 3377/3377/3377
f 3343/3343/3343 3376/3376/3376 3345/3345/3345
f 3343/3343/3343 3374/3374/3374 3376/3376/3376
f 3380/3380/3380 3374/3374/3374 3343/3343/3343
f 3380/3380/3380 3378/3378/3378 3374/3374/3374
f 3273/3273/3273 3365/3365/3365 3271/3271/3271
f 3273/3273/3273 3381/3381/3381 3365/3365/3365
f 3359/3359/3359 3381/3381/3381 3273/3273/3273
f 3359/3359/3359 3382/3382/3382 3381/3381/3381
f 3381/3381/3381 3383/3383/3383 3365/3365/3365
f 3381/3381/3381 3384/3384/3384 3383/3383/3383
f 3382/3382/3382 3384/3384/3384 3381/3381/3381
f 3382/3382/3382 3385/3385/3385 3384/3384/3384
f 3386/3386/3386 3349/3349/3349 3347/3347/3347
f 3386/3386/3386 3387/3387/3387 3349/3349/3349
f 3388/3388/3388 3387/3387/3387 3386/3386/3386
f 3388/3388/3388 3389/3389/3389 3387/3387/3387
f 3390/3390/3390 3368/3368/3368 3370/3370/3370
f 3390/3390/3390 3372/3372/3372 3368/3368/3368
f 3391/3391/3391 3372/3372/3372 3390/3390/3390
f 3391/3391/3391 3298/3298/3298 3372/3372/3372
f 3392/3392/3392 3393/3393/3393 3394/3394/3394
f 3392/3392/3392 3395/3395/3395 3393/3393/3393
f 3364/3364/3364 3395/3395/3395 3392/3392/3392
f 3364/3364/3364 3285/3285/3285 3272/3272/3272
f 3364/3364/3364 3396/3396/3396 3285/3285/3285
f 3392/3392/3392 3396/3396/3396 3364/3364/3364
f 3397/3397/3397 3356/3356/3356 3352/3352/3352
f 3397/3397/3397 3358/3358/3358 3356/3356/3356
f 3359/3359/3359 3358/3358/3358 3397/3397/3397
f 3398/3398/3398 3399/3399/3399 3400/3400/3400
f 3398/3398/3398 3401/3401/3401 3399/3399/3399
f 3402/3402/3402 3401/3401/3401 3398/3398/3398
f 3403/3403/3403 3398/3398/3398 3357/3357/3357
f 3403/3403/3403 3402/3402/3402 3398/3398/3398
f 3344/3344/3344 3402/3402/3402 3403/3403/3403
f 3403/3403/3403 3257/3257/3257 3344/3344/3344
f 3403/3403/3403 3259/3259/3259 3257/3257/3257
f 3357/3357/3357 3259/3259/3259 3403/3403/3403
f 3404/3404/3404 3387/3387/3387 3389/3389/3389
f 3404/3404/3404 3351/3351/3351 3387/3387/3387
f 3405/3405/3405 3361/3361/3361 3406/3406/3406
f 3405/3405/3405 3362/3362/3362 3361/3361/3361
f 3407/3407/3407 3337/3337/3337 3339/3339/3339
f 3407/3407/3407 3367/3367/3367 3337/3337/3337
f 3408/3408/3408 3385/3385/3385 3409/3409/3409
f 3408/3408/3408 3410/3410/3410 3385/3385/3385
f 3384/3384/3384 3410/3410/3410 3383/3383/3383
f 3384/3384/3384 3385/3385/3385 3410/3410/3410
f 3342/3342/3342 3257/3257/3257 3255/3255/3255
f 3342/3342/3342 3344/3344/3344 3257/3257/3257
f 3372/3372/3372 3299/3299/3299 3331/3331/3331
f 3372/3372/3372 3298/3298/3298 3299/3299/3299
f 3329/3329/3329 3359/3359/3359 3273/3273/3273
f 3329/3329/3329 3282/3282/3282 3359/3359/3359
f 3411/3411/3411 3352/3352/3352 3354/3354/3354
f 3411/3411/3411 3397/3397/3397 3352/3352/3352
f 3341/3341/3341 3380/3380/3380 3343/3343/3343
f 3341/3341/3341 3340/3340/3340 3380/3380/3380
f 3283/3283/3283 3357/3357/3357 3282/3282/3282
f 3283/3283/3283 3259/3259/3259 3357/3357/3357
f 3412/3412/3412 3377/3377/3377 3379/3379/3379
f 3412/3412/3412 3413/3413/3413 3377/3377/3377
f 3414/3414/3414 3398/3398/3398 3400/3400/3400
f 3414/3414/3414 3357/3357/3357 3398/3398/3398
f 3348/3348/3348 3380/3380/3380 3340/3340/3340
f 3348/3348/3348 3350/3350/3350 3380/3380/3380
f 3415/3415/3415 3393/3393/3393 3416/3416/3416
f 3415/3415/3415 3394/3394/3394 3393/3393/3393
f 3413/3413/3413 3375/3375/3375 3377/3377/3377
f 3286/3286/3286 3285/3285/3285 3396/3396/3396
f 3387/3387/3387 3351/3351/3351 3349/3349/3349

v 0.677626 19.222754 0.855013
v 0.184957 19.432415 0.922557
v 0.441863 19.210531 1.049004
v 0.573005 19.493847 0.656511
v 0.980929 19.165474 0.523863
v 0.844793 19.443020 0.390474
v 1.169382 18.990419 -0.104304
v 0.992163 19.267685 -0.154754
v 0.952052 19.137703 -0.547717
v 0.636005 19.348431 -0.486663
v 0.544309 19.076038 -0.947386
v 0.137321 19.331499 -0.710491
v -0.006617 19.107159 -0.977192
v -0.331806 19.258938 -0.681629
v -0.256228 19.086088 -0.913865
v 0.184957 19.432415 0.922557
v 0.170361 19.198307 1.177444
v 0.441863 19.210531 1.049004
v -0.287577 19.387594 0.942955
v -0.140040 19.584385 0.377294
v -0.589775 19.390455 0.598251
v -0.263444 19.549219 0.035151
v -0.736348 19.382576 0.071197
v -0.341440 19.374012 -0.423907
v -0.711693 19.217493 -0.394908
v -0.457654 19.144367 -0.773369
v -0.625545 18.806297 -0.876733
v -0.256228 19.086088 -0.913865
v -0.086975 18.807463 -1.186748
v 0.295765 17.462177 -1.478473
v 0.295765 17.576496 -1.568812
v 0.388730 17.524294 -1.523642
v 0.096506 17.585464 -1.568124
v 0.003562 17.464306 -1.480021
v 0.003562 17.584379 -1.567335
v -0.089382 17.585464 -1.568124
v 0.003562 17.692335 -1.647435
v -0.087853 17.693670 -1.648405
v 0.003562 17.802151 -1.727290
v -0.086795 17.803484 -1.728259
v -0.904639 18.335142 1.180678
v -1.045253 18.216051 1.060833
v -0.943459 18.223106 1.152931
v -1.073414 18.148478 0.918365
v -1.060569 18.361019 0.913082
v -1.145396 18.186180 0.796872
v -1.130249 18.357370 0.756825
v -1.169446 18.160311 0.697880
v -1.200920 18.222857 0.457310
v -1.203257 18.069229 0.617598
v -1.212206 18.088753 0.509592
v 1.114718 17.387300 -0.818412
v 0.963852 16.808496 -0.190956
v 0.741931 17.107065 -1.076721
v 1.285580 17.205370 -0.076708
v 1.326134 17.667538 -0.560102
v 1.420087 17.602243 0.037539
v 1.460394 18.186890 -0.074120
v 1.292958 18.236206 0.816997
v 1.314999 18.242725 0.041955
v 0.969609 18.404610 0.469390
v 0.680271 17.738174 -1.533399
v 0.926411 17.898386 -1.791425
v 0.920285 17.967560 -1.698354
v 0.684987 17.669407 -1.626851
v 0.388730 17.592735 -1.429889
v 0.388730 17.524294 -1.523642
v 0.653978 17.417149 -1.302203
v 0.653978 17.348705 -1.395958
v 0.869178 17.107067 -1.076719
v 0.869178 17.038622 -1.170474
v -0.889102 16.764801 -0.118774
v -1.018301 17.346573 -0.834196
v -0.734806 17.107065 -1.076721
v -1.189429 17.121342 -0.022707
v -1.014736 17.124638 0.548522
v -1.355235 17.477882 0.073361
v -1.138810 17.814638 0.754159
v -1.178078 18.127405 0.629484
v -0.943459 18.223106 1.152931
v -0.906185 18.291321 0.767710
v -1.147515 18.828947 0.177201
v -1.187654 18.592850 0.216036
v -1.028883 18.681086 0.894853
v -1.108061 18.525431 -0.324788
v -1.051977 18.796024 -0.322022
v -0.711181 18.503212 -0.935083
v -0.625545 18.806297 -0.876733
v -0.136729 18.498281 -1.282300
v -0.086975 18.807463 -1.186748
v 0.587774 18.809965 -1.124669
v 0.295765 17.530619 -1.384720
v 0.796000 17.552996 -1.224786
v 0.586598 17.349859 -1.253275
v 0.447905 17.752361 -1.377017
v -0.028758 17.748592 -1.467196
v 0.498763 17.961082 -1.311540
v -0.087168 17.885550 -1.405738
v 0.255141 17.958035 -1.278645
v -0.135132 17.918531 -1.309332
v 0.484006 18.914431 1.216372
v 0.514316 18.360497 1.365836
v 0.737119 18.903301 1.036883
v 0.346477 18.501938 1.430811
v 0.182806 18.896206 1.358419
v 0.098422 18.404066 1.487606
v -0.065894 18.560543 1.478717
v -0.002943 18.329721 1.522103
v -0.187730 18.310347 1.538214
v -1.201926 18.052401 0.364050
v -1.210088 18.202526 0.314981
v -1.191034 18.292023 0.128804
v -1.193919 18.062695 0.080793
v -1.170232 18.152596 -0.070917
v -1.179911 18.009985 0.013347
v -1.102704 17.982414 -0.256767
v -0.987901 17.770437 0.951034
v -0.595976 18.145697 1.114415
v -0.943459 18.223106 1.152931
v -0.670681 17.711617 0.946517
v -1.014736 17.124638 0.548522
v -0.628149 16.733587 0.613498
v -0.889102 16.764801 -0.118774
v -0.533924 16.471064 -0.071571
v 0.093919 17.871925 -1.634506
v 0.157373 17.762617 -1.555021
v 0.156340 17.872433 -1.634875
v 0.094977 17.762112 -1.554652
v 0.003562 17.760777 -1.553682
v 0.003562 17.652821 -1.473582
v -0.087853 17.762112 -1.554652
v -0.089382 17.653904 -1.474371
v -0.288641 17.644938 -1.475059
v -0.288641 17.530619 -1.384720
v 0.003562 17.532749 -1.386266
v -0.381606 17.592735 -1.429889
v -0.599606 17.805321 -1.594001
v -0.673146 17.738174 -1.533399
v -0.806559 18.015278 -1.748613
v -0.912184 17.967560 -1.698354
v -0.729335 17.519854 -1.177799
v -0.288641 17.530619 -1.384720
v -0.579473 17.349859 -1.253275
v -0.411030 17.750858 -1.315983
v -0.825622 17.753128 -1.074229
v -0.490007 17.881874 -1.203028
v -0.819110 17.902880 -0.951715
v -0.769531 17.924385 -0.870602
v -0.288641 17.576496 -1.568812
v -0.089382 17.653904 -1.474371
v -0.089382 17.585464 -1.568124
v -0.604472 17.736557 -1.687451
v -0.812581 17.946106 -1.841680
v 0.170361 19.198307 1.177444
v 0.182806 18.896206 1.358419
v 0.484006 18.914431 1.216372
v -0.515958 18.828646 1.337088
v -0.438783 19.098558 1.201500
v -0.931938 18.978369 0.811682
v -0.140040 19.584385 0.377294
v 0.359759 19.651407 0.262619
v 0.549629 19.490753 -0.199163
v -0.931938 18.978369 0.811682
v -0.438783 19.098558 1.201500
v -1.077598 19.032660 0.127137
v -1.000653 18.936554 -0.330149
v 0.295765 17.644938 -1.475059
v 0.295765 17.576496 -1.568812
v 0.096506 17.653904 -1.474371
v 0.611596 17.736557 -1.687451
v 0.606731 17.805321 -1.594001
v 0.818967 17.946106 -1.841680
v 0.812841 18.015278 -1.748613
v 0.388730 17.592735 -1.429889
v 0.295765 17.644938 -1.475059
v 0.295765 17.530619 -1.384720
v 0.606731 17.805321 -1.594001
v 0.812841 18.015278 -1.748613
v -0.608137 18.416916 1.362312
v -0.533374 18.384357 1.399316
v -0.515958 18.828646 1.337088
v -0.622247 18.311064 1.352506
v -0.780391 18.348869 1.279013
v -0.708670 18.265087 1.309150
v -0.866433 18.243927 1.234410
v 0.679549 17.706221 0.955350
v 0.970245 17.150085 0.512431
v 0.976639 17.777639 0.951034
v 0.631023 16.746311 0.595453
v 0.027337 16.639500 0.678474
v 0.641496 16.492910 -0.107662
v 0.050241 16.474287 -0.024368
v -1.028883 18.681086 0.894853
v -0.474764 17.910475 -1.152485
v -1.102704 17.982414 -0.256767
v -1.155890 18.023115 -0.040798
v -0.974589 18.241388 0.287949
v -1.140464 17.586082 -0.591671
v -0.982233 17.945211 -0.591851
v -0.819110 17.902880 -0.951715
v -0.769531 17.924385 -0.870602
v -0.825622 17.753128 -1.074229
v -1.018301 17.346573 -0.834196
v -0.729335 17.519854 -1.177799
v -0.734806 17.107065 -1.076721
v -0.579473 17.349859 -1.253275
v 0.094977 17.762112 -1.554652
v 0.157373 17.694178 -1.648773
v 0.157373 17.762617 -1.555021
v 0.094977 17.693670 -1.648405
v 0.096506 17.585464 -1.568124
v -0.579823 16.993570 -1.461877
v -0.579473 17.281418 -1.347028
v -0.288641 17.462177 -1.478473
v -0.734806 17.038622 -1.170474
v -0.731851 16.614882 -1.057701
v -0.734806 17.107065 -1.076721
v -0.889102 16.764801 -0.118774
v -0.540488 18.262451 1.414424
v 0.976639 17.777639 0.951034
v 0.812219 18.337006 1.116814
v 1.360511 17.849318 0.783557
v 0.970245 17.150085 0.512431
v 0.295765 17.462177 -1.478473
v 0.003464 16.872101 -1.654772
v 0.003562 17.464306 -1.480021
v 0.586767 16.993580 -1.461872
v 0.586598 17.281418 -1.347028
v 0.741931 17.038622 -1.170474
v -0.288641 17.462177 -1.478473
v -0.288641 17.576496 -1.568812
v -0.381606 17.524294 -1.523642
v -0.677863 17.669407 -1.626851
v 0.536376 16.462349 -0.540154
v 0.641496 16.492910 -0.107662
v 0.050241 16.474287 -0.024368
v 0.963852 16.808496 -0.190956
v 0.786752 16.614902 -1.071784
v 0.741931 17.107065 -1.076721
v 1.326134 17.667538 -0.560102
v 1.297004 18.090227 -0.599975
v 1.460394 18.186890 -0.074120
v 1.170170 17.711834 -0.900890
v 1.114718 17.387300 -0.818412
v 0.796000 17.552996 -1.224786
v 1.222342 18.135780 -0.645784
v 0.954085 18.008389 -1.043148
v 0.984564 18.072224 -0.939864
v 1.338460 18.191448 -0.330366
v 0.096506 17.653904 -1.474371
v -0.579473 17.349859 -1.253275
v -0.862054 17.107067 -1.076719
v -0.734806 17.107065 -1.076721
v -0.648904 17.417149 -1.302203
v -0.288641 17.530619 -1.384720
v -0.381606 17.592735 -1.429889
v -0.684430 17.348705 -1.395958
v -0.734806 17.038622 -1.170474
v -0.862054 17.038622 -1.170474
v -0.579473 17.281418 -1.347028
v -0.381606 17.524294 -1.523642
v -0.288641 17.462177 -1.478473
v 1.091383 18.887403 -0.606382
v 0.587774 18.809965 -1.124669
v -0.086975 18.807463 -1.186748
v -1.187654 18.592850 0.216036
v -1.108061 18.525431 -0.324788
v -1.195258 18.363482 0.377688
v 0.441863 19.210531 1.049004
v 0.677626 19.222754 0.855013
v 0.737119 18.903301 1.036883
v 1.069677 18.827408 0.645542
v 0.094977 17.693670 -1.648405
v 0.156340 17.803991 -1.728628
v 0.157373 17.694178 -1.648773
v 0.093919 17.803484 -1.728259
v 0.027337 16.639500 0.678474
v 0.050241 16.474287 -0.024368
v 0.892249 17.756132 -1.196297
v -0.529357 16.462341 -0.540170
v -0.533924 16.471064 -0.071571
v -0.136729 18.498281 -1.282300
v -0.474764 17.910475 -1.152485
v -0.711181 18.503212 -0.935083
v -0.135132 17.918531 -1.309332
v 0.255141 17.958035 -1.278645
v 0.623263 18.529243 -1.205454
v 0.653654 18.007174 -1.185928
v 0.984564 18.072224 -0.939864
v 1.178634 18.617256 -0.642093
v 1.222342 18.135780 -0.645784
v 1.338460 18.191448 -0.330366
v 1.270796 18.699146 -0.049429
v 1.314999 18.242725 0.041955
v 1.242728 18.284859 0.381196
v 0.993445 18.339815 0.920935
v 1.069677 18.827408 0.645542
v 0.810210 18.354990 1.141749
v 1.121018 18.316879 0.680926
v 0.954085 18.008389 -1.043148
v 0.892249 17.756132 -1.196297
v 0.653654 18.007174 -1.185928
v 0.093919 17.803484 -1.728259
v 0.156340 17.872433 -1.634875
v 0.156340 17.803991 -1.728628
v 0.093919 17.871925 -1.634506
v 0.003562 17.870592 -1.633537
v 0.021031 19.459797 -0.457952
v -0.050371 19.597422 0.014308
v -0.263444 19.549219 0.035151
v -0.918207 17.898386 -1.791425
v -0.673146 17.738174 -1.533399
v -0.912184 17.967560 -1.698354
v -0.677863 17.669407 -1.626851
v -0.381606 17.524294 -1.523642
v 0.003562 17.532749 -1.386266
v -0.604472 17.736557 -1.687451
v -0.918207 17.898386 -1.791425
v 0.607576 18.303125 1.101447
v 0.812219 18.337006 1.116814
v -0.862054 17.107067 -1.076719
v -0.684430 17.348705 -1.395958
v -0.862054 17.038622 -1.170474
v -0.648904 17.417149 -1.302203
v 0.901505 18.422560 0.712445
v -0.987901 17.770437 0.951034
v -1.140464 17.586082 -0.591671
v -1.155890 18.023115 -0.040798
v -0.965684 18.264692 0.526208
v -0.974589 18.241388 0.287949
v 0.963852 16.808496 -0.190956
v -1.051977 18.796024 -0.322022
v -1.147515 18.828947 0.177201
v -0.812581 17.946106 -1.841680
v -0.918207 17.898386 -1.791425
v -0.331806 19.258938 -0.681629
v 0.818967 17.946106 -1.841680
v 0.926411 17.898386 -1.791425
v 0.003495 16.364691 -0.484877
v 0.741931 17.038622 -1.170474
v 0.741931 17.107065 -1.076721
v 0.869178 17.038622 -1.170474
v -0.734806 17.038622 -1.170474
v -0.734806 17.107065 -1.076721
v -0.862054 17.038622 -1.170474
v -0.769531 17.924385 -0.870602
v -0.982233 17.945211 -0.591851
v 0.003562 17.870592 -1.633537
v -0.086795 17.871925 -1.634506
v 0.156340 17.803991 -1.728628
v 0.157373 17.694178 -1.648773
v 0.926411 17.898386 -1.791425
v 0.611596 17.736557 -1.687451
v 0.818967 17.946106 -1.841680
v 0.684987 17.669407 -1.626851
v 0.869178 17.107067 -1.076719
v 0.586598 17.349859 -1.253275
v 0.741931 17.107065 -1.076721
v 0.653978 17.417149 -1.302203
v 0.295765 17.530619 -1.384720
v 0.741931 17.038622 -1.170474
v 0.653978 17.348705 -1.395958
v 0.869178 17.038622 -1.170474
v 0.586598 17.281418 -1.347028
v 0.295765 17.462177 -1.478473
v -0.149215 17.803991 -1.728628
v -0.150249 17.694178 -1.648773
v -1.180498 18.041548 0.184129
v -1.216501 18.074816 0.271545
v -0.149215 17.872433 -1.634875
v -0.086795 17.803484 -1.728259
v -0.149215 17.803991 -1.728628
v -0.086795 17.871925 -1.634506
v -0.150249 17.762617 -1.555021
v -0.149215 17.872433 -1.634875
v -0.150249 17.694178 -1.648773
v -0.087853 17.762112 -1.554652
v -0.150249 17.762617 -1.555021
v -0.087853 17.693670 -1.648405
v -0.149215 17.803991 -1.728628
v -0.150249 17.694178 -1.648773
v 0.623263 18.529243 -1.205454
v 1.091383 18.887403 -0.606382
v 1.178634 18.617256 -0.642093
v 1.169382 18.990419 -0.104304
v 1.270796 18.699146 -0.049429
v 0.980929 19.165474 0.523863
v 0.003562 17.870592 -1.633537
v 0.003562 17.802151 -1.727290
v -0.341440 19.374012 -0.423907
v 0.586598 17.349859 -1.253275
v 0.741931 17.107065 -1.076721
v 0.984564 18.072224 -0.939864
v 1.338460 18.191448 -0.330366
v 0.003562 17.802151 -1.727290
v -0.812581 17.946106 -1.841680
v -0.447203 16.604300 -1.623948
v -0.779247 16.499365 -1.211279
v -0.566535 16.244446 -1.484276
v -0.507708 16.206324 -0.886070
v -0.466384 16.031958 -1.070988
v 0.003466 16.147575 -0.836861
v 0.000929 15.889184 -0.934949
v 0.583937 16.249111 -0.816264
v 0.394414 16.006948 -1.148713
v 0.611203 16.263250 -1.411942
v 0.662737 15.996876 -1.584361
v 0.388480 16.204283 -1.740055
v 0.332321 15.966554 -1.976356
v 0.000267 15.846607 -2.144130
v 0.308156 15.682946 -2.119393
v 0.003474 15.650924 -2.191372
v 0.261511 15.423725 -2.165467
v 0.003463 15.311193 -2.182478
v 0.800527 16.439075 -1.240714
v 0.469657 16.638363 -1.579417
v 0.000955 16.476336 -1.876948
v -0.293763 16.233133 -1.790921
v -0.701998 16.011471 -1.534720
v -0.404870 15.765193 -1.228968
v 0.000905 15.739167 -1.244308
v 0.406686 15.765240 -1.228885
v 0.311265 15.544522 -1.424299
v 0.003394 15.447687 -1.350527
v -0.297276 15.592361 -1.468601
v -0.439035 15.573689 -1.813716
v -0.572482 15.765661 -1.713070
v -0.301229 15.682845 -2.119430
v -0.341325 15.980474 -1.950732
v 0.000890 16.169756 -1.884050
v 0.574338 15.765758 -1.712974
v 0.445893 15.573784 -1.813626
v 0.314523 15.354523 -1.607380
v 0.003390 15.292291 -1.613153
v -0.318305 15.287844 -1.563903
v -0.241142 15.415366 -2.141316
v 0.168064 11.857480 -2.540995
v 0.003798 12.568419 -2.305890
v 0.003963 11.828665 -2.456706
v 0.176813 12.602289 -2.390332
v 0.178681 11.911798 -2.776844
v 0.176104 12.664724 -2.639171
v 0.004107 12.686490 -2.721814
v 0.003908 13.448488 -2.584917
v -0.167803 12.664687 -2.639457
v -0.165659 13.417607 -2.501703
v -0.168916 12.602259 -2.390610
v -0.178058 13.347065 -2.239878
v 0.003798 12.568419 -2.305890
v 0.003634 13.308176 -2.155073
v 0.003634 13.308176 -2.155073
v 0.185563 13.347099 -2.239669
v 0.173527 13.417651 -2.501499
v 0.003710 14.210485 -2.448020
v -0.163515 14.170527 -2.363949
v -0.187199 14.091870 -2.089146
v 0.003469 14.047933 -2.004256
v -0.225031 15.198218 -2.266408
v -0.418579 15.250337 -1.944002
v -0.250172 15.078762 -1.782557
v 0.003305 14.787688 -1.853440
v 0.256882 15.078819 -1.782475
v 0.203063 14.836720 -1.938342
v 0.230000 14.878963 -2.080083
v 0.425425 15.250470 -1.943875
v 0.246495 15.198324 -2.286781
v 0.003484 15.041923 -2.311812
v 0.003511 14.972485 -2.311123
v -0.161371 14.923446 -2.226195
v 0.317305 11.820310 -2.833079
v 0.004306 11.924493 -2.858712
v 0.178681 11.911798 -2.776844
v 0.004478 11.871188 -3.004710
v 0.004474 11.769460 -2.940580
v -0.308348 11.820265 -2.833561
v -0.181046 11.732901 -2.830459
v -0.290619 11.726560 -2.494896
v -0.170272 11.664160 -2.556243
v 0.003963 11.828665 -2.456706
v -0.159775 11.857453 -2.541343
v -0.169947 11.911769 -2.777212
v 0.004306 11.924493 -2.858712
v 0.003469 14.047933 -2.004256
v 0.194313 14.091910 -2.089005
v 0.170950 14.170579 -2.363827
v 0.168373 14.923507 -2.226154
v 0.003511 14.972485 -2.311123
v 0.319507 15.014129 -2.031969
v 0.168373 14.923507 -2.226154
v 0.189997 11.732928 -2.830064
v 0.178745 11.664183 -2.555870
v 0.004566 11.107229 -2.793049
v 0.298790 11.726596 -2.494439
v 0.317305 11.820310 -2.833079
v 0.168064 11.857480 -2.540995
v 0.178681 11.911798 -2.776844
v -0.290619 11.726560 -2.494896
v 0.003963 11.828665 -2.456706
v -0.159775 11.857453 -2.541343
v 0.003936 11.691995 -2.323267
v 0.004105 11.633885 -2.440140
v 0.298790 11.726596 -2.494439
v 0.178745 11.664183 -2.555870
v -0.196340 14.836677 -1.938413
v -0.223178 14.878878 -2.080151
v -0.312692 15.014028 -2.032067
v 0.230000 14.878963 -2.080083
v 0.203063 14.836720 -1.938342
v 0.003305 14.787688 -1.853440
v -0.223178 14.878878 -2.080151
v -0.196340 14.836677 -1.938413
v -0.161371 14.923446 -2.226195
v -0.170272 11.664160 -2.556243
v 0.168064 11.857480 -2.540995
v 0.189997 11.732928 -2.830064
v -0.159775 11.857453 -2.541343
v -0.169947 11.911769 -2.777212
v 0.003305 14.787688 -1.853440

vt -0.923666 0.714644
vt -0.923872 0.770245
vt -0.949206 0.735862
vt -0.888056 0.739628
vt -0.874999 0.685498
vt -0.856684 0.718995
vt -0.784646 0.678327
vt -0.788487 0.711168
vt -0.742224 0.717696
vt -0.759280 0.752360
vt -0.695223 0.763511
vt -0.742457 0.804458
vt -0.709925 0.820724
vt -0.760133 0.855927
vt -0.726770 0.858674
vt 1.325459 0.800000
vt 1.338437 0.749076
vt 1.359603 0.800000
vt 1.287895 0.752899
vt 1.237797 0.800000
vt 1.241462 0.744592
vt 1.185596 0.800000
vt 1.185803 0.746695
vt 1.138385 0.800000
vt 1.141307 0.755546
vt 1.102580 0.777432
vt 1.083760 0.737406
vt 1.079823 0.800000
vt 1.038516 0.800000
vt 0.808178 0.864271
vt 0.808178 0.888511
vt 0.795811 0.864267
vt 0.832410 0.888517
vt 0.857600 0.864292
vt 0.857614 0.887628
vt 0.831928 0.888517
vt 0.857614 0.937765
vt 0.832272 0.938267
vt 0.857591 0.979106
vt 0.832511 0.979608
vt 0.235950 0.740011
vt 0.252834 0.728333
vt 0.241001 0.725638
vt 0.264876 0.722515
vt 0.261105 0.752024
vt 0.276199 0.731603
vt 0.275811 0.756081
vt 0.285133 0.730568
vt 0.305010 0.745085
vt 0.294066 0.720197
vt 0.302913 0.725439
vt 0.886114 0.102980
vt 0.585032 0.084332
vt 0.886234 0.066342
vt 0.667864 0.110435
vt 0.885994 0.139618
vt 0.750696 0.151234
vt 0.886936 0.208611
vt 0.693603 0.205737
vt 0.880926 0.236878
vt 0.759233 0.236879
vt 0.735667 0.864394
vt 0.812168 0.888480
vt 0.813219 0.864503
vt 0.735647 0.888506
vt 0.795482 0.864250
vt 0.808178 0.864271
vt 0.735667 0.864394
vt 0.735647 0.888506
vt 0.813219 0.864503
vt 0.812168 0.888480
vt 0.585266 0.083342
vt 0.883626 0.127693
vt 0.882015 0.066282
vt 0.657993 0.108937
vt 0.585550 0.118122
vt 0.710626 0.149229
vt 0.639194 0.178455
vt 0.691051 0.208820
vt 0.585558 0.237807
vt 0.663421 0.236869
vt 0.320461 0.865776
vt 0.319004 0.835147
vt 0.253518 0.835019
vt 0.398777 0.835214
vt 0.398678 0.865784
vt 0.332591 0.835129
vt 0.327735 0.865802
vt 0.286567 0.835120
vt 0.280574 0.865792
vt 0.234185 0.865773
vt 0.669421 0.065766
vt 0.569631 0.103464
vt 0.569575 0.088455
vt 0.656902 0.123240
vt 0.752802 0.083523
vt 0.660308 0.133327
vt 0.752048 0.118782
vt 0.689440 0.198927
vt 0.773749 0.198901
vt 0.101686 0.796810
vt 0.104915 0.722109
vt 0.069928 0.796824
vt 0.120013 0.737550
vt 0.130761 0.796796
vt 0.143485 0.726670
vt 0.156278 0.752165
vt 0.153096 0.722110
vt 0.168833 0.722110
vt 0.315931 0.723416
vt 0.318086 0.745536
vt 0.333774 0.761793
vt 0.341466 0.730960
vt 0.354474 0.746439
vt 0.348456 0.722110
vt 0.398580 0.722110
vt 0.990981 0.118807
vt 0.904973 0.199530
vt 0.992192 0.199429
vt 0.906507 0.095899
vt 0.993109 0.063017
vt 0.951127 0.057276
vt 0.995236 0.007227
vt 0.953509 0.007200
vt 0.832993 0.979608
vt 0.813674 0.938458
vt 0.813907 0.979799
vt 0.832755 0.938267
vt 0.857614 0.937765
vt 0.857614 0.887628
vt 0.832272 0.938267
vt 0.831928 0.888517
vt 0.807695 0.888511
vt 0.807695 0.864271
vt 0.857600 0.864292
vt 0.795482 0.864250
vt 0.735647 0.888506
vt 0.735685 0.864377
vt 0.812168 0.888480
vt 0.813251 0.864486
vt 0.899440 0.107975
vt 0.836957 0.096052
vt 0.899440 0.081317
vt 0.843874 0.120080
vt 0.899965 0.122925
vt 0.838759 0.135623
vt 0.899965 0.143146
vt 0.915186 0.199109
vt 0.795482 0.864250
vt 0.832463 0.888494
vt 0.857600 0.864292
vt 0.735667 0.864394
vt 0.813219 0.864503
vt 0.065264 0.865790
vt 0.070480 0.834738
vt 0.038406 0.834749
vt 0.096062 0.834860
vt 0.089260 0.865779
vt 0.249436 0.865779
vt -0.851521 0.822630
vt -0.844949 0.771032
vt -0.793805 0.758429
vt 1.247996 0.699043
vt 1.301775 0.715271
vt 1.180315 0.704789
vt 1.134122 0.714893
vt 0.807695 0.888511
vt 0.795482 0.864250
vt 0.832172 0.888494
vt 0.735667 0.864394
vt 0.735647 0.888506
vt 0.813219 0.864503
vt 0.812187 0.888486
vt 0.795811 0.864267
vt 0.808178 0.888511
vt 0.808178 0.864271
vt 0.735628 0.888496
vt 0.812138 0.888480
vt 0.205792 0.742616
vt 0.199248 0.736061
vt 0.193880 0.796946
vt 0.208826 0.728318
vt 0.222669 0.737752
vt 0.217646 0.724264
vt 0.232105 0.725508
vt 0.908565 0.091186
vt 0.993499 0.058589
vt 0.991763 0.109951
vt 0.951837 0.053884
vt 0.910174 0.049180
vt 0.953509 0.007200
vt 0.911783 0.007173
vt 0.253518 0.797141
vt 0.843196 0.199114
vt 0.803299 0.199783
vt 0.840540 0.201687
vt 0.812962 0.093610
vt 0.793904 0.132319
vt 0.732355 0.199614
vt 0.626952 0.143677
vt 0.664562 0.199639
vt 0.633438 0.131854
vt 0.779814 0.114261
vt 0.644052 0.103782
vt 0.765725 0.057362
vt 0.651786 0.056129
vt 0.832484 0.939057
vt 0.812754 0.980323
vt 0.812252 0.939247
vt 0.858240 0.944106
vt 0.857600 0.864292
vt 0.063458 0.978916
vt 0.020298 0.974795
vt 0.020253 0.957152
vt 0.020243 0.995355
vt 0.088986 0.986692
vt 0.002985 0.992222
vt 0.017957 0.953247
vt 0.201009 0.722110
vt 0.585686 0.160073
vt 0.585605 0.236881
vt 0.667536 0.177401
vt 0.585359 0.114854
vt 0.020246 0.913690
vt 0.104449 0.939541
vt 0.029340 0.939508
vt 0.065003 0.884235
vt 0.020284 0.887871
vt 0.020240 0.875027
vt 0.807695 0.864271
vt 0.807695 0.888511
vt 0.795482 0.864250
vt 0.735713 0.864341
vt 0.063988 0.897793
vt 0.019854 0.923461
vt 0.021756 0.935483
vt 0.017952 0.911438
vt 0.086622 0.879852
vt 0.002979 0.872226
vt 0.800537 0.119889
vt 0.742183 0.152672
vt 0.808780 0.166969
vt 0.721849 0.124715
vt 0.801585 0.139159
vt 0.653463 0.116592
vt 0.734793 0.199417
vt 0.617339 0.144576
vt 0.645106 0.199429
vt 0.774923 0.199404
vt 0.832410 0.888517
vt 0.735628 0.888496
vt 0.813318 0.864428
vt 0.812138 0.888480
vt 0.735685 0.864377
vt 0.808178 0.888511
vt 0.795811 0.864267
vt 0.735685 0.864377
vt 0.812138 0.888480
vt 0.813318 0.864428
vt 0.735628 0.888496
vt 0.795811 0.864267
vt 0.808178 0.888511
vt -0.721098 0.693285
vt -0.647821 0.756249
vt -0.656094 0.827546
vt 0.319004 0.797298
vt 0.398777 0.797380
vt 0.309669 0.766331
vt 0.038901 0.865791
vt 0.012539 0.865793
vt 0.012539 0.834760
vt 0.055117 0.833968
vt 0.832755 0.938267
vt 0.813907 0.979799
vt 0.813674 0.938458
vt 0.832993 0.979608
vt 0.909145 0.051536
vt 0.911783 0.007173
vt 0.613141 0.122153
vt 0.065773 0.968709
vt 0.019856 0.944365
vt 0.270571 0.797265
vt 0.304967 0.722110
vt 0.332591 0.797276
vt 0.274911 0.722111
vt 0.242174 0.722111
vt 0.204500 0.797086
vt 0.208066 0.722111
vt 0.173476 0.722110
vt 0.135086 0.796788
vt 0.140472 0.722110
vt 0.110654 0.722110
vt 0.079041 0.796676
vt 0.076854 0.722109
vt 0.041757 0.722109
vt 0.041858 0.722109
vt 0.014737 0.796743
vt 0.070120 0.722109
vt 0.015335 0.722109
vt 0.569682 0.144045
vt 0.569687 0.126346
vt 0.622470 0.198900
vt 0.834054 0.939611
vt 0.812463 0.980323
vt 0.812543 0.939247
vt 0.833320 0.980133
vt 0.856520 0.979635
vt -0.774923 0.819211
vt -0.818987 0.830112
vt -0.818273 0.852802
vt 0.812168 0.888480
vt 0.735667 0.864394
vt 0.813219 0.864503
vt 0.735647 0.888506
vt 0.808178 0.864271
vt 0.756103 0.070371
vt 0.735675 0.888525
vt 0.813318 0.864428
vt 0.904973 0.199530
vt 0.992192 0.199429
vt 0.813219 0.864503
vt 0.735647 0.888506
vt 0.812168 0.888480
vt 0.735667 0.864394
vt 0.693258 0.236880
vt 0.585833 0.167598
vt 0.885236 0.185954
vt 0.885760 0.207221
vt 0.718851 0.236865
vt 0.779344 0.236864
vt 0.995236 0.007227
vt 1.127290 0.701022
vt 1.180461 0.681504
vt 0.845766 0.888474
vt 0.844258 0.864415
vt 1.115301 0.800000
vt 0.845567 0.888480
vt 0.844059 0.864405
vt 0.081387 0.942085
vt 0.845766 0.888474
vt 0.812168 0.888480
vt 0.844258 0.864415
vt 0.845766 0.888474
vt 0.812168 0.888480
vt 0.844258 0.864415
vt 0.337919 0.722110
vt 0.369079 0.722110
vt 0.857591 0.979106
vt 0.832511 0.979608
vt 0.840885 0.979998
vt 0.840668 0.938936
vt 0.813286 0.864446
vt 0.735657 0.888516
vt 0.812205 0.888511
vt 0.735695 0.864358
vt 0.813318 0.864428
vt 0.735628 0.888496
vt 0.812138 0.888480
vt 0.735685 0.864377
vt 0.808178 0.888511
vt 0.812138 0.888480
vt 0.735685 0.864377
vt 0.813318 0.864428
vt 0.735628 0.888496
vt 0.808178 0.888511
vt 0.813424 0.979799
vt 0.813191 0.938458
vt 0.332305 0.725522
vt 0.323981 0.728811
vt 0.812754 0.980323
vt 0.834345 0.939611
vt 0.812543 0.939247
vt 0.833611 0.980133
vt 0.813191 0.938458
vt 0.813424 0.979799
vt 0.812754 0.980323
vt 0.832775 0.939057
vt 0.812543 0.939247
vt 0.858532 0.944106
vt 0.840885 0.979998
vt 0.840445 0.938795
vt 0.238158 0.834974
vt 0.182824 0.865758
vt 0.189331 0.834731
vt 0.143675 0.865762
vt 0.145323 0.835157
vt 0.055117 0.865103
vt 0.856812 0.979635
vt 0.857545 0.939818
vt -0.779879 0.855392
vt 0.693784 0.061693
vt 0.802634 0.060277
vt 0.561678 0.198898
vt 0.956441 0.233578
vt 0.857254 0.939818
vt 0.812238 0.888520
vt 0.114558 0.971473
vt 0.108638 0.988274
vt 0.148816 0.991510
vt 0.115058 0.978541
vt 0.162123 0.974225
vt 0.127020 0.942391
vt 0.162221 0.943203
vt 0.109995 0.890068
vt 0.157789 0.895343
vt 0.143575 0.872755
vt 0.185399 0.877694
vt 0.169696 0.886381
vt 0.207326 0.894492
vt 0.234093 0.941713
vt 0.236369 0.887874
vt 0.255419 0.942193
vt 0.282779 0.901904
vt 0.295004 0.934526
vt 0.113375 0.876304
vt 0.109660 0.892813
vt 0.152274 0.940326
vt 0.174051 0.979880
vt 0.189703 0.993003
vt 0.194292 0.981713
vt 0.197945 0.943506
vt 0.190229 0.890210
vt 0.224668 0.897889
vt 0.237630 0.944648
vt 0.228299 0.974239
vt 0.251210 0.991469
vt 0.223324 0.990664
vt 0.252061 0.981323
vt 0.211142 0.972933
vt 0.201447 0.940832
vt 0.219438 0.873666
vt 0.251227 0.881485
vt 0.268900 0.894748
vt 0.271361 0.944987
vt 0.268722 0.980228
vt 0.282560 0.968328
vt 0.692730 0.928814
vt 0.608684 0.922781
vt 0.692751 0.922781
vt 0.608672 0.928481
vt 0.692530 0.939549
vt 0.608461 0.941000
vt 0.608475 0.949443
vt 0.524398 0.949624
vt 0.608489 0.959156
vt 0.524405 0.958226
vt 0.608697 0.973630
vt 0.524624 0.974419
vt 0.608684 0.988224
vt 0.524618 0.988224
vt 0.524618 0.922781
vt 0.524613 0.928149
vt 0.524391 0.942451
vt 0.440321 0.949806
vt 0.440321 0.957297
vt 0.440550 0.975209
vt 0.440552 0.988224
vt 0.311915 0.958201
vt 0.288711 0.974530
vt 0.302063 0.965704
vt 0.344715 0.946801
vt 0.306351 0.899256
vt 0.344937 0.909985
vt 0.347733 0.891455
vt 0.296476 0.876000
vt 0.299793 0.888067
vt 0.342773 0.944448
vt 0.350047 0.944992
vt 0.349760 0.966414
vt 0.699128 0.927136
vt 0.693760 0.955792
vt 0.693739 0.927138
vt 0.699163 0.956205
vt 0.705694 0.955895
vt 0.699396 0.976667
vt 0.705450 0.976416
vt 0.699329 0.927136
vt 0.704066 0.927144
vt 0.692751 0.988224
vt 0.692771 0.972841
vt 0.692573 0.960085
vt 0.692552 0.949262
vt 0.440552 0.922781
vt 0.440554 0.927816
vt 0.440321 0.943901
vt 0.356251 0.945352
vt 0.356244 0.949987
vt 0.329170 0.885970
vt 0.350286 0.907218
vt 0.704066 0.927144
vt 0.705450 0.976416
vt 0.770202 0.955544
vt 0.699396 0.976667
vt 0.699329 0.927136
vt 0.693979 0.976551
vt 0.693939 0.927139
vt 0.699396 0.976667
vt 0.693959 0.953819
vt 0.693979 0.976551
vt 0.699363 0.954013
vt 0.704296 0.954408
vt 0.699329 0.927136
vt 0.704526 0.927144
vt 0.344446 0.967214
vt 0.346912 0.985338
vt 0.322985 0.973124
vt 0.356385 0.940656
vt 0.356495 0.927484
vt 0.356486 0.922781
vt 0.356355 0.967648
vt 0.356476 0.975998
vt 0.356237 0.956367
vt 0.705450 0.976416
vt 0.693939 0.927139
vt 0.705939 0.927144
vt 0.693939 0.927139
vt 0.693979 0.976551
vt 0.356486 0.988224

vn 0.538635 0.569916 0.620538
vn 0.164069 0.825496 0.540035
vn 0.399748 0.615862 0.678908
vn 0.284288 0.858181 0.427441
vn 0.834614 0.450508 0.316958
vn 0.579465 0.808530 0.102469
vn 0.891871 0.444503 -0.083561
vn 0.644891 0.739941 -0.191318
vn 0.651105 0.635832 -0.414464
vn 0.311098 0.854899 -0.415169
vn 0.331140 0.669653 -0.664765
vn 0.022759 0.838060 -0.545103
vn -0.096271 0.701434 -0.706202
vn -0.236997 0.813832 -0.530576
vn -0.314239 0.613313 -0.724638
vn 0.164069 0.825496 0.540035
vn 0.108590 0.600327 0.792348
vn 0.399748 0.615862 0.678908
vn -0.212590 0.835239 0.507130
vn -0.155691 0.970920 0.181866
vn -0.527002 0.814875 0.241345
vn -0.298763 0.943314 -0.144568
vn -0.587348 0.799964 -0.122800
vn -0.313520 0.879970 -0.356872
vn -0.570820 0.698703 -0.431252
vn -0.443236 0.652639 -0.614495
vn -0.594207 0.402164 -0.696550
vn -0.314239 0.613313 -0.724638
vn -0.207055 0.468539 -0.858836
vn 0.006960 -0.603080 -0.797650
vn -0.127248 -0.106720 -0.986113
vn 0.378159 -0.588461 -0.714640
vn 0.307857 -0.291666 -0.905624
vn 0.000002 -0.588121 -0.808773
vn 0.000002 -0.588121 -0.808773
vn -0.307857 -0.291669 -0.905623
vn 0.000002 -0.588121 -0.808773
vn -0.304494 -0.774863 -0.553959
vn 0.009988 0.155046 -0.987857
vn 0.009988 0.155046 -0.987857
vn -0.769730 0.275033 0.576084
vn -0.749799 0.595892 0.287599
vn -0.704359 0.069096 0.706473
vn -0.872568 0.391853 0.291678
vn -0.876793 0.105884 0.469066
vn -0.917255 0.124734 0.378265
vn -0.957467 0.153243 0.244486
vn -0.970360 0.159454 0.181593
vn -0.990509 0.114482 0.076063
vn -0.976557 0.162342 0.141357
vn -0.996070 0.087935 0.010550
vn 0.757738 -0.400436 -0.515252
vn 0.771423 -0.635572 -0.030891
vn 0.703853 -0.387618 -0.595268
vn 0.877896 -0.478599 -0.015527
vn 0.939139 -0.161546 -0.303184
vn 0.974282 -0.206318 0.090593
vn 0.864931 0.480849 -0.143798
vn 0.717731 0.586701 0.375025
vn 0.365485 0.930473 -0.025306
vn 0.431589 0.901383 0.035213
vn 0.428038 0.030218 0.903256
vn 0.821895 -0.263965 -0.504788
vn 0.747733 0.505691 0.430316
vn 0.480784 -0.850456 -0.213476
vn 0.338519 0.557723 0.757859
vn 0.378159 -0.588461 -0.714640
vn 0.537200 0.783858 0.311421
vn 0.536564 -0.055568 -0.842028
vn 0.613090 0.123578 0.780288
vn 0.613680 -0.704072 -0.357323
vn -0.729184 -0.679217 0.083394
vn -0.836276 -0.183780 -0.516592
vn -0.751488 -0.380116 -0.539238
vn -0.877268 -0.471167 -0.091663
vn -0.693875 -0.497964 0.520163
vn -0.994992 -0.082723 0.056097
vn -0.879535 -0.144809 0.453264
vn -0.842116 0.526089 0.118618
vn -0.747324 0.096425 0.657426
vn -0.539431 0.839473 0.065577
vn -0.964043 0.265411 0.013362
vn -0.990580 0.131342 0.038725
vn -0.822438 0.290114 0.489315
vn -0.949854 0.077339 -0.302978
vn -0.866226 0.253592 -0.430516
vn -0.717435 0.142660 -0.681861
vn -0.594207 0.402164 -0.696550
vn -0.246554 0.175636 -0.953081
vn -0.207055 0.468539 -0.858836
vn 0.368528 0.436668 -0.820675
vn 0.202967 -0.204435 -0.957607
vn 0.507811 -0.246093 -0.825570
vn 0.520044 -0.284772 -0.805270
vn 0.288348 0.026495 -0.957159
vn -0.041296 0.036173 -0.998492
vn 0.198236 0.612289 -0.765379
vn -0.191800 0.740030 -0.644646
vn -0.059574 0.940111 -0.335621
vn -0.138628 0.913864 -0.381622
vn 0.468919 0.399857 0.787546
vn 0.561458 0.239625 0.792051
vn 0.662562 0.308536 0.682508
vn 0.353236 0.270784 0.895489
vn 0.151414 0.368533 0.917201
vn 0.151222 0.226762 0.962139
vn 0.039548 0.265874 0.963196
vn 0.113266 0.213288 0.970402
vn -0.190667 0.195156 0.962060
vn -0.998874 0.005541 0.047109
vn -0.998790 0.035574 -0.033956
vn -0.994490 0.070687 -0.077412
vn -0.995417 -0.052168 -0.080150
vn -0.978621 -0.014393 -0.205169
vn -0.973250 -0.064279 -0.220574
vn -0.951730 -0.063284 -0.300343
vn -0.378569 -0.389341 0.839702
vn -0.020915 -0.380657 0.924480
vn -0.747324 0.096425 0.657426
vn -0.184849 -0.383414 0.904889
vn -0.693875 -0.497964 0.520163
vn -0.464061 -0.681728 0.565593
vn -0.729184 -0.679217 0.083394
vn -0.385188 -0.887650 0.252402
vn -0.010011 0.987840 0.155153
vn 0.582303 -0.123015 0.803611
vn 0.572356 0.810555 0.124132
vn 0.304624 0.293704 0.906058
vn 0.000018 0.588113 0.808779
vn 0.000018 0.588113 0.808779
vn -0.304624 0.293705 0.906058
vn -0.313246 0.778807 0.543449
vn 0.155166 0.924236 0.348871
vn 0.006965 0.603081 0.797650
vn 0.006965 0.603081 0.797650
vn -0.321359 0.565668 0.759439
vn 0.495240 0.840218 0.220841
vn -0.428516 0.030725 0.903012
vn 0.170314 0.983627 -0.058912
vn -0.750026 0.502905 0.429590
vn -0.569151 0.011340 -0.822155
vn -0.314798 -0.049917 -0.947845
vn -0.562747 -0.070809 -0.823591
vn -0.423632 0.237754 -0.874076
vn -0.676653 0.278441 -0.681624
vn -0.352519 0.732978 -0.581785
vn -0.532057 0.733331 -0.423250
vn -0.187875 0.947666 -0.258134
vn 0.127247 -0.106721 -0.986113
vn -0.313246 0.778807 0.543449
vn -0.307857 -0.291669 -0.905623
vn 0.442654 -0.041847 -0.895716
vn 0.097513 0.308310 -0.946275
vn 0.108590 0.600327 0.792348
vn 0.151414 0.368533 0.917201
vn 0.468919 0.399857 0.787546
vn -0.304235 0.349074 0.886334
vn -0.410200 0.575219 0.707714
vn -0.767007 0.521307 0.374084
vn -0.155691 0.970920 0.181866
vn 0.140176 0.989770 0.026568
vn 0.274548 0.924361 -0.264914
vn -0.767007 0.521307 0.374084
vn -0.410200 0.575219 0.707714
vn -0.824544 0.565030 0.029473
vn -0.777569 0.492765 -0.390601
vn -0.155166 0.924236 0.348872
vn -0.127248 -0.106720 -0.986113
vn 0.313247 0.778803 0.543453
vn -0.443157 -0.042275 -0.895447
vn -0.495639 0.839894 0.221179
vn -0.101959 0.308978 -0.945588
vn -0.173974 0.982940 -0.059677
vn 0.338519 0.557723 0.757859
vn -0.155166 0.924236 0.348872
vn -0.006965 0.603080 0.797650
vn -0.495639 0.839894 0.221179
vn -0.173974 0.982940 -0.059677
vn -0.483399 0.090728 0.870686
vn -0.416969 0.107281 0.902567
vn -0.304235 0.349074 0.886334
vn -0.465416 0.010483 0.885030
vn -0.535487 0.121560 0.835749
vn -0.426643 -0.040215 0.903525
vn -0.604090 0.080758 0.792813
vn 0.249407 -0.377423 0.891823
vn 0.638147 -0.550169 0.538593
vn 0.266426 -0.300446 0.915833
vn 0.458551 -0.629060 0.627705
vn 0.181947 -0.722309 0.667207
vn 0.467708 -0.834075 0.292520
vn 0.139284 -0.948168 0.285617
vn -0.822438 0.290114 0.489315
vn -0.254764 0.876419 -0.408638
vn -0.784599 0.532683 -0.317258
vn -0.818665 0.533298 -0.213030
vn -0.563222 0.802195 -0.198153
vn -0.914152 0.167224 -0.369273
vn -0.680804 0.641715 -0.353141
vn -0.532057 0.733331 -0.423250
vn -0.187875 0.947666 -0.258134
vn -0.676653 0.278441 -0.681624
vn -0.836276 -0.183780 -0.516592
vn -0.569151 0.011340 -0.822155
vn -0.751488 -0.380116 -0.539238
vn -0.562747 -0.070809 -0.823591
vn 0.304624 0.293704 0.906058
vn 0.583016 -0.802137 -0.129110
vn 0.582303 -0.123015 0.803611
vn 0.304494 -0.774862 -0.553960
vn 0.307857 -0.291666 -0.905624
vn -0.718158 0.190156 -0.669396
vn -0.717021 0.259067 -0.647120
vn -0.287575 0.253468 -0.923609
vn -0.946602 0.021505 -0.321685
vn -0.984668 -0.166600 -0.051710
vn -0.996771 -0.009068 -0.079785
vn -0.821743 -0.567670 -0.049899
vn -0.448199 0.135661 0.883580
vn 0.266426 -0.300446 0.915833
vn 0.366410 0.218659 0.904396
vn 0.775481 -0.268661 0.571358
vn 0.638147 -0.550169 0.538593
vn 0.287546 0.253332 -0.923656
vn 0.006496 0.299469 -0.954084
vn 0.000000 0.283019 -0.959114
vn 0.692545 0.174392 -0.699978
vn 0.716889 0.258727 -0.647403
vn 0.933070 0.091581 -0.347840
vn -0.006960 -0.603081 -0.797650
vn 0.127247 -0.106721 -0.986113
vn -0.380369 -0.584714 -0.716540
vn -0.481361 -0.850052 -0.213783
vn 0.491840 -0.842213 0.220842
vn 0.385528 -0.922255 -0.028536
vn 0.010604 -0.990739 0.135368
vn 0.839078 -0.534341 -0.102114
vn 0.987895 -0.115053 -0.104052
vn 0.986127 0.088397 -0.140498
vn 0.939139 -0.161546 -0.303184
vn 0.811138 0.361524 -0.459734
vn 0.864931 0.480849 -0.143798
vn 0.800049 -0.050000 -0.597847
vn 0.757738 -0.400436 -0.515252
vn 0.507811 -0.246093 -0.825570
vn 0.607337 0.611668 -0.506956
vn 0.542574 0.519206 -0.660332
vn 0.392100 0.726283 -0.564597
vn 0.567880 0.774446 -0.278829
vn 0.313247 0.778803 0.543453
vn 0.000018 0.588113 0.808779
vn -0.573146 0.144969 0.806528
vn 0.000015 -0.155104 0.987898
vn -0.503796 0.784135 0.362384
vn 0.006965 0.603081 0.797650
vn -0.321359 0.565668 0.759439
vn -0.565727 -0.014913 -0.824458
vn 0.000000 -0.987899 -0.155099
vn -0.652961 -0.704741 -0.277456
vn 0.000002 -0.588121 -0.808773
vn -0.380369 -0.584714 -0.716540
vn -0.006960 -0.603081 -0.797650
vn 0.743625 0.439161 -0.504142
vn 0.368528 0.436668 -0.820675
vn -0.207055 0.468539 -0.858836
vn -0.990580 0.131342 0.038725
vn -0.949854 0.077339 -0.302978
vn -0.993804 0.083293 0.073595
vn 0.399748 0.615862 0.678908
vn 0.538635 0.569916 0.620538
vn 0.662562 0.308536 0.682508
vn 0.879331 0.235575 0.413862
vn 0.304494 -0.774862 -0.553960
vn 0.571643 0.130312 -0.810088
vn 0.583016 -0.802137 -0.129110
vn -0.009988 0.155046 -0.987857
vn -0.131818 -0.716681 0.684830
vn -0.095750 -0.953501 0.285775
vn 0.543667 0.108274 -0.832288
vn -0.470332 -0.855543 0.216410
vn -0.337160 -0.941340 0.014238
vn -0.246554 0.175636 -0.953081
vn -0.547337 0.046392 -0.835625
vn -0.717435 0.142660 -0.681861
vn -0.178762 0.045335 -0.982847
vn 0.133967 0.029366 -0.990551
vn 0.415267 0.133726 -0.899817
vn 0.421422 -0.009384 -0.906816
vn 0.690346 0.073056 -0.719782
vn 0.855577 0.195201 -0.479463
vn 0.859933 0.081926 -0.503789
vn 0.975797 0.142379 -0.165978
vn 0.968806 0.237345 0.071296
vn 0.985600 0.119422 0.119714
vn 0.952906 0.146051 0.265781
vn 0.805432 0.188214 0.562010
vn 0.879331 0.235575 0.413862
vn 0.679057 0.224208 0.699008
vn 0.904061 0.119359 0.410398
vn 0.542574 0.519206 -0.660332
vn 0.543667 0.108274 -0.832288
vn 0.174677 0.843744 -0.507528
vn -0.009988 0.155046 -0.987857
vn 0.572356 0.810555 0.124132
vn 0.571643 0.130312 -0.810088
vn -0.010011 0.987840 0.155153
vn 0.000000 0.987885 0.155190
vn -0.048608 0.920594 -0.387484
vn -0.094426 0.978505 -0.183334
vn -0.298763 0.943314 -0.144568
vn -0.823536 -0.264396 -0.501880
vn -0.428516 0.030725 0.903012
vn -0.750026 0.502905 0.429590
vn -0.481361 -0.850052 -0.213783
vn -0.380369 -0.584714 -0.716540
vn 0.000003 -0.351081 -0.936345
vn 0.442654 -0.041847 -0.895716
vn -0.823536 -0.264396 -0.501880
vn 0.022777 -0.260294 0.965261
vn 0.366410 0.218659 0.904396
vn -0.573146 0.144969 0.806528
vn -0.565727 -0.014913 -0.824458
vn -0.652961 -0.704741 -0.277456
vn -0.503796 0.784135 0.362384
vn 0.389106 0.907177 0.160085
vn -0.378569 -0.389341 0.839702
vn -0.914152 0.167224 -0.369273
vn -0.818665 0.533298 -0.213030
vn -0.581633 0.812453 -0.040288
vn -0.563222 0.802195 -0.198153
vn 0.771423 -0.635572 -0.030891
vn -0.866226 0.253592 -0.430516
vn -0.964043 0.265411 0.013362
vn 0.097513 0.308310 -0.946275
vn -0.823536 -0.264396 -0.501880
vn -0.236997 0.813832 -0.530576
vn -0.101959 0.308978 -0.945588
vn 0.821895 -0.263965 -0.504788
vn -0.003698 -0.886244 0.463203
vn 0.000000 -0.987899 -0.155099
vn 0.000015 -0.155104 0.987898
vn 0.613680 -0.704072 -0.357323
vn 0.000000 -0.987899 -0.155099
vn 0.000015 -0.155104 0.987898
vn -0.652961 -0.704741 -0.277456
vn -0.745202 0.000837 -0.666838
vn -0.865805 0.010608 -0.500270
vn 0.000000 0.987885 0.155190
vn 0.010011 0.987839 0.155155
vn 0.571643 0.130312 -0.810088
vn 0.583016 -0.802137 -0.129110
vn 0.821895 -0.263965 -0.504788
vn -0.443157 -0.042275 -0.895447
vn -0.101959 0.308978 -0.945588
vn 0.480784 -0.850456 -0.213476
vn 0.613090 0.123578 0.780288
vn 0.000018 0.588113 0.808779
vn 0.000015 -0.155104 0.987898
vn 0.537200 0.783858 0.311421
vn -0.006965 0.603080 0.797650
vn 0.000000 -0.987899 -0.155099
vn 0.536564 -0.055568 -0.842028
vn 0.613680 -0.704072 -0.357323
vn 0.000002 -0.588121 -0.808773
vn 0.006960 -0.603080 -0.797650
vn -0.577225 0.123781 -0.807149
vn -0.583015 -0.802137 -0.129109
vn -0.981332 -0.025430 -0.190634
vn -0.983983 0.099675 -0.147792
vn -0.572356 0.810555 0.124134
vn 0.009988 0.155046 -0.987857
vn -0.577225 0.123781 -0.807149
vn 0.010011 0.987839 0.155155
vn -0.582303 -0.123016 0.803611
vn -0.572356 0.810555 0.124134
vn -0.583015 -0.802137 -0.129109
vn -0.304624 0.293705 0.906058
vn -0.582303 -0.123016 0.803611
vn -0.304494 -0.774863 -0.553959
vn -0.577225 0.123781 -0.807149
vn -0.583015 -0.802137 -0.129109
vn 0.415267 0.133726 -0.899817
vn 0.743625 0.439161 -0.504142
vn 0.855577 0.195201 -0.479463
vn 0.891871 0.444503 -0.083561
vn 0.968806 0.237345 0.071296
vn 0.834614 0.450508 0.316958
vn 0.000000 0.987885 0.155190
vn 0.009988 0.155046 -0.987857
vn -0.313520 0.879970 -0.356872
vn 0.520044 -0.284772 -0.805270
vn 0.703853 -0.387618 -0.595268
vn 0.392100 0.726283 -0.564597
vn 0.567880 0.774446 -0.278829
vn 0.009988 0.155046 -0.987857
vn 0.097513 0.308310 -0.946275
vn -0.581105 0.172285 -0.795383
vn -0.966000 -0.146820 -0.212808
vn -0.926262 -0.020946 -0.376299
vn -0.604912 -0.648638 0.461898
vn -0.594930 -0.442538 0.670983
vn -0.104406 -0.658986 0.744874
vn 0.038053 -0.642785 0.765101
vn 0.515793 -0.722639 0.460163
vn 0.750318 -0.442290 0.491327
vn 0.926131 -0.359664 -0.113681
vn 0.981118 0.069156 -0.180623
vn 0.560733 0.302954 -0.770582
vn 0.475108 0.472590 -0.742247
vn 0.019613 0.481926 -0.875992
vn 0.559759 0.173358 -0.810319
vn 0.012007 0.111174 -0.993728
vn 0.545454 0.053368 -0.836440
vn -0.066709 0.271714 -0.960063
vn 0.924669 -0.197039 -0.325826
vn 0.527377 0.209635 -0.823363
vn 0.019930 0.258374 -0.965839
vn -0.514326 0.313733 -0.798148
vn -0.981503 0.024656 -0.189852
vn -0.487162 -0.720589 0.493381
vn -0.043370 -0.688008 0.724406
vn 0.667090 -0.503051 0.549482
vn 0.535673 -0.590336 0.603786
vn 0.000995 -0.602191 0.798351
vn -0.578516 -0.478486 0.660584
vn -0.969186 -0.157358 -0.189516
vn -0.907306 -0.311326 -0.282615
vn -0.538060 0.068439 -0.840124
vn -0.500386 0.424703 -0.754481
vn -0.012368 0.394031 -0.919014
vn 0.918757 -0.350716 -0.181340
vn 0.954891 -0.295213 0.032141
vn 0.608662 -0.548884 0.572937
vn 0.080266 -0.658867 0.747965
vn -0.596111 -0.522070 0.609995
vn -0.497929 0.197015 -0.844542
vn 0.740931 0.367656 0.562005
vn -0.000472 -0.201826 0.979421
vn -0.001024 0.275240 0.961375
vn 0.854902 -0.107075 0.507620
vn 0.758463 0.561286 -0.331197
vn 0.849009 0.092366 -0.520243
vn 0.000253 0.179175 -0.983817
vn 0.000253 0.179175 -0.983817
vn -0.848292 0.092157 -0.521447
vn -0.841731 0.094319 -0.531594
vn -0.855823 -0.107246 0.506030
vn -0.862484 -0.105290 0.495011
vn -0.000472 -0.201826 0.979421
vn -0.000472 -0.201826 0.979421
vn -0.000472 -0.201826 0.979421
vn 0.861775 -0.105057 0.496293
vn 0.842319 0.094566 -0.530618
vn 0.000253 0.179175 -0.983817
vn -0.859965 0.077736 -0.504398
vn -0.903101 -0.105021 0.416388
vn -0.000472 -0.201826 0.979421
vn -0.577225 0.123781 -0.807149
vn -0.959737 -0.278949 -0.033046
vn -0.565394 -0.586465 0.579990
vn -0.000208 -0.423019 0.906121
vn 0.591805 -0.523471 0.612980
vn 0.757146 -0.343716 0.555508
vn 0.977287 -0.179915 -0.111987
vn 0.963180 -0.265954 0.039415
vn 0.525522 0.055946 -0.848938
vn -0.029690 0.122361 -0.992041
vn -0.011678 -0.026555 -0.999579
vn -0.729185 -0.125917 -0.672633
vn 0.841905 0.125689 -0.524784
vn 0.000392 0.622908 -0.782295
vn 0.758463 0.561286 -0.331197
vn 0.000510 0.281324 -0.959613
vn 0.000716 -0.395133 -0.918624
vn -0.840976 0.125557 -0.526303
vn -0.665776 -0.519382 -0.535710
vn -0.846297 -0.144810 0.512651
vn -0.678671 -0.695508 0.235953
vn -0.001024 0.275240 0.961375
vn -0.742110 0.367604 0.560482
vn -0.758077 0.561016 -0.332536
vn 0.000392 0.622908 -0.782295
vn -0.000472 -0.201826 0.979421
vn 0.902684 -0.104703 0.417372
vn 0.859933 0.081926 -0.503789
vn 0.725719 -0.155607 -0.670162
vn -0.011678 -0.026555 -0.999579
vn 0.898100 -0.404755 -0.172015
vn 0.725719 -0.155607 -0.670162
vn 0.666792 -0.519265 -0.534558
vn 0.678396 -0.695268 0.237447
vn 0.000093 -0.979159 -0.203093
vn 0.845240 -0.144609 0.514450
vn 0.841905 0.125689 -0.524784
vn 0.740931 0.367656 0.562005
vn 0.758463 0.561286 -0.331197
vn -0.846297 -0.144810 0.512651
vn -0.001024 0.275240 0.961375
vn -0.742110 0.367604 0.560482
vn -0.000771 -0.218049 0.975937
vn -0.000519 -0.784724 0.619845
vn 0.845240 -0.144609 0.514450
vn 0.678396 -0.695268 0.237447
vn -0.757443 -0.343832 0.555031
vn -0.977156 -0.180041 -0.112918
vn -0.901872 -0.385689 -0.194604
vn 0.977287 -0.179915 -0.111987
vn 0.757146 -0.343716 0.555508
vn -0.000208 -0.423019 0.906121
vn -0.977156 -0.180041 -0.112918
vn -0.757443 -0.343832 0.555031
vn -0.729185 -0.125917 -0.672633
vn -0.678671 -0.695508 0.235953
vn 0.740931 0.367656 0.562005
vn 0.666792 -0.519265 -0.534558
vn -0.742110 0.367604 0.560482
vn -0.758077 0.561016 -0.332536
vn -0.000208 -0.423019 0.906121

g polygon12
s 1
usemtl mat3
f 3417/3417/3417 3418/3418/3418 3419/3419/3419
f 3417/3417/3417 3420/3420/3420 3418/3418/3418
f 3421/3421/3421 3420/3420/3420 3417/3417/3417
f 3421/3421/3421 3422/3422/3422 3420/3420/3420
f 3423/3423/3423 3422/3422/3422 3421/3421/3421
f 3423/3423/3423 3424/3424/3424 3422/3422/3422
f 3425/3425/3425 3424/3424/3424 3423/3423/3423
f 3425/3425/3425 3426/3426/3426 3424/3424/3424
f 3427/3427/3427 3426/3426/3426 3425/3425/3425
f 3427/3427/3427 3428/3428/3428 3426/3426/3426
f 3429/3429/3429 3428/3428/3428 3427/3427/3427
f 3429/3429/3429 3430/3430/3430 3428/3428/3428
f 3431/3431/3431 3430/3430/3430 3429/3429/3429
f 3432/3432/3432 3433/3433/3433 3434/3434/3434
f 3432/3432/3432 3435/3435/3435 3433/3433/3433
f 3436/3436/3436 3435/3435/3435 3432/3432/3432
f 3436/3436/3436 3437/3437/3437 3435/3435/3435
f 3438/3438/3438 3437/3437/3437 3436/3436/3436
f 3438/3438/3438 3439/3439/3439 3437/3437/3437
f 3440/3440/3440 3439/3439/3439 3438/3438/3438
f 3440/3440/3440 3441/3441/3441 3439/3439/3439
f 3442/3442/3442 3441/3441/3441 3440/3440/3440
f 3442/3442/3442 3443/3443/3443 3441/3441/3441
f 3444/3444/3444 3443/3443/3443 3442/3442/3442
f 3444/3444/3444 3445/3445/3445 3443/3443/3443
f 3446/3446/3446 3447/3447/3447 3448/3448/3448
f 3446/3446/3446 3449/3449/3449 3447/3447/3447
f 3450/3450/3450 3449/3449/3449 3446/3446/3446
f 3450/3450/3450 3451/3451/3451 3449/3449/3449
f 3452/3452/3452 3451/3451/3451 3450/3450/3450
f 3452/3452/3452 3453/3453/3453 3451/3451/3451
f 3454/3454/3454 3453/3453/3453 3452/3452/3452
f 3454/3454/3454 3455/3455/3455 3453/3453/3453
f 3456/3456/3456 3455/3455/3455 3454/3454/3454
f 3457/3457/3457 3458/3458/3458 3459/3459/3459
f 3457/3457/3457 3460/3460/3460 3458/3458/3458
f 3461/3461/3461 3460/3460/3460 3457/3457/3457
f 3461/3461/3461 3462/3462/3462 3460/3460/3460
f 3463/3463/3463 3462/3462/3462 3461/3461/3461
f 3463/3463/3463 3464/3464/3464 3462/3462/3462
f 3465/3465/3465 3464/3464/3464 3463/3463/3463
f 3465/3465/3465 3466/3466/3466 3464/3464/3464
f 3467/3467/3467 3466/3466/3466 3465/3465/3465
f 3468/3468/3468 3469/3469/3469 3470/3470/3470
f 3468/3468/3468 3471/3471/3471 3469/3469/3469
f 3472/3472/3472 3471/3471/3471 3468/3468/3468
f 3472/3472/3472 3473/3473/3473 3471/3471/3471
f 3474/3474/3474 3473/3473/3473 3472/3472/3472
f 3474/3474/3474 3475/3475/3475 3473/3473/3473
f 3476/3476/3476 3475/3475/3475 3474/3474/3474
f 3476/3476/3476 3477/3477/3477 3475/3475/3475
f 3478/3478/3478 3479/3479/3479 3480/3480/3480
f 3478/3478/3478 3481/3481/3481 3479/3479/3479
f 3482/3482/3482 3481/3481/3481 3478/3478/3478
f 3482/3482/3482 3483/3483/3483 3481/3481/3481
f 3484/3484/3484 3483/3483/3483 3482/3482/3482
f 3484/3484/3484 3485/3485/3485 3483/3483/3483
f 3486/3486/3486 3485/3485/3485 3484/3484/3484
f 3486/3486/3486 3487/3487/3487 3485/3485/3485
f 3488/3488/3488 3489/3489/3489 3490/3490/3490
f 3488/3488/3488 3491/3491/3491 3489/3489/3489
f 3492/3492/3492 3491/3491/3491 3488/3488/3488
f 3492/3492/3492 3493/3493/3493 3491/3491/3491
f 3494/3494/3494 3493/3493/3493 3492/3492/3492
f 3494/3494/3494 3495/3495/3495 3493/3493/3493
f 3496/3496/3496 3495/3495/3495 3494/3494/3494
f 3496/3496/3496 3497/3497/3497 3495/3495/3495
f 3498/3498/3498 3499/3499/3499 3500/3500/3500
f 3498/3498/3498 3501/3501/3501 3499/3499/3499
f 3502/3502/3502 3501/3501/3501 3498/3498/3498
f 3502/3502/3502 3503/3503/3503 3501/3501/3501
f 3504/3504/3504 3503/3503/3503 3502/3502/3502
f 3504/3504/3504 3505/3505/3505 3503/3503/3503
f 3506/3506/3506 3505/3505/3505 3504/3504/3504
f 3506/3506/3506 3507/3507/3507 3505/3505/3505
f 3508/3508/3508 3509/3509/3509 3510/3510/3510
f 3508/3508/3508 3511/3511/3511 3509/3509/3509
f 3512/3512/3512 3511/3511/3511 3508/3508/3508
f 3512/3512/3512 3513/3513/3513 3511/3511/3511
f 3514/3514/3514 3513/3513/3513 3512/3512/3512
f 3514/3514/3514 3515/3515/3515 3513/3513/3513
f 3516/3516/3516 3515/3515/3515 3514/3514/3514
f 3517/3517/3517 3518/3518/3518 3519/3519/3519
f 3517/3517/3517 3520/3520/3520 3518/3518/3518
f 3521/3521/3521 3520/3520/3520 3517/3517/3517
f 3521/3521/3521 3522/3522/3522 3520/3520/3520
f 3523/3523/3523 3522/3522/3522 3521/3521/3521
f 3523/3523/3523 3524/3524/3524 3522/3522/3522
f 3525/3525/3525 3524/3524/3524 3523/3523/3523
f 3465/3465/3465 3526/3526/3526 3467/3467/3467
f 3465/3465/3465 3527/3527/3527 3526/3526/3526
f 3528/3528/3528 3527/3527/3527 3465/3465/3465
f 3528/3528/3528 3529/3529/3529 3527/3527/3527
f 3530/3530/3530 3529/3529/3529 3528/3528/3528
f 3530/3530/3530 3531/3531/3531 3529/3529/3529
f 3532/3532/3532 3531/3531/3531 3530/3530/3530
f 3533/3533/3533 3534/3534/3534 3535/3535/3535
f 3533/3533/3533 3536/3536/3536 3534/3534/3534
f 3537/3537/3537 3536/3536/3536 3533/3533/3533
f 3537/3537/3537 3538/3538/3538 3536/3536/3536
f 3539/3539/3539 3538/3538/3538 3537/3537/3537
f 3539/3539/3539 3540/3540/3540 3538/3538/3538
f 3541/3541/3541 3542/3542/3542 3543/3543/3543
f 3541/3541/3541 3544/3544/3544 3542/3542/3542
f 3545/3545/3545 3544/3544/3544 3541/3541/3541
f 3545/3545/3545 3546/3546/3546 3544/3544/3544
f 3547/3547/3547 3546/3546/3546 3545/3545/3545
f 3547/3547/3547 3548/3548/3548 3546/3546/3546
f 3549/3549/3549 3550/3550/3550 3551/3551/3551
f 3549/3549/3549 3552/3552/3552 3550/3550/3550
f 3553/3553/3553 3552/3552/3552 3549/3549/3549
f 3553/3553/3553 3554/3554/3554 3552/3552/3552
f 3555/3555/3555 3554/3554/3554 3553/3553/3553
f 3555/3555/3555 3556/3556/3556 3554/3554/3554
f 3557/3557/3557 3558/3558/3558 3559/3559/3559
f 3557/3557/3557 3560/3560/3560 3558/3558/3558
f 3561/3561/3561 3560/3560/3560 3557/3557/3557
f 3561/3561/3561 3562/3562/3562 3560/3560/3560
f 3563/3563/3563 3562/3562/3562 3561/3561/3561
f 3563/3563/3563 3564/3564/3564 3562/3562/3562
f 3565/3565/3565 3566/3566/3566 3567/3567/3567
f 3565/3565/3565 3549/3549/3549 3566/3566/3566
f 3568/3568/3568 3549/3549/3549 3565/3565/3565
f 3568/3568/3568 3553/3553/3553 3549/3549/3549
f 3569/3569/3569 3553/3553/3553 3568/3568/3568
f 3569/3569/3569 3555/3555/3555 3553/3553/3553
f 3570/3570/3570 3571/3571/3571 3572/3572/3572
f 3570/3570/3570 3573/3573/3573 3571/3571/3571
f 3574/3574/3574 3573/3573/3573 3570/3570/3570
f 3574/3574/3574 3500/3500/3500 3573/3573/3573
f 3575/3575/3575 3500/3500/3500 3574/3574/3574
f 3575/3575/3575 3498/3498/3498 3500/3500/3500
f 3420/3420/3420 3576/3576/3576 3418/3418/3418
f 3420/3420/3420 3577/3577/3577 3576/3576/3576
f 3422/3422/3422 3577/3577/3577 3420/3420/3420
f 3422/3422/3422 3578/3578/3578 3577/3577/3577
f 3424/3424/3424 3578/3578/3578 3422/3422/3422
f 3424/3424/3424 3426/3426/3426 3578/3578/3578
f 3437/3437/3437 3579/3579/3579 3580/3580/3580
f 3437/3437/3437 3581/3581/3581 3579/3579/3579
f 3439/3439/3439 3581/3581/3581 3437/3437/3437
f 3439/3439/3439 3582/3582/3582 3581/3581/3581
f 3441/3441/3441 3582/3582/3582 3439/3439/3439
f 3441/3441/3441 3443/3443/3443 3582/3582/3582
f 3583/3583/3583 3584/3584/3584 3585/3585/3585
f 3583/3583/3583 3586/3586/3586 3584/3584/3584
f 3587/3587/3587 3586/3586/3586 3583/3583/3583
f 3587/3587/3587 3588/3588/3588 3586/3586/3586
f 3589/3589/3589 3588/3588/3588 3587/3587/3587
f 3590/3590/3590 3591/3591/3591 3592/3592/3592
f 3590/3590/3590 3593/3593/3593 3591/3591/3591
f 3478/3478/3478 3593/3593/3593 3590/3590/3590
f 3478/3478/3478 3594/3594/3594 3593/3593/3593
f 3480/3480/3480 3594/3594/3594 3478/3478/3478
f 3595/3595/3595 3596/3596/3596 3597/3597/3597
f 3595/3595/3595 3598/3598/3598 3596/3596/3596
f 3599/3599/3599 3598/3598/3598 3595/3595/3595
f 3599/3599/3599 3600/3600/3600 3598/3598/3598
f 3601/3601/3601 3600/3600/3600 3599/3599/3599
f 3602/3602/3602 3603/3603/3603 3604/3604/3604
f 3602/3602/3602 3605/3605/3605 3603/3603/3603
f 3606/3606/3606 3605/3605/3605 3602/3602/3602
f 3606/3606/3606 3607/3607/3607 3605/3605/3605
f 3608/3608/3608 3607/3607/3607 3606/3606/3606
f 3609/3609/3609 3595/3595/3595 3597/3597/3597
f 3609/3609/3609 3599/3599/3599 3595/3595/3595
f 3457/3457/3457 3599/3599/3599 3609/3609/3609
f 3457/3457/3457 3601/3601/3601 3599/3599/3599
f 3459/3459/3459 3601/3601/3601 3457/3457/3457
f 3560/3560/3560 3512/3512/3512 3558/3558/3558
f 3560/3560/3560 3514/3514/3514 3512/3512/3512
f 3562/3562/3562 3514/3514/3514 3560/3560/3560
f 3562/3562/3562 3610/3610/3610 3514/3514/3514
f 3564/3564/3564 3610/3610/3610 3562/3562/3562
f 3611/3611/3611 3612/3612/3612 3613/3613/3613
f 3611/3611/3611 3614/3614/3614 3612/3612/3612
f 3615/3615/3615 3614/3614/3614 3611/3611/3611
f 3615/3615/3615 3616/3616/3616 3614/3614/3614
f 3617/3617/3617 3616/3616/3616 3615/3615/3615
f 3618/3618/3618 3614/3614/3614 3616/3616/3616
f 3618/3618/3618 3619/3619/3619 3614/3614/3614
f 3620/3620/3620 3619/3619/3619 3618/3618/3618
f 3620/3620/3620 3621/3621/3621 3619/3619/3619
f 3622/3622/3622 3621/3621/3621 3620/3620/3620
f 3623/3623/3623 3624/3624/3624 3625/3625/3625
f 3623/3623/3623 3626/3626/3626 3624/3624/3624
f 3585/3585/3585 3626/3626/3626 3623/3623/3623
f 3585/3585/3585 3627/3627/3627 3626/3626/3626
f 3584/3584/3584 3627/3627/3627 3585/3585/3585
f 3628/3628/3628 3629/3629/3629 3630/3630/3630
f 3628/3628/3628 3631/3631/3631 3629/3629/3629
f 3632/3632/3632 3631/3631/3631 3628/3628/3628
f 3632/3632/3632 3633/3633/3633 3631/3631/3631
f 3634/3634/3634 3633/3633/3633 3632/3632/3632
f 3597/3597/3597 3523/3523/3523 3521/3521/3521
f 3597/3597/3597 3525/3525/3525 3523/3523/3523
f 3596/3596/3596 3525/3525/3525 3597/3597/3597
f 3596/3596/3596 3635/3635/3635 3525/3525/3525
f 3598/3598/3598 3635/3635/3635 3596/3596/3596
f 3636/3636/3636 3475/3475/3475 3637/3637/3637
f 3636/3636/3636 3638/3638/3638 3475/3475/3475
f 3639/3639/3639 3638/3638/3638 3636/3636/3636
f 3639/3639/3639 3473/3473/3473 3638/3638/3638
f 3640/3640/3640 3641/3641/3641 3642/3642/3642
f 3640/3640/3640 3643/3643/3643 3641/3641/3641
f 3644/3644/3644 3643/3643/3643 3640/3640/3640
f 3644/3644/3644 3645/3645/3645 3643/3643/3643
f 3646/3646/3646 3452/3452/3452 3450/3450/3450
f 3646/3646/3646 3647/3647/3647 3452/3452/3452
f 3648/3648/3648 3647/3647/3647 3646/3646/3646
f 3648/3648/3648 3649/3649/3649 3647/3647/3647
f 3650/3650/3650 3651/3651/3651 3652/3652/3652
f 3650/3650/3650 3653/3653/3653 3651/3651/3651
f 3654/3654/3654 3653/3653/3653 3650/3650/3650
f 3654/3654/3654 3655/3655/3655 3653/3653/3653
f 3656/3656/3656 3657/3657/3657 3658/3658/3658
f 3656/3656/3656 3659/3659/3659 3657/3657/3657
f 3660/3660/3660 3659/3659/3659 3656/3656/3656
f 3660/3660/3660 3661/3661/3661 3659/3659/3659
f 3662/3662/3662 3663/3663/3663 3664/3664/3664
f 3662/3662/3662 3657/3657/3657 3663/3663/3663
f 3665/3665/3665 3657/3657/3657 3662/3662/3662
f 3665/3665/3665 3658/3658/3658 3657/3657/3657
f 3546/3546/3546 3666/3666/3666 3544/3544/3544
f 3546/3546/3546 3551/3551/3551 3666/3666/3666
f 3548/3548/3548 3551/3551/3551 3546/3546/3546
f 3548/3548/3548 3549/3549/3549 3551/3551/3551
f 3667/3667/3667 3668/3668/3668 3669/3669/3669
f 3667/3667/3667 3670/3670/3670 3668/3668/3668
f 3671/3671/3671 3670/3670/3670 3667/3667/3667
f 3671/3671/3671 3672/3672/3672 3670/3670/3670
f 3673/3673/3673 3674/3674/3674 3675/3675/3675
f 3673/3673/3673 3676/3676/3676 3674/3674/3674
f 3677/3677/3677 3676/3676/3676 3673/3673/3673
f 3677/3677/3677 3678/3678/3678 3676/3676/3676
f 3679/3679/3679 3425/3425/3425 3423/3423/3423
f 3679/3679/3679 3427/3427/3427 3425/3425/3425
f 3680/3680/3680 3427/3427/3427 3679/3679/3679
f 3680/3680/3680 3681/3681/3681 3427/3427/3427
f 3528/3528/3528 3682/3682/3682 3683/3683/3683
f 3528/3528/3528 3684/3684/3684 3682/3682/3682
f 3465/3465/3465 3684/3684/3684 3528/3528/3528
f 3465/3465/3465 3463/3463/3463 3684/3684/3684
f 3463/3463/3463 3682/3682/3682 3684/3684/3684
f 3463/3463/3463 3609/3609/3609 3682/3682/3682
f 3461/3461/3461 3609/3609/3609 3463/3463/3463
f 3461/3461/3461 3457/3457/3457 3609/3609/3609
f 3572/3572/3572 3685/3685/3685 3570/3570/3570
f 3572/3572/3572 3686/3686/3686 3685/3685/3685
f 3687/3687/3687 3686/3686/3686 3572/3572/3572
f 3687/3687/3687 3688/3688/3688 3686/3686/3686
f 3689/3689/3689 3690/3690/3690 3691/3691/3691
f 3689/3689/3689 3692/3692/3692 3690/3690/3690
f 3455/3455/3455 3692/3692/3692 3689/3689/3689
f 3538/3538/3538 3693/3693/3693 3536/3536/3536
f 3538/3538/3538 3694/3694/3694 3693/3693/3693
f 3540/3540/3540 3694/3694/3694 3538/3538/3538
f 3659/3659/3659 3663/3663/3663 3657/3657/3657
f 3659/3659/3659 3695/3695/3695 3663/3663/3663
f 3661/3661/3661 3695/3695/3695 3659/3659/3659
f 3696/3696/3696 3634/3634/3634 3632/3632/3632
f 3696/3696/3696 3697/3697/3697 3634/3634/3634
f 3652/3652/3652 3697/3697/3697 3696/3696/3696
f 3698/3698/3698 3699/3699/3699 3700/3700/3700
f 3698/3698/3698 3701/3701/3701 3699/3699/3699
f 3702/3702/3702 3701/3701/3701 3698/3698/3698
f 3703/3703/3703 3702/3702/3702 3698/3698/3698
f 3703/3703/3703 3704/3704/3704 3702/3702/3702
f 3705/3705/3705 3704/3704/3704 3703/3703/3703
f 3706/3706/3706 3705/3705/3705 3703/3703/3703
f 3706/3706/3706 3707/3707/3707 3705/3705/3705
f 3708/3708/3708 3707/3707/3707 3706/3706/3706
f 3709/3709/3709 3708/3708/3708 3706/3706/3706
f 3709/3709/3709 3710/3710/3710 3708/3708/3708
f 3711/3711/3711 3710/3710/3710 3709/3709/3709
f 3519/3519/3519 3712/3712/3712 3713/3713/3713
f 3519/3519/3519 3714/3714/3714 3712/3712/3712
f 3518/3518/3518 3714/3714/3714 3519/3519/3519
f 3713/3713/3713 3711/3711/3711 3709/3709/3709
f 3713/3713/3713 3715/3715/3715 3711/3711/3711
f 3712/3712/3712 3715/3715/3715 3713/3713/3713
f 3513/3513/3513 3716/3716/3716 3717/3717/3717
f 3513/3513/3513 3718/3718/3718 3716/3716/3716
f 3515/3515/3515 3718/3718/3718 3513/3513/3513
f 3719/3719/3719 3720/3720/3720 3721/3721/3721
f 3719/3719/3719 3722/3722/3722 3720/3720/3720
f 3723/3723/3723 3722/3722/3722 3719/3719/3719
f 3724/3724/3724 3428/3428/3428 3430/3430/3430
f 3724/3724/3724 3426/3426/3426 3428/3428/3428
f 3578/3578/3578 3426/3426/3426 3724/3724/3724
f 3725/3725/3725 3577/3577/3577 3578/3578/3578
f 3725/3725/3725 3576/3576/3576 3577/3577/3577
f 3726/3726/3726 3576/3576/3576 3725/3725/3725
f 3727/3727/3727 3728/3728/3728 3729/3729/3729
f 3727/3727/3727 3730/3730/3730 3728/3728/3728
f 3730/3730/3730 3552/3552/3552 3728/3728/3728
f 3730/3730/3730 3731/3731/3731 3552/3552/3552
f 3732/3732/3732 3512/3512/3512 3508/3508/3508
f 3732/3732/3732 3558/3558/3558 3512/3512/3512
f 3649/3649/3649 3733/3733/3733 3647/3647/3647
f 3649/3649/3649 3734/3734/3734 3733/3733/3733
f 3471/3471/3471 3639/3639/3639 3469/3469/3469
f 3471/3471/3471 3473/3473/3473 3639/3639/3639
f 3735/3735/3735 3604/3604/3604 3736/3736/3736
f 3735/3735/3735 3602/3602/3602 3604/3604/3604
f 3737/3737/3737 3738/3738/3738 3739/3739/3739
f 3737/3737/3737 3740/3740/3740 3738/3738/3738
f 3740/3740/3740 3731/3731/3731 3738/3738/3738
f 3740/3740/3740 3552/3552/3552 3731/3731/3731
f 3511/3511/3511 3717/3717/3717 3509/3509/3509
f 3511/3511/3511 3513/3513/3513 3717/3717/3717
f 3741/3741/3741 3475/3475/3475 3477/3477/3477
f 3741/3741/3741 3637/3637/3637 3475/3475/3475
f 3742/3742/3742 3494/3494/3494 3492/3492/3492
f 3742/3742/3742 3496/3496/3496 3494/3494/3494
f 3491/3491/3491 3743/3743/3743 3489/3489/3489
f 3491/3491/3491 3493/3493/3493 3743/3743/3743
f 3493/3493/3493 3744/3744/3744 3743/3743/3743
f 3493/3493/3493 3495/3495/3495 3744/3744/3744
f 3745/3745/3745 3495/3495/3495 3497/3497/3497
f 3745/3745/3745 3746/3746/3746 3495/3495/3495
f 3747/3747/3747 3605/3605/3605 3607/3607/3607
f 3747/3747/3747 3603/3603/3603 3605/3605/3605
f 3435/3435/3435 3580/3580/3580 3433/3433/3433
f 3435/3435/3435 3437/3437/3437 3580/3580/3580
f 3748/3748/3748 3582/3582/3582 3443/3443/3443
f 3748/3748/3748 3749/3749/3749 3582/3582/3582
f 3581/3581/3581 3749/3749/3749 3579/3579/3579
f 3581/3581/3581 3582/3582/3582 3749/3749/3749
f 3750/3750/3750 3729/3729/3729 3555/3555/3555
f 3750/3750/3750 3751/3751/3751 3729/3729/3729
f 3641/3641/3641 3630/3630/3630 3642/3642/3642
f 3641/3641/3641 3628/3628/3628 3630/3630/3630
f 3442/3442/3442 3752/3752/3752 3444/3444/3444
f 3442/3442/3442 3440/3440/3440 3752/3752/3752
f 3645/3645/3645 3654/3654/3654 3643/3643/3643
f 3645/3645/3645 3655/3655/3655 3654/3654/3654
f 3429/3429/3429 3681/3681/3681 3431/3431/3431
f 3429/3429/3429 3427/3427/3427 3681/3681/3681
f 3480/3480/3480 3753/3753/3753 3589/3589/3589
f 3480/3480/3480 3754/3754/3754 3753/3753/3753
f 3755/3755/3755 3652/3652/3652 3696/3696/3696
f 3755/3755/3755 3650/3650/3650 3652/3652/3652
f 3756/3756/3756 3486/3486/3486 3757/3757/3757
f 3756/3756/3756 3758/3758/3758 3486/3486/3486
f 3737/3737/3737 3759/3759/3759 3760/3760/3760
f 3737/3737/3737 3761/3761/3761 3759/3759/3759
f 3762/3762/3762 3700/3700/3700 3699/3699/3699
f 3762/3762/3762 3763/3763/3763 3700/3700/3700
f 3763/3763/3763 3683/3683/3683 3700/3700/3700
f 3763/3763/3763 3532/3532/3532 3683/3683/3683
f 3764/3764/3764 3545/3545/3545 3541/3541/3541
f 3764/3764/3764 3765/3765/3765 3545/3545/3545
f 3766/3766/3766 3625/3625/3625 3767/3767/3767
f 3766/3766/3766 3720/3720/3720 3625/3625/3625
f 3551/3551/3551 3591/3591/3591 3666/3666/3666
f 3551/3551/3551 3592/3592/3592 3591/3591/3591
f 3768/3768/3768 3769/3769/3769 3770/3770/3770
f 3768/3768/3768 3771/3771/3771 3769/3769/3769
f 3771/3771/3771 3447/3447/3447 3769/3769/3769
f 3771/3771/3771 3448/3448/3448 3447/3447/3447
f 3689/3689/3689 3453/3453/3453 3455/3455/3455
f 3689/3689/3689 3449/3449/3449 3453/3453/3453
f 3772/3772/3772 3773/3773/3773 3774/3774/3774
f 3772/3772/3772 3775/3775/3775 3773/3773/3773
f 3776/3776/3776 3775/3775/3775 3590/3590/3590
f 3776/3776/3776 3773/3773/3773 3775/3775/3775
f 3777/3777/3777 3778/3778/3778 3779/3779/3779
f 3777/3777/3777 3780/3780/3780 3778/3778/3778
f 3448/3448/3448 3780/3780/3780 3781/3781/3781
f 3448/3448/3448 3778/3778/3778 3780/3780/3780
f 3454/3454/3454 3782/3782/3782 3456/3456/3456
f 3454/3454/3454 3783/3783/3783 3782/3782/3782
f 3784/3784/3784 3527/3527/3527 3529/3529/3529
f 3784/3784/3784 3785/3785/3785 3527/3527/3527
f 3530/3530/3530 3683/3683/3683 3532/3532/3532
f 3530/3530/3530 3528/3528/3528 3683/3683/3683
f 3786/3786/3786 3787/3787/3787 3788/3788/3788
f 3786/3786/3786 3789/3789/3789 3787/3787/3787
f 3790/3790/3790 3765/3765/3765 3791/3791/3791
f 3790/3790/3790 3547/3547/3547 3765/3765/3765
f 3792/3792/3792 3793/3793/3793 3794/3794/3794
f 3792/3792/3792 3795/3795/3795 3793/3793/3793
f 3794/3794/3794 3796/3796/3796 3797/3797/3797
f 3794/3794/3794 3786/3786/3786 3796/3796/3796
f 3795/3795/3795 3566/3566/3566 3793/3793/3793
f 3795/3795/3795 3567/3567/3567 3566/3566/3566
f 3507/3507/3507 3798/3798/3798 3505/3505/3505
f 3507/3507/3507 3799/3799/3799 3798/3798/3798
f 3799/3799/3799 3800/3800/3800 3798/3798/3798
f 3799/3799/3799 3801/3801/3801 3800/3800/3800
f 3801/3801/3801 3802/3802/3802 3800/3800/3800
f 3801/3801/3801 3803/3803/3803 3802/3802/3802
f 3803/3803/3803 3688/3688/3688 3802/3802/3802
f 3803/3803/3803 3686/3686/3686 3688/3688/3688
f 3787/3787/3787 3804/3804/3804 3805/3805/3805
f 3787/3787/3787 3789/3789/3789 3804/3804/3804
f 3806/3806/3806 3724/3724/3724 3430/3430/3430
f 3806/3806/3806 3726/3726/3726 3724/3724/3724
f 3807/3807/3807 3660/3660/3660 3808/3808/3808
f 3807/3807/3807 3661/3661/3661 3660/3660/3660
f 3724/3724/3724 3725/3725/3725 3578/3578/3578
f 3724/3724/3724 3726/3726/3726 3725/3725/3725
f 3610/3610/3610 3516/3516/3516 3514/3514/3514
f 3718/3718/3718 3809/3809/3809 3716/3716/3716
f 3474/3474/3474 3810/3810/3810 3476/3476/3476
f 3638/3638/3638 3473/3473/3473 3475/3475/3475
f 3811/3811/3811 3723/3723/3723 3719/3719/3719
f 3451/3451/3451 3453/3453/3453 3449/3449/3449
f 3547/3547/3547 3545/3545/3545 3765/3765/3765
f 3812/3812/3812 3733/3733/3733 3734/3734/3734
f 3746/3746/3746 3744/3744/3744 3495/3495/3495
f 3785/3785/3785 3526/3526/3526 3527/3527/3527
f 3813/3813/3813 3628/3628/3628 3641/3641/3641
f 3813/3813/3813 3814/3814/3814 3628/3628/3628
f 3815/3815/3815 3814/3814/3814 3813/3813/3813
f 3815/3815/3815 3816/3816/3816 3814/3814/3814
f 3817/3817/3817 3816/3816/3816 3815/3815/3815
f 3817/3817/3817 3818/3818/3818 3816/3816/3816
f 3819/3819/3819 3818/3818/3818 3817/3817/3817
f 3819/3819/3819 3820/3820/3820 3818/3818/3818
f 3821/3821/3821 3820/3820/3820 3819/3819/3819
f 3821/3821/3821 3822/3822/3822 3820/3820/3820
f 3823/3823/3823 3822/3822/3822 3821/3821/3821
f 3823/3823/3823 3824/3824/3824 3822/3822/3822
f 3825/3825/3825 3824/3824/3824 3823/3823/3823
f 3825/3825/3825 3826/3826/3826 3824/3824/3824
f 3827/3827/3827 3826/3826/3826 3825/3825/3825
f 3827/3827/3827 3828/3828/3828 3826/3826/3826
f 3829/3829/3829 3828/3828/3828 3827/3827/3827
f 3829/3829/3829 3830/3830/3830 3828/3828/3828
f 3831/3831/3831 3654/3654/3654 3650/3650/3650
f 3831/3831/3831 3643/3643/3643 3654/3654/3654
f 3832/3832/3832 3643/3643/3643 3831/3831/3831
f 3832/3832/3832 3641/3641/3641 3643/3643/3643
f 3833/3833/3833 3641/3641/3641 3832/3832/3832
f 3833/3833/3833 3813/3813/3813 3641/3641/3641
f 3834/3834/3834 3813/3813/3813 3833/3833/3833
f 3834/3834/3834 3815/3815/3815 3813/3813/3813
f 3835/3835/3835 3815/3815/3815 3834/3834/3834
f 3835/3835/3835 3817/3817/3817 3815/3815/3815
f 3836/3836/3836 3817/3817/3817 3835/3835/3835
f 3836/3836/3836 3819/3819/3819 3817/3817/3817
f 3837/3837/3837 3819/3819/3819 3836/3836/3836
f 3837/3837/3837 3838/3838/3838 3819/3819/3819
f 3839/3839/3839 3838/3838/3838 3837/3837/3837
f 3837/3837/3837 3840/3840/3840 3839/3839/3839
f 3837/3837/3837 3841/3841/3841 3840/3840/3840
f 3836/3836/3836 3841/3841/3841 3837/3837/3837
f 3836/3836/3836 3842/3842/3842 3841/3841/3841
f 3843/3843/3843 3842/3842/3842 3836/3836/3836
f 3843/3843/3843 3844/3844/3844 3842/3842/3842
f 3845/3845/3845 3844/3844/3844 3843/3843/3843
f 3845/3845/3845 3826/3826/3826 3844/3844/3844
f 3846/3846/3846 3826/3826/3826 3845/3845/3845
f 3846/3846/3846 3824/3824/3824 3826/3826/3826
f 3833/3833/3833 3824/3824/3824 3846/3846/3846
f 3833/3833/3833 3832/3832/3832 3824/3824/3824
f 3823/3823/3823 3827/3827/3827 3825/3825/3825
f 3823/3823/3823 3847/3847/3847 3827/3827/3827
f 3838/3838/3838 3847/3847/3847 3823/3823/3823
f 3838/3838/3838 3848/3848/3848 3847/3847/3847
f 3839/3839/3839 3848/3848/3848 3838/3838/3838
f 3839/3839/3839 3849/3849/3849 3848/3848/3848
f 3840/3840/3840 3849/3849/3849 3839/3839/3839
f 3840/3840/3840 3850/3850/3850 3849/3849/3849
f 3851/3851/3851 3850/3850/3850 3840/3840/3840
f 3814/3814/3814 3632/3632/3632 3628/3628/3628
f 3814/3814/3814 3696/3696/3696 3632/3632/3632
f 3816/3816/3816 3696/3696/3696 3814/3814/3814
f 3816/3816/3816 3755/3755/3755 3696/3696/3696
f 3818/3818/3818 3755/3755/3755 3816/3816/3816
f 3818/3818/3818 3820/3820/3820 3755/3755/3755
f 3820/3820/3820 3650/3650/3650 3755/3755/3755
f 3820/3820/3820 3831/3831/3831 3650/3650/3650
f 3822/3822/3822 3831/3831/3831 3820/3820/3820
f 3822/3822/3822 3824/3824/3824 3831/3831/3831
f 3844/3844/3844 3852/3852/3852 3842/3842/3842
f 3844/3844/3844 3830/3830/3830 3852/3852/3852
f 3828/3828/3828 3830/3830/3830 3844/3844/3844
f 3835/3835/3835 3843/3843/3843 3836/3836/3836
f 3835/3835/3835 3845/3845/3845 3843/3843/3843
f 3834/3834/3834 3845/3845/3845 3835/3835/3835
f 3821/3821/3821 3838/3838/3838 3823/3823/3823
f 3821/3821/3821 3819/3819/3819 3838/3838/3838
f 3829/3829/3829 3847/3847/3847 3848/3848/3848
f 3829/3829/3829 3827/3827/3827 3847/3847/3847
f 3846/3846/3846 3834/3834/3834 3833/3833/3833
f 3846/3846/3846 3845/3845/3845 3834/3834/3834
f 3841/3841/3841 3851/3851/3851 3840/3840/3840
f 3841/3841/3841 3842/3842/3842 3851/3851/3851
f 3824/3824/3824 3832/3832/3832 3831/3831/3831
f 3844/3844/3844 3826/3826/3826 3828/3828/3828
f 3853/3853/3853 3854/3854/3854 3855/3855/3855
f 3853/3853/3853 3856/3856/3856 3854/3854/3854
f 3857/3857/3857 3856/3856/3856 3853/3853/3853
f 3857/3857/3857 3858/3858/3858 3856/3856/3856
f 3859/3859/3859 3858/3858/3858 3857/3857/3857
f 3859/3859/3859 3860/3860/3860 3858/3858/3858
f 3861/3861/3861 3860/3860/3860 3859/3859/3859
f 3861/3861/3861 3862/3862/3862 3860/3860/3860
f 3863/3863/3863 3862/3862/3862 3861/3861/3861
f 3863/3863/3863 3864/3864/3864 3862/3862/3862
f 3865/3865/3865 3864/3864/3864 3863/3863/3863
f 3865/3865/3865 3866/3866/3866 3864/3864/3864
f 3856/3856/3856 3867/3867/3867 3854/3854/3854
f 3856/3856/3856 3868/3868/3868 3867/3867/3867
f 3858/3858/3858 3868/3868/3868 3856/3856/3856
f 3858/3858/3858 3869/3869/3869 3868/3868/3868
f 3860/3860/3860 3869/3869/3869 3858/3858/3858
f 3860/3860/3860 3870/3870/3870 3869/3869/3869
f 3862/3862/3862 3870/3870/3870 3860/3860/3860
f 3862/3862/3862 3871/3871/3871 3870/3870/3870
f 3864/3864/3864 3871/3871/3871 3862/3862/3862
f 3864/3864/3864 3872/3872/3872 3871/3871/3871
f 3866/3866/3866 3872/3872/3872 3864/3864/3864
f 3866/3866/3866 3873/3873/3873 3872/3872/3872
f 3874/3874/3874 3852/3852/3852 3830/3830/3830
f 3874/3874/3874 3842/3842/3842 3852/3852/3852
f 3875/3875/3875 3842/3842/3842 3874/3874/3874
f 3875/3875/3875 3851/3851/3851 3842/3842/3842
f 3876/3876/3876 3851/3851/3851 3875/3875/3875
f 3876/3876/3876 3850/3850/3850 3851/3851/3851
f 3877/3877/3877 3850/3850/3850 3876/3876/3876
f 3877/3877/3877 3878/3878/3878 3850/3850/3850
f 3879/3879/3879 3878/3878/3878 3877/3877/3877
f 3879/3879/3879 3880/3880/3880 3878/3878/3878
f 3881/3881/3881 3848/3848/3848 3849/3849/3849
f 3881/3881/3881 3829/3829/3829 3848/3848/3848
f 3882/3882/3882 3829/3829/3829 3881/3881/3881
f 3882/3882/3882 3830/3830/3830 3829/3829/3829
f 3883/3883/3883 3830/3830/3830 3882/3882/3882
f 3883/3883/3883 3874/3874/3874 3830/3830/3830
f 3884/3884/3884 3874/3874/3874 3883/3883/3883
f 3884/3884/3884 3885/3885/3885 3874/3874/3874
f 3886/3886/3886 3887/3887/3887 3888/3888/3888
f 3886/3886/3886 3889/3889/3889 3887/3887/3887
f 3890/3890/3890 3889/3889/3889 3886/3886/3886
f 3890/3890/3890 3891/3891/3891 3889/3889/3889
f 3892/3892/3892 3891/3891/3891 3890/3890/3890
f 3892/3892/3892 3893/3893/3893 3891/3891/3891
f 3894/3894/3894 3893/3893/3893 3892/3892/3892
f 3863/3863/3863 3895/3895/3895 3865/3865/3865
f 3863/3863/3863 3896/3896/3896 3895/3895/3895
f 3861/3861/3861 3896/3896/3896 3863/3863/3863
f 3861/3861/3861 3897/3897/3897 3896/3896/3896
f 3859/3859/3859 3897/3897/3897 3861/3861/3861
f 3859/3859/3859 3898/3898/3898 3897/3897/3897
f 3857/3857/3857 3898/3898/3898 3859/3859/3859
f 3868/3868/3868 3899/3899/3899 3867/3867/3867
f 3868/3868/3868 3900/3900/3900 3899/3899/3899
f 3869/3869/3869 3900/3900/3900 3868/3868/3868
f 3869/3869/3869 3901/3901/3901 3900/3900/3900
f 3870/3870/3870 3901/3901/3901 3869/3869/3869
f 3870/3870/3870 3902/3902/3902 3901/3901/3901
f 3903/3903/3903 3902/3902/3902 3870/3870/3870
f 3878/3878/3878 3849/3849/3849 3850/3850/3850
f 3878/3878/3878 3881/3881/3881 3849/3849/3849
f 3904/3904/3904 3881/3881/3881 3878/3878/3878
f 3904/3904/3904 3882/3882/3882 3881/3881/3881
f 3905/3905/3905 3882/3882/3882 3904/3904/3904
f 3905/3905/3905 3884/3884/3884 3882/3882/3882
f 3906/3906/3906 3907/3907/3907 3908/3908/3908
f 3906/3906/3906 3909/3909/3909 3907/3907/3907
f 3910/3910/3910 3909/3909/3909 3906/3906/3906
f 3910/3910/3910 3911/3911/3911 3909/3909/3909
f 3912/3912/3912 3911/3911/3911 3910/3910/3910
f 3913/3913/3913 3914/3914/3914 3915/3915/3915
f 3913/3913/3913 3916/3916/3916 3914/3914/3914
f 3917/3917/3917 3916/3916/3916 3913/3913/3913
f 3917/3917/3917 3918/3918/3918 3916/3916/3916
f 3919/3919/3919 3918/3918/3918 3917/3917/3917
f 3876/3876/3876 3920/3920/3920 3877/3877/3877
f 3876/3876/3876 3921/3921/3921 3920/3920/3920
f 3922/3922/3922 3921/3921/3921 3876/3876/3876
f 3922/3922/3922 3885/3885/3885 3921/3921/3921
f 3874/3874/3874 3885/3885/3885 3922/3922/3922
f 3923/3923/3923 3901/3901/3901 3902/3902/3902
f 3923/3923/3923 3900/3900/3900 3901/3901/3901
f 3924/3924/3924 3900/3900/3900 3923/3923/3923
f 3924/3924/3924 3925/3925/3925 3900/3900/3900
f 3926/3926/3926 3872/3872/3872 3927/3927/3927
f 3926/3926/3926 3871/3871/3871 3872/3872/3872
f 3928/3928/3928 3871/3871/3871 3926/3926/3926
f 3928/3928/3928 3903/3903/3903 3871/3871/3871
f 3917/3917/3917 3908/3908/3908 3919/3919/3919
f 3917/3917/3917 3929/3929/3929 3908/3908/3908
f 3913/3913/3913 3929/3929/3929 3917/3917/3917
f 3914/3914/3914 3918/3918/3918 3930/3930/3930
f 3914/3914/3914 3916/3916/3916 3918/3918/3918
f 3892/3892/3892 3908/3908/3908 3894/3894/3894
f 3892/3892/3892 3890/3890/3890 3908/3908/3908
f 3890/3890/3890 3931/3931/3931 3908/3908/3908
f 3890/3890/3890 3886/3886/3886 3931/3931/3931
f 3932/3932/3932 3891/3891/3891 3893/3893/3893
f 3932/3932/3932 3933/3933/3933 3891/3891/3891
f 3891/3891/3891 3887/3887/3887 3889/3889/3889
f 3891/3891/3891 3933/3933/3933 3887/3887/3887
f 3934/3934/3934 3872/3872/3872 3873/3873/3873
f 3934/3934/3934 3927/3927/3927 3872/3872/3872
f 3875/3875/3875 3922/3922/3922 3876/3876/3876
f 3875/3875/3875 3874/3874/3874 3922/3922/3922
f 3904/3904/3904 3880/3880/3880 3905/3905/3905
f 3904/3904/3904 3878/3878/3878 3880/3880/3880
f 3925/3925/3925 3899/3899/3899 3900/3900/3900
f 3870/3870/3870 3871/3871/3871 3903/3903/3903
f 3883/3883/3883 3882/3882/3882 3884/3884/3884

v 0.940110 18.837921 0.934346
v 0.421696 19.307678 1.019245
v 0.541713 18.873142 1.231592
v 0.820093 19.272457 0.721999

vt 0.991373 0.861965
vt 0.872118 0.990321
vt 0.872118 0.861965
vt 0.991373 0.990321

vn 0.550278 0.484354 0.680143
vn 0.550278 0.484354 0.680143
vn 0.550278 0.484354 0.680143
vn 0.550278 0.484354 0.680143

g polygon13
s 1
usemtl mat11
f 3935/3935/3935 3936/3936/3936 3937/3937/3937
f 3935/3935/3935 3938/3938/3938 3936/3936/3936

v 2.318215 11.898005 -0.465847
v 2.848576 12.212005 -0.572709
v 2.847694 12.189727 -0.447175
v 2.319598 11.932950 -0.662765
v 1.174156 11.827154 -0.487097
v 1.175539 11.861898 -0.683412
v 0.118121 11.810122 -0.497090
v 0.119505 11.845066 -0.694008
v -0.683129 11.821964 -0.500600
v -0.681746 11.856911 -0.697518
v -2.016035 11.973616 -0.490429
v -2.014747 12.006151 -0.673774
v -2.424255 12.053988 -0.472454
v -2.422871 12.088932 -0.669372
v 2.319598 11.932950 -0.662765
v 2.829718 12.434194 -0.533411
v 2.848576 12.212005 -0.572709
v 2.276857 12.423508 -0.576010
v 1.175539 11.861898 -0.683412
v 1.168201 12.354363 -0.596708
v 0.119505 11.845066 -0.694008
v 0.138978 12.337176 -0.607168
v -0.681746 11.856911 -0.697518
v -0.662272 12.348999 -0.610616
v -2.014747 12.006151 -0.673774
v -1.927037 12.463538 -0.592394
v -2.422871 12.088932 -0.669372
v -2.323951 12.571388 -0.583059
v 2.828836 12.411916 -0.407877
v 2.275473 12.388561 -0.379091
v 1.166818 12.319507 -0.400049
v 0.137595 12.302227 -0.410241
v -0.663656 12.314054 -0.413697
v -1.928325 12.431002 -0.409049
v -2.325335 12.536444 -0.386140
v 2.275473 12.388561 -0.379091
v 2.847694 12.189727 -0.447175
v 2.828836 12.411916 -0.407877
v 2.318215 11.898005 -0.465847
v 1.166818 12.319507 -0.400049
v 1.174156 11.827154 -0.487097
v 0.137595 12.302227 -0.410241
v 0.118121 11.810122 -0.497090
v -0.663656 12.314054 -0.413697
v -0.683129 11.821964 -0.500600
v -1.928325 12.431002 -0.409049
v -2.016035 11.973616 -0.490429
v -2.325335 12.536444 -0.386140
v -2.424255 12.053988 -0.472454
v -2.424255 12.053988 -0.472454
v -2.422871 12.088932 -0.669372
v 2.848576 12.212005 -0.572709
v 2.847694 12.189727 -0.447175

vt -0.083043 0.769969
vt -0.030325 0.814570
vt -0.030325 0.769969
vt -0.083044 0.814570
vt -0.188480 0.769969
vt -0.188481 0.814570
vt -0.295141 0.769969
vt -0.295142 0.814570
vt -0.375700 0.769969
vt -0.375700 0.814571
vt -0.504791 0.769969
vt -0.504790 0.814571
vt -0.557509 0.769974
vt -0.557509 0.814571
vt -0.083044 0.700055
vt -0.030325 0.770112
vt -0.030325 0.726151
vt -0.083043 0.770112
vt -0.188481 0.700055
vt -0.188480 0.770112
vt -0.295142 0.700055
vt -0.295141 0.770112
vt -0.375700 0.700055
vt -0.375700 0.770112
vt -0.504790 0.700055
vt -0.504790 0.770112
vt -0.557509 0.700055
vt -0.557436 0.770112
vt -0.030325 0.814708
vt -0.083044 0.814708
vt -0.188480 0.814709
vt -0.295141 0.814709
vt -0.375700 0.814709
vt -0.504790 0.814709
vt -0.557436 0.814709
vt -0.083043 0.769969
vt -0.030325 0.726008
vt -0.030325 0.769969
vt -0.083044 0.700055
vt -0.188480 0.769969
vt -0.188481 0.699912
vt -0.295141 0.769969
vt -0.295142 0.699912
vt -0.375700 0.769969
vt -0.375700 0.699912
vt -0.504791 0.769969
vt -0.504790 0.699912
vt -0.557436 0.769969
vt -0.557509 0.699912
vt -0.583868 0.814709
vt -0.583868 0.770112
vt -0.003966 0.770112
vt -0.003966 0.814709

vn 0.212642 -0.781276 0.586848
vn 0.775198 -0.301699 -0.555018
vn 0.768294 -0.476119 0.427826
vn 0.222828 -0.532407 -0.816634
vn 0.023812 -0.818934 0.573393
vn 0.033920 -0.572495 -0.819206
vn -0.003473 -0.819420 0.573184
vn 0.006238 -0.573172 -0.819412
vn -0.051521 -0.817513 0.573602
vn -0.041647 -0.571005 -0.819889
vn -0.110897 -0.811462 0.573787
vn -0.100659 -0.564875 -0.819014
vn -0.678627 -0.549493 0.487364
vn -0.670159 -0.347207 -0.655999
vn 0.222828 -0.532407 -0.816634
vn 0.575698 0.691528 -0.436303
vn 0.775198 -0.301699 -0.555018
vn 0.003359 0.819385 -0.573234
vn 0.033920 -0.572495 -0.819206
vn -0.024195 0.818850 -0.573497
vn 0.006238 -0.573172 -0.819412
vn 0.003359 0.819385 -0.573234
vn -0.041647 -0.571005 -0.819889
vn 0.040237 0.818388 -0.573255
vn -0.100659 -0.564875 -0.819014
vn 0.134285 0.806501 -0.575781
vn -0.670159 -0.347207 -0.655999
vn -0.412396 0.782086 -0.467195
vn 0.568028 0.497791 0.655399
vn -0.006352 0.573060 0.819489
vn -0.034302 0.572273 0.819346
vn -0.006352 0.573060 0.819489
vn 0.030379 0.571966 0.819714
vn 0.124012 0.559478 0.819515
vn -0.420843 0.574806 0.701775
vn -0.006352 0.573060 0.819489
vn 0.768294 -0.476119 0.427826
vn 0.568028 0.497791 0.655399
vn 0.212642 -0.781276 0.586848
vn -0.034302 0.572273 0.819346
vn 0.023812 -0.818934 0.573393
vn -0.006352 0.573060 0.819489
vn -0.003473 -0.819420 0.573184
vn 0.030379 0.571966 0.819714
vn -0.051521 -0.817513 0.573602
vn 0.124012 0.559478 0.819515
vn -0.110897 -0.811462 0.573787
vn -0.420843 0.574806 0.701775
vn -0.678627 -0.549493 0.487364
vn -0.678627 -0.549493 0.487364
vn -0.670159 -0.347207 -0.655999
vn 0.775198 -0.301699 -0.555018
vn 0.768294 -0.476119 0.427826

g polygon15
s 1
usemtl mat3
f 3939/3939/3939 3940/3940/3940 3941/3941/3941
f 3939/3939/3939 3942/3942/3942 3940/3940/3940
f 3943/3943/3943 3942/3942/3942 3939/3939/3939
f 3943/3943/3943 3944/3944/3944 3942/3942/3942
f 3945/3945/3945 3944/3944/3944 3943/3943/3943
f 3945/3945/3945 3946/3946/3946 3944/3944/3944
f 3947/3947/3947 3946/3946/3946 3945/3945/3945
f 3947/3947/3947 3948/3948/3948 3946/3946/3946
f 3949/3949/3949 3948/3948/3948 3947/3947/3947
f 3949/3949/3949 3950/3950/3950 3948/3948/3948
f 3951/3951/3951 3950/3950/3950 3949/3949/3949
f 3951/3951/3951 3952/3952/3952 3950/3950/3950
f 3953/3953/3953 3954/3954/3954 3955/3955/3955
f 3953/3953/3953 3956/3956/3956 3954/3954/3954
f 3957/3957/3957 3956/3956/3956 3953/3953/3953
f 3957/3957/3957 3958/3958/3958 3956/3956/3956
f 3959/3959/3959 3958/3958/3958 3957/3957/3957
f 3959/3959/3959 3960/3960/3960 3958/3958/3958
f 3961/3961/3961 3960/3960/3960 3959/3959/3959
f 3961/3961/3961 3962/3962/3962 3960/3960/3960
f 3963/3963/3963 3962/3962/3962 3961/3961/3961
f 3963/3963/3963 3964/3964/3964 3962/3962/3962
f 3965/3965/3965 3964/3964/3964 3963/3963/3963
f 3965/3965/3965 3966/3966/3966 3964/3964/3964
f 3956/3956/3956 3967/3967/3967 3954/3954/3954
f 3956/3956/3956 3968/3968/3968 3967/3967/3967
f 3958/3958/3958 3968/3968/3968 3956/3956/3956
f 3958/3958/3958 3969/3969/3969 3968/3968/3968
f 3960/3960/3960 3969/3969/3969 3958/3958/3958
f 3960/3960/3960 3970/3970/3970 3969/3969/3969
f 3962/3962/3962 3970/3970/3970 3960/3960/3960
f 3962/3962/3962 3971/3971/3971 3970/3970/3970
f 3964/3964/3964 3971/3971/3971 3962/3962/3962
f 3964/3964/3964 3972/3972/3972 3971/3971/3971
f 3966/3966/3966 3972/3972/3972 3964/3964/3964
f 3966/3966/3966 3973/3973/3973 3972/3972/3972
f 3974/3974/3974 3975/3975/3975 3976/3976/3976
f 3974/3974/3974 3977/3977/3977 3975/3975/3975
f 3978/3978/3978 3977/3977/3977 3974/3974/3974
f 3978/3978/3978 3979/3979/3979 3977/3977/3977
f 3980/3980/3980 3979/3979/3979 3978/3978/3978
f 3980/3980/3980 3981/3981/3981 3979/3979/3979
f 3982/3982/3982 3981/3981/3981 3980/3980/3980
f 3982/3982/3982 3983/3983/3983 3981/3981/3981
f 3984/3984/3984 3983/3983/3983 3982/3982/3982
f 3984/3984/3984 3985/3985/3985 3983/3983/3983
f 3986/3986/3986 3985/3985/3985 3984/3984/3984
f 3986/3986/3986 3987/3987/3987 3985/3985/3985
f 3988/3988/3988 3966/3966/3966 3989/3989/3989
f 3988/3988/3988 3973/3973/3973 3966/3966/3966
f 3990/3990/3990 3967/3967/3967 3991/3991/3991
f 3990/3990/3990 3954/3954/3954 3967/3967/3967

