<?xml version="1.0" encoding="UTF-8"?>
<COLLADA xmlns="http://www.collada.org/2008/03/COLLADASchema" version="1.5.0">
	<asset>
		<contributor>
			<authoring_tool>CINEMA4D 15.064 COLLADA Exporter</authoring_tool>
		</contributor>
		<created>2016-08-07T03:43:49Z</created>
		<modified>2016-08-07T03:43:49Z</modified>
		<unit/>
		<up_axis>Y_UP</up_axis>
	</asset>
	<library_images>
		<image id="ID5">
			<init_from>
				<ref>FitSheik00Head.png</ref>
			</init_from>
		</image>
		<image id="ID9">
			<init_from>
				<ref>FitSheik00Body.png</ref>
			</init_from>
		</image>
		<image id="ID13">
			<init_from>
				<ref>FitSheik00MomoToe.png</ref>
			</init_from>
		</image>
		<image id="ID17">
			<init_from>
				<ref>FitSheik00Head.png</ref>
			</init_from>
		</image>
		<image id="ID21">
			<init_from>
				<ref>FitSheik00EyeWhite.png</ref>
			</init_from>
		</image>
		<image id="ID25">
			<init_from>
				<ref>FitSheik00EyeIris.png</ref>
			</init_from>
		</image>
		<image id="ID29">
			<init_from>
				<ref>FitSheik00EyeShadow.png</ref>
			</init_from>
		</image>
		<image id="ID33">
			<init_from>
				<ref>FitSheik00EyeHigh.png</ref>
			</init_from>
		</image>
		<image id="ID37">
			<init_from>
				<ref>FitSheik00Body.png</ref>
			</init_from>
		</image>
		<image id="ID41">
			<init_from>
				<ref>FitSheik00ArmLeg.png</ref>
			</init_from>
		</image>
		<image id="ID45">
			<init_from>
				<ref>FitSheik00Head.png</ref>
			</init_from>
		</image>
	</library_images>
	<library_effects>
		<effect id="ID2">
			<profile_COMMON>
				<technique sid="COMMON">
					<blinn>
						<diffuse>
							<color>0.8 0.8 0.8 1</color>
						</diffuse>
						<specular>
							<color>0.2 0.2 0.2 1</color>
						</specular>
						<shininess>
							<float>0.5</float>
						</shininess>
					</blinn>
				</technique>
			</profile_COMMON>
		</effect>
		<effect id="ID4">
			<profile_COMMON>
				<newparam sid="ID6">
					<sampler2D>
						<instance_image url="#ID5"/>
					</sampler2D>
				</newparam>
				<technique sid="COMMON">
					<blinn>
						<diffuse>
							<texture texture="ID6" texcoord="UVSET0"/>
						</diffuse>
					</blinn>
				</technique>
			</profile_COMMON>
		</effect>
		<effect id="ID8">
			<profile_COMMON>
				<newparam sid="ID10">
					<sampler2D>
						<instance_image url="#ID9"/>
					</sampler2D>
				</newparam>
				<technique sid="COMMON">
					<blinn>
						<diffuse>
							<texture texture="ID10" texcoord="UVSET0"/>
						</diffuse>
					</blinn>
				</technique>
			</profile_COMMON>
		</effect>
		<effect id="ID12">
			<profile_COMMON>
				<newparam sid="ID14">
					<sampler2D>
						<instance_image url="#ID13"/>
					</sampler2D>
				</newparam>
				<technique sid="COMMON">
					<blinn>
						<diffuse>
							<texture texture="ID14" texcoord="UVSET0"/>
						</diffuse>
					</blinn>
				</technique>
			</profile_COMMON>
		</effect>
		<effect id="ID16">
			<profile_COMMON>
				<newparam sid="ID18">
					<sampler2D>
						<instance_image url="#ID17"/>
					</sampler2D>
				</newparam>
				<technique sid="COMMON">
					<blinn>
						<diffuse>
							<texture texture="ID18" texcoord="UVSET0"/>
						</diffuse>
					</blinn>
				</technique>
			</profile_COMMON>
		</effect>
		<effect id="ID20">
			<profile_COMMON>
				<newparam sid="ID22">
					<sampler2D>
						<instance_image url="#ID21"/>
					</sampler2D>
				</newparam>
				<technique sid="COMMON">
					<blinn>
						<diffuse>
							<texture texture="ID22" texcoord="UVSET0"/>
						</diffuse>
					</blinn>
				</technique>
			</profile_COMMON>
		</effect>
		<effect id="ID24">
			<profile_COMMON>
				<newparam sid="ID26">
					<sampler2D>
						<instance_image url="#ID25"/>
					</sampler2D>
				</newparam>
				<technique sid="COMMON">
					<blinn>
						<diffuse>
							<texture texture="ID26" texcoord="UVSET0"/>
						</diffuse>
					</blinn>
				</technique>
			</profile_COMMON>
		</effect>
		<effect id="ID28">
			<profile_COMMON>
				<newparam sid="ID30">
					<sampler2D>
						<instance_image url="#ID29"/>
					</sampler2D>
				</newparam>
				<technique sid="COMMON">
					<blinn>
						<diffuse>
							<texture texture="ID30" texcoord="UVSET0"/>
						</diffuse>
					</blinn>
				</technique>
			</profile_COMMON>
		</effect>
		<effect id="ID32">
			<profile_COMMON>
				<newparam sid="ID34">
					<sampler2D>
						<instance_image url="#ID33"/>
					</sampler2D>
				</newparam>
				<technique sid="COMMON">
					<blinn>
						<diffuse>
							<texture texture="ID34" texcoord="UVSET0"/>
						</diffuse>
					</blinn>
				</technique>
			</profile_COMMON>
		</effect>
		<effect id="ID36">
			<profile_COMMON>
				<newparam sid="ID38">
					<sampler2D>
						<instance_image url="#ID37"/>
					</sampler2D>
				</newparam>
				<technique sid="COMMON">
					<blinn>
						<diffuse>
							<texture texture="ID38" texcoord="UVSET0"/>
						</diffuse>
					</blinn>
				</technique>
			</profile_COMMON>
		</effect>
		<effect id="ID40">
			<profile_COMMON>
				<newparam sid="ID42">
					<sampler2D>
						<instance_image url="#ID41"/>
					</sampler2D>
				</newparam>
				<technique sid="COMMON">
					<blinn>
						<diffuse>
							<texture texture="ID42" texcoord="UVSET0"/>
						</diffuse>
					</blinn>
				</technique>
			</profile_COMMON>
		</effect>
		<effect id="ID44">
			<profile_COMMON>
				<newparam sid="ID46">
					<sampler2D>
						<instance_image url="#ID45"/>
					</sampler2D>
				</newparam>
				<technique sid="COMMON">
					<blinn>
						<diffuse>
							<texture texture="ID46" texcoord="UVSET0"/>
						</diffuse>
					</blinn>
				</technique>
			</profile_COMMON>
		</effect>
	</library_effects>
	<library_materials>
		<material id="ID1" name="Mat">
			<instance_effect url="#ID2"/>
		</material>
		<material id="ID3" name="Pin_matuge">
			<instance_effect url="#ID4"/>
		</material>
		<material id="ID7" name="FitSheik00Sode">
			<instance_effect url="#ID8"/>
		</material>
		<material id="ID11" name="FitSheik00NeckMomoToe">
			<instance_effect url="#ID12"/>
		</material>
		<material id="ID15" name="FitSheik00FrontHair">
			<instance_effect url="#ID16"/>
		</material>
		<material id="ID19" name="FitSheik00EyeL4">
			<instance_effect url="#ID20"/>
		</material>
		<material id="ID23" name="FitSheik00EyeL3">
			<instance_effect url="#ID24"/>
		</material>
		<material id="ID27" name="FitSheik00EyeL2">
			<instance_effect url="#ID28"/>
		</material>
		<material id="ID31" name="FitSheik00EyeL">
			<instance_effect url="#ID32"/>
		</material>
		<material id="ID35" name="FitSheik00Body">
			<instance_effect url="#ID36"/>
		</material>
		<material id="ID39" name="FitSheik00ArmHandCalf">
			<instance_effect url="#ID40"/>
		</material>
		<material id="ID43" name="FaceSword">
			<instance_effect url="#ID44"/>
		</material>
	</library_materials>
	<library_geometries>
		<geometry id="ID131">
			<mesh>
				<source id="ID132">
					<float_array id="ID133" count="84" digits="2490374">0.0284769 0.121897 -0.00447175 0.0284858 0.12212 -0.00572709 0.0231821 0.11898 -0.00465847 0.023196 0.11933 -0.00662765 0.0117416 0.118272 -0.00487097 0.0117554 0.118619 -0.00683412 0.00118121 0.118101 -0.0049709 0.00119505 0.118451 -0.00694008 -0.00683129 0.11822 -0.005006 -0.00681746 0.118569 -0.00697518 -0.0201604 0.119736 -0.00490429 -0.0201475 0.120062 -0.00673774 -0.0242426 0.12054 -0.00472454 -0.0242287 0.120889 -0.00669372 0.0282972 0.124342 -0.00533411 0.0227686 0.124235 -0.0057601 0.011682 0.123544 -0.00596708 0.00138978 0.123372 -0.00607168 -0.00662272 0.12349 -0.00610616 -0.0192704 0.124635 -0.00592394 -0.0232395 0.125714 -0.00583059 0.0282884 0.124119 -0.00407877 0.0227547 0.123886 -0.00379091 0.0116682 0.123195 -0.00400049 0.00137595 0.123022 -0.00410241 -0.00663656 0.123141 -0.00413697 -0.0192833 0.12431 -0.00409049 -0.0232533 0.125364 -0.0038614</float_array>
					<technique_common>
						<accessor count="28" source="#ID133" stride="3">
							<param name="X" type="float"/>
							<param name="Y" type="float"/>
							<param name="Z" type="float"/>
						</accessor>
					</technique_common>
				</source>
				<source id="ID134">
					<float_array id="ID135" count="78" digits="2490374">0.768281 -0.476094 0.427812 0.775187 -0.301688 -0.555 0.212625 -0.78125 0.586844 0.222813 -0.532406 -0.816625 0.0237812 -0.818906 0.573375 0.0339063 -0.572469 -0.819188 -0.00346875 -0.819406 0.573156 0.00621875 -0.573156 -0.819406 -0.0515 -0.8175 0.573594 -0.041625 -0.571 -0.819875 -0.110875 -0.811437 0.573781 -0.100656 -0.564875 -0.819 -0.678625 -0.549469 0.487344 -0.670156 -0.347187 -0.655969 0.575688 0.6915 -0.436281 0.00334375 0.819375 -0.573219 -0.0241875 0.818844 -0.573469 0.0402187 0.818375 -0.57325 0.134281 0.8065 -0.57575 -0.412375 0.782062 -0.467187 0.568 0.497781 0.655375 -0.00634375 0.573031 0.819469 -0.0342813 0.57225 0.819344 0.030375 0.571938 0.819687 0.124 0.559469 0.8195 -0.420812 0.574781 0.70175</float_array>
					<technique_common>
						<accessor count="26" source="#ID135" stride="3">
							<param name="X" type="float"/>
							<param name="Y" type="float"/>
							<param name="Z" type="float"/>
						</accessor>
					</technique_common>
				</source>
				<source id="ID136">
					<float_array id="ID137" count="92" digits="2490374">-0.030325 0.769969 -0.030325 0.81457 -0.083043 0.769969 -0.083044 0.81457 -0.18848 0.769969 -0.188481 0.81457 -0.295141 0.769969 -0.295142 0.81457 -0.3757 0.769969 -0.3757 0.814571 -0.504791 0.769969 -0.50479 0.814571 -0.557509 0.769974 -0.557509 0.814571 -0.030325 0.726151 -0.030325 0.770112 -0.083044 0.700055 -0.083043 0.770112 -0.188481 0.700055 -0.18848 0.770112 -0.295142 0.700055 -0.295141 0.770112 -0.3757 0.700055 -0.3757 0.770112 -0.50479 0.700055 -0.50479 0.770112 -0.557509 0.700055 -0.557436 0.770112 -0.030325 0.814708 -0.083044 0.814708 -0.18848 0.814709 -0.295141 0.814709 -0.3757 0.814709 -0.50479 0.814709 -0.557436 0.814709 -0.030325 0.726008 -0.188481 0.699912 -0.295142 0.699912 -0.3757 0.699912 -0.50479 0.699912 -0.557436 0.769969 -0.557509 0.699912 -0.583868 0.770112 -0.583868 0.814709 -0.003966 0.814709 -0.003966 0.770112</float_array>
					<technique_common>
						<accessor count="46" source="#ID137" stride="2">
							<param name="S" type="float"/>
							<param name="T" type="float"/>
						</accessor>
					</technique_common>
				</source>
				<vertices id="ID138">
					<input semantic="POSITION" source="#ID132"/>
				</vertices>
				<triangles count="52" material="Material1">
					<input offset="0" semantic="VERTEX" source="#ID138" set="0"/>
					<input offset="1" semantic="NORMAL" source="#ID134" set="0"/>
					<input offset="2" semantic="TEXCOORD" source="#ID136" set="0"/>
					<p>2 2 2 1 1 1 0 0 0 3 3 3 1 1 1 2 2 2 4 4 4 3 3 3 2 2 2 5 5 5 3 3 3 4 4 4 6 6 6 5 5 5 4 4 4 7 7 7 5 5 5 6 6 6 8 8 8 7 7 7 6 6 6 9 9 9 7 7 7 8 8 8 10 10 10 9 9 9 8 8 8 11 11 11 9 9 9 10 10 10 12 12 12 11 11 11 10 10 10 13 13 13 11 11 11 12 12 12 3 3 16 14 14 15 1 1 14 15 15 17 14 14 15 3 3 16 5 5 18 15 15 17 3 3 16 16 16 19 15 15 17 5 5 18 7 7 20 16 16 19 5 5 18 17 15 21 16 16 19 7 7 20 9 9 22 17 15 21 7 7 20 18 17 23 17 15 21 9 9 22 11 11 24 18 17 23 9 9 22 19 18 25 18 17 23 11 11 24 13 13 26 19 18 25 11 11 24 20 19 27 19 18 25 13 13 26 15 15 17 21 20 28 14 14 15 22 21 29 21 20 28 15 15 17 16 16 19 22 21 29 15 15 17 23 22 30 22 21 29 16 16 19 17 15 21 23 22 30 16 16 19 24 21 31 23 22 30 17 15 21 18 17 23 24 21 31 17 15 21 25 23 32 24 21 31 18 17 23 19 18 25 25 23 32 18 17 23 26 24 33 25 23 32 19 18 25 20 19 27 26 24 33 19 18 25 27 25 34 26 24 33 20 19 27 22 21 2 0 0 35 21 20 0 2 2 16 0 0 35 22 21 2 23 22 4 2 2 16 22 21 2 4 4 36 2 2 16 23 22 4 24 21 6 4 4 36 23 22 4 6 6 37 4 4 36 24 21 6 25 23 8 6 6 37 24 21 6 8 8 38 6 6 37 25 23 8 26 24 10 8 8 38 25 23 8 10 10 39 8 8 38 26 24 10 27 25 40 10 10 39 26 24 10 12 12 41 10 10 39 27 25 40 12 12 43 20 19 27 13 13 42 27 25 34 20 19 27 12 12 43 1 1 45 21 20 28 0 0 44 14 14 15 21 20 28 1 1 45</p>
				</triangles>
			</mesh>
		</geometry>
		<geometry id="ID146">
			<mesh>
				<source id="ID147">
					<float_array id="ID148" count="51" digits="2490374">0.00726749 0.178095 0.0108914 0.00739918 0.177554 0.0105878 0.00639264 0.177291 0.0118903 0.00622576 0.176077 0.0116905 0.00497606 0.17599 0.0124758 0.00586236 0.174912 0.0116044 0.00478376 0.17484 0.0121924 0.00654038 0.178247 0.011832 0.00510237 0.177133 0.0127093 0.00517986 0.178269 0.0126489 0.00392396 0.177621 0.0129343 0.00372922 0.17666 0.0129954 0.00263597 0.176868 0.0130191 0.00200399 0.175476 0.0124346 0.00365744 0.176004 0.012846 0.00707408 0.17612 0.0107532 0.00359048 0.175083 0.0125368</float_array>
					<technique_common>
						<accessor count="17" source="#ID148" stride="3">
							<param name="X" type="float"/>
							<param name="Y" type="float"/>
							<param name="Z" type="float"/>
						</accessor>
					</technique_common>
				</source>
				<source id="ID149">
					<float_array id="ID150" count="51" digits="2490374">0.789844 -0.109719 0.603406 0.778969 -0.143906 0.610313 0.675875 -0.150656 0.721438 0.671656 -0.202656 0.712563 0.433781 -0.247031 0.866469 0.579875 -0.263281 0.770938 0.356375 -0.292062 0.8875 0.620438 -0.0352812 0.783437 0.420625 -0.090625 0.902687 0.362531 0.0209375 0.931719 0.116531 0.044 0.992188 0.121656 -0.0916875 0.988312 -0.0384687 -0.168781 0.984875 -0.130938 -0.320875 0.938 0.0443438 -0.281563 0.9585 0.733125 -0.182156 0.655187 0.0493125 -0.305781 0.950813</float_array>
					<technique_common>
						<accessor count="17" source="#ID150" stride="3">
							<param name="X" type="float"/>
							<param name="Y" type="float"/>
							<param name="Z" type="float"/>
						</accessor>
					</technique_common>
				</source>
				<source id="ID151">
					<float_array id="ID152" count="34" digits="2490374">0.930136 0.876482 0.961399 0.743265 0.78116 0.658579 0.766906 0.35092 0.539913 0.306095 0.716118 0.051963 0.520159 0.014088 0.795356 0.90135 0.547698 0.5954 0.546677 0.881796 0.326041 0.696185 0.303326 0.451398 0.100953 0.483503 0.004169 0.122543 0.298985 0.285413 0.921206 0.377333 0.299057 0.0531631</float_array>
					<technique_common>
						<accessor count="17" source="#ID152" stride="2">
							<param name="S" type="float"/>
							<param name="T" type="float"/>
						</accessor>
					</technique_common>
				</source>
				<vertices id="ID153">
					<input semantic="POSITION" source="#ID147"/>
				</vertices>
				<triangles count="21" material="Material1">
					<input offset="0" semantic="VERTEX" source="#ID153" set="0"/>
					<input offset="1" semantic="NORMAL" source="#ID149" set="0"/>
					<input offset="2" semantic="TEXCOORD" source="#ID151" set="0"/>
					<p>2 2 2 1 1 1 0 0 0 3 3 3 1 1 1 2 2 2 4 4 4 3 3 3 2 2 2 5 5 5 3 3 3 4 4 4 6 6 6 5 5 5 4 4 4 7 7 7 2 2 2 0 0 0 8 8 8 2 2 2 7 7 7 9 9 9 8 8 8 7 7 7 10 10 10 8 8 8 9 9 9 8 8 8 4 4 4 2 2 2 11 11 11 4 4 4 8 8 8 10 10 10 11 11 11 8 8 8 12 12 12 11 11 11 10 10 10 14 14 14 12 12 12 13 13 13 11 11 11 12 12 12 14 14 14 4 4 4 11 11 11 14 14 14 15 15 15 3 3 3 5 5 5 1 1 1 3 3 3 15 15 15 16 16 16 14 14 14 13 13 13 6 6 6 14 14 14 16 16 16 6 6 6 4 4 4 14 14 14</p>
				</triangles>
			</mesh>
		</geometry>
		<geometry id="ID161">
			<mesh>
				<source id="ID162">
					<float_array id="ID163" count="969" digits="2490374">0.00441863 0.192105 0.01049 0.00184957 0.194324 0.00922557 0.00677626 0.192228 0.00855013 0.00573005 0.194938 0.00656511 0.00980929 0.191655 0.00523863 0.00844793 0.19443 0.00390474 0.0116938 0.189904 -0.00104304 0.00992163 0.192677 -0.00154754 0.00952052 0.191377 -0.00547717 0.00636005 0.193484 -0.00486663 0.00544309 0.19076 -0.00947386 0.00137321 0.193315 -0.00710491 -6.617e-005 0.191072 -0.00977192 -0.00331806 0.192589 -0.00681629 -0.00256228 0.190861 -0.00913865 0.00170361 0.191983 0.0117744 -0.00287577 0.193876 0.00942955 -0.0014004 0.195844 0.00377294 -0.00589775 0.193905 0.00598251 -0.00263444 0.195492 0.00035151 -0.00736348 0.193826 0.00071197 -0.0034144 0.19374 -0.00423907 -0.00711693 0.192175 -0.00394908 -0.00457654 0.191444 -0.00773369 -0.00625545 0.188063 -0.00876733 -0.00086975 0.188075 -0.0118675 0.0038873 0.175243 -0.0152369 0.00295765 0.175765 -0.0156886 0.00295765 0.174622 -0.0147851 0.00096506 0.175855 -0.0156817 3.562e-005 0.174643 -0.0148006 3.562e-005 0.175844 -0.0156738 -0.00089382 0.175855 -0.0156817 3.56199e-005 0.176923 -0.0164748 -0.00087853 0.176937 -0.0164845 3.56199e-005 0.178022 -0.0172734 -0.00086795 0.178035 -0.0172831 -0.00943459 0.182231 0.0115293 -0.0104525 0.182161 0.0106083 -0.00904639 0.183351 0.0118068 -0.0107341 0.181485 0.00918365 -0.0106057 0.18361 0.00913082 -0.011454 0.181862 0.00796872 -0.0113025 0.183574 0.00756825 -0.0116945 0.181603 0.0069788 -0.0120092 0.182229 0.0045731 -0.0120326 0.180692 0.00617598 -0.0121221 0.180888 0.00509592 0.00741931 0.17107 -0.0107674 0.00963852 0.168085 -0.00190939 0.0111472 0.173873 -0.00818418 0.0128558 0.172054 -0.000766872 0.0132613 0.176675 -0.005601 0.0142009 0.176022 0.000375489 0.0146039 0.181869 -0.0007412 0.0129296 0.182362 0.00816997 0.01315 0.182427 0.00041955 0.00969609 0.184046 0.0046939 0.00920285 0.179676 -0.0169841 0.00926411 0.178984 -0.0179148 0.00680271 0.177382 -0.0153344 0.00684987 0.176694 -0.016269 0.0038873 0.175927 -0.0142993 0.00653978 0.174171 -0.0130224 0.00653978 0.173487 -0.0139599 0.00869178 0.17107 -0.0107674 0.00869178 0.170386 -0.011705 -0.00734806 0.17107 -0.0107674 -0.010183 0.173466 -0.00834202 -0.00889102 0.167648 -0.00118755 -0.0118943 0.171213 -0.000226843 -0.0101474 0.171246 0.00548539 -0.0135523 0.174779 0.000733715 -0.0113881 0.178146 0.00754169 -0.0117808 0.181274 0.00629484 -0.00906185 0.182913 0.0076771 -0.0102888 0.186811 0.00894853 -0.0118765 0.185929 0.00216036 -0.0114752 0.18829 0.00177201 -0.0110806 0.185254 -0.00324788 -0.0105198 0.18796 -0.00322022 -0.00711181 0.185032 -0.00935083 -0.00136729 0.184983 -0.012823 0.00587774 0.1881 -0.0112467 0.00586598 0.173498 -0.012533 0.00796 0.17553 -0.0122481 0.00295765 0.175306 -0.0138476 0.00447905 0.177524 -0.0137704 -0.00028758 0.177486 -0.0146722 0.00498763 0.179611 -0.0131154 -0.00087168 0.178856 -0.0140574 0.00255141 0.17958 -0.0127865 -0.00135132 0.179185 -0.0130933 0.00737119 0.189033 0.0103688 0.00514316 0.183605 0.0136584 0.00484006 0.189144 0.0121637 0.00346477 0.185019 0.0143081 0.00182806 0.188962 0.0135842 0.00098422 0.184041 0.0148761 -0.00065894 0.185605 0.0147872 -2.943e-005 0.183297 0.015221 -0.0018773 0.183104 0.0153821 -0.0120193 0.180524 0.0036405 -0.0121009 0.182025 0.00314981 -0.0119103 0.18292 0.00128804 -0.0119392 0.180627 0.00080793 -0.0117023 0.181526 -0.00070917 -0.0117991 0.1801 0.00013347 -0.011027 0.179824 -0.00256767 -0.00595976 0.181457 0.0111442 -0.00987901 0.177704 0.00951045 -0.00670681 0.177116 0.00946528 -0.00628149 0.167336 0.00613543 -0.00533924 0.16471 -0.000715501 0.0015634 0.178724 -0.0163492 0.00157373 0.177626 -0.0155506 0.00093919 0.178719 -0.0163455 0.00094977 0.177621 -0.015547 3.56199e-005 0.177608 -0.0155373 3.562e-005 0.176528 -0.0147362 -0.00087853 0.177621 -0.015547 -0.00089382 0.176539 -0.0147441 3.562e-005 0.175327 -0.013863 -0.00288641 0.175306 -0.0138476 -0.00288641 0.176449 -0.014751 -0.00381606 0.175927 -0.0142993 -0.00599606 0.178053 -0.0159405 -0.00673146 0.177382 -0.0153344 -0.00806559 0.180153 -0.0174867 -0.00912184 0.179676 -0.0169841 -0.00579473 0.173498 -0.012533 -0.00729335 0.175199 -0.0117781 -0.0041103 0.177509 -0.0131601 -0.00825622 0.177531 -0.0107424 -0.00490007 0.178819 -0.0120303 -0.0081911 0.179029 -0.00951715 -0.00769531 0.179244 -0.00870602 -0.00288641 0.175765 -0.0156886 -0.00604472 0.177366 -0.016875 -0.00812581 0.179461 -0.0184174 -0.00515958 0.188287 0.0133709 -0.00438783 0.190986 0.012015 -0.00931938 0.189784 0.00811682 0.00359759 0.196514 0.00262619 0.00549629 0.194907 -0.00199163 -0.010776 0.190327 0.00127137 -0.0100065 0.189366 -0.00330149 0.00096506 0.176539 -0.0147441 0.00295765 0.176449 -0.014751 0.00611596 0.177366 -0.016875 0.00606731 0.178053 -0.0159405 0.00818967 0.179461 -0.0184174 0.00812841 0.180153 -0.0174867 -0.00533374 0.183844 0.0139932 -0.00608137 0.184169 0.0136231 -0.00622247 0.183111 0.0135251 -0.00780391 0.183489 0.0127901 -0.0070867 0.182651 0.0130915 -0.00866433 0.182439 0.0123441 0.00976639 0.177776 0.00951045 0.00970245 0.171501 0.00512473 0.00679549 0.177062 0.00955361 0.00631023 0.167463 0.00595498 0.00027337 0.166395 0.00678521 0.00641496 0.164929 -0.00107642 0.00050241 0.164742 -0.000243455 -0.00474764 0.179105 -0.0115249 -0.00974589 0.182414 0.00287949 -0.0115589 0.180231 -0.00040798 -0.0114046 0.175861 -0.00591669 -0.00982233 0.179452 -0.00591851 0.00157373 0.176942 -0.0164882 0.00094977 0.176937 -0.0164845 -0.00288641 0.174622 -0.0147851 -0.00579473 0.172814 -0.0134706 -0.00579823 0.169935 -0.0146194 -0.00734806 0.170386 -0.011705 -0.00731851 0.166148 -0.0105772 -0.00540488 0.182625 0.0141442 0.00812219 0.18337 0.0111681 0.0136051 0.178493 0.00783567 3.464e-005 0.168721 -0.0165485 0.00586767 0.169935 -0.0146193 0.00586598 0.172814 -0.0134706 0.00741931 0.170386 -0.011705 -0.00381606 0.175243 -0.0152369 -0.00677863 0.176694 -0.016269 0.00536376 0.164623 -0.00540114 0.00786752 0.166148 -0.010718 0.01297 0.180902 -0.00599975 0.0117017 0.177118 -0.00900895 0.00984564 0.180722 -0.00939864 0.00954085 0.180084 -0.0104315 0.0122234 0.181358 -0.00645784 0.0133846 0.181915 -0.00330366 -0.00862054 0.17107 -0.0107674 -0.00648904 0.174171 -0.0130224 -0.00862054 0.170386 -0.011705 -0.0068443 0.173487 -0.0139599 0.0109138 0.188874 -0.00606382 -0.0119526 0.183635 0.00377688 0.0106968 0.188274 0.00645542 0.0015634 0.17804 -0.0172868 0.00093919 0.178035 -0.0172831 0.00892249 0.177561 -0.0119631 -0.00529357 0.164623 -0.0054013 0.00623263 0.185292 -0.0120545 0.00653654 0.180072 -0.0118593 0.0117863 0.186173 -0.00642093 0.012708 0.186992 -0.00049429 0.0124273 0.182849 0.00381196 0.00993445 0.183398 0.00920935 0.0081021 0.18355 0.0114175 0.0112102 0.183169 0.00680926 3.56199e-005 0.178706 -0.0163359 0.00021031 0.194598 -0.00457952 -0.00050371 0.195974 0.00014308 -0.00918207 0.178984 -0.0179148 0.00607576 0.183031 0.0110145 0.00901505 0.184226 0.00712445 -0.00965684 0.182647 0.00526208 3.49503e-005 0.163646 -0.00484831 -0.00086795 0.178719 -0.0163455 -0.00149215 0.17804 -0.0172868 -0.00150249 0.176942 -0.0164882 -0.011805 0.180416 0.00184129 -0.012165 0.180748 0.00271545 -0.00149215 0.178724 -0.0163492 -0.00150249 0.177626 -0.0155506 -0.00447203 0.166043 -0.0162395 -0.00779247 0.164994 -0.0121128 -0.00566535 0.162444 -0.0148428 -0.00507708 0.162062 -0.0088606 -0.00466384 0.160318 -0.01071 3.46603e-005 0.161474 -0.00836845 9.2903e-006 0.15889 -0.00934941 0.00583937 0.16249 -0.00816245 0.00394414 0.160068 -0.0114873 0.00611203 0.162632 -0.0141194 0.00662737 0.159969 -0.0158436 0.0038848 0.162043 -0.0174006 0.00332321 0.159665 -0.0197636 2.67018e-006 0.158466 -0.0214413 0.00308156 0.156828 -0.0211955 3.47402e-005 0.156507 -0.0219154 0.00261511 0.154235 -0.0216563 3.46303e-005 0.153109 -0.0218264 0.00800527 0.164391 -0.0124071 0.00469657 0.166384 -0.0157942 9.55009e-006 0.164763 -0.0187707 -0.00293763 0.162331 -0.0179092 -0.00701998 0.160115 -0.0153472 -0.0040487 0.157652 -0.0122897 9.05029e-006 0.157392 -0.0124431 0.00406686 0.157652 -0.0122889 0.00311265 0.155443 -0.0142435 3.39403e-005 0.154475 -0.0135057 -0.00297276 0.155922 -0.0146866 -0.00439035 0.155735 -0.0181383 -0.00572482 0.157655 -0.0171317 -0.00301229 0.156827 -0.0211959 -0.00341325 0.159805 -0.0195073 8.90015e-006 0.161698 -0.0188405 0.00574338 0.157656 -0.0171307 0.00445893 0.155736 -0.0181374 0.00314523 0.153543 -0.0160746 3.39003e-005 0.15292 -0.0161324 -0.00318305 0.152876 -0.0156398 -0.00241142 0.154151 -0.0214148 3.96309e-005 0.118287 -0.0245671 3.79807e-005 0.125677 -0.0230608 0.00168064 0.118575 -0.0254099 0.00176813 0.126016 -0.0239054 0.00178681 0.119118 -0.0277684 0.00176104 0.12664 -0.0263943 4.10707e-005 0.126858 -0.0272209 3.90805e-005 0.134479 -0.0258516 -0.00167803 0.12664 -0.0263971 -0.00165659 0.134171 -0.0250193 -0.00168916 0.126015 -0.0239082 -0.00178058 0.133465 -0.0224005 3.63406e-005 0.133076 -0.0215523 0.00185563 0.133465 -0.0223984 0.00173527 0.134171 -0.0250173 3.71004e-005 0.142101 -0.0244823 -0.00163515 0.141701 -0.0236415 -0.00187199 0.140914 -0.020893 3.46905e-005 0.140475 -0.020044 -0.00225031 0.15198 -0.0226659 -0.00418579 0.152501 -0.0194413 -0.00250172 0.150785 -0.0178266 3.30504e-005 0.147874 -0.0185356 0.00256882 0.150785 -0.0178258 0.00203063 0.148364 -0.0193847 0.0023 0.148787 -0.0208024 0.00425425 0.152502 -0.0194401 0.00246495 0.151981 -0.0228696 3.48403e-005 0.150416 -0.02312 3.51103e-005 0.149722 -0.0231131 -0.00161371 0.149231 -0.0222637 4.30608e-005 0.119245 -0.0285871 0.00317305 0.118203 -0.0283308 4.47808e-005 0.118712 -0.0300471 4.47408e-005 0.117695 -0.0294058 -0.00308348 0.118203 -0.0283356 -0.00181046 0.117329 -0.0283046 -0.00290619 0.117266 -0.024949 -0.00170272 0.116642 -0.0255624 -0.00159775 0.118575 -0.0254134 -0.00169947 0.119118 -0.0277721 0.00194313 0.140915 -0.0208916 0.0017095 0.141702 -0.0236402 0.00168373 0.149232 -0.0222633 0.00319507 0.150138 -0.0203211 4.56609e-005 0.111072 -0.0279305 0.00178745 0.116642 -0.0255587 0.00189997 0.117329 -0.0283006 0.0029879 0.117266 -0.0249444 3.93609e-005 0.11692 -0.0232327 4.10509e-005 0.116339 -0.0244014 -0.0019634 0.148364 -0.0193854 -0.00223178 0.148786 -0.020803 -0.00312692 0.150137 -0.0203221</float_array>
					<technique_common>
						<accessor count="323" source="#ID163" stride="3">
							<param name="X" type="float"/>
							<param name="Y" type="float"/>
							<param name="Z" type="float"/>
						</accessor>
					</technique_common>
				</source>
				<source id="ID164">
					<float_array id="ID165" count="1038" digits="2490374">0.399719 0.615844 0.678906 0.164063 0.825469 0.540031 0.538625 0.569906 0.620531 0.284281 0.858156 0.427438 0.834594 0.4505 0.316938 0.579437 0.8085 0.102469 0.891844 0.4445 -0.0835313 0.644875 0.739937 -0.191313 0.651094 0.635813 -0.414438 0.311094 0.854875 -0.415156 0.331125 0.669625 -0.66475 0.02275 0.838031 -0.545094 -0.09625 0.701406 -0.706187 -0.236969 0.813812 -0.530563 -0.314219 0.613312 -0.724625 0.108562 0.600312 0.792344 -0.212563 0.835219 0.507125 -0.155687 0.970906 0.181844 -0.527 0.814875 0.241344 -0.29875 0.943313 -0.144562 -0.587344 0.799937 -0.122781 -0.3135 0.879969 -0.356844 -0.570813 0.698687 -0.43125 -0.443219 0.652625 -0.614469 -0.594187 0.402156 -0.696531 -0.207031 0.468531 -0.858813 0.378156 -0.588469 -0.714656 -0.127219 -0.106719 -0.986156 0.0069375 -0.603094 -0.797687 0.307844 -0.291656 -0.905656 0 -0.588125 -0.808812 -0.307844 -0.291656 -0.905656 -0.304469 -0.774875 -0.553969 0.00996875 0.155031 -0.987875 -0.704344 0.0690937 0.706469 -0.749781 0.595875 0.287594 -0.769719 0.275031 0.576063 -0.872563 0.391844 0.291656 -0.876781 0.105875 0.469063 -0.91725 0.124719 0.37825 -0.957438 0.153219 0.244469 -0.970344 0.159438 0.181562 -0.9905 0.114469 0.0760625 -0.976531 0.162312 0.141344 -0.996063 0.0879062 0.0105313 0.703844 -0.387625 -0.595281 0.771406 -0.635594 -0.030875 0.757719 -0.400438 -0.51525 0.877875 -0.478594 -0.0155 0.939125 -0.161531 -0.303187 0.974281 -0.206313 0.0905937 0.864906 0.480844 -0.143781 0.717719 0.586688 0.375 0.365469 0.930469 -0.0252813 0.431563 0.901375 0.0351875 0.747719 0.505687 0.430313 0.821875 -0.263969 -0.504812 0.428031 0.0302188 0.903281 0.480781 -0.850469 -0.213469 0.3385 0.55775 0.757875 0.537188 0.783875 0.311406 0.536563 -0.0555625 -0.842062 0.613063 0.123562 0.780312 0.613656 -0.704094 -0.357313 -0.751469 -0.380125 -0.53925 -0.83625 -0.183781 -0.516594 -0.729156 -0.679219 0.083375 -0.87725 -0.471156 -0.0916563 -0.693875 -0.497969 0.520156 -0.994969 -0.0827188 0.0560937 -0.879531 -0.144781 0.45325 -0.842094 0.526062 0.118594 -0.747312 0.0964063 0.657406 -0.539406 0.839469 0.0655625 -0.822438 0.290094 0.489312 -0.990562 0.131313 0.0387187 -0.964031 0.265406 0.0133437 -0.949844 0.0773125 -0.302969 -0.866219 0.253563 -0.4305 -0.717406 0.142656 -0.681844 -0.246531 0.175625 -0.953062 0.3685 0.436656 -0.820656 0.520031 -0.284781 -0.805281 0.507781 -0.246094 -0.825594 0.202937 -0.204437 -0.957625 0.288344 0.0264688 -0.957187 -0.0412812 0.0361562 -0.9985 0.198219 0.612281 -0.765375 -0.191781 0.74 -0.644625 -0.0595625 0.940094 -0.335594 -0.138625 0.913844 -0.381594 0.662531 0.308531 0.6825 0.561437 0.239625 0.792031 0.468906 0.399844 0.787531 0.353219 0.270781 0.895469 0.151406 0.368531 0.917188 0.151219 0.22675 0.962125 0.0395312 0.265844 0.963188 0.11325 0.213281 0.970375 -0.190656 0.195125 0.962031 -0.998844 0.00553125 0.0470937 -0.998781 0.0355625 -0.0339375 -0.994469 0.0706562 -0.0774062 -0.995406 -0.0521563 -0.080125 -0.978594 -0.014375 -0.205156 -0.97325 -0.06425 -0.220563 -0.951719 -0.0632813 -0.300312 -0.0209063 -0.380656 0.924469 -0.378563 -0.389344 0.839688 -0.184844 -0.383406 0.904875 -0.464031 -0.68175 0.565594 -0.385188 -0.887656 0.252406 0.572344 0.810594 0.124125 0.582281 -0.123 0.803625 -0.01 0.987875 0.155156 0.304594 0.293687 0.906094 0 0.588125 0.808812 -0.304594 0.293719 0.906094 -0.313219 0.778844 0.543469 0.0069375 0.603094 0.797687 0.155156 0.924281 0.348875 -0.321344 0.565687 0.759469 0.495219 0.84025 0.220844 -0.4285 0.0307187 0.903031 0.170312 0.983656 -0.0589062 -0.75 0.502906 0.429594 -0.562719 -0.0707813 -0.823625 -0.314781 -0.0499063 -0.947875 -0.569125 0.0113125 -0.822156 -0.423625 0.23775 -0.874094 -0.676625 0.278437 -0.681625 -0.3525 0.732969 -0.581781 -0.532031 0.733312 -0.42325 -0.187875 0.947656 -0.258125 0.127219 -0.106719 -0.986156 0.442625 -0.0418437 -0.89575 0.0975 0.308313 -0.946312 -0.304219 0.349063 0.886312 -0.410188 0.575219 0.707687 -0.767 0.521281 0.374063 0.140156 0.98975 0.0265625 0.274531 0.924344 -0.264906 -0.824531 0.565 0.0294688 -0.777562 0.49275 -0.390594 0.313219 0.778813 0.543469 -0.155156 0.924281 0.348875 -0.443156 -0.04225 -0.895469 -0.495625 0.839906 0.221188 -0.101938 0.308969 -0.945625 -0.173969 0.982969 -0.0596563 -0.0069375 0.603094 0.797687 -0.416969 0.10725 0.902562 -0.483375 0.0907188 0.870656 -0.465406 0.0104688 0.885 -0.535469 0.121531 0.835719 -0.426625 -0.0401875 0.9035 -0.604062 0.08075 0.792813 0.266406 -0.300438 0.915812 0.638125 -0.550188 0.538594 0.249406 -0.377406 0.891813 0.458531 -0.629062 0.627719 0.181938 -0.722313 0.667219 0.467687 -0.834094 0.2925 0.139281 -0.948187 0.285625 -0.25475 0.876406 -0.408625 -0.563219 0.802188 -0.198125 -0.818656 0.533281 -0.213 -0.784594 0.532656 -0.31725 -0.914125 0.167219 -0.36925 -0.680781 0.641688 -0.353125 0.583 -0.802156 -0.129094 0.304469 -0.774875 -0.553969 -0.287562 0.253469 -0.923625 -0.717 0.259062 -0.647125 -0.718156 0.190156 -0.669438 -0.946594 0.0215 -0.321687 -0.984656 -0.166594 -0.0516875 -0.99675 -0.0090625 -0.0797812 -0.821719 -0.567688 -0.049875 -0.448188 0.135656 0.883563 0.366406 0.218656 0.904375 0.775469 -0.268656 0.571344 0 0.283031 -0.959156 0.00646875 0.299469 -0.954156 0.287531 0.253344 -0.923688 0.692531 0.174406 -0.700031 0.716875 0.258719 -0.647406 0.933062 0.0915625 -0.347844 -0.0069375 -0.603094 -0.797687 -0.380344 -0.584719 -0.716563 -0.481344 -0.850094 -0.213781 0.0105937 -0.99075 0.135344 0.3855 -0.922281 -0.0285312 0.491812 -0.842281 0.220844 0.839063 -0.534344 -0.102094 0.987875 -0.115062 -0.104062 0.986125 0.088375 -0.1405 0.811125 0.3615 -0.459719 0.800031 -0.05 -0.597844 0.392094 0.726281 -0.564594 0.542562 0.519188 -0.660312 0.607313 0.611656 -0.506938 0.567875 0.774437 -0.278812 0 -0.155094 0.987938 -0.573125 0.144969 0.806562 -0.503781 0.784156 0.362375 -0.652937 -0.70475 -0.277469 0 -0.987938 -0.155094 -0.565719 -0.0149062 -0.824469 0.743625 0.439156 -0.504125 -0.993781 0.0832812 0.0735938 0.879313 0.235563 0.413844 0.571625 0.130313 -0.810125 -0.00996875 0.155031 -0.987875 -0.131812 -0.716688 0.684844 -0.0957187 -0.953531 0.285781 0.543656 0.10825 -0.832281 -0.470313 -0.855625 0.216406 -0.337156 -0.941344 0.0142188 -0.547312 0.046375 -0.835625 -0.17875 0.0453125 -0.982844 0.133937 0.0293438 -0.990531 0.41525 0.133719 -0.899813 0.421406 -0.009375 -0.906812 0.690344 0.0730312 -0.719781 0.855563 0.195187 -0.479438 0.859906 0.0819063 -0.503781 0.975781 0.142375 -0.165969 0.968781 0.237344 0.0712812 0.985594 0.119406 0.119687 0.952875 0.146031 0.26575 0.805406 0.188187 0.562 0.679031 0.224187 0.699 0.904031 0.119344 0.410375 0.174656 0.843719 -0.5075 0 0.987906 0.155188 -0.0485937 0.920594 -0.387469 -0.0944062 0.9785 -0.183313 -0.823531 -0.264406 -0.501875 0 -0.351094 -0.936375 0.02275 -0.260281 0.96525 0.389094 0.907156 0.160063 -0.581625 0.812437 -0.0402813 -0.0036875 -0.886312 0.46325 -0.745188 0.0008125 -0.666812 -0.865781 0.0105937 -0.50025 0.01 0.987875 0.155156 -0.577219 0.123781 -0.807187 -0.583 -0.802156 -0.129094 -0.981313 -0.0254063 -0.190625 -0.983969 0.0996562 -0.147781 -0.572344 0.810594 0.124125 -0.582281 -0.123 0.803625 -0.581094 0.172281 -0.795375 -0.966 -0.146812 -0.212781 -0.92625 -0.0209375 -0.376281 -0.604906 -0.648687 0.461937 -0.594906 -0.442594 0.671063 -0.104375 -0.659063 0.744937 0.0380313 -0.642844 0.765188 0.515781 -0.722719 0.460187 0.750313 -0.442344 0.491375 0.926125 -0.359656 -0.113656 0.981094 0.069125 -0.180594 0.560719 0.302938 -0.770563 0.475094 0.472562 -0.742219 0.0195937 0.481906 -0.875969 0.55975 0.173375 -0.810406 0.012 0.111188 -0.993844 0.545438 0.053375 -0.836563 -0.0666875 0.27175 -0.960187 0.924656 -0.197031 -0.325812 0.527375 0.209625 -0.823344 0.0199063 0.258406 -0.965969 -0.514313 0.313719 -0.798125 -0.9815 0.024625 -0.189844 -0.487156 -0.720563 0.493375 -0.0433437 -0.688 0.724406 0.667063 -0.503031 0.549469 0.535656 -0.590406 0.603844 0.00096875 -0.60225 0.798437 -0.5785 -0.478531 0.660656 -0.969156 -0.157375 -0.189531 -0.907281 -0.311344 -0.282656 -0.538031 0.0684375 -0.840219 -0.500375 0.424688 -0.754469 -0.0123438 0.394 -0.919 0.91875 -0.35075 -0.181344 0.954875 -0.29525 0.032125 0.608656 -0.548937 0.573 0.08025 -0.658938 0.748062 -0.596094 -0.522125 0.610062 -0.497906 0.197031 -0.844656 -0.001 0.275219 0.961375 -0.00046875 -0.201844 0.979625 0.740906 0.367656 0.562 0.854875 -0.107094 0.507719 0.758438 0.561281 -0.331187 0.849 0.092375 -0.520344 0.00025 0.179188 -0.984 -0.848281 0.0921562 -0.521531 -0.841719 0.0943125 -0.531687 -0.855812 -0.10725 0.506125 -0.862469 -0.105281 0.495094 -0.00046875 -0.201844 0.979594 0.86175 -0.105062 0.496375 0.842313 0.0945625 -0.530719 0.00025 0.179188 -0.983969 -0.859937 0.0777187 -0.504469 -0.903094 -0.105031 0.416438 -0.00046875 -0.201844 0.979563 -0.577219 0.123781 -0.80725 -0.959719 -0.278969 -0.0330313 -0.565375 -0.586531 0.580063 -0.0001875 -0.423063 0.90625 0.591781 -0.523531 0.613063 0.757125 -0.34375 0.555562 0.977281 -0.179937 -0.112 0.963156 -0.265969 0.0394063 0.5255 0.0559375 -0.849063 -0.0296875 0.122375 -0.992188 -0.0116562 -0.0265312 -0.999719 -0.729156 -0.125906 -0.672719 0.000375 0.622906 -0.782281 0.841875 0.125687 -0.524781 0.0005 0.281312 -0.959594 0.0006875 -0.395125 -0.918594 -0.840969 0.125531 -0.526281 -0.66575 -0.519375 -0.535688 -0.846281 -0.144781 0.512625 -0.678656 -0.6955 0.235938 -0.742094 0.367594 0.560469 -0.758062 0.561 -0.332531 0.902656 -0.104719 0.417437 0.859906 0.0819375 -0.503844 0.725719 -0.155625 -0.67025 0.898094 -0.404813 -0.172031 6.25e-005 -0.979156 -0.203063 0.678375 -0.69525 0.237438 0.666781 -0.51925 -0.534531 0.845219 -0.144594 0.514437 -0.00075 -0.218031 0.975937 -0.0005 -0.784719 0.619844 -0.757438 -0.343875 0.555094 -0.977125 -0.180063 -0.112906 -0.901844 -0.385719 -0.194625</float_array>
					<technique_common>
						<accessor count="346" source="#ID165" stride="3">
							<param name="X" type="float"/>
							<param name="Y" type="float"/>
							<param name="Z" type="float"/>
						</accessor>
					</technique_common>
				</source>
				<source id="ID166">
					<float_array id="ID167" count="844" digits="2490374">-0.949206 0.735862 -0.923872 0.770245 -0.923666 0.714644 -0.888056 0.739628 -0.874999 0.685498 -0.856684 0.718995 -0.784646 0.678327 -0.788487 0.711168 -0.742224 0.717696 -0.75928 0.75236 -0.695223 0.763511 -0.742457 0.804458 -0.709925 0.820724 -0.760133 0.855927 -0.72677 0.858674 1.3596 0.8 1.33844 0.749076 1.32546 0.8 1.28789 0.752899 1.2378 0.8 1.24146 0.744592 1.1856 0.8 1.1858 0.746695 1.13839 0.8 1.14131 0.755546 1.10258 0.777432 1.08376 0.737406 1.07982 0.8 1.03852 0.8 0.795811 0.864267 0.808178 0.888511 0.808178 0.864271 0.83241 0.888517 0.8576 0.864292 0.857614 0.887628 0.831928 0.888517 0.857614 0.937765 0.832272 0.938267 0.857591 0.979106 0.832511 0.979608 0.241001 0.725638 0.252834 0.728333 0.23595 0.740011 0.264876 0.722515 0.261105 0.752024 0.276199 0.731603 0.275811 0.756081 0.285133 0.730568 0.30501 0.745085 0.294066 0.720197 0.302913 0.725439 0.886234 0.066342 0.585032 0.084332 0.886114 0.10298 0.667864 0.110435 0.885994 0.139618 0.750696 0.151234 0.886936 0.208611 0.693603 0.205737 0.880926 0.236878 0.759233 0.236879 0.813219 0.864503 0.812168 0.88848 0.735667 0.864394 0.735647 0.888506 0.795482 0.86425 0.882015 0.066282 0.883626 0.127693 0.585266 0.0833421 0.657993 0.108937 0.58555 0.118122 0.710626 0.149229 0.639194 0.178455 0.691051 0.20882 0.585558 0.237807 0.663421 0.236869 0.253518 0.835019 0.319004 0.835147 0.320461 0.865776 0.398777 0.835214 0.398678 0.865784 0.332591 0.835129 0.327735 0.865802 0.286567 0.83512 0.280574 0.865792 0.234185 0.865773 0.569575 0.0884551 0.569631 0.103464 0.669421 0.065766 0.656902 0.12324 0.752802 0.083523 0.660308 0.133327 0.752048 0.118782 0.68944 0.198927 0.773749 0.198901 0.069928 0.796824 0.104915 0.722109 0.101686 0.79681 0.120013 0.73755 0.130761 0.796796 0.143485 0.72667 0.156278 0.752165 0.153096 0.72211 0.168833 0.72211 0.315931 0.723416 0.318086 0.745536 0.333774 0.761793 0.341466 0.73096 0.354474 0.746439 0.348456 0.72211 0.39858 0.72211 0.992192 0.199429 0.904973 0.19953 0.990981 0.118807 0.906507 0.095899 0.993109 0.063017 0.951127 0.057276 0.995236 0.00722706 0.953509 0.0072 0.813907 0.979799 0.813674 0.938458 0.832993 0.979608 0.832755 0.938267 0.807695 0.864271 0.807695 0.888511 0.735685 0.864377 0.813251 0.864486 0.89944 0.0813171 0.836957 0.0960521 0.89944 0.107975 0.843874 0.12008 0.899965 0.122925 0.838759 0.135623 0.899965 0.143146 0.915186 0.199109 0.832463 0.888494 0.038406 0.834749 0.07048 0.834738 0.065264 0.86579 0.096062 0.83486 0.08926 0.865779 0.249436 0.865779 -0.851521 0.82263 -0.844949 0.771032 -0.793805 0.758429 1.30177 0.715271 1.248 0.699043 1.18032 0.704789 1.13412 0.714893 0.832172 0.888494 0.812187 0.888486 0.735628 0.888496 0.812138 0.88848 0.19388 0.796946 0.199248 0.736061 0.205792 0.742616 0.208826 0.728318 0.222669 0.737752 0.217646 0.724264 0.232105 0.725508 0.991763 0.109951 0.993499 0.058589 0.908565 0.091186 0.951837 0.053884 0.910174 0.04918 0.911783 0.00717306 0.253518 0.797141 0.843196 0.199114 0.812962 0.09361 0.84054 0.201687 0.803299 0.199783 0.793904 0.132319 0.732355 0.199614 0.626952 0.143677 0.664562 0.199639 0.633438 0.131854 0.779814 0.114261 0.644052 0.103782 0.765725 0.0573621 0.651786 0.056129 0.812252 0.939247 0.812754 0.980323 0.832484 0.939057 0.85824 0.944106 0.020253 0.957152 0.020298 0.974795 0.063458 0.978916 0.020243 0.995355 0.088986 0.986692 0.002985 0.992222 0.017957 0.953247 0.201009 0.72211 0.585605 0.236881 0.585686 0.160073 0.667536 0.177401 0.585359 0.114854 0.02934 0.939508 0.104449 0.939541 0.020246 0.91369 0.065003 0.884235 0.020284 0.887871 0.02024 0.875027 0.735713 0.864341 0.021756 0.935483 0.019854 0.923461 0.063988 0.897793 0.017952 0.911438 0.086622 0.879852 0.002979 0.872226 0.80878 0.166969 0.742183 0.152672 0.800537 0.119889 0.721849 0.124715 0.801585 0.139159 0.653463 0.116592 0.645106 0.199429 0.617339 0.144576 0.734793 0.199417 0.774923 0.199404 0.813318 0.864428 -0.721098 0.693285 -0.647821 0.756249 -0.656094 0.827546 0.398777 0.79738 0.319004 0.797298 0.309669 0.766331 0.038901 0.865791 0.012539 0.865793 0.012539 0.83476 0.055117 0.833968 0.909145 0.0515361 0.613141 0.122153 0.065773 0.968709 0.019856 0.944365 0.332591 0.797276 0.304967 0.72211 0.270571 0.797265 0.274911 0.722111 0.242174 0.722111 0.2045 0.797086 0.208066 0.722111 0.173476 0.72211 0.135086 0.796788 0.140472 0.72211 0.110654 0.72211 0.079041 0.796676 0.076854 0.722109 0.041757 0.722109 0.014737 0.796743 0.041858 0.722109 0.07012 0.722109 0.015335 0.722109 0.569687 0.126346 0.569682 0.144045 0.62247 0.1989 0.812543 0.939247 0.812463 0.980323 0.834054 0.939611 0.83332 0.980133 0.85652 0.979635 -0.774923 0.819211 -0.818987 0.830112 -0.818273 0.852802 0.756103 0.070371 0.735675 0.888525 0.693258 0.23688 0.585833 0.167598 0.885236 0.185954 0.88576 0.207221 0.718851 0.236865 0.779344 0.236864 1.12729 0.701022 1.18046 0.681504 0.845766 0.888474 0.844258 0.864415 1.1153 0.8 0.845567 0.88848 0.844059 0.864405 0.081387 0.942085 0.337919 0.72211 0.369079 0.72211 0.840668 0.938936 0.840885 0.979998 0.812205 0.888511 0.735657 0.888516 0.813286 0.864446 0.735695 0.864358 0.813424 0.979799 0.813191 0.938458 0.332305 0.725522 0.323981 0.728811 0.834345 0.939611 0.833611 0.980133 0.832775 0.939057 0.858532 0.944106 0.840445 0.938795 0.238158 0.834974 0.182824 0.865758 0.189331 0.834731 0.143675 0.865762 0.145323 0.835157 0.055117 0.865103 0.857545 0.939818 0.856812 0.979635 -0.779879 0.855392 0.802634 0.060277 0.693784 0.0616931 0.561678 0.198898 0.956441 0.233578 0.857254 0.939818 0.812238 0.88852 0.114558 0.971473 0.108638 0.988274 0.148816 0.99151 0.115058 0.978541 0.162123 0.974225 0.12702 0.942391 0.162221 0.943203 0.109995 0.890068 0.157789 0.895343 0.143575 0.872755 0.185399 0.877694 0.169696 0.886381 0.207326 0.894492 0.234093 0.941713 0.236369 0.887874 0.255419 0.942193 0.282779 0.901904 0.295004 0.934526 0.113375 0.876304 0.10966 0.892813 0.152274 0.940326 0.174051 0.97988 0.189703 0.993003 0.194292 0.981713 0.197945 0.943506 0.190229 0.89021 0.224668 0.897889 0.23763 0.944648 0.228299 0.974239 0.25121 0.991469 0.223324 0.990664 0.252061 0.981323 0.211142 0.972933 0.201447 0.940832 0.219438 0.873666 0.251227 0.881485 0.2689 0.894748 0.271361 0.944987 0.268722 0.980228 0.28256 0.968328 0.692751 0.922781 0.608684 0.922781 0.69273 0.928814 0.608672 0.928481 0.69253 0.939549 0.608461 0.941 0.608475 0.949443 0.524398 0.949624 0.608489 0.959156 0.524405 0.958226 0.608697 0.97363 0.524624 0.974419 0.608684 0.988224 0.524618 0.988224 0.524618 0.922781 0.524613 0.928149 0.524391 0.942451 0.440321 0.949806 0.440321 0.957297 0.44055 0.975209 0.440552 0.988224 0.311915 0.958201 0.288711 0.97453 0.302063 0.965704 0.344715 0.946801 0.306351 0.899256 0.344937 0.909985 0.347733 0.891455 0.296476 0.876 0.299793 0.888067 0.342773 0.944448 0.350047 0.944992 0.34976 0.966414 0.693739 0.927138 0.69376 0.955792 0.699128 0.927136 0.699163 0.956205 0.705694 0.955895 0.699396 0.976667 0.70545 0.976416 0.699329 0.927136 0.704066 0.927144 0.692751 0.988224 0.692771 0.972841 0.692573 0.960085 0.692552 0.949262 0.440552 0.922781 0.440554 0.927816 0.440321 0.943901 0.356251 0.945352 0.356244 0.949987 0.32917 0.88597 0.350286 0.907218 0.770202 0.955544 0.693979 0.976551 0.693939 0.927139 0.693959 0.953819 0.699363 0.954013 0.704296 0.954408 0.704526 0.927144 0.344446 0.967214 0.346912 0.985338 0.322985 0.973124 0.356385 0.940656 0.356495 0.927484 0.356486 0.922781 0.356476 0.975998 0.356355 0.967648 0.356237 0.956367 0.705939 0.927144 0.356486 0.988224</float_array>
					<technique_common>
						<accessor count="422" source="#ID167" stride="2">
							<param name="S" type="float"/>
							<param name="T" type="float"/>
						</accessor>
					</technique_common>
				</source>
				<vertices id="ID168">
					<input semantic="POSITION" source="#ID162"/>
				</vertices>
				<triangles count="607" material="Material1">
					<input offset="0" semantic="VERTEX" source="#ID168" set="0"/>
					<input offset="1" semantic="NORMAL" source="#ID164" set="0"/>
					<input offset="2" semantic="TEXCOORD" source="#ID166" set="0"/>
					<p>2 2 2 1 1 1 0 0 0 3 3 3 1 1 1 2 2 2 4 4 4 3 3 3 2 2 2 5 5 5 3 3 3 4 4 4 6 6 6 5 5 5 4 4 4 7 7 7 5 5 5 6 6 6 8 8 8 7 7 7 6 6 6 9 9 9 7 7 7 8 8 8 10 10 10 9 9 9 8 8 8 11 11 11 9 9 9 10 10 10 12 12 12 11 11 11 10 10 10 13 13 13 11 11 11 12 12 12 14 14 14 13 13 13 12 12 12 1 1 17 15 15 16 0 0 15 16 16 18 15 15 16 1 1 17 17 17 19 16 16 18 1 1 17 18 18 20 16 16 18 17 17 19 19 19 21 18 18 20 17 17 19 20 20 22 18 18 20 19 19 21 21 21 23 20 20 22 19 19 21 22 22 24 20 20 22 21 21 23 23 23 25 22 22 24 21 21 23 24 24 26 22 22 24 23 23 25 14 14 27 24 24 26 23 23 25 25 25 28 24 24 26 14 14 27 28 28 31 27 27 30 26 26 29 29 29 32 27 27 30 28 28 31 30 30 33 29 29 32 28 28 31 31 30 34 29 29 32 30 30 33 32 31 35 31 30 34 30 30 33 33 30 36 31 30 34 32 31 35 34 32 37 33 30 36 32 31 35 35 33 38 33 30 36 34 32 37 36 33 39 35 33 38 34 32 37 39 36 42 38 35 41 37 34 40 40 37 43 38 35 41 39 36 42 41 38 44 40 37 43 39 36 42 42 39 45 40 37 43 41 38 44 43 40 46 42 39 45 41 38 44 44 41 47 42 39 45 43 40 46 45 42 48 44 41 47 43 40 46 46 43 49 44 41 47 45 42 48 47 44 50 46 43 49 45 42 48 50 47 53 49 46 52 48 45 51 51 48 54 49 46 52 50 47 53 52 49 55 51 48 54 50 47 53 53 50 56 51 48 54 52 49 55 54 51 57 53 50 56 52 49 55 55 52 58 53 50 56 54 51 57 56 53 59 55 52 58 54 51 57 57 54 60 55 52 58 56 53 59 60 57 63 59 56 62 58 55 61 61 58 64 59 56 62 60 57 63 62 59 65 61 58 64 60 57 63 26 26 31 61 58 64 62 59 65 63 60 63 26 26 31 62 59 65 64 61 64 26 26 31 63 60 63 65 62 61 64 61 64 63 60 63 66 63 62 64 61 64 65 62 61 69 66 68 68 65 67 67 64 66 70 67 69 68 65 67 69 66 68 71 68 70 70 67 69 69 66 68 72 69 71 70 67 69 71 68 70 73 70 72 72 69 71 71 68 70 74 71 73 72 69 71 73 70 72 37 72 74 74 71 73 73 70 72 75 73 75 74 71 73 37 72 74 78 76 78 77 75 77 76 74 76 79 77 79 77 75 77 78 76 78 80 78 80 79 77 79 78 76 78 81 79 81 79 77 79 80 78 80 24 24 82 81 79 81 80 78 80 82 80 83 81 79 81 24 24 82 25 25 84 82 80 83 24 24 82 83 81 85 82 80 83 25 25 84 86 84 88 85 83 87 84 82 86 87 85 89 85 83 87 86 84 88 88 86 90 87 85 89 86 84 88 89 87 91 87 85 89 88 86 90 90 88 92 89 87 91 88 86 90 91 89 93 89 87 91 90 88 92 92 90 94 91 89 93 90 88 92 95 93 97 94 92 96 93 91 95 96 94 98 94 92 96 95 93 97 97 95 99 96 94 98 95 93 97 98 96 100 96 94 98 97 95 99 99 97 101 98 96 100 97 95 99 100 98 102 98 96 100 99 97 101 101 99 103 100 98 102 99 97 101 45 42 48 102 100 104 47 44 50 103 101 105 102 100 104 45 42 48 104 102 106 103 101 105 45 42 48 105 103 107 103 101 105 104 102 106 106 104 108 105 103 107 104 102 106 107 105 109 105 103 107 106 104 108 108 106 110 107 105 109 106 104 108 110 108 113 109 107 112 37 72 111 111 109 114 109 107 112 110 108 113 71 68 115 111 109 114 110 108 113 112 110 116 111 109 114 71 68 115 69 66 117 112 110 116 71 68 115 113 111 118 112 110 116 69 66 117 116 114 121 115 113 120 114 112 119 117 115 122 115 113 120 116 114 121 118 116 36 117 115 122 116 114 121 119 116 34 117 115 122 118 116 36 120 117 37 119 116 34 118 116 36 121 118 35 119 116 34 120 117 37 124 120 124 123 119 123 122 119 33 125 121 65 123 119 123 124 120 124 126 122 64 125 121 65 124 120 124 127 123 125 125 121 65 126 122 64 128 124 62 127 123 125 126 122 64 129 125 126 127 123 125 128 124 62 131 128 129 123 127 128 130 126 127 132 129 130 123 127 128 131 128 129 133 130 131 132 129 130 131 128 129 134 131 132 132 129 130 133 130 131 135 132 133 134 131 132 133 130 131 136 133 134 134 131 132 135 132 133 137 134 65 121 118 135 32 31 33 124 120 124 121 118 135 137 134 65 138 135 63 124 120 124 137 134 65 126 122 64 124 120 124 138 135 63 139 136 61 126 122 64 138 135 63 128 124 62 126 122 64 139 136 61 15 15 138 97 95 137 95 93 136 140 137 139 97 95 137 15 15 138 141 138 140 140 137 139 15 15 138 76 74 76 140 137 139 141 138 140 142 139 141 76 74 76 141 138 140 78 76 78 76 74 76 142 139 141 3 3 3 17 17 142 1 1 1 143 140 143 17 17 142 3 3 3 5 5 5 143 140 143 3 3 3 144 141 144 143 140 143 5 5 5 7 7 7 144 141 144 5 5 5 9 9 9 144 141 144 7 7 7 18 18 20 142 139 146 141 138 145 145 142 147 142 139 146 18 18 20 20 20 22 145 142 147 18 18 20 146 143 148 145 142 147 20 20 22 22 22 24 146 143 148 20 20 22 24 24 26 146 143 148 22 22 24 148 145 124 27 27 65 147 144 149 149 146 63 27 27 65 148 145 124 150 147 64 149 146 63 148 145 124 151 148 61 149 146 63 150 147 64 152 149 150 151 148 61 150 147 64 62 59 29 148 145 30 86 150 31 150 147 151 148 145 30 62 59 29 60 57 63 150 147 151 62 59 29 152 149 152 150 147 151 60 57 63 58 55 61 152 149 152 60 57 63 154 152 155 153 151 154 140 137 153 155 153 156 153 151 154 154 152 155 156 154 157 155 153 156 154 152 155 157 155 158 155 153 156 156 154 157 158 156 159 157 155 158 156 154 157 161 159 162 160 158 161 159 157 160 162 160 163 160 158 161 161 159 162 163 161 164 162 160 163 161 159 162 164 162 118 162 160 163 163 161 164 165 163 165 164 162 118 163 161 164 76 74 166 154 152 155 140 137 153 156 154 157 154 152 155 76 74 166 39 36 42 156 154 157 76 74 166 158 156 159 156 154 157 39 36 42 37 34 40 158 156 159 39 36 42 132 129 130 88 86 90 123 127 128 90 88 92 88 86 90 132 129 130 134 131 132 90 88 92 132 129 130 166 164 167 90 88 92 134 131 132 136 133 134 166 164 167 134 131 132 108 167 170 168 166 169 167 165 168 169 168 171 168 166 169 108 167 170 170 169 172 169 168 171 108 167 170 135 132 173 169 168 171 170 169 172 136 133 174 135 132 173 170 169 172 133 130 175 169 168 171 135 132 173 68 65 176 169 168 171 133 130 175 131 128 177 68 65 176 133 130 175 67 64 178 68 65 176 131 128 177 130 126 179 67 64 178 131 128 177 117 115 182 171 170 181 115 113 180 172 171 183 171 170 181 117 115 182 147 144 149 172 171 183 117 115 182 29 29 33 172 171 183 147 144 149 27 27 65 29 29 33 147 144 149 175 174 186 174 173 185 173 172 184 176 175 187 174 173 185 175 174 186 177 176 188 176 175 187 175 174 186 67 177 189 176 175 187 177 176 188 69 178 190 67 177 189 177 176 188 140 137 153 99 97 101 97 95 99 101 99 103 99 97 101 140 137 153 153 151 154 101 99 103 140 137 153 178 179 191 101 99 103 153 151 154 155 153 156 178 179 191 153 151 154 159 157 193 55 52 58 179 180 192 180 181 194 55 52 58 159 157 193 160 158 195 180 181 194 159 157 193 53 50 56 180 181 194 160 158 195 28 184 198 181 183 197 30 182 196 182 185 199 181 183 197 28 184 198 183 186 200 182 185 199 28 184 198 184 187 201 182 185 199 183 186 200 173 188 123 32 31 35 30 30 33 137 134 124 32 31 35 173 188 123 185 189 65 137 134 124 173 188 123 186 190 202 137 134 124 185 189 65 187 193 205 164 192 204 165 191 203 49 194 206 164 192 204 187 193 205 188 195 207 49 194 206 187 193 205 48 196 208 49 194 206 188 195 207 52 49 211 189 197 210 54 51 209 190 198 212 189 197 210 52 49 211 50 47 213 190 198 212 52 49 211 85 83 214 190 198 212 50 47 213 193 201 217 192 200 216 191 199 215 189 197 210 192 200 216 193 201 217 194 202 218 189 197 210 193 201 217 54 51 209 189 197 210 194 202 218 119 116 34 147 144 32 117 115 122 122 119 33 147 144 32 119 116 34 121 118 35 122 119 33 119 116 34 124 120 124 122 119 33 121 118 35 130 116 151 195 204 219 67 203 152 196 205 125 195 204 219 130 116 151 123 119 30 196 205 125 130 116 151 125 121 29 196 205 125 123 119 30 198 208 125 176 207 152 197 206 219 174 30 151 176 207 152 198 208 125 185 189 29 174 30 151 198 208 125 173 188 30 174 30 151 185 189 29 199 209 220 8 8 8 6 6 6 10 10 10 8 8 8 199 209 220 83 81 221 10 10 10 199 209 220 25 25 222 10 10 10 83 81 221 104 102 106 77 75 224 79 77 223 200 210 225 77 75 224 104 102 106 45 42 48 200 210 225 104 102 106 43 40 46 200 210 225 45 42 48 43 40 46 77 75 224 200 210 225 76 74 166 77 75 224 43 40 46 41 38 44 76 74 166 43 40 46 39 36 42 76 74 166 41 38 44 95 93 136 0 0 226 15 15 138 2 2 227 0 0 226 95 93 136 93 91 228 2 2 227 95 93 136 201 211 229 2 2 227 93 91 228 172 171 122 202 212 119 171 170 120 203 213 121 202 212 119 172 171 122 35 33 38 203 213 121 172 171 122 112 110 116 163 214 230 111 109 114 165 215 165 163 214 230 112 110 116 113 111 118 165 215 165 112 110 116 190 198 212 192 200 216 189 197 210 204 216 231 192 200 216 190 198 212 85 83 214 204 216 231 190 198 212 205 217 232 69 178 190 177 176 188 113 218 233 69 178 190 205 217 232 165 191 203 113 218 233 205 217 232 82 80 236 166 219 235 81 79 234 92 220 237 166 219 235 82 80 236 91 221 238 92 220 237 82 80 236 206 222 239 91 221 238 82 80 236 207 223 240 91 221 238 206 222 239 191 224 241 207 223 240 206 222 239 208 225 242 191 224 241 206 222 239 193 226 243 191 224 241 208 225 242 194 227 244 193 226 243 208 225 242 209 228 245 194 227 244 208 225 242 56 229 246 194 227 244 209 228 245 210 230 247 56 229 246 209 228 245 93 91 95 211 231 249 201 211 248 212 232 250 211 231 249 93 91 95 94 92 96 212 232 250 93 91 95 201 211 248 210 230 247 209 228 245 213 233 251 210 230 247 201 211 248 211 231 249 213 233 251 201 211 248 89 87 91 192 200 253 204 216 252 207 234 254 192 200 253 89 87 91 91 89 93 207 234 254 89 87 91 203 213 257 114 112 256 202 212 255 116 114 258 114 112 256 203 213 257 214 235 259 116 114 258 203 213 257 215 236 260 11 11 11 13 13 13 9 9 9 11 11 11 215 236 260 144 141 144 9 9 9 215 236 260 216 237 261 143 140 143 144 141 144 17 17 142 143 140 143 216 237 261 19 19 262 17 17 142 216 237 261 217 238 62 127 123 63 129 125 61 186 190 64 127 123 63 217 238 62 186 190 64 125 121 65 127 123 63 185 189 31 125 121 65 186 190 64 122 239 263 88 86 90 86 84 88 123 127 128 88 86 90 122 239 263 186 190 202 138 135 264 137 134 124 217 238 219 138 135 264 186 190 202 51 48 54 160 158 195 49 46 52 53 50 56 160 158 195 51 48 54 218 240 112 159 157 160 179 180 111 161 159 162 159 157 160 218 240 112 195 204 61 198 208 64 197 206 62 196 205 63 198 208 64 195 204 61 196 205 63 185 189 31 198 208 64 125 121 65 185 189 31 196 205 63 87 85 89 204 216 252 85 83 87 89 87 91 204 216 252 87 85 89 219 241 265 55 52 58 57 54 60 179 180 192 55 52 58 219 241 265 110 108 266 73 70 72 71 68 70 37 72 74 73 70 72 110 108 266 70 67 69 169 168 267 68 65 67 72 69 71 169 168 267 70 67 69 72 69 71 168 166 268 169 168 267 74 71 73 168 166 268 72 69 71 220 242 269 74 71 73 75 73 75 167 165 270 74 71 73 220 242 269 49 46 117 162 160 163 164 162 118 160 158 161 162 160 163 49 46 117 16 16 18 141 138 145 15 15 16 18 18 20 141 138 145 16 16 18 80 78 271 146 143 148 24 24 26 78 76 272 146 143 148 80 78 271 145 142 147 78 76 272 142 139 146 146 143 148 78 76 272 145 142 147 139 136 273 129 125 61 128 124 62 217 238 274 129 125 61 139 136 273 181 183 197 173 172 184 30 182 196 175 174 186 173 172 184 181 183 197 23 23 25 13 13 275 14 14 27 21 21 23 13 13 275 23 23 25 184 187 201 188 195 207 182 185 199 48 196 208 188 195 207 184 187 201 12 12 12 25 25 222 14 14 14 10 10 10 25 25 222 12 12 12 58 55 61 151 148 276 152 149 150 59 56 277 151 148 276 58 55 61 221 243 278 165 191 203 205 217 232 187 193 205 165 191 203 221 243 278 184 207 273 65 62 61 48 203 62 66 63 274 65 62 61 184 207 273 195 204 61 176 207 273 67 203 62 197 206 274 176 207 273 195 204 61 136 244 279 81 79 234 166 219 235 170 245 280 81 79 234 136 244 279 170 245 280 79 77 223 81 79 234 108 106 110 79 77 223 170 245 280 214 235 38 118 116 36 116 114 121 222 246 39 118 116 36 214 235 38 202 212 282 115 113 180 171 170 281 114 112 256 115 113 180 202 212 282 122 119 33 148 145 30 147 144 32 86 150 31 148 145 30 122 119 33 59 56 285 149 146 284 151 148 283 61 58 286 149 146 284 59 56 285 61 58 286 27 27 30 149 146 284 26 26 29 27 27 30 61 58 286 172 171 122 33 30 36 35 33 38 29 29 32 33 30 36 172 171 122 65 62 219 84 116 151 48 203 152 63 60 125 84 116 151 65 62 219 86 150 30 63 60 125 62 59 29 84 116 151 63 60 125 86 150 30 184 207 152 64 61 125 66 63 219 183 30 151 64 61 125 184 207 152 26 26 29 183 30 151 28 28 30 64 61 125 183 30 151 26 26 29 34 32 37 223 247 287 36 33 39 224 248 288 223 247 287 34 32 37 225 249 289 103 101 105 105 103 107 226 250 290 103 101 105 225 249 289 106 104 108 79 77 223 108 106 110 104 102 106 79 77 223 106 104 108 227 251 181 36 33 291 223 247 255 222 246 292 36 33 291 227 251 181 228 252 288 222 246 39 227 251 287 120 117 37 222 246 39 228 252 288 224 248 181 120 117 293 228 252 255 34 32 294 120 117 293 224 248 181 228 252 255 223 247 282 224 248 295 227 251 181 223 247 282 228 252 255 34 32 294 121 118 135 120 117 293 32 31 33 121 118 135 34 32 294 83 81 85 206 222 296 82 80 83 199 209 297 206 222 296 83 81 85 199 209 297 208 225 298 206 222 296 6 6 299 208 225 298 199 209 297 6 6 299 209 228 300 208 225 298 4 4 301 209 228 300 6 6 299 4 4 301 201 211 229 209 228 300 2 2 227 201 211 229 4 4 301 36 33 291 214 235 303 35 33 302 222 246 292 214 235 303 36 33 291 21 21 304 215 236 260 13 13 13 19 19 262 215 236 260 21 21 304 84 82 306 50 47 213 48 45 305 85 83 214 50 47 213 84 82 306 215 236 260 216 237 261 144 141 144 19 19 262 216 237 261 215 236 260 166 164 167 92 90 94 90 88 92 207 234 254 191 199 307 192 200 253 54 51 57 194 202 308 56 53 59 180 181 194 53 50 56 55 52 58 35 33 309 214 235 259 203 213 257 31 30 34 33 30 36 29 29 32 120 117 37 118 116 36 222 246 39 139 136 310 138 135 264 217 238 219 167 165 270 168 166 268 74 71 73 226 250 290 102 100 104 103 101 105 229 253 311 175 174 186 181 183 197 230 254 312 175 174 186 229 253 311 231 255 313 230 254 312 229 253 311 232 256 314 230 254 312 231 255 313 233 257 315 232 256 314 231 255 313 234 258 316 232 256 314 233 257 315 235 259 317 234 258 316 233 257 315 236 260 318 234 258 316 235 259 317 237 261 319 236 260 318 235 259 317 238 262 320 236 260 318 237 261 319 239 263 321 238 262 320 237 261 319 240 264 322 238 262 320 239 263 321 241 265 323 240 264 322 239 263 321 242 266 324 240 264 322 241 265 323 243 267 325 242 266 324 241 265 323 244 268 326 242 266 324 243 267 325 245 269 327 244 268 326 243 267 325 246 270 328 244 268 326 245 269 327 247 271 329 188 195 207 187 193 205 182 185 199 188 195 207 247 271 329 248 272 330 182 185 199 247 271 329 181 183 197 182 185 199 248 272 330 249 273 331 181 183 197 248 272 330 229 253 311 181 183 197 249 273 331 250 274 332 229 253 311 249 273 331 231 255 313 229 253 311 250 274 332 251 275 333 231 255 313 250 274 332 233 257 315 231 255 313 251 275 333 252 276 334 233 257 315 251 275 333 235 259 317 233 257 315 252 276 334 253 277 335 235 259 317 252 276 334 254 278 336 235 259 317 253 277 335 255 279 337 254 278 336 253 277 335 253 277 335 256 280 338 255 279 337 257 281 339 256 280 338 253 277 335 252 276 334 257 281 339 253 277 335 258 282 340 257 281 339 252 276 334 259 283 341 258 282 340 252 276 334 260 284 342 258 282 340 259 283 341 261 285 343 260 284 342 259 283 341 242 266 324 260 284 342 261 285 343 262 286 344 242 266 324 261 285 343 240 264 322 242 266 324 262 286 344 249 273 331 240 264 322 262 286 344 248 272 330 240 264 322 249 273 331 239 263 321 243 267 325 241 265 323 263 287 345 243 267 325 239 263 321 254 278 336 263 287 345 239 263 321 264 288 346 263 287 345 254 278 336 255 279 337 264 288 346 254 278 336 265 289 347 264 288 346 255 279 337 256 280 338 265 289 347 255 279 337 266 290 348 265 289 347 256 280 338 267 291 349 266 290 348 256 280 338 230 254 312 177 176 188 175 174 186 205 217 232 177 176 188 230 254 312 232 256 314 205 217 232 230 254 312 221 243 278 205 217 232 232 256 314 234 258 316 221 243 278 232 256 314 236 260 318 221 243 278 234 258 316 236 260 318 187 193 205 221 243 278 247 271 329 187 193 205 236 260 318 238 262 320 247 271 329 236 260 318 240 264 322 247 271 329 238 262 320 260 284 342 268 292 350 258 282 340 246 270 328 268 292 350 260 284 342 244 268 326 246 270 328 260 284 342 251 275 333 259 283 341 252 276 334 261 285 343 259 283 341 251 275 333 250 274 332 261 285 343 251 275 333 237 261 319 254 278 336 239 263 321 235 259 317 254 278 336 237 261 319 245 269 327 263 287 345 264 288 346 243 267 325 263 287 345 245 269 327 262 286 344 250 274 332 249 273 331 261 285 343 250 274 332 262 286 344 257 281 339 267 291 349 256 280 338 258 282 340 267 291 349 257 281 339 240 264 322 248 272 330 247 271 329 260 284 342 242 266 324 244 268 326 271 295 353 270 294 352 269 293 351 272 296 354 270 294 352 271 295 353 273 297 355 272 296 354 271 295 353 274 298 356 272 296 354 273 297 355 275 299 357 274 298 356 273 297 355 276 299 358 274 298 356 275 299 357 277 300 359 276 299 358 275 299 357 278 301 360 276 299 358 277 300 359 279 302 361 278 301 360 277 300 359 280 303 362 278 301 360 279 302 361 270 294 363 280 303 362 279 302 361 281 304 364 280 303 362 270 294 363 272 296 354 281 304 365 270 294 352 282 305 366 281 304 365 272 296 354 274 298 356 282 305 366 272 296 354 283 306 367 282 305 366 274 298 356 276 299 358 283 306 367 274 298 356 284 307 368 283 306 367 276 299 358 278 301 360 284 307 368 276 299 358 285 308 369 284 307 368 278 301 360 280 303 362 285 308 369 278 301 360 286 309 370 285 308 369 280 303 362 281 304 364 286 309 370 280 303 362 287 310 371 286 309 370 281 304 364 288 311 372 268 292 350 246 270 328 258 282 340 268 292 350 288 311 372 289 312 373 258 282 340 288 311 372 267 291 349 258 282 340 289 312 373 290 313 374 267 291 349 289 312 373 266 290 348 267 291 349 290 313 374 291 314 375 266 290 348 290 313 374 292 315 376 266 290 348 291 314 375 293 316 377 292 315 376 291 314 375 294 317 378 292 315 376 293 316 377 295 318 379 264 288 346 265 289 347 245 269 327 264 288 346 295 318 379 296 319 380 245 269 327 295 318 379 246 270 328 245 269 327 296 319 380 297 320 381 246 270 328 296 319 380 288 311 372 246 270 328 297 320 381 298 321 382 288 311 372 297 320 381 299 322 383 288 311 372 298 321 382 301 324 386 300 323 385 273 297 384 302 325 387 300 323 385 301 324 386 303 326 388 302 325 387 301 324 386 304 327 389 302 325 387 303 326 388 305 328 390 304 327 389 303 326 388 306 329 391 304 327 389 305 328 390 307 330 392 306 329 391 305 328 390 279 302 361 269 293 393 270 294 363 308 331 394 269 293 393 279 302 361 277 300 359 308 331 394 279 302 361 309 332 395 308 331 394 277 300 359 275 299 357 309 332 395 277 300 359 300 323 396 309 332 395 275 299 357 273 297 355 300 323 396 275 299 357 282 305 366 287 310 397 281 304 365 310 333 398 287 310 397 282 305 366 283 306 367 310 333 398 282 305 366 311 334 399 310 333 398 283 306 367 284 307 368 311 334 399 283 306 367 312 335 400 311 334 399 284 307 368 298 321 401 312 335 400 284 307 368 292 315 376 265 289 347 266 290 348 295 318 379 265 289 347 292 315 376 313 336 402 295 318 379 292 315 376 296 319 380 295 318 379 313 336 402 312 335 403 296 319 380 313 336 402 298 321 382 296 319 380 312 335 403 316 339 392 315 338 390 314 337 404 317 340 389 315 338 390 316 339 392 301 324 391 317 340 389 316 339 392 271 295 405 317 340 389 301 324 391 273 297 406 271 295 405 301 324 391 306 329 389 269 293 407 308 331 405 318 341 408 269 293 407 306 329 389 319 342 409 318 341 408 306 329 389 317 340 391 318 341 408 319 342 409 315 338 410 317 340 391 319 342 409 290 313 374 320 343 411 291 314 375 321 344 412 320 343 411 290 313 374 322 345 413 321 344 412 290 313 374 299 322 383 321 344 412 322 345 413 288 311 372 299 322 383 322 345 413 294 317 414 311 334 399 312 335 400 310 333 398 311 334 399 294 317 414 293 316 415 310 333 398 294 317 414 291 314 416 310 333 398 293 316 415 321 344 418 286 309 370 320 343 417 285 308 369 286 309 370 321 344 418 299 322 419 285 308 369 321 344 418 298 321 401 285 308 369 299 322 419 319 342 409 314 337 404 315 338 410 307 330 390 314 337 404 319 342 409 306 329 389 307 330 390 319 342 409 269 293 407 317 340 391 271 295 406 318 341 408 317 340 391 269 293 407 305 328 390 314 337 404 307 330 392 303 326 388 314 337 404 305 328 390 303 326 388 316 339 420 314 337 404 301 324 386 316 339 420 303 326 388 308 331 406 304 327 389 306 329 391 309 332 405 304 327 389 308 331 406 304 327 389 300 323 385 302 325 387 309 332 405 300 323 385 304 327 389 291 314 421 286 309 370 287 310 371 320 343 417 286 309 370 291 314 421 289 312 373 322 345 413 290 313 374 288 311 372 322 345 413 289 312 373 313 336 402 294 317 378 312 335 403 292 315 376 294 317 378 313 336 402 291 314 416 287 310 397 310 333 398 284 307 368 285 308 369 298 321 401 297 320 381 296 319 380 298 321 382</p>
				</triangles>
			</mesh>
		</geometry>
		<geometry id="ID176">
			<mesh>
				<source id="ID177">
					<float_array id="ID178" count="747" digits="2490374">-0.0106981 0.182538 0.0120601 -0.0124023 0.182776 0.0109844 -0.0104525 0.18236 0.0106083 -0.0121389 0.18198 0.00952751 -0.0107341 0.181739 0.00918365 -0.0128571 0.182468 0.00816159 -0.011454 0.182085 0.00796872 -0.0131114 0.181913 0.0075628 -0.0116945 0.181847 0.00697879 -0.0131828 0.182071 0.00666696 -0.0120326 0.181016 0.00617598 -0.0140368 0.180878 0.00703439 -0.0131502 0.179311 0.0064576 -0.0143463 0.179335 0.0071442 -0.0140979 0.176498 0.00659817 -0.0136955 0.176936 0.00868211 -0.0127666 0.173455 0.00877774 -0.0125792 0.173123 0.00939666 -0.0130224 0.173696 0.0102747 -0.0137495 0.176587 0.0102655 -0.0130441 0.17665 0.0114613 -0.0134 0.179779 0.00993657 -0.0132957 0.180103 0.0116617 -0.01195 0.180084 0.0127076 -0.0100925 0.182996 0.0137275 -0.00866433 0.182618 0.0123441 -0.0070867 0.182814 0.0130915 -0.00622247 0.183243 0.0135251 -0.00540485 0.18279 0.0141444 -0.00681261 0.183813 0.0146506 -0.0077678 0.183206 0.0160748 -0.00848 0.182424 0.0143174 -0.00838648 0.181723 0.0167846 -0.00929777 0.180151 0.015016 -0.00887691 0.179305 0.0170656 -0.00863913 0.176241 0.0162087 -0.00673116 0.178718 0.0158375 -0.00688492 0.175794 0.0155684 -0.0138024 0.181158 0.00828338 -0.0135753 0.179302 0.00841475 -0.0137268 0.179845 0.00922678 -0.0142935 0.176394 0.00083985 -0.0134977 0.178288 0.00039104 -0.0152825 0.176507 0.00151379 -0.0151734 0.178672 0.00118451 -0.0141379 0.178485 0.00193725 -0.0144489 0.180477 0.00110164 -0.0136335 0.179618 0.00186689 -0.0128531 0.181079 0.0008608 -0.011805 0.180764 0.00184129 -0.0119392 0.180956 0.00080793 -0.0111127 0.179658 0.0141965 -0.010501 0.175494 0.0134423 -0.0122143 0.175673 0.0126044 -0.0112697 0.173111 0.0121278 -0.011645 0.173282 0.0110542 -0.00979025 0.173033 0.0131629 -0.0104047 0.175494 0.0133237 -0.00939849 0.172991 0.0144425 -0.0105153 0.175911 0.0147075 -0.00880591 0.176175 0.0147099 -0.013547 0.173978 0.00634878 -0.0140711 0.174418 0.0056625 -0.0147713 0.176952 0.00549239 -0.0137593 0.179766 0.00516492 -0.0121221 0.181193 0.00509592 -0.013149 0.181237 0.00972719 -0.0135716 0.17462 0.00388331 -0.0138117 0.174611 0.00307495 -0.0141021 0.177231 0.00413387 -0.0143252 0.176571 0.00289636 -0.0139545 0.179195 0.00264634 -0.013794 0.177851 0.00191391 -0.0120193 0.180863 0.0036405 -0.0137746 0.179247 0.00401758 -0.0130891 0.181041 0.00244876 -0.0117991 0.180478 0.00013347 -0.0117784 0.17931 -0.0002168 -0.0135546 0.174574 0.00457331 -0.012165 0.181066 0.00271545 -0.00678856 0.173619 0.0151627 -0.00766629 0.17361 0.0153733 -0.00802976 0.173527 0.0148793 -0.00941557 0.182439 0.0116051 -0.0137715 0.174845 0.00254099 -0.00613697 0.180464 0.0155957 -0.00990835 0.173346 0.0129638 -0.013644 0.173724 0.00685214 -0.00818877 0.173933 0.0143976 -0.0143353 0.176528 0.00216328 0.00326758 0.181338 0.0171426 0.00109673 0.184825 0.0155018 0.00340815 0.182002 0.0176039 0.0030218 0.184579 0.0171133 0.00432454 0.181893 0.0180234 0.00406703 0.184972 0.0168096 0.0054717 0.181949 0.0171499 0.00460743 0.183821 0.0163048 0.007172 0.180842 0.0166584 0.00692857 0.18304 0.0166785 0.00745438 0.182854 0.0155506 0.00608029 0.185054 0.0161008 0.005856 0.185884 0.0142017 0.0049032 0.18678 0.0151088 0.0044462 0.186874 0.0146741 0.00391526 0.185556 0.014924 0.00346477 0.185054 0.0143081 0.00275476 0.186514 0.015066 0.00098422 0.184118 0.0148761 0.00114898 0.185725 0.0153134 -2.943e-005 0.183418 0.015221 0.0138719 0.181932 0.00908715 0.0136024 0.182532 0.0104185 0.0127918 0.184619 0.00976583 0.0115578 0.18368 0.0111774 0.0105441 0.185944 0.0100588 0.00915796 0.186788 0.0111364 0.0081021 0.183655 0.0114175 0.00812919 0.186374 0.0121271 0.00514316 0.183707 0.0136584 0.00651015 0.186638 0.0128078 0.0074853 0.186333 0.0140346 0.00861566 0.184155 0.0149246 0.00942844 0.183338 0.0134412 0.00890775 0.182039 0.0149761 0.0147853 0.181365 0.00647731 0.0147285 0.181838 0.00854871 0.0141548 0.183778 0.00585858 0.013949 0.184389 0.00777669 0.0128683 0.185757 0.00630838 0.0119761 0.185977 0.00817482 0.0112102 0.183297 0.00680926 0.00993445 0.183512 0.00920935 0.00299804 0.186483 0.0153892 0.0128108 0.186264 0.00899052 0.0138349 0.185566 0.00993494 0.0145479 0.183572 0.00885641 0.0146136 0.184088 0.0107306 0.0112252 0.186146 0.00907127 0.00060506 0.184992 0.0158852 0.0015227 0.184319 0.0177577 0.00072445 0.181637 0.0180177 -0.00839794 0.170328 0.0116834 -0.00901183 0.170116 0.0105147 0.0124273 0.182998 0.00381196 0.0133699 0.184553 0.00526703 -0.0135801 0.173173 0.00198111 -0.0136014 0.17316 0.00167338 -0.0147006 0.174812 0.00169427 -0.0144308 0.174863 0.00136282 0.00257837 0.182728 0.0195498 0.00145957 0.185524 0.0158068 -0.00661814 0.170717 0.0148201 -0.0057042 0.170936 0.0147914 -0.0120222 0.17068 0.00696956 -0.0113819 0.171107 0.00887343 -0.0118954 0.171059 0.00500821 -0.0123084 0.17113 0.00637866 -0.00775861 0.170208 0.0130066 -0.00711273 0.170691 0.013617 -0.0113452 0.171483 0.00279773 -0.0115354 0.171512 0.00350159 -0.0111052 0.170393 0.00972382 -0.0105946 0.170498 0.0105778 0.0108265 0.184343 0.0122116 -0.014248 0.174884 0.00208425 0.0132295 0.183538 0.0104724 0.00131674 0.179363 0.018549 0.0031715 0.179328 0.0200593 0.00178007 0.176781 0.0184331 0.00314575 0.176494 0.0195561 0.00135507 0.174039 0.0178412 0.00209741 0.173725 0.0182424 0.00053047 0.171278 0.0165884 0.00125524 0.171049 0.0164628 0.00500669 0.178808 0.0184154 0.00597915 0.178621 0.0174652 0.00686112 0.179157 0.0171008 0.00692642 0.176109 0.0171608 0.00730399 0.178598 0.016548 0.00704893 0.175994 0.0162333 0.00376586 0.178957 0.0178237 0.00368672 0.176351 0.0178662 0.00480882 0.176052 0.018247 0.00424056 0.173712 0.0176205 0.00515651 0.174008 0.0169457 0.00437939 0.172234 0.0163096 0.00808381 0.169371 0.0113283 0.00652814 0.169472 0.0123259 0.00896078 0.172609 0.0135227 0.00798998 0.172873 0.0135753 0.010309 0.175608 0.014647 0.00937937 0.1781 0.0149743 0.0104735 0.179265 0.0143792 0.0116029 0.180544 0.0127696 0.0135672 0.174183 0.00844112 0.0120433 0.173297 0.00996502 0.0143329 0.176746 0.00886425 0.0131089 0.176887 0.0108681 0.0146959 0.179912 0.00869445 0.0136674 0.180426 0.010811 0.0148082 0.175761 0.0104463 0.0144935 0.175804 0.0108193 0.0151701 0.179206 0.0113888 0.0144017 0.179132 0.0111877 0.015088 0.182365 0.0111786 0.013875 0.181746 0.0109195 0.00685871 0.17412 0.0160593 0.00638278 0.172307 0.0156201 0.00665051 0.174066 0.0168528 0.00611175 0.172089 0.0162823 0.00535497 0.173848 0.0170112 0.00476946 0.171954 0.016445 0.00565524 0.175932 0.0173279 0.0128065 0.179745 0.0122676 0.010647 0.176071 0.0130175 0.0119669 0.176045 0.0123631 0.00961098 0.172983 0.012209 0.00311127 0.173999 0.0172999 0.0034508 0.171841 0.0167857 0.00225742 0.171798 0.0164798 0.00112645 0.169451 0.0154334 0.0154343 0.179132 0.010618 0.0150752 0.181804 0.00981458 0.0133492 0.174921 0.0055563 0.0128601 0.174187 0.00717534 0.0141757 0.176947 0.00614541 0.0137382 0.17647 0.00802892 0.0147436 0.179464 0.00640572 0.0112765 0.176142 0.0131318 0.00666008 0.169528 0.014104 0.00538261 0.169667 0.0146921 0.00717436 0.172652 0.0153085 0.00634728 0.172704 0.0154437 0.00689703 0.175968 0.0163337 0.00813631 0.178746 0.0164614 0.00262197 0.169291 0.0151323 0.00992482 0.16996 0.00850707 0.0111987 0.170223 0.00695502 0.00273902 0.173884 0.0174455 0.00784101 0.169978 0.0110121 0.00944464 0.170013 0.0100025 0.0114869 0.173423 0.0106007 0.0100933 0.172953 0.0125922 0.003812 0.169145 0.015538 0.00549162 0.169392 0.0146712 0.0077174 0.172315 0.0141527 0.0107485 0.171142 0.00505704 0.0115336 0.171282 0.00416006</float_array>
					<technique_common>
						<accessor count="249" source="#ID178" stride="3">
							<param name="X" type="float"/>
							<param name="Y" type="float"/>
							<param name="Z" type="float"/>
						</accessor>
					</technique_common>
				</source>
				<source id="ID179">
					<float_array id="ID180" count="741" digits="2490374">-0.216937 0.974656 0.0545313 -0.628031 0.761688 0.15925 0.0973125 0.956937 -0.273469 -0.192156 0.9645 -0.181031 0.158219 0.979531 -0.124219 -0.356406 0.934156 -0.0171875 0.139219 0.979125 -0.147969 -0.50725 0.858813 -0.0715 0.139437 0.914781 -0.379063 -0.299219 0.816844 -0.493125 -0.560469 0.601812 -0.568906 -0.792875 0.341906 -0.504375 -0.897844 0.354313 -0.261313 -0.9955 0.058625 -0.0740938 -0.964312 -0.0862812 0.250187 -0.991 -0.120531 0.057875 -0.8865 -0.317406 0.336625 -0.895844 -0.401531 -0.190281 -0.860781 -0.384375 0.333562 -0.960625 -0.0358437 0.275438 -0.832781 -0.138031 0.536094 -0.941813 0.161281 0.294813 -0.880875 0.148031 0.449562 -0.7225 0.181219 0.667156 -0.391594 0.850781 0.350406 -0.0013125 0.967812 -0.251531 -0.156438 0.967562 -0.198344 0.213875 0.912188 -0.349469 0.665594 0.592438 0.453781 -0.0496562 0.99 -0.131969 0.0831563 0.691125 0.717906 -0.6345 0.685438 0.357125 -0.553625 0.391031 0.735187 -0.883156 0.120594 0.45325 -0.179875 -0.0315 0.983156 -0.552813 -0.309312 0.77375 0.439938 -0.105156 0.891813 0.346344 -0.163531 0.923719 -0.92425 0.335656 0.18175 -0.980375 -0.0178437 0.196281 -0.983844 0.083625 0.15825 -0.635969 -0.131187 -0.760437 -0.454188 0.0427812 -0.889844 -0.998812 -0.0449063 -0.0182188 -0.974406 0.206 -0.0895938 -0.539719 0.206875 0.816 -0.732219 0.600219 -0.321781 -0.765656 0.60225 0.225906 -0.165844 0.984563 0.0558125 -0.160719 0.980906 -0.109281 0.117594 0.969031 -0.217 -0.635063 0.0977188 0.766219 -0.579625 -0.217844 0.785187 -0.745687 -0.228281 0.625938 -0.6285 -0.510031 0.587188 -0.760031 -0.439594 0.478594 -0.871281 -0.4205 0.252937 -0.960906 -0.260188 0.0944375 -0.485812 -0.39075 0.781844 -0.685719 -0.168969 0.707937 -0.469156 -0.122938 0.8745 -0.841187 -0.297031 0.451813 -0.928688 -0.368187 0.0439375 -0.998281 0.0575938 0.009625 -0.791344 0.6035 0.097375 -0.657531 0.753187 -0.0184062 -0.868094 0.437813 0.233906 -0.880969 -0.391125 0.266156 -0.907781 -0.418125 -0.032125 -0.990656 -0.039625 -0.13025 -0.969031 0.228094 -0.0945625 -0.912781 -0.0005625 -0.408375 -0.532219 0.84325 0.0749063 -0.898969 0.437719 -0.0134687 -0.557938 0.825188 -0.0879375 -0.196344 0.55 -0.811719 -0.364219 0.195219 -0.910594 -0.834312 -0.3165 -0.451313 -0.0165 0.999062 -0.03925 0.255844 -0.139906 0.956531 -0.200344 -0.283094 0.937906 -0.814094 -0.373719 0.444406 0.0150625 0.98475 -0.17325 -0.827625 -0.381781 -0.411375 0.538625 0.098125 0.836781 -0.422469 -0.416719 0.804875 -0.888219 -0.277906 0.365781 0.14575 -0.140563 0.97925 -0.593437 -0.0085 0.804812 0.748125 0.455969 0.482062 -0.577469 0.484906 0.65675 -0.627781 -0.0180313 0.778156 -0.328906 0.339406 0.88125 0.101844 0.244219 0.964344 0.569719 0.560094 0.601375 0.61875 0.31825 0.718219 0.383188 0.496 0.779156 0.522656 0.163094 0.83675 0.475844 0.240156 0.846062 0.678312 0.296875 0.672094 0.223625 0.521031 0.823687 0.020375 0.999656 -0.0164062 0.110469 0.80625 0.581125 -0.455156 0.776219 -0.436188 -0.112313 0.88625 0.449313 -0.328406 0.531 -0.781125 -0.00184375 0.742813 -0.669469 -0.359969 0.289063 -0.887031 -0.806469 0.589219 0.0487188 -0.908156 0.416 0.0466563 0.845656 0.249594 0.471719 0.806594 0.293563 0.513 0.285937 0.58275 0.760656 0.632375 0.418125 0.652094 -0.359469 0.853031 -0.37825 -0.108562 0.956563 -0.270531 -0.649281 0.226094 -0.726125 -0.110875 0.87025 -0.479906 -0.47875 0.228844 -0.847562 -0.504125 0.824313 -0.257531 0.250813 0.832969 0.493187 0.680844 0.323 0.657313 0.697125 0.0983438 0.710156 0.993406 0.114437 -0.00078125 0.904437 0.219344 0.365875 0.899656 0.424844 -0.100281 0.82875 0.558531 0.0346875 0.179375 0.881875 -0.435969 -0.339844 0.908406 -0.243469 -0.787656 0.453187 -0.417281 -0.746063 0.380031 -0.546719 0.206938 0.878031 0.4315 -0.0390938 0.971406 0.234094 0.379531 0.739625 0.55575 0.925031 0.352406 -0.141813 0.558312 0.480906 0.676 -0.22775 0.971687 -0.0622813 -0.495313 0.864281 -0.0874062 -0.0988125 0.854031 0.510719 -0.750188 0.197219 0.631094 -0.498125 -0.612 0.614219 -0.677219 -0.671969 0.299625 -0.427281 0.643188 -0.635375 0.457344 0.683 -0.569469 -0.77275 -0.449813 0.447719 -0.800219 -0.528875 -0.282656 -0.924156 -0.374063 0.07725 -0.718094 -0.295687 -0.629969 0.256156 0.520906 0.81425 -0.554313 0.450375 0.699906 -0.362375 -0.3 0.882406 0.152531 -0.102 0.983 -0.8235 -0.447812 0.348219 -0.805438 -0.45975 0.373969 -0.819562 -0.465813 -0.333625 -0.885844 -0.453781 0.0965 -0.581937 -0.616531 0.53025 -0.065875 -0.394344 0.916562 -0.771344 -0.58625 -0.2475 -0.807469 -0.589125 0.0295312 -0.83425 -0.516406 0.193188 -0.638469 -0.423813 0.642406 0.665594 0.417688 0.618469 -0.626437 -0.176281 0.75925 -0.320938 0.251312 0.913125 -0.632875 -0.0691875 0.771125 0.309844 0.045875 0.949656 -0.638375 -0.113375 0.761281 -0.0142188 -0.276156 0.961 -0.569875 -0.157375 0.8065 0.111813 -0.496531 0.860781 -0.294 -0.398813 0.868594 0.373469 -0.592344 0.713875 0.154281 0.0664063 0.985781 0.46325 0.0334687 0.885562 0.547375 0.0785 0.833156 0.661687 -0.0841563 0.745 0.640437 -0.0480938 0.766469 0.977656 -0.126469 0.167844 0.0646563 0.0544375 0.996406 0.377313 -0.227 0.897812 0.191844 -0.175719 0.965531 0.181406 -0.360875 0.914781 0.621531 -0.418125 0.662437 0.569313 -0.540062 0.619812 0.521875 -0.570906 0.633781 0.194 -0.477406 0.856969 0.440719 -0.482125 0.757125 -0.094875 -0.290344 0.952187 0.435531 -0.231469 0.869875 0.572281 -0.0024375 0.820031 0.625 0.132938 0.769188 0.6575 0.196969 0.727219 0.748062 -0.45375 0.484219 0.739125 -0.472094 0.480406 0.804375 -0.252125 0.537938 0.848312 -0.215531 0.483562 0.910031 -0.0241563 0.413781 0.845656 0.116875 0.520719 0.838812 -0.223875 0.496219 0.282063 -0.212719 0.9355 0.541313 -0.11625 0.832719 -0.245281 -0.001125 0.969437 0.419875 0.1835 0.888812 -0.254312 0.0956875 0.962344 0.949188 -0.226063 0.218906 0.9095 -0.333906 0.247562 0.656187 -0.280375 0.700562 0.581531 -0.422656 0.695094 0.1535 -0.244844 0.957313 0.151875 -0.334469 0.930062 0.433812 -0.176094 0.883594 0.67225 0.0639687 0.737531 0.411563 -0.155719 0.897969 0.656031 -0.322031 0.682562 0.537063 -0.481063 0.692875 -0.304344 -0.210219 0.929062 0.162406 -0.486062 0.858688 -0.25175 -0.283781 0.925219 -0.0624375 -0.444906 0.893375 0.978844 -0.00903125 0.204313 0.981062 0.1765 -0.0796563 0.898844 -0.431625 0.0757812 0.847906 -0.501094 0.172937 0.929844 -0.352406 0.105719 0.937875 -0.328531 0.111313 0.987437 -0.141875 0.069375 0.807938 -0.221687 0.545937 0.613219 -0.370031 0.697844 0.246125 -0.335562 0.909281 0.515406 -0.310187 0.798813 0.1375 -0.280469 0.949938 0.233469 -0.20775 0.949906 0.515562 -0.0172187 0.856656 0.339344 -0.587031 0.734969 0.659844 -0.610375 0.438188 0.690938 -0.593687 0.412406 0.763219 -0.486094 0.425625 0.454344 -0.547469 0.702719 0.546313 -0.518969 0.657406 0.699406 -0.474562 0.534375 0.643906 -0.45425 0.615625 0.304375 -0.450031 0.839531 0.716062 -0.471875 0.514344 0.821781 -0.31175 0.476875 0.591344 -0.694844 0.409219 0.763438 -0.599063 0.24125</float_array>
					<technique_common>
						<accessor count="247" source="#ID180" stride="3">
							<param name="X" type="float"/>
							<param name="Y" type="float"/>
							<param name="Z" type="float"/>
						</accessor>
					</technique_common>
				</source>
				<source id="ID181">
					<float_array id="ID182" count="512" digits="2490374">0.847279 0.225073 0.796113 0.222581 0.791559 0.246159 0.750341 0.228882 0.745057 0.235948 0.697733 0.235321 0.69248 0.247726 0.677397 0.233914 0.654812 0.244468 0.657514 0.23404 0.630938 0.226648 0.660689 0.220043 0.636925 0.187872 0.664752 0.187455 0.63719 0.109354 0.704489 0.136253 0.708121 0.087134 0.752361 0.087134 0.755476 0.133323 0.780154 0.136179 0.758014 0.180138 0.790064 0.186109 0.854914 0.185865 0.895143 0.220293 0.894826 0.243071 0.974588 0.241358 0.682198 0.591045 0.681894 0.549539 0.714345 0.591046 0.727068 0.591046 0.745691 0.635282 0.746493 0.591045 0.809476 0.635282 0.808573 0.591046 0.863514 0.591046 0.809471 0.546444 0.868528 0.546444 0.702488 0.215618 0.701115 0.184032 0.737576 0.184788 0.870709 0.546078 0.785332 0.546078 0.870709 0.59068 0.819386 0.59068 0.785332 0.635282 0.785332 0.59068 0.699954 0.635282 0.721298 0.59068 0.699739 0.635282 0.699954 0.59068 0.940545 0.218609 0.899456 0.186441 0.87378 0.106452 0.834296 0.120206 0.834654 0.087134 0.796678 0.087134 0.872179 0.087134 0.90598 0.087134 0.900767 0.123855 0.946006 0.13148 0.942613 0.188585 0.632665 0.087134 0.592914 0.087134 0.594989 0.107391 0.598674 0.198291 0.598083 0.232781 0.755919 0.215267 0.538148 0.087134 0.506647 0.097311 0.544475 0.144677 0.512046 0.146075 0.515796 0.194093 0.484049 0.145474 0.487526 0.192161 0.551443 0.225237 0.549414 0.191256 0.518554 0.225147 0.699954 0.568379 0.699954 0.546078 0.488982 0.222741 0.526186 0.233667 0.922938 0.546444 0.921812 0.591046 0.922915 0.635282 0.852378 0.242692 0.483498 0.097311 0.681588 0.635282 0.745692 0.546444 0.868524 0.635282 0.943247 0.087134 0.870709 0.635282 0.505495 0.434002 0.504646 0.500751 0.524456 0.437256 0.530948 0.481785 0.538835 0.433516 0.546824 0.484452 0.578397 0.436699 0.57821 0.465289 0.618446 0.401734 0.618741 0.439688 0.640605 0.453405 0.619086 0.477359 0.64048 0.491574 0.6191 0.490232 0.619104 0.494524 0.57821 0.505565 0.578211 0.51899 0.541896 0.503977 0.513675 0.519213 0.517853 0.50321 0.50395 0.51943 0.898138 0.41762 0.85519 0.429331 0.854738 0.473916 0.816537 0.463211 0.816535 0.489583 0.763702 0.486964 0.739855 0.519822 0.71718 0.486752 0.640213 0.519632 0.669983 0.482735 0.669865 0.476102 0.669511 0.456203 0.717182 0.45854 0.669472 0.41497 0.993457 0.413197 0.935359 0.416317 0.993331 0.462292 0.933915 0.47002 0.938972 0.488958 0.890701 0.50141 0.920824 0.51991 0.831816 0.519892 0.54281 0.500358 0.741768 0.546078 0.742675 0.59068 0.78457 0.59068 0.741772 0.635282 0.826465 0.59068 0.825972 0.635282 0.855129 0.59068 0.854202 0.495101 0.653793 0.546698 0.668264 0.60183 0.668264 0.59068 0.689971 0.59068 0.711678 0.546078 0.877424 0.019979 0.796762 0.019979 0.992904 0.519975 0.993176 0.479856 0.979238 0.635243 0.976531 0.54493 0.938641 0.59068 0.938641 0.546078 0.711677 0.635282 0.711677 0.59068 0.522729 0.497854 0.97706 0.635282 0.97706 0.546483 0.628465 0.019979 0.710383 0.019979 0.540116 0.019979 0.945496 0.019979 0.48129 0.030156 0.540116 0.030156 0.710383 0.03328 0.796762 0.03328 0.764843 0.467793 0.938641 0.635243 0.82597 0.546078 0.79321 0.546078 0.794624 0.59068 0.865819 0.546078 0.86712 0.59068 0.943588 0.546078 0.943588 0.59068 0.970769 0.54493 0.973968 0.635243 0.538431 0.385577 0.578135 0.391116 0.602202 0.382962 0.60243 0.36148 0.618575 0.38128 0.618821 0.359448 0.505683 0.38662 0.505556 0.358512 0.538428 0.358666 0.538434 0.343052 0.577968 0.340575 0.577881 0.326383 0.783914 0.262777 0.672537 0.261805 0.717173 0.307333 0.670303 0.309883 0.717177 0.345473 0.66954 0.355161 0.71718 0.379372 0.765334 0.39758 0.937729 0.331177 0.853472 0.320963 0.936228 0.366338 0.854478 0.360377 0.935479 0.381251 0.854801 0.388253 0.793216 0.635282 0.865824 0.635282 0.964191 0.635243 0.964191 0.546078 0.931335 0.59068 0.931016 0.546078 0.883793 0.59068 0.884076 0.546078 0.618948 0.337508 0.619076 0.315569 0.602529 0.342162 0.602628 0.322843 0.577968 0.337954 0.577881 0.321142 0.578055 0.354766 0.816539 0.382269 0.763813 0.340896 0.854478 0.346803 0.816531 0.342193 0.779089 0.308471 0.50542 0.340374 0.53844 0.327437 0.505284 0.322236 0.505781 0.283946 0.931018 0.635282 0.884075 0.635282 0.993659 0.333843 0.937729 0.327741 0.993548 0.358538 0.936228 0.3556 0.993502 0.379954 0.763813 0.346768 0.619065 0.263105 0.64046 0.318957 0.619076 0.318235 0.618821 0.367445 0.640453 0.378037 0.57788 0.281807 0.856611 0.267435 0.938651 0.264249 0.943588 0.635243 0.783914 0.271108 0.856611 0.270612 0.856804 0.310565 0.779089 0.306345 0.57788 0.277929 0.619065 0.275768 0.670303 0.311009 0.938651 0.283577 0.991528 0.285439</float_array>
					<technique_common>
						<accessor count="256" source="#ID182" stride="2">
							<param name="S" type="float"/>
							<param name="T" type="float"/>
						</accessor>
					</technique_common>
				</source>
				<vertices id="ID183">
					<input semantic="POSITION" source="#ID177"/>
				</vertices>
				<triangles count="357" material="Material1">
					<input offset="0" semantic="VERTEX" source="#ID183" set="0"/>
					<input offset="1" semantic="NORMAL" source="#ID179" set="0"/>
					<input offset="2" semantic="TEXCOORD" source="#ID181" set="0"/>
					<p>2 2 2 1 1 1 0 0 0 3 3 3 1 1 1 2 2 2 4 4 4 3 3 3 2 2 2 5 5 5 3 3 3 4 4 4 6 6 6 5 5 5 4 4 4 7 7 7 5 5 5 6 6 6 8 8 8 7 7 7 6 6 6 9 9 9 7 7 7 8 8 8 10 10 10 9 9 9 8 8 8 11 11 11 9 9 9 10 10 10 12 12 12 11 11 11 10 10 10 13 13 13 11 11 11 12 12 12 14 14 14 13 13 13 12 12 12 15 15 15 13 13 13 14 14 14 16 16 16 15 15 15 14 14 14 18 18 17 15 15 15 17 17 16 19 19 18 15 15 15 18 18 17 20 20 19 19 19 18 18 18 17 21 21 20 19 19 18 20 20 19 22 22 21 21 21 20 20 20 19 1 1 1 21 21 20 22 22 21 23 23 22 1 1 1 22 22 21 0 0 0 1 1 1 23 23 22 24 24 23 0 0 0 23 23 22 25 25 24 0 0 0 24 24 23 26 26 25 25 25 24 24 24 23 29 29 28 28 28 27 27 27 26 30 30 29 28 28 27 29 29 28 31 31 30 30 30 29 29 29 28 32 32 31 30 30 29 31 31 30 33 33 32 32 32 31 31 31 30 34 34 33 32 32 31 33 33 32 35 35 34 34 34 33 33 33 32 36 36 35 34 34 33 35 35 34 37 37 36 36 36 35 35 35 34 11 11 11 7 7 7 9 9 9 38 38 37 7 7 7 11 11 11 13 13 13 38 38 37 11 11 11 39 39 38 38 38 37 13 13 13 15 15 15 39 39 38 13 13 13 40 40 39 39 39 38 15 15 15 19 19 18 40 40 39 15 15 15 21 21 20 40 40 39 19 19 18 43 43 42 42 42 41 41 41 40 44 44 43 42 42 41 43 43 42 45 45 44 44 44 43 43 43 42 46 46 45 44 44 43 45 45 44 47 47 46 46 46 45 45 45 44 48 48 47 46 46 45 47 47 46 49 49 48 48 48 47 47 47 46 50 50 49 48 48 47 49 49 48 24 24 23 31 31 50 26 26 25 51 51 51 31 31 50 24 24 23 23 23 22 51 51 51 24 24 23 52 52 52 51 51 51 23 23 22 53 53 53 52 52 52 23 23 22 54 54 54 52 52 52 53 53 53 55 55 55 54 54 54 53 53 53 58 58 57 57 57 52 56 56 56 59 59 58 57 57 52 58 58 57 60 60 59 59 59 58 58 58 57 51 51 51 59 59 58 60 60 59 33 33 60 51 51 51 60 60 59 31 31 50 51 51 51 33 33 60 14 14 14 62 62 62 61 61 61 63 63 63 62 62 62 14 14 14 12 12 12 63 63 63 14 14 14 64 64 64 63 63 63 12 12 12 10 10 10 64 64 64 12 12 12 65 65 65 64 64 64 10 10 10 38 38 37 5 5 5 7 7 7 3 3 3 5 5 5 38 38 37 66 66 66 3 3 3 38 38 37 1 1 1 3 3 3 66 66 66 21 21 20 1 1 1 66 66 66 69 43 69 68 68 68 67 67 67 70 69 70 68 68 68 69 43 69 71 70 71 70 69 70 69 43 69 72 71 72 70 69 70 71 70 71 47 47 73 72 71 72 71 70 71 73 72 74 64 64 64 65 65 65 74 73 75 64 64 64 73 72 74 75 74 76 74 73 75 73 72 74 71 70 71 74 73 75 75 74 76 47 47 73 71 70 71 75 74 76 76 75 77 48 48 47 50 50 49 46 46 45 48 48 47 76 75 77 77 76 78 46 46 45 76 75 77 42 42 41 46 46 45 77 76 78 63 63 63 78 77 67 62 62 62 69 43 69 78 77 67 63 63 63 74 73 75 69 43 69 63 63 63 71 70 71 69 43 69 74 73 75 75 74 76 49 49 79 47 47 73 79 78 80 49 49 79 75 74 76 73 72 74 79 78 80 75 74 76 35 35 34 80 79 81 37 37 36 81 80 82 80 79 81 35 35 34 82 81 83 81 80 82 35 35 34 83 82 84 0 0 0 25 25 24 2 2 2 0 0 0 83 82 84 55 55 55 20 20 19 18 18 17 53 53 53 20 20 19 55 55 55 66 66 66 40 40 39 21 21 20 38 38 37 40 40 39 66 66 66 23 23 22 20 20 19 53 53 53 22 22 21 20 20 19 23 23 22 70 69 70 84 83 85 68 68 68 72 71 72 84 83 85 70 69 70 26 26 86 29 29 28 27 27 26 31 31 30 29 29 28 26 26 86 30 30 29 85 84 87 28 28 27 32 32 31 85 84 87 30 30 29 35 35 34 60 60 88 82 81 83 33 33 32 60 60 88 35 35 34 85 84 87 34 34 33 36 36 35 32 32 31 34 34 33 85 84 87 86 85 56 52 52 52 54 54 54 16 16 16 14 14 14 87 86 61 88 87 89 60 60 59 58 58 57 45 45 44 43 43 42 89 88 90 38 38 37 39 39 38 40 40 39 59 59 58 51 51 51 57 57 52 64 64 64 74 73 75 63 63 63 42 42 41 44 44 43 46 46 45 92 91 93 91 90 92 90 89 91 93 92 94 91 90 92 92 91 93 94 93 95 93 92 94 92 91 93 95 94 96 93 92 94 94 93 95 96 95 97 95 94 96 94 93 95 97 96 98 95 94 96 96 95 97 98 97 99 97 96 98 96 95 97 99 98 100 97 96 98 98 97 99 100 99 101 99 98 100 98 97 99 101 100 102 99 98 100 100 99 101 102 101 103 101 100 102 100 99 101 103 102 104 101 100 102 102 101 103 104 103 105 103 102 104 102 101 103 105 104 106 103 102 104 104 103 105 106 105 107 105 104 106 104 103 105 107 106 108 105 104 106 106 105 107 108 107 109 107 106 108 106 105 107 109 108 110 107 106 108 108 107 109 110 109 111 109 108 110 108 107 109 91 90 92 109 108 110 110 109 111 113 112 114 112 111 113 111 110 112 114 113 115 112 111 113 113 112 114 115 114 116 114 113 115 113 112 114 116 115 117 114 113 115 115 114 116 117 116 118 116 115 117 115 114 116 118 117 119 116 115 117 117 116 118 119 118 120 118 117 119 117 116 118 120 119 121 118 117 119 119 118 120 102 101 103 120 119 121 119 118 120 121 120 122 120 119 121 102 101 103 122 95 123 121 120 122 102 101 103 123 121 124 121 120 122 122 95 123 124 122 125 123 121 124 122 95 123 127 125 128 126 124 127 125 123 126 128 126 129 126 124 127 127 125 128 129 127 130 128 126 129 127 125 128 130 128 131 128 126 129 129 127 130 131 129 132 130 128 131 129 127 130 132 130 133 130 128 131 131 129 132 105 104 106 101 100 102 103 102 104 97 96 98 101 100 102 105 104 106 133 131 134 97 96 98 105 104 106 95 94 96 97 96 98 133 131 134 93 92 94 95 94 96 133 131 134 134 132 137 130 128 136 113 112 135 128 126 138 130 128 136 134 132 137 135 133 139 128 126 138 134 132 137 136 134 140 128 126 138 135 133 139 137 135 141 136 134 140 135 133 139 115 114 116 132 130 133 117 116 118 138 136 142 132 130 133 115 114 116 113 112 114 138 136 142 115 114 116 130 128 131 138 136 142 113 112 114 139 137 145 91 90 144 110 109 143 140 138 146 91 90 144 139 137 145 110 109 143 140 138 146 139 137 145 141 139 147 140 138 146 110 109 143 54 54 54 142 140 148 86 85 56 143 141 149 142 140 148 54 54 54 55 55 55 143 141 149 54 54 54 129 127 130 144 142 150 131 129 132 145 143 151 144 142 150 129 127 130 127 125 128 145 143 151 129 127 130 148 146 154 147 145 153 146 144 152 149 147 155 147 145 153 148 146 154 41 41 40 149 147 155 148 146 154 140 138 146 90 89 156 91 90 144 150 148 157 90 89 156 140 138 146 141 139 147 150 148 157 140 138 146 151 149 158 93 92 94 133 131 134 91 90 92 93 92 94 151 149 158 109 108 110 91 90 92 151 149 158 152 150 159 81 80 82 82 81 83 153 151 160 81 80 82 152 150 159 154 152 161 16 16 16 87 86 61 155 153 162 16 16 16 154 152 161 156 154 163 62 62 62 78 77 67 157 155 161 62 62 62 156 154 163 158 156 148 58 58 57 56 56 56 159 157 164 58 58 57 158 156 148 160 158 165 68 68 68 84 83 85 161 159 166 68 68 68 160 158 165 162 160 167 18 18 17 17 17 16 163 161 168 18 18 17 162 160 167 128 126 129 111 110 112 126 124 127 113 112 114 111 110 112 128 126 129 104 103 105 119 118 120 106 105 107 102 101 103 119 118 120 104 103 105 107 106 108 133 131 134 105 104 106 109 108 110 133 131 134 107 106 108 121 120 122 118 117 119 120 119 121 123 121 124 118 117 119 121 120 122 122 95 123 100 99 101 124 122 125 102 101 103 100 99 101 122 95 123 116 115 117 164 162 169 114 113 115 118 117 119 164 162 169 116 115 117 165 163 170 148 146 154 146 144 152 89 88 90 148 146 154 165 163 170 43 43 42 148 146 154 89 88 90 41 41 40 148 146 154 43 43 42 113 112 135 135 133 139 134 132 137 166 164 171 135 133 139 113 112 135 18 18 17 163 161 168 55 55 55 67 67 67 68 68 68 161 159 166 62 62 62 157 155 161 61 61 61 58 58 57 159 157 164 88 87 89 81 80 82 153 151 160 80 79 81 97 96 98 99 98 100 101 100 102 132 130 133 138 136 142 130 128 131 123 121 124 164 162 169 118 117 119 151 149 158 133 131 134 109 108 110 137 135 141 135 133 139 166 164 171 167 165 172 150 148 157 141 139 147 168 166 173 150 148 157 167 165 172 169 167 174 168 166 173 167 165 172 170 168 175 168 166 173 169 167 174 171 169 176 170 168 175 169 167 174 172 170 177 170 168 175 171 169 176 173 171 178 172 170 177 171 169 176 174 172 179 172 170 177 173 171 178 175 173 180 94 93 95 92 91 93 96 95 97 94 93 95 175 173 180 176 174 181 96 95 97 175 173 180 177 175 182 96 95 97 176 174 181 178 176 183 177 175 182 176 174 181 179 177 184 177 175 182 178 176 183 180 178 185 179 177 184 178 176 183 181 179 186 92 91 93 90 89 91 175 173 180 92 91 93 181 179 186 182 180 187 175 173 180 181 179 186 183 181 188 175 173 180 182 180 187 184 182 189 183 181 188 182 180 187 185 183 190 183 181 188 184 182 189 186 184 191 185 183 190 184 182 189 189 187 194 188 186 193 187 185 192 190 188 195 188 186 193 189 187 194 191 189 196 190 188 195 189 187 194 192 190 197 190 188 195 191 189 196 193 191 198 192 190 197 191 189 196 123 121 124 192 190 197 193 191 198 194 192 199 123 121 124 193 191 198 197 195 202 196 194 201 195 193 200 198 196 203 196 194 201 197 195 202 199 197 204 198 196 203 197 195 202 200 198 205 198 196 203 199 197 204 111 110 112 200 198 205 199 197 204 112 111 113 200 198 205 111 110 112 168 166 173 90 89 156 150 148 157 181 179 206 90 89 156 168 166 173 170 168 175 181 179 206 168 166 173 182 180 207 181 179 206 170 168 175 172 170 177 182 180 207 170 168 175 203 201 210 202 200 209 201 199 208 204 202 211 202 200 209 203 201 210 205 203 212 204 202 211 203 201 210 206 204 213 204 202 211 205 203 212 166 164 171 206 204 213 205 203 212 209 207 216 208 206 215 207 205 214 210 208 217 208 206 215 209 207 216 211 209 218 210 208 217 209 207 216 212 210 219 210 208 217 211 209 218 178 176 183 207 205 214 180 178 185 209 207 216 207 205 214 178 176 183 213 211 220 209 207 216 178 176 183 211 209 218 209 207 216 213 211 220 114 113 115 200 198 205 112 111 113 214 212 221 200 198 205 114 113 115 194 192 199 214 212 221 114 113 115 215 213 222 214 212 221 194 192 199 214 212 221 198 196 223 200 198 205 216 214 224 198 196 223 214 212 221 215 213 222 216 214 224 214 212 221 217 215 225 216 214 224 215 213 222 218 216 226 184 182 189 182 180 187 219 217 227 184 182 189 218 216 226 220 218 228 219 217 227 218 216 226 221 219 229 219 217 227 220 218 228 222 220 230 203 201 210 201 199 208 205 203 212 203 201 210 222 220 230 223 221 231 205 203 212 222 220 230 136 134 140 205 203 212 223 221 231 226 224 234 225 223 233 224 222 232 227 225 235 225 223 233 226 224 234 199 197 204 227 225 235 226 224 234 199 197 204 126 124 127 111 110 112 228 226 236 126 124 127 199 197 204 226 224 234 228 226 236 199 197 204 229 227 237 191 189 196 189 187 194 193 191 198 191 189 196 229 227 237 194 192 199 193 191 198 229 227 237 232 230 239 231 229 238 230 228 193 233 231 240 231 229 238 232 230 239 234 232 241 233 231 240 232 230 239 235 233 242 232 230 239 192 190 197 234 232 241 232 230 239 235 233 242 179 177 184 234 232 241 235 233 242 235 233 242 98 97 99 179 177 184 100 99 101 98 97 99 235 233 242 192 190 197 100 99 101 235 233 242 236 234 243 219 217 227 221 219 229 186 184 191 219 217 227 236 234 243 238 236 245 196 194 201 237 235 244 195 193 200 196 194 201 238 236 245 239 237 246 172 170 177 174 172 179 182 180 207 172 170 177 239 237 246 241 239 248 217 215 225 240 238 247 242 240 249 217 215 225 241 239 248 216 214 224 242 240 249 198 196 223 217 215 225 242 240 249 216 214 224 177 175 182 98 97 99 96 95 97 179 177 184 98 97 99 177 175 182 205 203 212 137 135 141 166 164 171 136 134 140 137 135 141 205 203 212 164 162 169 194 192 199 114 113 115 123 121 124 194 192 199 164 162 169 243 241 250 189 187 194 187 185 192 229 227 237 189 187 194 243 241 250 176 174 181 213 211 220 178 176 183 175 173 180 213 211 220 176 174 181 124 122 125 192 190 197 123 121 124 100 99 101 192 190 197 124 122 125 244 242 251 210 208 217 212 210 219 245 243 252 210 208 217 244 242 251 246 244 253 232 230 239 230 228 193 192 190 197 232 230 239 246 244 253 183 181 188 213 211 220 175 173 180 185 183 190 213 211 220 183 181 188 248 246 255 225 223 233 247 245 254 224 222 232 225 223 233 248 246 255 245 243 252 208 206 215 210 208 217 125 123 126 126 124 127 228 226 236 219 217 227 186 184 191 184 182 189</p>
				</triangles>
			</mesh>
		</geometry>
		<geometry id="ID191">
			<mesh>
				<source id="ID192">
					<float_array id="ID193" count="51" digits="2490374">-0.00636219 0.174924 0.0116044 -0.00672056 0.17609 0.0116905 -0.00528391 0.174847 0.0121924 -0.00547124 0.175998 0.0124758 -0.00415257 0.176006 0.012846 -0.00422152 0.176662 0.0129954 -0.00312738 0.176866 0.0130191 -0.00441211 0.177624 0.0129343 -0.00788758 0.177573 0.0105878 -0.00775355 0.178112 0.0108914 -0.00688219 0.177305 0.0118903 -0.0070258 0.178262 0.011832 -0.00559261 0.177142 0.0127093 -0.00566519 0.178277 0.0126489 -0.00756868 0.176137 0.0107532 -0.00250142 0.175471 0.0124346 -0.00408959 0.175085 0.0125368</float_array>
					<technique_common>
						<accessor count="17" source="#ID193" stride="3">
							<param name="X" type="float"/>
							<param name="Y" type="float"/>
							<param name="Z" type="float"/>
						</accessor>
					</technique_common>
				</source>
				<source id="ID194">
					<float_array id="ID195" count="51" digits="2490374">-0.608375 -0.242687 0.755625 -0.641906 -0.212531 0.736687 -0.37075 -0.275313 0.886969 -0.403156 -0.243281 0.882187 -0.0749687 -0.287531 0.954813 -0.151594 -0.120312 0.981062 0.03775 -0.168969 0.984875 -0.116312 0.0445 0.992188 -0.779562 -0.140531 0.610313 -0.790313 -0.106281 0.603406 -0.6765 -0.147719 0.721438 -0.620594 -0.0325937 0.783437 -0.421719 -0.0872812 0.9025 -0.362437 0.0225 0.931719 -0.733938 -0.179 0.655187 0.129531 -0.321438 0.938 -0.033875 -0.320188 0.946719</float_array>
					<technique_common>
						<accessor count="17" source="#ID195" stride="3">
							<param name="X" type="float"/>
							<param name="Y" type="float"/>
							<param name="Z" type="float"/>
						</accessor>
					</technique_common>
				</source>
				<source id="ID196">
					<float_array id="ID197" count="34" digits="2490374">0.716118 0.051963 0.766906 0.35092 0.52016 0.014088 0.539913 0.306095 0.298985 0.285413 0.303326 0.451398 0.100954 0.483503 0.326041 0.696185 0.961399 0.743265 0.930136 0.876482 0.78116 0.658579 0.795356 0.90135 0.547699 0.5954 0.546677 0.881796 0.921206 0.377333 0.004169 0.122543 0.299057 0.0531631</float_array>
					<technique_common>
						<accessor count="17" source="#ID197" stride="2">
							<param name="S" type="float"/>
							<param name="T" type="float"/>
						</accessor>
					</technique_common>
				</source>
				<vertices id="ID198">
					<input semantic="POSITION" source="#ID192"/>
				</vertices>
				<triangles count="21" material="Material1">
					<input offset="0" semantic="VERTEX" source="#ID198" set="0"/>
					<input offset="1" semantic="NORMAL" source="#ID194" set="0"/>
					<input offset="2" semantic="TEXCOORD" source="#ID196" set="0"/>
					<p>2 2 2 1 1 1 0 0 0 3 3 3 1 1 1 2 2 2 4 4 4 3 3 3 2 2 2 5 5 5 3 3 3 4 4 4 6 6 6 5 5 5 4 4 4 7 7 7 5 5 5 6 6 6 10 10 10 9 9 9 8 8 8 11 11 11 9 9 9 10 10 10 12 12 12 11 11 11 10 10 10 13 13 13 11 11 11 12 12 12 7 7 7 13 13 13 12 12 12 3 3 3 10 10 10 1 1 1 12 12 12 10 10 10 3 3 3 5 5 5 12 12 12 3 3 3 7 7 7 12 12 12 5 5 5 1 1 1 14 14 14 0 0 0 8 8 8 14 14 14 1 1 1 10 10 10 8 8 8 1 1 1 4 4 4 15 15 15 6 6 6 16 16 16 15 15 15 4 4 4 2 2 2 16 16 16 4 4 4</p>
				</triangles>
			</mesh>
		</geometry>
		<geometry id="ID206">
			<mesh>
				<source id="ID207">
					<float_array id="ID208" count="156" digits="2490374">0.0184539 0.147099 -0.00924293 0.0217398 0.149951 -0.0110007 0.0190716 0.150638 -0.0103292 0.0242037 0.152653 -0.0116107 0.0203471 0.154043 -0.0100892 0.0263548 0.155902 -0.0115168 0.0209015 0.157551 -0.0108295 0.0280156 0.158772 -0.0117672 0.0211777 0.160078 -0.0107433 0.028423 0.161984 -0.011094 0.0214252 0.162698 -0.00943602 0.0293042 0.164298 -0.00943664 0.0219108 0.164664 -0.00737976 0.0301646 0.166245 -0.00590125 0.0221068 0.165306 -0.00549868 0.0308201 0.166891 0.0005245 0.0219723 0.166088 -0.00094438 -0.0308202 0.166891 0.0005245 -0.0219723 0.166088 -0.00094438 -0.0289959 0.163784 0.00644483 -0.0209866 0.164372 0.00346774 -0.026914 0.161347 0.00859202 -0.0202046 0.161773 0.00616075 -0.0245023 0.158176 0.0094339 -0.019697 0.159087 0.00774589 -0.0223462 0.15575 0.00941509 -0.0189758 0.156165 0.0084837 -0.0193797 0.153283 0.00943409 0.0193797 0.153283 0.00943408 0.0189758 0.156165 0.00848369 0.0223462 0.15575 0.00941508 0.019697 0.159087 0.00774589 0.0245023 0.158176 0.0094339 0.0289959 0.163784 0.00644482 0.0209866 0.164372 0.00346774 0.026914 0.161347 0.00859201 0.0202046 0.161773 0.00616074 -0.0184539 0.147099 -0.00924293 -0.0190716 0.150638 -0.0103292 -0.0217398 0.149951 -0.0110007 -0.0242037 0.152653 -0.0116107 -0.0203472 0.154043 -0.0100892 -0.0263548 0.155902 -0.0115168 -0.0209015 0.157551 -0.0108295 -0.0280156 0.158772 -0.0117672 -0.0211777 0.160078 -0.0107433 -0.028423 0.161984 -0.011094 -0.0214252 0.162698 -0.00943602 -0.0293043 0.164298 -0.00943664 -0.0219108 0.164664 -0.00737976 -0.0301646 0.166245 -0.00590125 -0.0221068 0.165306 -0.00549868</float_array>
					<technique_common>
						<accessor count="52" source="#ID208" stride="3">
							<param name="X" type="float"/>
							<param name="Y" type="float"/>
							<param name="Z" type="float"/>
						</accessor>
					</technique_common>
				</source>
				<source id="ID209">
					<float_array id="ID210" count="156" digits="2490374">0.397656 -0.486313 -0.778031 -0.270375 -0.116094 -0.955719 -0.0481563 -0.0924375 -0.994531 -0.280219 0.134344 -0.950469 -0.0065625 0.00846875 -0.999937 -0.200875 0.01 -0.979531 -0.114781 -0.05125 -0.992063 -0.124375 0.084875 -0.988594 -0.08025 0.244844 -0.966219 -0.131875 0.433062 -0.891656 -0.0652187 0.627813 -0.775625 -0.121219 0.752219 -0.647656 -0.107344 0.864156 -0.491594 -0.111687 0.95025 -0.290656 -0.0159687 0.975719 -0.218313 -0.114781 0.99175 0.0569062 -0.0700312 0.985563 0.154062 0.114781 0.99175 0.0569062 0.07 0.985563 0.154062 0.135406 0.866156 0.481063 0.169625 0.858906 0.483219 0.223156 0.645875 0.730062 0.1045 0.569438 0.815344 0.253281 0.406156 0.877969 0.183437 0.373344 0.909344 0.242219 0.269656 0.931969 -0.1265 0.314844 0.940656 -0.583094 -0.0913438 0.807219 0.583094 -0.0913438 0.807219 0.1265 0.314844 0.940656 -0.242219 0.269656 0.931969 -0.183437 0.373344 0.909344 -0.253281 0.406156 0.877969 -0.135406 0.866156 0.481063 -0.169563 0.858906 0.483187 -0.223156 0.645875 0.730062 -0.10425 0.569344 0.815437 -0.397625 -0.486313 -0.778031 0.0481563 -0.0924375 -0.994531 0.270375 -0.116094 -0.955719 0.280219 0.134344 -0.950469 0.0065625 0.00846875 -0.999937 0.200875 0.01 -0.979531 0.114781 -0.05125 -0.992063 0.124375 0.084875 -0.988594 0.08025 0.244844 -0.966219 0.131875 0.433062 -0.891656 0.0654375 0.627906 -0.7755 0.121219 0.752219 -0.647656 0.107906 0.864156 -0.491469 0.111687 0.95025 -0.290656 0.01625 0.975719 -0.218313</float_array>
					<technique_common>
						<accessor count="52" source="#ID210" stride="3">
							<param name="X" type="float"/>
							<param name="Y" type="float"/>
							<param name="Z" type="float"/>
						</accessor>
					</technique_common>
				</source>
				<source id="ID211">
					<float_array id="ID212" count="54" digits="2490374">-1.35317 0.66394 -1.40138 0.681307 -1.36319 0.701581 -1.42055 0.704857 -1.36828 0.728593 -1.43805 0.733226 -1.37643 0.762952 -1.46207 0.773107 -1.38089 0.800295 -1.47193 0.815503 -1.38672 0.838215 -1.4765 0.854322 -1.39146 0.874303 -1.47715 0.924698 -1.39573 0.92479 -1.47775 0.971497 -1.38996 0.971699 -1.5536 0.971208 -1.47715 0.902838 -1.55262 0.900691 -1.4765 0.836902 -1.5658 0.834724 -1.52078 0.788836 -1.58813 0.804482 -1.55962 0.754774 -1.61987 0.761459 -1.58795 0.733075</float_array>
					<technique_common>
						<accessor count="27" source="#ID212" stride="2">
							<param name="S" type="float"/>
							<param name="T" type="float"/>
						</accessor>
					</technique_common>
				</source>
				<vertices id="ID213">
					<input semantic="POSITION" source="#ID207"/>
				</vertices>
				<triangles count="48" material="Material1">
					<input offset="0" semantic="VERTEX" source="#ID213" set="0"/>
					<input offset="1" semantic="NORMAL" source="#ID209" set="0"/>
					<input offset="2" semantic="TEXCOORD" source="#ID211" set="0"/>
					<p>2 2 2 1 1 1 0 0 0 3 3 3 1 1 1 2 2 2 4 4 4 3 3 3 2 2 2 5 5 5 3 3 3 4 4 4 6 6 6 5 5 5 4 4 4 7 7 7 5 5 5 6 6 6 8 8 8 7 7 7 6 6 6 9 9 9 7 7 7 8 8 8 10 10 10 9 9 9 8 8 8 11 11 11 9 9 9 10 10 10 12 12 12 11 11 11 10 10 10 13 13 13 11 11 11 12 12 12 14 14 14 13 13 13 12 12 12 15 15 15 13 13 13 14 14 14 16 16 16 15 15 15 14 14 14 19 19 18 18 18 17 17 17 15 20 20 19 18 18 17 19 19 18 21 21 20 20 20 19 19 19 18 22 22 21 20 20 19 21 21 20 23 23 22 22 22 21 21 21 20 24 24 23 22 22 21 23 23 22 25 25 24 24 24 23 23 23 22 26 26 25 24 24 23 25 25 24 27 27 26 26 26 25 25 25 24 30 30 24 29 29 25 28 28 26 31 31 23 29 29 25 30 30 24 32 32 22 31 31 23 30 30 24 16 16 17 33 33 18 15 15 15 34 34 19 33 33 18 16 16 17 34 34 19 35 35 20 33 33 18 36 36 21 35 35 20 34 34 19 36 36 21 32 32 22 35 35 20 31 31 23 32 32 22 36 36 21 39 39 1 38 38 2 37 37 0 40 40 3 38 38 2 39 39 1 40 40 3 41 41 4 38 38 2 42 42 5 41 41 4 40 40 3 42 42 5 43 43 6 41 41 4 44 44 7 43 43 6 42 42 5 44 44 7 45 45 8 43 43 6 46 46 9 45 45 8 44 44 7 46 46 9 47 47 10 45 45 8 48 48 11 47 47 10 46 46 9 48 48 11 49 49 12 47 47 10 50 50 13 49 49 12 48 48 11 50 50 13 51 51 14 49 49 12 17 17 15 51 51 14 50 50 13 18 18 16 51 51 14 17 17 15</p>
				</triangles>
			</mesh>
		</geometry>
		<geometry id="ID221">
			<mesh>
				<source id="ID222">
					<float_array id="ID223" count="1716" digits="2490374">0.010521 0.113795 -0.00768742 0.00649519 0.111738 -0.00902981 0.013426 0.109327 -0.00842298 0.00602574 0.108322 -0.0104408 0.0120308 0.106933 -0.00966796 0.00560616 0.104905 -0.0112817 0.0110365 0.103799 -0.010632 0.00532064 0.102669 -0.0115412 0.01034 0.101264 -0.0107075 0.00503367 0.100422 -0.0111696 0.00992462 0.09986 -0.0101914 0.00522744 0.099289 -0.0104342 0.00192026 0.108505 -0.0101453 0.00169091 0.105638 -0.0107866 0.00162584 0.103434 -0.0110127 0.00156043 0.101219 -0.0106075 0.00191061 0.0997944 -0.0097741 0.00217232 0.0987301 -0.00883948 0.0174748 0.113613 0.0108412 0.0159831 0.108714 0.012097 0.015145 0.111766 0.0129453 0.012185 0.106124 0.0128565 0.00978572 0.108686 0.0135385 0.00723095 0.105163 0.0136137 0.00369817 0.109291 0.0156757 0.00304081 0.103935 0.0150958 0 0.109057 0.01582 0 0.104131 0.0154348 0.00598996 0.101651 0.0130357 0.00485696 0.0984767 0.00980092 0.00323907 0.101036 0.01385 0.00312043 0.0985528 0.0105306 0 0.0981563 0.0107014 0.00233845 0.0976016 0.00762836 0 0.096483 0.00431322 0.00160768 0.0961653 0.00312988 0 0.0975669 0.00047119 0.00120133 0.0963539 -0.00134022 0 0.103931 -0.00973774 0 0.10176 -0.0090162 0 0.100387 -0.00758684 0 0.099361 -0.00620684 0.00981614 0.0980101 -0.00934723 0.00537226 0.0984424 -0.0095729 0.00216488 0.0977607 -0.00659224 0 0.0980391 -0.00281035 0.0172302 0.115908 0.00217709 0.0189986 0.11081 0.00216991 0.0182124 0.115032 0.00730515 0.0195151 0.11067 0.00665449 0.0185503 0.110361 0.00974777 0.0136058 0.115193 -0.005249 0.0156169 0.110483 -0.00568812 0.0146828 0.107676 -0.00804645 0.0196306 0.108495 0.00203214 0.017411 0.110929 -0.00185972 0.0155295 0.115991 -0.00227263 0.00554939 0.0974174 -0.00874582 0.00215796 0.0968582 -0.0045001 0.00344293 0.0928504 -0.00504314 0.00186468 0.091344 -0.0015591 0.00417201 0.0911484 0.00861217 0.00561688 0.0954963 0.0112732 0.00310475 0.0970562 0.00757814 0 0.101037 0.0139838 0 0.0988343 -0.00515069 0.0145821 0.101401 -0.00889809 0.0151281 0.105163 -0.00851078 0.0168797 0.103993 -0.00647184 0.0165056 0.107566 -0.00576885 0.0187124 0.105176 -0.00272334 0.0179998 0.108228 -0.00240567 0.0203779 0.106114 0.00123155 0.0208646 0.10529 0.00495653 0.0200046 0.107845 0.00565646 0.0200163 0.103993 0.00841603 0.0193912 0.106611 0.00868594 0.0168307 0.101638 0.0116602 0.0169455 0.105178 0.0113322 0.0123241 0.102856 0.0133818 0.0132071 0.0849209 -0.00891713 0.0135149 0.0887666 -0.0092126 0.010481 0.0851054 -0.00918019 0.0102604 0.0890458 -0.00935065 0.00592768 0.0877999 -0.00886218 0.00582098 0.0921315 -0.008419 0.00571429 0.0964631 -0.00797582 0.0121353 0.0989335 0.0137156 0.0101843 0.094689 0.0142496 0.00839149 0.097083 0.0141502 0.00782305 0.0943099 0.0140706 0.00718649 0.090395 0.0132652 0.00344375 0.0833917 0.00680997 0.00757627 0.0992618 0.0137561 0.00254702 0.0908351 0.00224207 0.00190046 0.0838175 0.00192473 0.00970042 0.095689 -0.00887815 0.00975621 0.0967599 -0.00903976 0.014265 0.0971422 -0.00931907 0.0153885 0.10031 -0.00837219 0.00986254 0.0990069 -0.0096153 0.0139346 0.0953251 -0.00945794 0.00330294 0.0878261 -0.00559525 0.00183586 0.0844877 -0.00191952 0.0140939 0.0962012 -0.00939098 0.00624649 0.085021 -0.00848146 0.00337085 0.0844828 -0.00559317 0.00642156 0.0826531 0.0114477 0.00857868 0.0828513 0.0126562 0.00957541 0.0907248 0.0138304 -0.0165026 0.139004 -0.00253076 -0.012368 0.135292 -0.00465673 -0.0146294 0.140119 -0.00718377 -0.010251 0.134905 -0.0069708 -0.0106083 0.138897 -0.00944066 0.0106083 0.138897 -0.00944066 0.010251 0.134905 -0.0069708 0.0146294 0.140119 -0.00718377 -0.0151558 0.147026 -0.0104659 -0.0160635 0.145027 0.0113245 -0.0140552 0.141467 0.0132404 -0.0155997 0.143765 0.00984556 -0.015206 0.140535 0.00958431 -0.0169061 0.143518 0.00610631 -0.0166163 0.140053 0.00562319 -0.0194511 0.145592 0.00167682 -0.0179958 0.139779 0.00207027 -0.0194325 0.145244 -0.0029368 -0.0193697 0.146579 -0.00617814 -0.0184539 0.147099 -0.00924293 -0.01333 0.145738 0.0169016 -0.0124505 0.149118 0.0169253 -0.00929579 0.144931 0.0186516 -0.00839044 0.14899 0.0185849 -0.00607862 0.144815 0.0193943 -0.00588155 0.148913 0.0188682 -0.00287067 0.144941 0.020007 -0.00301786 0.148851 0.018743 -0.0146908 0.162798 -0.0107477 -0.0176953 0.164277 -0.00904422 -0.0154096 0.161713 -0.00994309 -0.0187602 0.163649 -0.00894796 -0.0187273 0.16058 -0.0106308 -0.0214252 0.162698 -0.00943602 -0.0211777 0.160078 -0.0107433 -0.0123105 0.145858 -0.0116075 -0.00806192 0.139367 -0.0109917 -0.00773759 0.145419 -0.012927 -0.00735659 0.152887 0.0163974 -0.00307313 0.152272 0.0171817 -0.0166233 0.146378 0.00768533 -0.0194901 0.151064 0.00423819 -0.0193453 0.151334 0.00647217 -0.0137643 0.15578 0.0115673 -0.0150345 0.152665 0.0123001 -0.0177717 0.158937 0.00758422 -0.0189758 0.156165 0.0084837 -0.019697 0.159087 0.00774589 -0.00958038 0.150638 -0.0134551 -0.00517689 0.150274 -0.0144654 -0.00138638 0.152724 -0.0142861 -0.00133121 0.149868 -0.0144907 -0.00322188 0.145343 -0.0139158 -0.00685079 0.157012 0.0135194 -0.00982472 0.153142 0.0155752 -0.0171802 0.150313 0.0111831 -0.0193797 0.153283 0.00943409 -0.0172044 0.14741 0.00951796 -0.0202046 0.161773 0.00616075 -0.0177107 0.162644 0.00579938 -0.0209866 0.164372 0.00346774 -0.0196819 0.164505 0.00160735 -0.0204043 0.166166 -0.00210048 -0.0219723 0.166088 -0.00094438 -0.0156742 0.159754 -0.0107444 -0.0181801 0.157367 -0.0105287 -0.0209015 0.157551 -0.0108295 -0.0200998 0.165432 -0.00573494 -0.0219108 0.164664 -0.00737976 -0.0221068 0.165306 -0.00549868 -0.0118237 0.159075 0.0103228 -0.0106939 0.160319 0.00995155 -0.0203472 0.154043 -0.0100892 -0.0111686 0.16176 -0.0121696 -0.0120628 0.160648 -0.0117069 -0.00709281 0.160627 -0.0127431 -0.00880166 0.159782 -0.0128988 -0.00264648 0.156739 -0.0139384 -0.00559779 0.154679 -0.0140542 -0.0154323 0.14746 0.0146043 -0.0142592 0.143031 0.0134398 -0.0100822 0.154588 -0.0130048 -0.0140537 0.151186 -0.0119618 -0.0149914 0.15642 -0.0113269 -0.0176849 0.154844 -0.0107249 -0.0135499 0.15862 -0.0116994 -0.00988055 0.156652 -0.0129617 -0.0190716 0.150638 -0.0103292 -0.0165252 0.150968 -0.0112466 -0.015117 0.161219 0.00799147 -0.00245574 0.16016 -0.0131342 0.012368 0.135292 -0.00465673 0.00869849 0.13151 -0.00547933 0.00633345 0.13382 -0.00794714 0.00538851 0.13048 -0.00659054 0.00241588 0.133102 -0.00831277 0.00207854 0.129822 -0.00680416 0 0.132693 -0.00789634 0 0.129397 -0.00622483 -0.00207854 0.129822 -0.00680416 0 0.128317 -0.00592863 -0.00208989 0.12863 -0.00637351 -0.0117016 0.129497 0.00119912 -0.0103448 0.129491 -0.00215416 -0.0129386 0.132909 0.00020176 -0.0111143 0.132308 -0.00267672 -0.00869849 0.13151 -0.00547933 -0.00633345 0.13382 -0.00794714 0.0117016 0.129497 0.00119912 0.0129386 0.132909 0.00020176 0.0103448 0.129491 -0.00215416 0.0111143 0.132308 -0.00267672 0.00822901 0.129891 -0.00516685 -0.0123179 0.132336 0.0134762 -0.0142817 0.13454 0.0110114 -0.0143116 0.138619 0.0124814 -0.0152957 0.1378 0.00898563 0.0152957 0.1378 0.00898563 0.0142817 0.13454 0.0110114 0.0143116 0.138619 0.0124814 0.0123179 0.132336 0.0134762 -0.00538851 0.13048 -0.00659054 -0.00241588 0.133102 -0.00831277 -0.00822901 0.129891 -0.00516685 0.00208989 0.12863 -0.00637351 -0.00519381 0.12927 -0.00621245 -0.00499911 0.127991 -0.00576657 -0.00210123 0.127384 -0.00593464 0 0.127154 -0.00564507 0.00210123 0.127384 -0.00593464 0.00519381 0.12927 -0.00621245 0.00499911 0.127991 -0.00576657 0.00775953 0.128272 -0.00497748 0.00479533 0.126913 -0.00538185 0.00210351 0.126582 -0.00559589 0 0.126449 -0.0054408 -0.00212165 0.126582 -0.00559589 -0.00481348 0.126913 -0.00538185 -0.00775953 0.128272 -0.00497748 0.0109674 0.126611 -0.0016703 0.0127517 0.12492 0.00044788 0.0134975 0.124944 0.00380749 0.0147006 0.121302 0.00290008 -0.0109674 0.126611 -0.0016703 -0.00761416 0.127032 -0.00465192 -0.0110894 0.124187 -0.0020969 -0.0127517 0.12492 0.00044788 -0.0147006 0.121302 0.00290008 -0.0134975 0.124944 0.00380749 0.0110894 0.124187 -0.0020969 0.00760508 0.12706 -0.00464039 0.0115461 0.125553 0.012501 0.00901865 0.119439 0.0139686 0.00828626 0.124353 0.0145656 -0.00901865 0.119439 0.0139686 -0.0115461 0.125553 0.012501 -0.00828626 0.124353 0.0145656 -0.0123042 0.127888 0.00940823 -0.0149384 0.134602 0.0087465 -0.0135707 0.130262 0.00729411 -0.0152139 0.134184 0.00518037 -0.0131853 0.129987 0.00492307 -0.0134133 0.123632 0.00711939 -0.0129682 0.122236 0.0094704 -0.0114837 0.120733 0.0123808 0.0131853 0.129987 0.00492307 0.0135707 0.130262 0.00729411 0.0134133 0.123632 0.00711939 0.0123042 0.127888 0.00940823 0.0129682 0.122236 0.0094704 0.0149384 0.134602 0.0087465 0.0152139 0.134184 0.00518037 -0.00846048 0.135087 0.0169672 -0.00312808 0.135355 0.0183186 -0.00304215 0.128824 0.0167942 0 0.135675 0.0184656 0 0.128988 0.0172294 0.00304215 0.128824 0.0167942 0.00873754 0.12997 0.015888 -0.00873754 0.12997 0.015888 -0.0122215 0.136684 0.0146374 0.0114837 0.120733 0.0123808 0.0122215 0.136684 0.0146374 0.00846048 0.135087 0.0169672 0.00312808 0.135355 0.0183186 -0.0111699 0.14131 0.0155617 -0.0118099 0.139935 0.0151631 -0.0163716 0.137109 0.00523994 -0.0154672 0.13636 0.00115299 -0.00799404 0.139167 0.0169921 -0.00291511 0.139716 0.0191159 0 0.139636 0.0189384 0.0163716 0.137109 0.00523994 0.0154672 0.13636 0.00115299 0.0118099 0.139935 0.0151631 0.00799404 0.139167 0.0169921 0.00291511 0.139716 0.0185524 0.01333 0.145738 0.0169016 0.0111699 0.14131 0.0155617 0.00929579 0.144931 0.0186516 0.00699999 0.141658 0.0168241 0.00607862 0.144815 0.0193943 0.00228909 0.142036 0.0186212 0.00287067 0.144941 0.0194435 0 0.145144 0.0194885 0.00301786 0.148851 0.018743 0 0.149032 0.0185303 0.00307313 0.152272 0.0171817 0 0.152282 0.0170189 0.00309004 0.155692 0.0147876 -5.52e-006 0.155533 0.0147582 -0.00668949 0.137262 -0.00977565 -0.00540771 0.13844 -0.0111928 -0.00561593 0.140832 -0.0124027 -0.00261744 0.140477 -0.0129331 0 0.140637 -0.0128701 0 0.145308 -0.0142368 0.00322188 0.145343 -0.0139158 0.00133121 0.149868 -0.0144907 0.00773759 0.145419 -0.012927 0.00561593 0.140832 -0.0124027 0.00261744 0.140477 -0.0129331 0.00540771 0.13844 -0.0111928 0.00275351 0.137514 -0.0113939 0.00277071 0.135628 -0.0101106 0 0.137333 -0.0110603 0 0.134775 -0.009525 -0.00277071 0.135628 -0.0101106 0.00982472 0.153142 0.0155752 0.0150345 0.152665 0.0123001 0.0124505 0.149118 0.0169253 0.0154323 0.14746 0.0146043 0.0142592 0.143031 0.0134398 -0.00228909 0.142036 0.0191847 -0.00699999 0.141658 0.0168241 0 0.141606 0.0188601 0 0.143576 0.0187818 0 0.149722 -0.01448 0 0.152474 -0.0143189 0 0.155823 -0.0138613 0.00138638 0.152724 -0.0142861 0.00264648 0.156739 -0.0139384 0.0166163 0.140053 0.00562319 0.015206 0.140535 0.00958431 0.0169061 0.143518 0.00610631 0.0155997 0.143765 0.00984556 0.0166233 0.146378 0.00768533 0.0172044 0.14741 0.00951796 0.00806192 0.139367 -0.0109917 0.00668949 0.137262 -0.00977565 0.0160635 0.145027 0.0113245 0.0140552 0.141467 0.0132404 -0.00309006 0.155692 0.0147841 0.00245574 0.16016 -0.0131377 -9e-008 0.160043 -0.013356 -0.00275351 0.137514 -0.0113939 0.0165026 0.139004 -0.00253076 0.0179958 0.139779 0.00207027 0.0151171 0.161219 0.00799537 0.0118237 0.159075 0.0103228 0.0106398 0.160334 0.00988157 0.00685061 0.157012 0.0135244 0.0123105 0.145858 -0.0116075 0.00958038 0.150638 -0.0134551 0.00517689 0.150274 -0.0144654 0.00559779 0.154679 -0.0140542 0.00839044 0.14899 0.0185849 0.00735659 0.152887 0.0163974 0.0140537 0.151186 -0.0119618 0.0100822 0.154588 -0.0130048 0.00988055 0.156652 -0.0129617 0.00880166 0.159782 -0.0128988 0.0165252 0.150968 -0.0112466 0.0151558 0.147026 -0.0104659 0.00588155 0.148913 0.0188682 0.0137643 0.15578 0.0115673 0.00709276 0.160627 -0.0127496 0.0171802 0.150313 0.0111831 0.0111704 0.16176 -0.0121782 0.0120628 0.160648 -0.0117069 0.0135499 0.15862 -0.0116994 0.0154096 0.161713 -0.00994309 0.0156742 0.159754 -0.0107444 0.0187273 0.16058 -0.0106308 0.0181801 0.157366 -0.0105287 0.0209015 0.157551 -0.0108295 0.0203471 0.154043 -0.0100892 0.0211777 0.160078 -0.0107433 0.0214252 0.162698 -0.00943602 0.0187602 0.163649 -0.00894796 0.0200991 0.165432 -0.00574118 0.0176945 0.164277 -0.00905279 0.0189758 0.156165 0.00848369 0.0177717 0.158937 0.00758422 0.019697 0.159087 0.00774589 0.0202046 0.161773 0.00616074 0.0149914 0.15642 -0.0113269 0.0176849 0.154844 -0.0107249 0.0184539 0.147099 -0.00924293 0.0190716 0.150638 -0.0103292 0.0177109 0.162644 0.00580211 0.0196818 0.164505 0.00160706 0.0209866 0.164372 0.00346774 0.020404 0.166166 -0.00210365 0.0219723 0.166088 -0.00094438 0.0146922 0.162798 -0.0107569 0.0219108 0.164664 -0.00737976 0.0221068 0.165306 -0.00549868 0.0193453 0.151334 0.00647217 0.0193797 0.153283 0.00943408 0.0193697 0.146579 -0.00617814 0.0194325 0.145244 -0.0029368 0.0194511 0.145592 0.00167682 0.0194901 0.151064 0.00423819 -0.0145821 0.101401 -0.00889809 -0.0151281 0.105163 -0.00851078 -0.0168797 0.103993 -0.00647184 -0.0165056 0.107566 -0.00576885 -0.0187124 0.105176 -0.00272333 -0.0179998 0.108228 -0.00240567 -0.0203779 0.106114 0.00123155 -0.0196306 0.108495 0.00203214 -0.0208646 0.10529 0.00495654 -0.0200046 0.107845 0.00565646 -0.0200163 0.103993 0.00841604 -0.0193912 0.106611 0.00868594 -0.0168307 0.101638 0.0116602 -0.0169455 0.105178 0.0113322 -0.0123241 0.102856 0.0133818 -0.0159831 0.108714 0.012097 -0.012185 0.106124 0.0128565 -0.0185503 0.110361 0.00974777 -0.0195151 0.11067 0.00665449 -0.0189986 0.11081 0.00216991 -0.017411 0.110929 -0.00185972 -0.0156169 0.110483 -0.00568812 -0.0121353 0.0989335 0.0137156 -0.00839149 0.097083 0.0141502 -0.0101843 0.094689 0.0142496 -0.00782305 0.0943099 0.0140706 -0.00718648 0.090395 0.0132652 -0.00561688 0.0954963 0.0112732 -0.00417201 0.0911484 0.00861217 -0.00571429 0.0964631 -0.00797582 -0.00970042 0.095689 -0.00887815 -0.00582098 0.0921315 -0.008419 -0.0102604 0.0890458 -0.00935064 -0.00592767 0.0877999 -0.00886217 -0.010481 0.0851054 -0.00918019 -0.00624649 0.085021 -0.00848145 -0.0132071 0.0849209 -0.00891713 -0.0135149 0.0887666 -0.00921259 -0.0139346 0.0953251 -0.00945794 -0.00344293 0.0928504 -0.00504314 -0.00330294 0.0878261 -0.00559525 -0.00186468 0.091344 -0.0015591 -0.00183587 0.084488 -0.00191952 -0.0140939 0.0962012 -0.00939098 -0.00975621 0.0967599 -0.00903976 -0.014265 0.0971422 -0.00931907 -0.00337084 0.0844828 -0.00559317 -0.00757627 0.0992618 0.0137561 -0.00957541 0.0907248 0.0138304 -0.00857868 0.0828513 0.0126562 -0.00642156 0.0826531 0.0114477 -0.00344375 0.0833917 0.00680998 -0.00190046 0.0838175 0.00192474 -0.00254702 0.0908351 0.00224207 -0.00169091 0.105638 -0.0107866 -0.00192026 0.108505 -0.0101453 -0.00602574 0.108322 -0.0104408 -0.00649519 0.111738 -0.00902981 -0.013426 0.109327 -0.00842298 -0.010521 0.113795 -0.00768742 -0.0136058 0.115193 -0.005249 -0.0155295 0.115991 -0.00227263 -0.0172302 0.115908 0.00217709 -0.0182124 0.115032 0.00730515 -0.0174748 0.113613 0.0108412 -0.015145 0.111766 0.0129453 -0.00978572 0.108686 0.0135385 -0.00723095 0.105163 0.0136137 -0.00598996 0.101651 0.0130357 -0.00323907 0.101036 0.01385 -0.00485696 0.0984767 0.00980092 -0.00312043 0.0985528 0.0105306 -0.00310475 0.0970562 0.00757814 -0.00233845 0.0976016 0.00762836 -0.00160768 0.0961653 0.00312988 -0.0146828 0.107676 -0.00804645 -0.0120308 0.106933 -0.00966796 -0.00560616 0.104905 -0.0112817 -0.00162584 0.103434 -0.0110127 -0.00156043 0.101219 -0.0106075 -0.00503367 0.100422 -0.0111696 -0.00191061 0.0997944 -0.0097741 -0.00522744 0.099289 -0.0104342 -0.00217232 0.0987301 -0.00883948 -0.00537226 0.0984424 -0.0095729 -0.00216488 0.0977607 -0.00659224 -0.00554939 0.0974174 -0.00874582 -0.00215796 0.0968582 -0.0045001 -0.0153885 0.10031 -0.00837219 -0.00992462 0.09986 -0.0101914 -0.01034 0.101264 -0.0107075 -0.00532064 0.102669 -0.0115412 -0.00369817 0.109291 0.0156757 -0.00304081 0.103935 0.0150958 -0.00120133 0.0963539 -0.00134022 -0.0110365 0.103799 -0.010632 -0.00981614 0.0980101 -0.00934723 -0.00986254 0.0990069 -0.0096153 -0.0046097 0.125482 -0.00451463 -0.00212393 0.124329 -0.00502075 0 0.124349 -0.00497707 0.00212393 0.124329 -0.00502075 0.0046097 0.125482 -0.00451463 0.00487364 0.122276 -0.00464013 0.00746879 0.125497 -0.00394594 0.00750588 0.122671 -0.00437962 0.01085 0.120965 -0.00342439 0.00804638 0.11995 -0.00496402 0.00727079 0.115844 -0.0069961 0.00215591 0.111371 -0.00919331 0 0.108745 -0.00941572 0 0.106091 -0.0102403 0.00224944 0.118264 -0.00564898 0.00206729 0.114817 -0.00714964 0 0.1114 -0.00863408 -0.00215591 0.111371 -0.00919331 -0.00746879 0.125497 -0.00394594 -0.01085 0.120965 -0.00342439 -0.00750588 0.122671 -0.00437962 -0.00804638 0.11995 -0.00496402 -0.00487364 0.122276 -0.00464013 -0.00224944 0.118264 -0.00564898 -0.0022414 0.12188 -0.00512565 0 0.121796 -0.00513742 -0.00727079 0.115844 -0.0069961 -0.00206729 0.114817 -0.00714964 0 0.114837 -0.00679012 -0.0157064 0.119931 0.00804249 -0.0152657 0.118251 0.0110656 -0.0124003 0.116196 0.013191 0.0157064 0.119931 0.00804249 0.0152657 0.118251 0.0110656 0.0124003 0.116196 0.013191 0.00964022 0.114793 0.0139218 -0.00964022 0.114793 0.0139218 0 0.118275 -0.0054884 0.0022414 0.12188 -0.00512565 -0.012948 0.121452 -0.00122803 0 0.115307 0.0157532 -0.004372 0.114721 0.0152202 0.012948 0.121452 -0.00122803 0.004372 0.114721 0.0152202 -0.00367186 0.123453 0.0153148 0 0.12378 0.0163112 0 0.119885 0.0162499 -0.00444988 0.118907 0.0151247 0.00444988 0.118907 0.0151247 0.00367186 0.123453 0.0153148</float_array>
					<technique_common>
						<accessor count="572" source="#ID223" stride="3">
							<param name="X" type="float"/>
							<param name="Y" type="float"/>
							<param name="Z" type="float"/>
						</accessor>
					</technique_common>
				</source>
				<source id="ID224">
					<float_array id="ID225" count="1650" digits="2490374">0.310469 0.415375 -0.855 0.0696563 0.368562 -0.926969 0.393281 0.339594 -0.854375 0.0657813 0.299844 -0.951688 0.319187 0.230656 -0.919156 0.0301875 0.174281 -0.984219 0.292094 0.0699688 -0.953812 -0.0113125 -0.0465 -0.998844 0.240031 -0.217531 -0.946063 -0.0559063 -0.398438 -0.915469 0.229312 -0.446125 -0.865062 -0.0536875 -0.590625 -0.805125 -0.160469 0.296219 -0.941531 -0.246594 0.119187 -0.96175 -0.416625 -0.0323437 -0.908469 -0.495344 -0.348281 -0.795812 -0.494031 -0.588375 -0.640094 -0.460406 -0.7555 -0.466031 0.820938 0.209906 0.531 0.494063 -0.0185 0.869219 0.383906 0.0269687 0.922969 0.110563 -0.0112187 0.993781 0.227281 -0.084375 0.970156 0.295719 -0.214406 0.930875 0.222906 -0.0643125 0.972687 0.203594 -0.217156 0.954656 0 -0.0253125 0.999656 0 -0.301844 0.953344 -0.169344 -0.258125 0.951125 -0.43 -0.563125 0.705656 0.202781 -0.585281 0.785031 0.0232813 -0.877375 0.479219 0 -0.889562 0.456781 -0.16425 -0.9305 0.327312 0 -0.994406 0.1055 -0.738813 -0.652969 0.166438 0 -0.978531 -0.205969 -0.87725 -0.451094 -0.163937 0 -0.143906 -0.989563 0 -0.413375 -0.910531 0 -0.739062 -0.673625 0 -0.832719 -0.553656 0.0760313 -0.255125 -0.963906 -0.178563 -0.667781 -0.722594 -0.517563 -0.773719 -0.365312 0 -0.959594 -0.281344 0.887688 0.380094 -0.259844 0.942813 0.280719 -0.179594 0.930031 0.364969 0.0427187 0.96775 0.195937 0.158125 0.818625 0.0627813 0.570875 0.6485 0.391813 -0.652562 0.734312 0.3365 -0.5895 0.634438 0.254094 -0.729969 0.930375 0.308125 -0.1985 0.866719 0.294688 -0.402406 0.813281 0.365375 -0.452781 -0.342937 -0.608531 -0.715563 -0.735625 -0.465719 -0.491844 -0.823875 -0.0170937 -0.5665 -0.982531 -0.0842187 -0.165844 -0.902125 -0.0218125 0.430844 -0.797844 -0.03825 0.601594 -0.692875 -0.547281 0.469438 0 -0.600844 0.799344 0 -0.924219 -0.381813 0.505906 -0.102125 -0.8565 0.62375 0.139156 -0.769094 0.406031 0.58425 -0.702656 0.820813 0.2335 -0.52125 0.418844 0.816531 -0.397219 0.870375 0.28275 -0.403062 0.480719 0.869156 -0.115906 0.488313 0.8425 0.227281 0.969375 0.222031 0.104719 0.346563 0.824406 0.447406 0.8615 0.088125 0.5 0.0920312 0.671938 0.734844 0.59925 0.0071875 0.8005 0.183469 0.090625 0.978813 0.237406 -0.08475 -0.967687 0.18725 -0.072625 -0.979594 -0.0326875 -0.0655937 -0.997281 -0.0766563 0.0139375 -0.996938 -0.530813 -0.0254063 -0.847094 -0.460125 0.0704375 -0.885031 -0.573281 -0.260062 -0.776969 -0.267406 0.447625 0.853281 -0.244937 0.0181875 0.969344 -0.253406 0.0603125 0.965469 -0.453375 -0.02 0.891062 -0.575312 -0.0911875 0.812813 -0.900437 -0.0376563 0.433313 -0.321969 0.0478438 0.9455 -0.977094 -0.0642188 0.202719 -0.98425 0.014 0.176156 -0.163406 -0.0904375 -0.982375 -0.0729375 -0.225187 -0.971563 -0.0147187 0.0900937 -0.995812 -0.0265 0.151313 -0.988125 0.212906 -0.415625 -0.88425 0.130281 0.00565625 -0.991437 -0.876437 0.0294375 -0.480563 -0.987406 -0.0134687 -0.157469 0.0753125 0.013875 -0.997031 -0.424 -0.143594 -0.894188 -0.798031 -0.121906 -0.590125 -0.653906 -0.113219 0.748031 -0.267656 -0.138281 0.953531 -0.160375 -0.101563 0.981781 -0.803469 -0.523219 -0.284031 -0.717656 -0.56475 -0.407375 -0.635031 -0.507 -0.582781 -0.516156 -0.530219 -0.672594 -0.419813 -0.463688 -0.780187 0.435813 -0.462406 -0.772156 0.479187 -0.523875 -0.704188 0.635031 -0.507 -0.582781 -0.395719 -0.328375 -0.857625 -0.904969 -0.319813 0.280531 -0.867781 -0.184312 0.461469 -0.942156 -0.250031 0.223156 -0.9435 -0.0790937 0.32175 -0.915781 -0.129812 0.380062 -0.924125 -0.125188 0.360906 -0.880844 -0.299062 0.366875 -0.926625 -0.372438 0.0511875 -0.819094 -0.563656 -0.106469 -0.706062 -0.63 -0.323281 -0.397625 -0.486313 -0.778031 -0.629625 -0.218719 0.745438 -0.5005 0.296719 0.813281 -0.318875 -0.238969 0.917156 -0.22725 0.309375 0.923375 -0.217875 -0.190281 0.957219 -0.0624375 0.338688 0.938812 0.0055 0.0463125 0.998906 0.0678125 0.33875 0.938406 -0.510031 -0.194844 -0.837781 -0.445563 0.235031 -0.863813 -0.257562 0.197688 -0.945781 -0.176125 0.558656 -0.810469 0.017875 0.258719 -0.96575 0.0654375 0.627906 -0.7755 0.08025 0.244844 -0.966219 -0.378062 -0.264 -0.887312 -0.320844 -0.438656 -0.839406 -0.266625 -0.220406 -0.93825 -0.132 0.538031 0.8325 -0.00709375 0.499375 0.866313 -0.923875 -0.309594 0.224875 -0.692312 -0.621 0.367438 -0.792094 -0.580969 0.187156 -0.398875 0.465187 0.79025 -0.558844 0.376188 0.739 -0.239688 0.420812 0.874875 -0.1265 0.314844 0.940656 0.183437 0.373344 0.909344 -0.270594 -0.05475 -0.961125 -0.114781 -0.05125 -0.992063 0 0.0871875 -0.996188 -0.0229375 -0.0242813 -0.999438 -0.130125 -0.177531 -0.975469 -0.214375 0.563187 0.798 -0.346125 0.528562 0.775094 -0.719 0.0820938 0.690094 -0.583094 -0.0913438 0.807219 -0.91725 -0.322937 0.233063 0.1045 0.569438 0.815344 -0.0920312 0.671938 0.734844 0.169625 0.858906 0.483219 0.33 0.896594 0.295281 0.150625 0.975531 0.160031 0.07 0.985563 0.154062 -0.154281 0.192469 -0.969094 -0.0886562 -0.00990625 -0.996 0.114781 -0.05125 -0.992063 -0.128094 0.871406 -0.4735 0.107906 0.864156 -0.491469 0.01625 0.975719 -0.218313 -0.291375 0.494063 0.819125 0.00021875 0.0129375 -0.999906 -0.336094 -0.0265 -0.941437 -0.322313 0.105469 -0.940719 -0.126844 0.179375 -0.975563 -0.17125 0.149937 -0.97375 -0.015375 0.154031 -0.987938 -0.142438 0.0903125 -0.985656 -0.842156 -0.0319688 0.53825 -0.756156 -0.25775 0.601469 -0.279875 0.0575938 -0.958281 -0.312187 -0.0569687 -0.948281 -0.280219 0.0695937 -0.957375 -0.252187 0.0459375 -0.966563 -0.301656 0.171062 -0.937937 -0.257437 0.0960625 -0.961469 0.0481563 -0.0924375 -0.994531 -0.291938 -0.143219 -0.945625 -0.369906 0.443094 0.816594 -0.0220625 0.204844 -0.978531 0.717656 -0.56475 -0.407375 0.55875 -0.463406 -0.68775 0.282781 -0.4835 -0.828375 0.24325 -0.3845 -0.890469 0.0714375 -0.494938 -0.865969 0 -0.369063 -0.929375 0 -0.516 -0.856562 0 -0.296688 -0.954969 0.016375 -0.314875 -0.948969 -0.931063 -0.0014375 -0.364781 -0.833 -0.196562 -0.517156 -0.830594 -0.445688 -0.333781 -0.767 -0.422125 -0.483187 -0.55875 -0.463406 -0.68775 -0.281656 -0.489031 -0.825531 0.931063 -0.0014375 -0.364781 0.830594 -0.445688 -0.333781 0.833 -0.196562 -0.517156 0.767 -0.422125 -0.483187 0.617813 -0.311625 -0.721906 -0.751031 -0.176406 0.63625 -0.926031 -0.206781 0.315719 -0.863719 -0.0902812 0.495781 -0.950688 -0.093 0.295844 0.950688 -0.093 0.295844 0.926031 -0.206781 0.315719 0.863719 -0.0902812 0.495781 0.751031 -0.176406 0.63625 -0.24325 -0.3845 -0.890469 -0.0714375 -0.494938 -0.865969 -0.617813 -0.311625 -0.721906 -0.016375 -0.314875 -0.948969 -0.238406 -0.3115 -0.919813 -0.212313 -0.324688 -0.921656 -0.0116562 -0.333844 -0.942531 -9.375e-005 -0.313781 -0.949469 0.011625 -0.334219 -0.942406 0.238406 -0.3115 -0.919813 0.213031 -0.327938 -0.920344 0.5635 -0.235469 -0.791812 0.186375 -0.425312 -0.885625 0.09725 -0.349625 -0.931813 -0.000125 -0.286187 -0.958156 -0.09725 -0.349625 -0.931813 -0.184656 -0.424469 -0.886375 -0.564687 -0.229687 -0.792656 0.784688 0.0804062 -0.614625 0.871938 0.266031 -0.411 0.960094 0.252656 -0.119719 0.904531 0.378938 -0.195344 -0.785312 0.0831875 -0.613437 -0.43125 -0.277656 -0.858406 -0.652188 0.129187 -0.746938 -0.871938 0.266031 -0.411 -0.904531 0.378938 -0.195344 -0.960094 0.252656 -0.119719 0.652062 0.131344 -0.746687 0.431406 -0.278625 -0.858031 0.791406 -0.110344 0.601219 0.356 -0.119781 0.92675 -0.383906 0.0269687 0.922969 -0.791406 -0.110344 0.601219 -0.356 -0.119781 0.92675 -0.9575 -0.132437 0.256156 -0.93975 -0.274312 0.203844 -0.978531 -0.185844 0.0889375 -0.907469 -0.410125 -0.0910313 -0.943875 -0.206437 -0.25775 -0.919125 0.246063 0.307594 -0.837156 0.332312 0.434406 -0.615906 0.212344 0.758625 0.943875 -0.206437 -0.25775 0.978531 -0.185844 0.0889375 0.919125 0.246063 0.307594 0.9575 -0.132437 0.256156 0.837156 0.332312 0.434406 0.93975 -0.274312 0.203844 0.907469 -0.410125 -0.0910313 -0.373937 -0.0948438 0.922562 -0.184031 -0.143281 0.972406 -0.177312 -0.211063 0.96125 0.0239062 -0.161 0.986656 0 -0.189313 0.981906 0.177312 -0.211063 0.96125 0.438937 -0.206594 0.874406 -0.438937 -0.206594 0.874406 0.615906 0.212344 0.758625 0.653906 -0.113219 0.748031 0.373937 -0.0948438 0.922562 0.186719 -0.105969 0.976656 -0.459125 -0.243781 0.85425 -0.593344 -0.0554687 0.803 -0.945344 -0.290094 0.148656 -0.820625 -0.5335 -0.204656 -0.366469 0.0440625 0.929375 -0.176156 -0.0019375 0.984344 0.0720937 -0.0387187 0.996625 0.945344 -0.290094 0.148656 0.820625 -0.5335 -0.204656 0.593344 -0.0554687 0.803 0.337094 0.0573125 0.939719 0.21475 0.02925 0.976219 0.629625 -0.218719 0.745438 0.459125 -0.243781 0.85425 0.318875 -0.238969 0.917156 0.29025 -0.231312 0.928563 0.143438 -0.193656 0.9705 0.090625 -0.209594 0.973562 0.00021875 -0.0129375 0.999906 -0.0324062 0.286594 0.957469 0 0.360375 0.932781 0.007125 0.499125 0.866469 -0.000125 0.523906 0.85175 -0.0015625 0.572531 0.819844 -0.287625 -0.552656 -0.782188 -0.253563 -0.528375 -0.81025 -0.242531 -0.321938 -0.915156 0 -0.127531 -0.991813 0.130125 -0.177531 -0.975469 0.0229375 -0.0242813 -0.999438 0.266625 -0.220406 -0.93825 0.242531 -0.321938 -0.915156 0.253563 -0.528375 -0.81025 0.09125 -0.505344 -0.858063 0.161031 -0.558031 -0.814031 0 -0.504375 -0.863469 0 -0.566375 -0.824125 -0.161031 -0.558031 -0.814031 0.346219 0.528375 0.775187 0.558844 0.376188 0.739 0.5005 0.296719 0.813281 0.842156 -0.0319688 0.53825 0.756156 -0.25775 0.601469 -0.015375 -0.209844 0.977594 -0.340688 -0.215281 0.915156 0.1115 0.0154063 0.993625 0.114813 -0.184094 0.976156 -0.0065625 0.00846875 -0.999937 0 0.100281 -0.994937 -9.375e-005 0.136969 -0.990562 0.0153437 0.153563 -0.988 0.924125 -0.125188 0.360906 0.9435 -0.0790937 0.32175 0.915781 -0.129812 0.380062 0.942156 -0.250031 0.223156 0.923875 -0.309594 0.224875 0.91725 -0.322937 0.233063 0.320844 -0.438656 -0.839406 0.298281 -0.546906 -0.782219 0.904969 -0.319813 0.280531 0.867781 -0.184312 0.461469 0.0219688 0.203625 -0.978781 -0.00028125 0.1685 -0.985687 -0.09125 -0.505344 -0.858063 0.803469 -0.523219 -0.284031 0.926625 -0.372438 0.0511875 0.364375 0.449781 0.815406 0.280625 0.508125 0.81425 0.263625 0.530156 0.805844 0.211313 0.5675 0.795781 0.378062 -0.264 -0.887312 0.270594 -0.05475 -0.961125 0.117375 -0.043125 -0.992125 0.142438 0.0903125 -0.985656 0.22725 0.309375 0.923375 0.132062 0.53775 0.832656 0.312187 -0.0569687 -0.948281 0.279875 0.0575938 -0.958281 0.257437 0.0960625 -0.961469 0.171594 0.148344 -0.973906 0.291938 -0.143219 -0.945625 0.395719 -0.328375 -0.857625 0.0337187 0.315688 0.94825 0.399031 0.464969 0.790281 0.127781 0.175437 -0.976156 0.719 0.0820938 0.690094 0.337312 -0.0325937 -0.940813 0.322906 0.103094 -0.940781 0.301656 0.171062 -0.937937 0.25875 0.19525 -0.945969 0.15425 0.192469 -0.969094 -0.017875 0.258719 -0.96575 0.0886562 -0.00990625 -0.996 -0.08025 0.244844 -0.966219 -0.0652187 0.627813 -0.775625 0.177594 0.556969 -0.811281 0.129313 0.870938 -0.474 0.448687 0.230031 -0.863531 0.1265 0.314844 0.940656 0.239969 0.420531 0.874937 -0.183437 0.373344 0.909344 -0.10425 0.569344 0.815437 0.280219 0.0695937 -0.957375 0.252187 0.0459375 -0.966563 0.397656 -0.486313 -0.778031 -0.0481563 -0.0924375 -0.994531 -0.329875 0.896688 0.295156 -0.169563 0.858906 0.483187 -0.150625 0.975531 0.159969 -0.0700312 0.985563 0.154062 0.511281 -0.200219 -0.835719 -0.107344 0.864156 -0.491594 -0.0159687 0.975719 -0.218313 0.792094 -0.580969 0.187156 0.583094 -0.0913438 0.807219 0.706062 -0.63 -0.323281 0.819094 -0.563656 -0.1065 0.880844 -0.299062 0.366875 0.692312 -0.621 0.367469 -0.505906 -0.102125 -0.8565 -0.62375 0.139156 -0.769094 -0.406031 0.58425 -0.702656 -0.820813 0.2335 -0.52125 -0.418844 0.816531 -0.397219 -0.870375 0.28275 -0.403062 -0.480719 0.869156 -0.115875 -0.930375 0.308125 -0.1985 -0.488313 0.8425 0.227281 -0.969375 0.222031 0.104719 -0.346563 0.824406 0.447406 -0.8615 0.088125 0.5 -0.59925 0.0071875 0.8005 -0.183469 0.090625 0.978813 -0.494063 -0.0185 0.869219 -0.110563 -0.0112187 0.993781 -0.818625 0.0627813 0.570875 -0.969156 0.216656 0.117344 -0.934937 0.282125 -0.215094 -0.862344 0.292 -0.413594 -0.734312 0.3365 -0.5895 0.267406 0.447625 0.853281 0.253406 0.0603125 0.965469 0.244937 0.0181875 0.969344 0.453375 -0.02 0.891062 0.575312 -0.0911875 0.812813 0.797844 -0.03825 0.601594 0.902125 -0.0218125 0.430844 0.573281 -0.260062 -0.776969 0.163406 -0.0904375 -0.982375 0.460125 0.0704375 -0.885031 0.0766563 0.0139375 -0.996938 0.530813 -0.0254063 -0.847094 0.0326875 -0.0655937 -0.997281 0.424 -0.143594 -0.894188 -0.237406 -0.08475 -0.967687 -0.18725 -0.0725937 -0.979594 -0.130281 0.00565625 -0.991437 0.823875 -0.0170937 -0.5665 0.876437 0.0294375 -0.480563 0.982531 -0.0842187 -0.165844 0.987406 -0.0134687 -0.157469 0.0729375 -0.225187 -0.971563 0.0147187 0.0900937 -0.995812 0.798031 -0.121906 -0.590125 0.321969 0.0478438 0.9455 0.160375 -0.101563 0.981781 0.267656 -0.138281 0.953531 0.652719 -0.106531 0.750031 0.900437 -0.0376563 0.433313 0.98425 0.014 0.176156 0.977094 -0.0642188 0.202719 0.246594 0.119187 -0.96175 0.160469 0.296219 -0.941531 -0.0657813 0.299844 -0.951688 -0.0696563 0.368562 -0.926969 -0.393281 0.339594 -0.854375 -0.310469 0.415375 -0.855 -0.6485 0.391813 -0.652562 -0.829875 0.354375 -0.430906 -0.898281 0.380281 -0.220094 -0.925188 0.372781 0.07075 -0.820938 0.209906 0.531 -0.227281 -0.084375 0.970156 -0.295719 -0.214406 0.930875 0.169344 -0.258125 0.951125 -0.202781 -0.585281 0.785031 0.43 -0.563125 0.705656 -0.0232813 -0.877375 0.479219 0.692875 -0.547281 0.469438 0.16425 -0.9305 0.327312 0.738813 -0.652969 0.166438 -0.634438 0.254094 -0.729969 -0.319187 0.230656 -0.919156 -0.0301875 0.174281 -0.984219 0.416625 -0.0323437 -0.908469 0.495344 -0.348281 -0.795812 0.0559063 -0.398438 -0.915469 0.494031 -0.588375 -0.640094 0.0536875 -0.590625 -0.805125 0.460406 -0.7555 -0.466031 0.178563 -0.667781 -0.722594 0.517563 -0.773719 -0.365312 0.342937 -0.608531 -0.715563 0.735625 -0.465719 -0.491844 0.0265 0.151313 -0.988125 -0.229344 -0.446125 -0.865062 -0.240031 -0.217531 -0.946063 0.0113125 -0.0465 -0.998844 -0.222906 -0.0643125 0.972687 -0.203594 -0.217156 0.954656 0.87725 -0.451094 -0.163937 -0.292094 0.0699688 -0.953812 -0.0760313 -0.255125 -0.963906 -0.212906 -0.415625 -0.88425 -0.208625 -0.234875 -0.949344 -0.122156 -0.0634375 -0.990469 -3.125e-005 -0.0905625 -0.995875 0.121937 -0.0630312 -0.9905 0.209187 -0.232469 -0.949812 0.128312 0.126656 -0.983594 0.287937 -0.0410312 -0.95675 0.219375 0.199469 -0.955 0.466375 0.34375 -0.815031 0.143031 0.349 -0.926125 0.00078125 0.444406 -0.895813 -0.138375 0.397781 -0.906969 0 0.305844 -0.952062 -0.0168437 0.300375 -0.953656 -0.128281 0.455687 -0.880813 0 0.423281 -0.905969 0.138375 0.397781 -0.906969 -0.286438 -0.0447812 -0.957031 -0.466375 0.34375 -0.815031 -0.219375 0.199469 -0.955 -0.143031 0.349 -0.926125 -0.128312 0.126656 -0.983594 0.0168437 0.300375 -0.953656 -0.0728125 0.0920938 -0.993062 0.128281 0.455687 -0.880813 0 0.411375 -0.911438 -0.844094 0.478 0.242781 -0.628062 0.390188 0.67325 -0.336719 0.119844 0.933937 0.844094 0.478 0.242781 0.628062 0.390188 0.67325 0.336719 0.119844 0.933937 0.262375 0.0016875 0.964938 -0.262375 0.0016875 0.964938 0 0.239469 -0.970875 0.0728125 0.0920938 -0.993062 -0.768375 0.380094 -0.514875 -0.151969 0.0360625 0.987719 0.768375 0.380094 -0.514875 0.151969 0.0360625 0.987719 -0.218969 -0.123812 0.967812 0 -0.143906 0.989563 0 -0.040875 0.999156 -0.213156 -0.0194062 0.976812 0.213156 -0.0194062 0.976812 0.218969 -0.123812 0.967812</float_array>
					<technique_common>
						<accessor count="550" source="#ID225" stride="3">
							<param name="X" type="float"/>
							<param name="Y" type="float"/>
							<param name="Z" type="float"/>
						</accessor>
					</technique_common>
				</source>
				<source id="ID226">
					<float_array id="ID227" count="660" digits="2490374">-1.26498 0.262457 -1.18432 0.251147 -1.31245 0.214662 -1.17502 0.217493 -1.28399 0.194618 -1.17128 0.185606 -1.26392 0.158983 -1.1725 0.166466 -1.26081 0.146386 -1.17374 0.147228 -1.25768 0.133726 -1.18231 0.133443 -1.09417 0.226979 -1.09244 0.1954 -1.09873 0.177194 -1.10505 0.158896 -1.11395 0.143315 -1.1206 0.131669 -1.62389 0.252022 -1.66042 0.206391 -1.65868 0.237737 -1.71589 0.182486 -1.75229 0.209675 -1.79397 0.172374 -1.85249 0.212089 -1.86351 0.165134 -1.9123 0.212221 -1.9123 0.171836 -1.81836 0.133284 -1.85817 0.090734 -1.8647 0.133706 -1.87838 0.099318 -1.91229 0.102667 -1.9019 0.078389 -1.94301 0.0705861 -1.94561 0.056522 -1.99091 0.06819 -1.99089 0.05442 -1.05229 0.181141 -1.05233 0.163983 -1.05238 0.144396 -1.05242 0.129756 -1.26376 0.11104 -1.18871 0.123141 -1.10433 0.114432 -1.05267 0.118395 -1.0106 0.06819 -1.48089 0.276917 -1.50118 0.224404 -1.56763 0.265085 -1.56732 0.221919 -1.61215 0.219914 -1.33598 0.271907 -1.36729 0.223769 -1.33724 0.198528 -1.50902 0.202236 -1.43366 0.227648 -1.39769 0.278684 -1.20093 0.109229 -1.08919 0.098384 -1.15094 0.060958 -1.00992 0.0348071 -1.01068 0.05442 -1.86304 0.0348071 -1.82974 0.0654551 -1.89388 0.0721611 -1.9123 0.129641 -1.05255 0.123873 -1.33451 0.143954 -1.3456 0.175988 -1.39736 0.164332 -1.38551 0.196539 -1.45179 0.175833 -1.43964 0.202341 -1.51025 0.179932 -1.56125 0.172147 -1.56146 0.19567 -1.60603 0.160104 -1.60439 0.184245 -1.65561 0.138938 -1.64934 0.17188 -1.71244 0.149677 -1.32724 0.00189698 -1.32724 0.0348071 -1.26744 0.00189698 -1.26744 0.0348071 -1.21266 0.0348071 -1.21248 0.065542 -1.2123 0.096277 -1.71094 0.112792 -1.73808 0.055135 -1.76763 0.0888801 -1.77394 0.060066 -1.79774 0.0348071 -1.86377 0.00128603 -1.78549 0.109545 -1.94375 0.0348071 -1.94393 0.00128603 -1.27095 0.086004 -1.26749 0.0980741 -1.33393 0.0994741 -1.35931 0.131122 -1.26116 0.120743 -1.32724 0.079466 -1.1453 0.0348071 -1.01254 0.00189698 -1.99089 0.0348071 -1.99089 0.00128603 -1.33046 0.089112 -1.21266 0.00189698 -1.1453 0.00189698 -1.7981 0.00128603 -1.73808 0.00128603 -1.73808 0.0348071 -1.38549 0.587006 -1.32895 0.546974 -1.33004 0.597195 -1.25926 0.546752 -1.24453 0.590869 -1.3204 0.668304 -1.62359 0.649879 -1.66124 0.607402 -1.61746 0.629603 -1.59505 0.597322 -1.54046 0.627393 -1.52434 0.590719 -1.46404 0.642834 -1.46677 0.589585 -1.41733 0.639606 -1.39551 0.651191 -1.35317 0.66394 -1.72222 0.66487 -1.73418 0.711154 -1.76761 0.654502 -1.78084 0.700876 -1.80745 0.652241 -1.81132 0.702108 -1.86166 0.652356 -1.8597 0.705544 -1.28304 0.885874 -1.30947 0.887858 -1.29887 0.845053 -1.33907 0.849753 -1.33589 0.821277 -1.38672 0.838215 -1.38089 0.800295 -1.24944 0.664253 -1.19499 0.595865 -1.17948 0.663596 -1.776 0.757114 -1.8555 0.745786 -1.56446 0.66181 -1.53403 0.705078 -1.56702 0.708479 -1.68898 0.783314 -1.67164 0.761728 -1.63255 0.800378 -1.61987 0.761459 -1.58813 0.804482 -1.19391 0.719915 -1.12982 0.716288 -1.07533 0.7488 -1.07513 0.715863 -1.11332 0.662095 -1.77673 0.798692 -1.75217 0.761243 -1.62957 0.708685 -1.58795 0.733075 -1.59531 0.679179 -1.5658 0.834724 -1.61699 0.854497 -1.55262 0.900691 -1.5921 0.900669 -1.58224 0.970868 -1.5536 0.971208 -1.30114 0.815633 -1.33136 0.781647 -1.37643 0.762952 -1.33731 0.892474 -1.39146 0.874303 -1.39573 0.92479 -1.33637 0.972368 -1.38996 0.971699 -1.70796 0.822015 -1.72019 0.837298 -1.36828 0.728593 -1.23842 0.877031 -1.24676 0.84324 -1.16513 0.862126 -1.18945 0.824983 -1.09535 0.794609 -1.13597 0.765286 -1.6712 0.684296 -1.67334 0.627927 -1.20365 0.764122 -1.26327 0.722122 -1.26929 0.78137 -1.32738 0.751265 -1.256 0.813423 -1.20355 0.787841 -1.36319 0.701581 -1.32273 0.711215 -1.6618 0.841304 -1.098 0.838829 -1.25377 0.49396 -1.18273 0.52134 -1.17894 0.477681 -1.10619 0.495927 -1.10411 0.461402 -1.05364 0.474082 -1.05364 0.457449 -1.05345 0.447673 -1.10444 0.44912 -1.40661 0.458049 -1.33794 0.452966 -1.39884 0.506339 -1.33579 0.500462 -1.2418 0.471012 -1.70414 0.498414 -1.62178 0.52511 -1.64718 0.573742 -1.58603 0.560333 -1.17534 0.462036 -1.17174 0.446391 -1.10478 0.436839 -1.05326 0.437896 -1.22984 0.448063 -1.16815 0.430745 -1.10511 0.424558 -1.05306 0.42812 -1.33102 0.419198 -1.40464 0.391325 -1.48439 0.392785 -1.4735 0.342609 -1.2272 0.429283 -1.3241 0.385431 -1.70411 0.409575 -1.7589 0.334211 -1.75959 0.398466 -0.842953 0.921909 -0.788608 0.994144 -0.843644 0.983035 -1.60345 0.437406 -1.57891 0.524405 -1.55216 0.467487 -1.50803 0.515905 -1.49879 0.463999 -1.56064 0.376756 -1.61541 0.360758 -1.70485 0.344715 -1.77 0.531383 -1.8565 0.534721 -1.85531 0.457661 -1.9123 0.539818 -1.9123 0.459996 -1.76481 0.470807 -1.71041 0.550216 -0.789346 0.932413 -1.73712 0.607845 -1.7176 0.588034 -1.51211 0.549752 -1.4328 0.543374 -1.77115 0.579046 -1.85979 0.581983 -1.9123 0.580798 -1.7859 0.609514 -1.87018 0.606976 -1.91175 0.659266 -1.91211 0.708839 -1.9123 0.744111 -1.8513 0.786029 -1.91249 0.776855 -1.17577 0.56192 -1.1489 0.578317 -1.15006 0.606434 -1.09875 0.593469 -1.05361 0.583101 -1.05364 0.657004 -1.10281 0.560768 -1.10701 0.53297 -1.05364 0.552706 -1.05364 0.502644 -1.91228 0.604693 -1.91227 0.628588 -1.05364 0.711748 -1.05364 0.745694 -1.05364 0.786207 -1.05364 0.825206 -1.16455 0.4151 -1.10545 0.412276 -1.05287 0.418343 -1.16548 0.373381 -1.22455 0.410504 -1.22905 0.373402 -1.30873 0.342705 -1.23701 0.33612 -1.21067 0.293633 -1.09767 0.260112 -1.05223 0.235313 -1.05224 0.198211 -1.09708 0.329981 -1.09737 0.295046 -1.05221 0.272415 -1.10192 0.37336 -1.05237 0.372785 -1.05222 0.301525 -1.57572 0.322281 -1.6305 0.303566 -1.70512 0.288906 -1.74793 0.278066 -0.789614 0.876604 -0.831982 0.865764 -0.83634 0.79916 -0.936538 0.801574 -1.05223 0.330635 -1.37639 0.34573 -0.992327 0.885747 -0.992326 0.8026 -0.922489 0.870916 -1.83844 0.283219 -1.9123 0.297156 -0.743173 0.827222 -1.84113 0.39129 -1.9123 0.397971 -0.992326 0.983434 -0.992327 0.940221 -0.925182 0.975859 -0.915323 0.92199 -1.9123 0.351629 -1.83127 0.334292</float_array>
					<technique_common>
						<accessor count="330" source="#ID227" stride="2">
							<param name="S" type="float"/>
							<param name="T" type="float"/>
						</accessor>
					</technique_common>
				</source>
				<vertices id="ID228">
					<input semantic="POSITION" source="#ID222"/>
				</vertices>
				<triangles count="1038" material="Material1">
					<input offset="0" semantic="VERTEX" source="#ID228" set="0"/>
					<input offset="1" semantic="NORMAL" source="#ID224" set="0"/>
					<input offset="2" semantic="TEXCOORD" source="#ID226" set="0"/>
					<p>2 2 2 1 1 1 0 0 0 3 3 3 1 1 1 2 2 2 4 4 4 3 3 3 2 2 2 5 5 5 3 3 3 4 4 4 6 6 6 5 5 5 4 4 4 7 7 7 5 5 5 6 6 6 8 8 8 7 7 7 6 6 6 9 9 9 7 7 7 8 8 8 10 10 10 9 9 9 8 8 8 11 11 11 9 9 9 10 10 10 3 3 3 12 12 12 1 1 1 13 13 13 12 12 12 3 3 3 5 5 5 13 13 13 3 3 3 14 14 14 13 13 13 5 5 5 7 7 7 14 14 14 5 5 5 15 15 15 14 14 14 7 7 7 9 9 9 15 15 15 7 7 7 16 16 16 15 15 15 9 9 9 11 11 11 16 16 16 9 9 9 17 17 17 16 16 16 11 11 11 20 20 20 19 19 19 18 18 18 21 21 21 19 19 19 20 20 20 22 22 22 21 21 21 20 20 20 23 23 23 21 21 21 22 22 22 24 24 24 23 23 23 22 22 22 25 25 25 23 23 23 24 24 24 26 26 26 25 25 25 24 24 24 27 27 27 25 25 25 26 26 26 30 30 30 29 29 29 28 28 28 31 31 31 29 29 29 30 30 30 32 32 32 31 31 31 30 30 30 33 33 33 31 31 31 32 32 32 34 34 34 33 33 33 32 32 32 35 35 35 33 33 33 34 34 34 36 36 36 35 35 35 34 34 34 37 37 37 35 35 35 36 36 36 14 14 14 38 38 38 13 13 13 39 39 39 38 38 38 14 14 14 15 15 15 39 39 39 14 14 14 40 40 40 39 39 39 15 15 15 16 16 16 40 40 40 15 15 15 41 41 41 40 40 40 16 16 16 17 17 17 41 41 41 16 16 16 43 43 43 11 11 11 42 42 42 17 17 17 11 11 11 43 43 43 44 44 44 17 17 17 43 43 43 45 45 45 17 17 17 44 44 44 36 36 46 45 45 45 44 44 44 48 48 49 47 47 48 46 46 47 49 49 50 47 47 48 48 48 49 18 18 18 49 49 50 48 48 49 50 50 51 49 49 50 18 18 18 19 19 19 50 50 51 18 18 18 52 52 53 0 0 0 51 51 52 2 2 2 0 0 0 52 52 53 53 53 54 2 2 2 52 52 53 4 4 4 2 2 2 53 53 54 23 23 23 28 28 28 21 21 21 30 30 30 28 28 28 23 23 23 25 25 25 30 30 30 23 23 23 27 27 27 30 30 30 25 25 25 55 55 56 47 47 48 54 54 55 46 46 47 47 47 48 55 55 56 56 56 57 46 46 47 55 55 56 57 57 58 44 44 44 43 43 43 58 58 59 44 44 44 57 57 58 60 60 61 58 58 59 59 59 60 37 37 62 58 58 59 60 60 61 37 37 62 44 44 44 58 58 59 36 36 46 44 44 44 37 37 62 62 62 64 29 29 29 61 61 63 28 28 28 29 29 29 62 62 64 55 55 56 51 51 52 56 56 57 52 52 53 51 51 52 55 55 56 31 31 31 63 63 65 29 29 29 33 33 33 63 63 65 31 31 31 64 64 66 30 30 30 27 27 27 32 32 32 30 30 30 64 64 66 65 65 67 17 17 17 45 45 45 41 41 41 17 17 17 65 65 67 8 8 8 66 66 68 10 10 10 6 6 6 66 66 68 8 8 8 67 67 69 6 6 6 4 4 4 66 66 68 6 6 6 67 67 69 33 33 33 35 35 35 63 63 65 69 69 71 68 68 70 67 67 69 70 70 72 68 68 70 69 69 71 71 71 73 70 70 72 69 69 71 72 72 74 70 70 72 71 71 73 54 54 55 72 72 74 71 71 73 73 73 75 72 72 74 54 54 55 74 74 76 73 73 75 54 54 55 75 75 77 73 73 75 74 74 76 76 76 78 75 75 77 74 74 76 77 77 79 75 75 77 76 76 78 78 78 80 77 77 79 76 76 78 79 79 81 77 77 79 78 78 80 19 19 19 79 79 81 78 78 80 21 21 21 79 79 81 19 19 19 53 53 54 67 67 69 4 4 4 69 69 71 67 67 69 53 53 54 52 52 53 69 69 71 53 53 54 71 71 73 69 69 71 52 52 53 55 55 56 71 71 73 52 52 53 54 54 55 71 71 73 55 55 56 82 82 84 81 81 83 80 80 82 83 83 85 81 81 83 82 82 84 84 84 86 83 83 85 82 82 84 85 85 87 83 83 85 84 84 86 59 59 60 85 85 87 84 84 86 86 86 88 85 85 87 59 59 60 89 89 91 88 88 90 87 87 89 90 90 92 88 88 90 89 89 91 62 62 64 90 90 92 89 89 91 91 91 93 90 90 92 62 62 64 61 61 63 91 91 93 62 62 64 92 92 94 91 91 93 61 61 63 79 79 81 87 87 89 77 77 79 89 89 91 87 87 89 79 79 81 93 93 95 89 89 91 79 79 81 62 62 64 89 89 91 93 93 95 28 28 28 62 62 64 93 93 95 94 94 96 63 63 65 35 35 35 61 61 63 63 63 65 94 94 96 95 95 97 61 61 63 94 94 96 92 92 94 61 61 63 95 95 97 57 57 58 96 96 98 86 86 88 97 97 99 96 96 98 57 57 58 43 43 43 97 97 99 57 57 58 42 42 42 97 97 99 43 43 43 42 42 42 99 99 101 98 98 100 100 100 102 99 99 101 42 42 42 11 11 11 100 100 102 42 42 42 10 10 10 100 100 102 11 11 11 83 83 85 101 101 103 81 81 83 96 96 98 101 101 103 83 83 85 85 85 87 96 96 98 83 83 85 86 86 88 96 96 98 85 85 87 102 102 104 59 59 60 84 84 86 60 60 61 59 59 60 102 102 104 103 103 105 60 60 61 102 102 104 58 58 59 86 86 88 59 59 60 57 57 58 86 86 88 58 58 59 60 60 106 35 35 35 37 37 37 94 94 96 35 35 35 60 60 106 103 103 107 94 94 96 60 60 106 95 95 97 94 94 96 103 103 107 96 96 98 104 104 108 101 101 103 97 97 99 104 104 108 96 96 98 97 97 99 98 98 100 104 104 108 42 42 42 98 98 100 97 97 99 10 10 10 99 99 101 100 100 102 66 66 68 99 99 101 10 10 10 66 66 68 68 68 70 99 99 101 67 67 69 68 68 70 66 66 68 78 78 80 50 50 51 19 19 19 76 76 78 50 50 51 78 78 80 76 76 78 49 49 50 50 50 51 74 74 76 49 49 50 76 76 78 74 74 76 47 47 48 49 49 50 54 54 55 47 47 48 74 74 76 93 93 95 21 21 21 28 28 28 79 79 81 21 21 21 93 93 95 105 105 109 84 84 86 82 82 84 106 106 110 84 84 86 105 105 109 107 107 111 91 91 93 92 92 94 108 108 112 91 91 93 107 107 111 109 109 113 91 91 93 108 108 112 88 88 90 91 91 93 109 109 113 102 102 104 106 106 110 103 103 105 84 84 86 106 106 110 102 102 104 29 29 29 63 63 65 61 61 63 91 91 93 88 88 90 90 90 92 112 112 116 111 111 115 110 110 114 113 113 117 111 111 115 112 112 116 114 114 118 113 113 117 112 112 116 117 117 116 116 116 117 115 115 118 112 112 116 118 118 119 114 114 118 121 121 122 120 120 121 119 119 120 122 122 123 120 120 121 121 121 122 123 123 124 122 122 123 121 121 122 124 124 125 122 122 123 123 123 124 125 125 126 124 124 125 123 123 124 126 126 127 124 124 125 125 125 126 127 127 128 126 126 127 125 125 126 110 110 114 126 126 127 127 127 128 128 128 129 110 110 114 127 127 128 112 112 116 110 110 114 128 128 129 129 129 130 112 112 116 128 128 129 118 118 119 112 112 116 129 129 130 132 132 133 131 131 132 130 130 131 133 133 134 131 131 132 132 132 133 134 134 135 133 133 134 132 132 133 135 135 136 133 133 134 134 134 135 136 136 137 135 135 136 134 134 135 137 137 138 135 135 136 136 136 137 140 140 141 139 139 140 138 138 139 141 141 142 139 139 140 140 140 141 142 142 143 141 141 142 140 140 141 143 143 144 141 141 142 142 142 143 144 144 145 143 143 144 142 142 143 145 145 146 114 114 118 118 118 119 146 146 147 114 114 118 145 145 146 147 147 148 146 146 147 145 145 146 135 135 136 148 148 149 133 133 134 149 149 150 148 148 149 135 135 136 137 137 138 149 149 150 135 135 136 150 150 151 125 125 126 123 123 124 151 151 152 125 125 126 150 150 151 152 152 153 151 151 152 150 150 151 155 155 156 154 154 155 153 153 154 156 156 157 154 154 155 155 155 156 157 157 158 156 156 157 155 155 156 158 158 159 147 147 148 145 145 146 159 159 160 147 147 148 158 158 159 161 161 162 159 159 160 160 160 161 162 162 163 159 159 160 161 161 162 163 163 164 148 148 149 149 149 150 164 164 165 148 148 149 163 163 164 156 156 157 165 165 166 154 154 155 166 166 167 165 165 166 156 156 157 166 166 167 167 167 168 165 165 166 152 152 153 167 167 168 166 166 167 155 155 156 168 168 169 157 157 158 169 169 170 168 168 169 155 155 156 169 169 170 170 170 171 168 168 169 171 171 172 170 170 171 169 169 170 172 172 173 170 170 171 171 171 172 173 173 174 170 170 171 172 172 173 174 174 175 142 142 143 140 140 141 175 175 176 142 142 143 174 174 175 142 142 143 176 176 177 144 144 145 175 175 176 176 176 177 142 142 143 141 141 142 177 177 178 139 139 140 143 143 144 177 177 178 141 141 142 178 178 179 177 177 178 143 143 144 179 179 180 177 177 178 178 178 179 177 177 178 173 173 182 172 172 181 179 179 180 173 173 182 177 177 178 181 180 184 180 180 183 163 163 164 159 159 160 162 162 163 147 147 148 175 175 176 182 181 185 176 176 177 167 167 168 152 152 153 150 150 151 183 182 186 140 140 141 138 138 139 184 183 187 140 140 141 183 182 186 185 184 188 184 183 187 183 182 186 186 185 189 184 183 187 185 184 188 187 186 190 186 185 189 185 184 188 188 187 191 186 185 189 187 186 190 160 160 161 188 187 191 187 186 190 159 159 160 188 187 191 160 160 161 153 153 154 163 163 164 180 180 183 164 164 165 163 163 164 153 153 154 154 154 155 164 164 165 153 153 154 131 131 132 164 164 165 154 154 155 189 188 192 131 131 132 154 154 155 130 130 131 131 131 132 189 188 192 190 189 193 130 130 131 189 188 192 158 158 159 188 187 191 159 159 160 191 190 194 188 187 191 158 158 159 192 191 195 191 190 194 158 158 159 193 192 196 191 190 194 192 191 195 194 193 197 193 192 196 192 191 195 175 175 176 193 192 196 194 193 197 182 181 185 175 175 176 194 193 197 174 174 175 193 192 196 175 175 176 195 194 198 193 192 196 174 174 175 140 140 141 195 194 198 174 174 175 184 183 187 195 194 198 140 140 141 195 194 198 191 190 194 193 192 196 196 195 199 191 190 194 195 194 198 184 183 187 196 195 199 195 194 198 186 185 189 196 195 199 184 183 187 121 121 122 150 150 151 123 123 124 167 167 168 150 150 151 121 121 122 119 119 120 167 167 168 121 121 122 198 197 201 197 196 200 182 181 185 129 129 130 197 196 200 198 197 201 118 118 119 129 129 130 198 197 201 155 155 156 199 198 202 169 169 170 153 153 154 199 198 202 155 155 156 199 198 202 180 180 183 181 180 184 153 153 154 180 180 183 199 198 202 165 165 166 189 188 192 154 154 155 167 167 168 189 188 192 165 165 166 189 188 192 119 119 120 190 189 193 167 167 168 119 119 120 189 188 192 188 187 191 196 195 199 186 185 189 191 190 194 196 195 199 188 187 191 145 145 146 192 191 195 158 158 159 118 118 119 192 191 195 145 145 146 194 193 197 198 197 201 182 181 185 192 191 195 198 197 201 194 193 197 185 184 188 200 199 203 187 186 190 192 191 195 118 118 119 198 197 201 202 201 204 116 116 117 201 200 115 203 202 205 116 116 117 202 201 204 204 203 206 203 202 205 202 201 204 205 204 207 203 202 205 204 203 206 206 205 208 205 204 207 204 203 206 207 206 209 205 204 207 206 205 208 208 205 210 207 206 209 206 205 208 209 205 208 207 206 209 208 205 210 210 207 211 209 205 208 208 205 210 211 208 212 209 205 208 210 207 211 214 211 215 213 210 214 212 209 213 215 212 216 213 210 214 214 211 215 111 111 115 215 212 216 214 211 215 216 213 204 215 212 216 111 111 115 113 113 117 216 213 204 111 111 115 217 214 205 216 213 204 113 113 117 220 217 214 219 216 215 218 215 213 221 218 216 219 216 215 220 217 214 222 219 217 221 218 216 220 217 214 202 201 204 221 218 216 222 219 217 225 222 220 224 221 219 223 220 218 226 223 221 224 221 219 225 222 220 229 226 220 228 225 219 227 224 221 230 227 218 228 225 219 229 226 220 221 218 216 201 200 115 219 216 215 202 201 204 201 200 115 221 218 216 217 214 205 231 228 206 216 213 204 232 229 207 231 228 206 217 214 205 232 229 207 209 205 208 231 228 206 207 206 209 209 205 208 232 229 207 215 212 216 233 230 217 213 210 214 216 213 204 233 230 217 215 212 216 234 231 212 208 205 210 206 205 208 210 207 211 208 205 210 234 231 212 211 208 212 236 233 223 235 232 222 237 234 224 236 233 223 211 208 212 210 207 211 237 234 224 211 208 212 238 235 225 237 234 224 210 207 211 234 231 212 238 235 225 210 207 211 239 236 224 238 235 225 234 231 212 240 237 222 239 236 224 234 231 212 241 238 223 239 236 224 240 237 222 222 219 217 241 238 223 240 237 222 242 239 226 241 238 223 222 219 217 244 241 228 241 238 223 243 240 227 239 236 224 241 238 223 244 241 228 245 242 229 239 236 224 244 241 228 238 235 225 239 236 224 245 242 229 246 243 228 238 235 225 245 242 229 237 234 224 238 235 225 246 243 228 247 244 227 237 234 224 246 243 228 236 233 223 237 234 224 247 244 227 233 230 217 236 233 223 248 245 226 235 232 222 236 233 223 233 230 217 216 213 204 235 232 222 233 230 217 231 228 206 235 232 222 216 213 204 209 205 208 235 232 222 231 228 206 211 208 212 235 232 222 209 205 208 206 205 208 240 237 222 234 231 212 204 203 206 240 237 222 206 205 208 240 237 222 202 201 204 222 219 217 204 203 206 202 201 204 240 237 222 220 217 214 242 239 226 222 219 217 249 246 230 242 239 226 220 217 214 218 215 213 249 246 230 220 217 214 250 247 231 249 246 230 218 215 213 251 248 232 250 247 231 218 215 213 252 249 233 250 247 231 251 248 232 248 245 226 213 210 214 233 230 217 253 250 230 213 210 214 248 245 226 254 251 234 253 250 230 248 245 226 255 252 235 253 250 230 254 251 234 253 250 230 212 209 213 213 210 214 256 253 231 212 209 213 253 250 230 255 252 235 256 253 231 253 250 230 258 255 232 256 253 231 257 254 233 212 209 213 256 253 231 258 255 232 259 256 235 249 246 230 250 247 231 260 257 234 249 246 230 259 256 235 260 257 234 242 239 226 249 246 230 243 240 227 242 239 226 260 257 234 236 233 223 254 251 234 248 245 226 247 244 227 254 251 234 236 233 223 263 259 238 262 20 237 261 258 236 266 262 241 265 261 240 264 260 239 241 238 223 242 239 226 243 240 227 224 221 219 265 261 236 223 220 218 267 263 242 265 261 236 224 221 219 268 264 243 267 263 242 224 221 219 269 265 244 267 263 242 268 264 243 270 266 245 269 265 244 268 264 243 271 267 246 269 265 244 270 266 245 214 211 215 271 267 246 270 266 245 212 209 213 271 267 246 214 211 215 258 255 232 271 267 246 212 209 213 269 265 244 271 267 246 258 255 232 272 268 247 269 265 244 258 255 232 267 263 242 269 265 244 272 268 247 273 269 248 267 263 242 272 268 247 265 261 236 267 263 242 273 269 248 274 270 249 265 261 236 273 269 248 275 271 246 218 215 213 219 216 215 251 248 232 218 215 213 275 271 246 276 272 244 251 248 232 275 271 246 277 273 247 251 248 232 276 272 244 278 274 242 277 273 247 276 272 244 279 275 248 277 273 247 278 274 242 261 258 236 279 275 248 278 274 242 278 274 242 228 225 219 261 258 236 280 276 243 228 225 219 278 274 242 276 272 244 280 276 243 278 274 242 281 277 245 280 276 243 276 272 244 275 271 246 281 277 245 276 272 244 219 216 215 281 277 245 275 271 246 284 280 252 283 279 251 282 278 250 285 281 253 283 279 251 284 280 252 286 282 254 285 281 253 284 280 252 287 283 252 285 281 253 286 282 254 261 258 236 288 284 255 263 259 238 230 227 218 288 284 255 261 258 236 228 225 219 230 227 218 261 258 236 289 285 255 265 261 236 266 262 238 223 220 218 265 261 236 289 285 255 290 107 256 223 220 218 289 285 255 289 285 255 282 278 250 290 107 256 284 280 252 282 278 250 289 285 255 291 286 249 261 258 236 262 20 237 279 275 248 261 258 236 291 286 249 292 287 256 288 284 255 230 227 218 293 288 250 288 284 255 292 287 256 293 288 250 287 283 252 288 284 255 294 289 251 287 283 252 293 288 250 264 260 239 265 261 240 274 270 257 294 289 251 285 281 253 287 283 252 190 189 193 295 290 258 130 130 131 296 291 259 295 290 258 190 189 193 120 120 121 296 291 259 190 189 193 225 222 220 296 291 259 120 120 121 122 122 123 225 222 220 120 120 121 226 223 221 225 222 220 122 122 123 124 124 125 226 223 221 122 122 123 297 292 260 226 223 221 124 124 125 126 126 127 297 292 260 124 124 125 298 293 261 297 292 260 126 126 127 110 110 114 298 293 261 126 126 127 111 111 115 298 293 261 110 110 114 290 107 256 225 222 220 223 220 218 296 291 259 225 222 220 290 107 256 282 278 250 296 291 259 290 107 256 299 294 262 296 291 259 282 278 250 283 279 251 299 294 262 282 278 250 300 295 263 299 294 262 283 279 251 301 296 264 300 295 263 283 279 251 280 276 243 227 224 221 228 225 219 302 297 260 227 224 221 280 276 243 281 277 245 302 297 260 280 276 243 303 298 261 302 297 260 281 277 245 219 216 215 303 298 261 281 277 245 201 200 115 303 298 261 219 216 215 164 164 165 133 133 134 148 148 149 131 131 132 133 133 134 164 164 165 226 223 221 268 264 243 224 221 219 297 292 260 268 264 243 226 223 221 214 211 215 298 293 261 111 111 115 270 266 245 298 293 261 214 211 215 297 292 260 270 266 245 268 264 243 298 293 261 270 266 245 297 292 260 229 226 220 292 287 256 230 227 218 304 299 259 292 287 256 229 226 220 304 299 259 293 288 250 292 287 256 305 300 262 293 288 250 304 299 259 305 300 262 294 289 251 293 288 250 306 301 263 294 289 251 305 300 262 285 281 253 301 296 264 283 279 251 294 289 251 301 296 264 285 281 253 190 189 193 119 119 120 120 120 121 306 301 263 301 296 264 294 289 251 309 304 133 308 303 258 307 302 131 310 305 265 308 303 258 309 304 133 311 306 135 310 305 265 309 304 133 312 307 266 310 305 265 311 306 135 313 308 137 312 307 266 311 306 135 314 296 267 312 307 266 313 308 137 315 309 138 314 296 267 313 308 137 316 310 268 314 296 267 315 309 138 317 311 150 316 310 268 315 309 138 318 312 269 316 310 268 317 311 150 319 313 270 318 312 269 317 311 150 320 313 271 318 312 269 319 313 270 114 114 118 217 214 205 113 113 117 321 314 272 217 214 205 114 114 118 146 146 147 321 314 272 114 114 118 322 315 273 321 314 272 146 146 147 323 316 274 322 315 273 146 146 147 324 243 275 322 315 273 323 316 274 162 162 163 324 243 275 323 316 274 325 205 276 324 243 275 162 162 163 326 317 277 325 205 276 162 162 163 327 318 163 325 205 276 326 317 277 328 319 162 327 318 163 326 317 277 330 321 274 327 318 163 329 320 148 331 241 275 327 318 163 330 321 274 332 322 273 331 241 275 330 321 274 333 323 278 331 241 275 332 322 273 334 324 279 333 323 278 332 322 273 335 325 280 333 323 278 334 324 279 336 326 281 335 325 280 334 324 279 337 327 279 335 325 280 336 326 281 232 229 207 337 327 279 336 326 281 217 214 205 337 327 279 232 229 207 340 330 132 339 329 155 338 328 165 341 331 192 339 329 155 340 330 132 307 302 131 341 331 192 340 330 132 342 332 193 341 331 192 307 302 131 308 303 258 342 332 193 307 302 131 304 299 259 342 332 193 308 303 258 305 300 262 304 299 259 308 303 258 137 137 138 316 310 268 149 149 150 314 296 267 316 310 268 137 137 138 136 136 137 314 296 267 137 137 138 343 333 266 314 296 267 136 136 137 134 134 135 343 333 266 136 136 137 344 334 265 343 333 266 134 134 135 132 132 133 344 334 265 134 134 135 310 305 265 305 300 262 308 303 258 306 301 263 305 300 262 310 305 265 312 307 266 306 301 263 310 305 265 345 335 282 306 301 263 312 307 266 346 336 283 345 335 282 312 307 266 343 333 266 345 335 282 346 336 283 314 296 267 343 333 266 346 336 283 161 161 162 326 317 277 162 162 163 347 337 284 326 317 277 161 161 162 160 160 161 347 337 284 161 161 162 348 338 285 347 337 284 160 160 161 349 339 286 348 338 285 160 160 161 350 160 161 348 338 285 349 339 286 351 340 190 350 160 161 349 339 286 352 341 125 227 224 221 302 297 260 353 342 123 227 224 221 352 341 125 354 343 124 353 342 123 352 341 125 355 344 122 353 342 123 354 343 124 356 345 151 355 344 122 354 343 124 357 346 168 355 344 122 356 345 151 358 347 147 330 321 274 329 320 148 332 322 273 330 321 274 358 347 147 359 348 272 332 322 273 358 347 147 334 324 279 332 322 273 359 348 272 203 202 205 334 324 279 359 348 272 205 204 207 334 324 279 203 202 205 295 290 258 132 132 133 130 130 131 344 334 265 132 132 133 295 290 258 299 294 262 344 334 265 295 290 258 300 295 263 344 334 265 299 294 262 361 350 121 355 344 122 360 349 120 353 342 123 355 344 122 361 350 121 229 226 220 353 342 123 361 350 121 227 224 221 353 342 123 229 226 220 345 335 282 301 296 264 306 301 263 300 295 263 301 296 264 345 335 282 343 333 266 300 295 263 345 335 282 344 334 265 300 295 263 343 333 266 360 349 120 341 331 192 342 332 193 357 346 168 341 331 192 360 349 120 355 344 122 357 346 168 360 349 120 149 149 150 362 313 270 163 163 164 318 312 269 362 313 270 149 149 150 316 310 268 318 312 269 149 149 150 347 337 284 328 319 162 326 317 277 350 160 161 328 319 162 347 337 284 348 338 285 350 160 161 347 337 284 349 339 286 363 351 203 351 340 190 364 352 287 363 351 203 349 339 286 200 199 203 364 352 287 349 339 286 336 326 281 207 206 209 232 229 207 205 204 207 207 206 209 336 326 281 334 324 279 205 204 207 336 326 281 335 325 280 331 241 275 333 323 278 325 205 276 331 241 275 335 325 280 324 243 275 325 205 276 335 325 280 365 353 278 337 327 279 322 315 273 335 325 280 337 327 279 365 353 278 324 243 275 335 325 280 365 353 278 117 117 116 201 200 115 116 116 117 366 354 114 201 200 115 117 117 116 366 354 114 303 298 261 201 200 115 367 355 127 303 298 261 366 354 114 367 355 127 302 297 260 303 298 261 352 341 125 302 297 260 367 355 127 304 299 259 361 350 121 342 332 193 229 226 220 361 350 121 304 299 259 147 147 148 323 316 274 146 146 147 162 162 163 323 316 274 147 147 148 187 186 190 349 339 286 160 160 161 200 199 203 349 339 286 187 186 190 115 115 118 359 348 272 358 347 147 116 116 117 359 348 272 115 115 118 321 314 272 337 327 279 217 214 205 322 315 273 337 327 279 321 314 272 370 358 184 369 357 183 368 356 202 318 312 269 320 313 271 362 313 270 295 290 258 296 291 259 299 294 262 319 313 270 317 311 150 371 359 164 346 336 283 312 307 266 314 296 267 203 202 205 359 348 272 116 116 117 327 318 163 331 241 275 325 205 276 324 243 275 365 353 278 322 315 273 329 320 148 372 360 146 358 347 147 373 361 159 372 360 146 329 320 148 374 362 160 373 361 159 329 320 148 375 363 191 373 361 159 374 362 160 350 160 161 375 363 191 374 362 160 351 340 190 375 363 191 350 160 161 340 330 132 309 304 133 307 302 131 376 364 134 309 304 133 340 330 132 338 328 165 376 364 134 340 330 132 377 365 149 376 364 134 338 328 165 371 359 164 377 365 149 338 328 165 317 311 150 377 365 149 371 359 164 373 361 159 378 366 195 372 360 146 379 367 194 378 366 195 373 361 159 375 363 191 379 367 194 373 361 159 380 368 199 379 367 194 375 363 191 381 369 189 380 368 199 375 363 191 383 371 119 378 366 195 382 370 201 372 360 146 378 366 195 383 371 119 115 115 118 372 360 146 383 371 119 358 347 147 372 360 146 115 115 118 376 364 134 311 306 135 309 304 133 384 372 136 311 306 135 376 364 134 377 365 149 384 372 136 376 364 134 317 311 150 384 372 136 377 365 149 369 357 183 385 373 154 368 356 202 371 359 164 385 373 154 369 357 183 370 358 184 371 359 164 369 357 183 351 340 190 381 369 189 375 363 191 386 374 188 381 369 189 351 340 190 363 351 203 386 374 188 351 340 190 374 362 160 328 319 162 350 160 161 327 318 163 328 319 162 374 362 160 329 320 148 327 318 163 374 362 160 384 372 136 313 308 137 311 306 135 315 309 138 313 308 137 384 372 136 317 311 150 315 309 138 384 372 136 387 375 166 341 331 192 357 346 168 339 329 155 341 331 192 387 375 166 385 373 154 338 328 165 339 329 155 371 359 164 338 328 165 385 373 154 389 377 187 386 374 188 388 376 186 381 369 189 386 374 188 389 377 187 342 332 193 361 350 121 360 349 120 389 377 187 380 368 199 381 369 189 390 378 198 380 368 199 389 377 187 391 379 141 390 378 198 389 377 187 392 380 175 390 378 198 391 379 141 393 381 143 392 380 175 391 379 141 394 382 176 392 380 175 393 381 143 395 159 177 394 382 176 393 381 143 396 337 185 394 382 176 395 159 177 393 381 143 397 383 145 395 159 177 398 384 144 397 383 145 393 381 143 399 385 142 398 384 144 393 381 143 400 386 178 398 384 144 399 385 142 401 387 140 400 386 178 399 385 142 402 388 157 339 329 155 387 375 166 403 389 156 339 329 155 402 388 157 404 390 158 403 389 156 402 388 157 405 391 169 403 389 156 404 390 158 390 378 198 379 367 194 380 368 199 406 392 196 379 367 194 390 378 198 392 380 175 406 392 196 390 378 198 394 382 176 406 392 196 392 380 175 406 392 196 378 366 195 379 367 194 407 393 197 378 366 195 406 392 196 394 382 176 407 393 197 406 392 196 396 337 185 407 393 197 394 382 176 382 370 201 408 394 130 383 371 119 409 395 200 408 394 130 382 370 201 396 337 185 409 395 200 382 370 201 403 389 156 385 373 154 339 329 155 368 356 202 385 373 154 403 389 156 410 77 170 368 356 202 403 389 156 412 397 171 411 396 172 410 77 170 413 398 173 411 396 172 412 397 171 414 399 174 413 398 173 412 397 171 391 379 141 399 385 142 393 381 143 401 387 140 399 385 142 391 379 141 415 400 139 401 387 140 391 379 141 400 386 178 416 401 179 398 384 144 417 402 180 416 401 179 400 386 178 414 399 182 417 402 180 400 386 178 418 403 153 357 346 168 356 345 151 419 404 167 357 346 168 418 403 153 419 404 167 387 375 166 357 346 168 402 388 157 387 375 166 419 404 167 405 391 169 410 77 170 403 389 156 412 397 171 410 77 170 405 391 169 382 370 201 407 393 197 396 337 185 378 366 195 407 393 197 382 370 201 391 379 141 388 376 186 415 400 139 389 377 187 388 376 186 391 379 141 413 398 181 414 399 182 400 386 178 420 405 129 117 117 116 408 394 130 366 354 114 117 117 116 420 405 129 421 406 128 366 354 114 420 405 129 367 355 127 366 354 114 421 406 128 422 407 126 367 355 127 421 406 128 352 341 125 367 355 127 422 407 126 356 345 151 423 408 152 418 403 153 422 407 126 423 408 152 356 345 151 354 343 124 422 407 126 356 345 151 352 341 125 422 407 126 354 343 124 383 371 119 117 117 116 115 115 118 408 394 130 117 117 116 383 371 119 426 411 70 425 410 69 424 409 68 427 412 71 425 410 69 426 411 70 428 413 72 427 412 71 426 411 70 429 414 73 427 412 71 428 413 72 430 415 74 429 414 73 428 413 72 431 416 55 429 414 73 430 415 74 432 417 75 431 416 55 430 415 74 433 418 76 431 416 55 432 417 75 434 419 77 433 418 76 432 417 75 435 420 78 433 418 76 434 419 77 436 169 79 435 420 78 434 419 77 437 421 80 435 420 78 436 169 79 438 422 81 437 421 80 436 169 79 439 423 19 437 421 80 438 422 81 440 424 21 439 423 19 438 422 81 441 425 51 437 421 80 439 423 19 435 420 78 437 421 80 441 425 51 442 426 50 435 420 78 441 425 51 433 418 76 435 420 78 442 426 50 443 427 48 433 418 76 442 426 50 431 416 55 433 418 76 443 427 48 444 428 56 431 416 55 443 427 48 429 414 73 431 416 55 444 428 56 445 429 53 429 414 73 444 428 56 446 430 89 438 422 81 436 169 79 447 431 91 438 422 81 446 430 89 448 432 90 447 431 91 446 430 89 449 433 92 447 431 91 448 432 90 450 434 93 449 433 92 448 432 90 451 435 64 449 433 92 450 434 93 452 436 63 451 435 64 450 434 93 455 439 87 454 438 98 453 437 88 456 440 85 454 438 98 455 439 87 457 441 86 456 440 85 455 439 87 458 442 84 456 440 85 457 441 86 459 443 109 458 442 84 457 441 86 461 445 83 458 442 84 460 444 82 456 440 85 458 442 84 461 445 83 462 446 103 456 440 85 461 445 83 454 438 98 456 440 85 462 446 103 463 447 60 457 441 86 455 439 87 464 448 104 457 441 86 463 447 60 465 449 61 464 448 104 463 447 60 466 450 105 464 448 104 465 449 61 467 83 108 454 438 98 462 446 103 468 451 99 454 438 98 467 83 108 469 452 100 468 451 99 467 83 108 457 441 86 470 453 110 459 443 109 464 448 104 470 453 110 457 441 86 451 435 64 447 431 91 449 433 92 471 454 95 447 431 91 451 435 64 471 454 95 438 422 81 447 431 91 440 424 21 438 422 81 471 454 95 472 455 113 450 434 93 448 432 90 473 456 112 450 434 93 472 455 113 474 457 111 450 434 93 473 456 112 475 458 94 450 434 93 474 457 111 475 458 94 452 436 63 450 434 93 476 459 97 452 436 63 475 458 94 476 459 97 477 460 96 452 436 63 466 450 107 477 460 96 476 459 97 470 453 110 464 448 104 466 450 105 477 460 96 466 450 107 465 449 106 480 463 3 479 462 12 478 461 13 481 464 1 479 462 12 480 463 3 482 465 2 481 464 1 480 463 3 483 466 0 481 464 1 482 465 2 445 429 53 483 466 0 482 465 2 484 467 52 483 466 0 445 429 53 444 428 56 484 467 52 445 429 53 485 468 57 484 467 52 444 428 56 443 427 48 485 468 57 444 428 56 486 469 47 485 468 57 443 427 48 442 426 50 486 469 47 443 427 48 487 470 49 486 469 47 442 426 50 488 471 18 487 470 49 442 426 50 440 424 21 490 472 22 489 260 20 491 473 23 490 472 22 440 424 21 492 474 28 491 473 23 440 424 21 493 475 30 491 473 23 492 474 28 494 476 29 493 475 30 492 474 28 495 477 31 493 475 30 494 476 29 496 478 65 495 477 31 494 476 29 497 479 33 495 477 31 496 478 65 498 480 35 497 479 33 496 478 65 34 34 34 497 479 33 498 480 35 36 36 36 34 34 34 498 480 35 445 429 53 427 412 71 429 414 73 499 481 54 427 412 71 445 429 53 482 465 2 499 481 54 445 429 53 500 482 4 499 481 54 482 465 2 480 463 3 500 482 4 482 465 2 501 483 5 500 482 4 480 463 3 478 461 13 501 483 5 480 463 3 502 484 14 501 483 5 478 461 13 38 38 38 502 484 14 478 461 13 39 39 39 502 484 14 38 38 38 505 487 16 504 486 9 503 485 15 506 488 11 504 486 9 505 487 16 507 489 17 506 488 11 505 487 16 508 490 43 506 488 11 507 489 17 509 491 44 508 490 43 507 489 17 510 492 58 508 490 43 509 491 44 511 493 59 510 492 58 509 491 44 453 437 88 510 492 58 511 493 59 463 447 60 453 437 88 511 493 59 424 409 68 512 494 101 426 411 70 513 495 10 512 494 101 424 409 68 514 496 8 513 495 10 424 409 68 504 486 9 513 495 10 514 496 8 515 497 7 504 486 9 514 496 8 503 485 15 504 486 9 515 497 7 502 484 14 503 485 15 515 497 7 39 39 39 503 485 15 502 484 14 40 40 40 503 485 15 39 39 39 505 487 16 503 485 15 40 40 40 41 41 41 505 487 16 40 40 40 507 489 17 505 487 16 41 41 41 65 65 67 507 489 17 41 41 41 45 45 45 507 489 17 65 65 67 491 473 23 516 498 24 490 472 22 517 499 25 516 498 24 491 473 23 493 475 30 517 499 25 491 473 23 27 27 27 517 499 25 493 475 30 64 64 66 27 27 27 493 475 30 496 478 65 477 460 96 498 480 35 452 436 63 477 460 96 496 478 65 494 476 29 452 436 63 496 478 65 451 435 64 452 436 63 494 476 29 492 474 28 451 435 64 494 476 29 511 493 59 465 449 61 463 447 60 518 500 62 465 449 61 511 493 59 509 491 44 518 500 62 511 493 59 36 36 46 518 500 62 509 491 44 45 45 45 36 36 46 509 491 44 515 497 7 501 483 5 502 484 14 519 501 6 501 483 5 515 497 7 514 496 8 519 501 6 515 497 7 424 409 68 519 501 6 514 496 8 468 451 99 508 490 43 510 492 58 520 502 42 508 490 43 468 451 99 469 452 100 520 502 42 468 451 99 512 494 101 520 502 42 469 452 100 520 502 42 506 488 11 508 490 43 521 503 102 506 488 11 520 502 42 512 494 101 521 503 102 520 502 42 513 495 10 521 503 102 512 494 101 498 480 35 518 500 37 36 36 36 465 449 106 518 500 37 498 480 35 477 460 96 465 449 106 498 480 35 32 32 32 497 479 33 34 34 34 495 477 31 497 479 33 32 32 32 493 475 30 495 477 31 32 32 32 519 501 6 500 482 4 501 483 5 425 410 69 500 482 4 519 501 6 424 409 68 425 410 69 519 501 6 441 425 51 488 471 18 442 426 50 439 423 19 488 471 18 441 425 51 439 423 19 489 260 20 488 471 18 440 424 21 489 260 20 439 423 19 471 454 95 492 474 28 440 424 21 451 435 64 492 474 28 471 454 95 26 26 26 517 499 25 27 27 27 516 498 24 517 499 25 26 26 26 499 481 54 425 410 69 427 412 71 500 482 4 425 410 69 499 481 54 454 438 98 510 492 58 453 437 88 468 451 99 510 492 58 454 438 98 513 495 10 506 488 11 521 503 102 504 486 9 506 488 11 513 495 10 32 32 32 64 64 66 493 475 30 455 439 87 453 437 88 463 447 60 509 491 44 507 489 17 45 45 45 246 243 228 522 504 288 247 244 227 523 505 289 522 504 288 246 243 228 245 242 229 523 505 289 246 243 228 524 506 290 523 505 289 245 242 229 244 241 228 524 506 290 245 242 229 525 507 289 524 506 290 244 241 228 526 508 288 525 507 289 244 241 228 527 509 291 525 507 289 526 508 288 528 510 292 527 509 291 526 508 288 529 511 293 527 509 291 528 510 292 530 512 294 529 511 293 528 510 292 531 513 295 529 511 293 530 512 294 0 0 0 531 513 295 530 512 294 532 514 296 531 513 295 0 0 0 1 1 1 532 514 296 0 0 0 533 515 297 532 514 296 1 1 1 12 12 12 533 515 297 1 1 1 534 516 298 533 515 297 12 12 12 535 338 299 534 516 298 12 12 12 479 462 12 534 516 298 535 338 299 478 461 13 479 462 12 535 338 299 531 513 295 527 509 291 529 511 293 536 517 300 527 509 291 531 513 295 532 514 296 536 517 300 531 513 295 537 518 301 536 517 300 532 514 296 533 515 297 537 518 301 532 514 296 538 519 302 537 518 301 533 515 297 534 516 298 538 519 302 533 515 297 539 520 297 538 519 302 534 516 298 479 462 12 539 520 297 534 516 298 481 464 1 539 520 297 479 462 12 540 521 292 255 252 235 254 251 234 541 522 294 255 252 235 540 521 292 542 523 293 541 522 294 540 521 292 543 524 295 541 522 294 542 523 293 544 525 291 543 524 295 542 523 293 545 526 300 543 524 295 544 525 291 546 527 303 545 526 300 544 525 291 547 160 304 545 526 300 546 527 303 523 505 289 547 160 304 546 527 303 524 506 290 547 160 304 523 505 289 543 524 295 483 466 0 541 522 294 548 514 296 483 466 0 543 524 295 545 526 300 548 514 296 543 524 295 549 528 301 548 514 296 545 526 300 550 529 305 549 528 301 545 526 300 538 519 302 549 528 301 550 529 305 537 518 301 538 519 302 550 529 305 487 470 49 257 254 233 486 469 47 551 530 306 257 254 233 487 470 49 488 471 18 551 530 306 487 470 49 552 531 307 551 530 306 488 471 18 489 260 20 552 531 307 488 471 18 553 532 308 552 531 307 489 260 20 279 275 248 554 533 306 277 273 247 555 534 307 554 533 306 279 275 248 291 286 249 555 534 307 279 275 248 556 535 308 555 534 307 291 286 249 262 20 237 556 535 308 291 286 249 557 536 309 556 535 308 262 20 237 553 532 310 264 260 239 274 270 257 558 537 311 264 260 239 553 532 310 490 472 312 558 537 311 553 532 310 516 498 313 558 537 311 490 472 312 252 249 233 48 48 49 46 46 47 554 533 306 48 48 49 252 249 233 251 248 232 554 533 306 252 249 233 277 273 247 554 533 306 251 248 232 550 529 305 536 517 300 537 518 301 559 538 314 536 517 300 550 529 305 545 526 300 559 538 314 550 529 305 547 160 304 559 538 314 545 526 300 539 520 297 549 528 301 538 519 302 548 514 296 549 528 301 539 520 297 481 464 1 548 514 296 539 520 297 483 466 0 548 514 296 481 464 1 547 160 304 536 517 300 559 538 314 560 539 303 536 517 300 547 160 304 524 506 290 560 539 303 547 160 304 525 507 289 560 539 303 524 506 290 561 540 315 486 469 47 257 254 233 485 468 57 486 469 47 561 540 315 484 467 52 485 468 57 561 540 315 563 541 318 26 26 317 562 26 316 516 498 313 26 26 317 563 541 318 558 537 311 516 498 313 563 541 318 564 542 315 252 249 233 46 46 47 250 247 231 252 249 233 564 542 315 259 256 235 250 247 231 564 542 315 530 512 294 51 51 52 0 0 0 564 542 315 51 51 52 530 512 294 259 256 235 564 542 315 530 512 294 528 510 292 259 256 235 530 512 294 260 257 234 259 256 235 528 510 292 526 508 288 260 257 234 528 510 292 540 521 292 544 525 291 542 523 293 522 504 288 544 525 291 540 521 292 247 244 227 522 504 288 540 521 292 541 522 294 561 540 315 255 252 235 484 467 52 561 540 315 541 522 294 483 466 0 484 467 52 541 522 294 243 240 227 526 508 288 244 241 228 260 257 234 526 508 288 243 240 227 24 24 24 557 536 309 565 543 319 22 22 22 557 536 309 24 24 24 13 13 13 535 338 299 12 12 12 38 38 38 535 338 299 13 13 13 554 533 306 18 18 18 48 48 49 555 534 307 18 18 18 554 533 306 555 534 307 20 20 20 18 18 18 556 535 308 20 20 20 555 534 307 556 535 308 22 22 22 20 20 20 557 536 309 22 22 22 556 535 308 56 56 57 564 542 315 46 46 47 51 51 52 564 542 315 56 56 57 544 525 291 523 505 289 546 527 303 522 504 288 523 505 289 544 525 291 274 270 249 552 531 307 553 532 308 273 269 248 552 531 307 274 270 249 273 269 248 551 530 306 552 531 307 272 268 247 551 530 306 273 269 248 258 255 232 551 530 306 272 268 247 257 254 233 551 530 306 258 255 232 256 253 231 561 540 315 257 254 233 255 252 235 561 540 315 256 253 231 26 26 26 565 543 319 562 26 320 24 24 24 565 543 319 26 26 26 527 509 291 560 539 303 525 507 289 536 517 300 560 539 303 527 509 291 490 472 312 553 532 310 489 260 321 38 38 38 478 461 13 535 338 299 254 251 234 247 244 227 540 521 292 566 544 322 289 285 255 266 262 238 284 280 252 289 285 255 566 544 322 567 545 323 284 280 252 566 544 322 286 282 254 284 280 252 567 545 323 287 283 252 286 282 254 567 545 323 566 544 326 568 546 325 567 545 324 569 547 327 568 546 325 566 544 326 266 262 241 569 547 327 566 544 326 264 260 239 569 547 327 266 262 241 570 548 329 568 546 328 562 26 320 571 549 322 568 546 328 570 548 329 263 259 238 571 549 322 570 548 329 288 284 255 571 549 322 263 259 238 569 547 327 562 26 316 568 546 325 563 541 318 562 26 316 569 547 327 558 537 311 563 541 318 569 547 327 571 549 322 567 545 323 568 546 328 287 283 252 567 545 323 571 549 322 288 284 255 287 283 252 571 549 322 565 543 319 570 548 329 562 26 320 557 536 309 570 548 329 565 543 319 570 548 329 262 20 237 263 259 238 557 536 309 262 20 237 570 548 329 558 537 311 569 547 327 264 260 239</p>
				</triangles>
			</mesh>
		</geometry>
		<geometry id="ID236">
			<mesh>
				<source id="ID237">
					<float_array id="ID238" count="3060" digits="2490374">0.050582 0.16122 -0.00321016 0.0500055 0.159662 -0.00672048 0.0516833 0.161462 -0.0043466 0.051268 0.15991 -0.00685792 0.0526565 0.161541 -0.00590934 0.0544573 0.161134 -0.00678064 0.0552116 0.161528 -0.00650163 0.0560018 0.160778 -0.00710422 0.0577069 0.161683 -0.00697132 0.0594889 0.161668 -0.00690616 0.0589795 0.162399 -0.0047998 0.0624713 0.162552 -0.00360463 0.0577302 0.16245 -0.00174356 0.0618359 0.162076 -0.00045817 0.0562378 0.161685 0.00083762 0.0612154 0.160817 0.00157736 0.0550314 0.159732 0.00191414 0.0603812 0.159175 0.00219025 0.0600092 0.157758 0.0026871 0.0479775 0.156281 -0.00730385 0.0490851 0.154004 -0.00523698 0.051011 0.156755 -0.00704223 0.0513699 0.154043 -0.00543077 0.0528955 0.156899 -0.00707673 0.0537539 0.154567 -0.00567183 0.0548797 0.156911 -0.00712973 0.0590621 0.156785 -0.00748674 0.0577633 0.159837 -0.00762373 0.061267 0.159503 -0.00775574 0.0625441 0.161578 -0.00650832 0.0535286 0.159701 0.00179146 0.0525368 0.161232 0.00053187 0.0537449 0.162138 -0.00043661 0.0553309 0.162661 -0.0032246 0.0569098 0.162211 -0.0057749 0.0501926 0.153278 -0.00161132 0.0506764 0.155655 0.00117539 0.0523664 0.153253 -0.00180531 0.0527224 0.155171 0.00127107 0.0544839 0.152582 -0.00176747 0.0549884 0.15454 0.0016377 0.058818 0.152325 -0.0020675 0.059316 0.154058 0.0012436 0.0498243 0.153286 -0.00359559 0.0520129 0.153604 -0.00416156 0.0542357 0.153148 -0.00465267 0.0584891 0.154022 -0.00623417 0.0586374 0.152663 -0.00488293 0.0539507 0.16232 -0.00476102 0.0526221 0.162196 -0.00289727 0.0545032 0.156892 0.00281255 0.0539227 0.157549 0.00240676 0.0508397 0.158017 0.00207599 0.0599627 0.156531 0.00289314 0.0506362 0.158717 0.00176622 0.0501353 0.159522 0.00114905 0.0476555 0.158928 0.00246819 0.0475786 0.160221 0.00067553 0.0426382 0.159755 0.00305933 0.04256 0.161244 0.00042039 0.0366679 0.161361 0.00070059 0.0367379 0.161966 -0.00170109 0.0505103 0.160947 -4.36e-006 0.0515467 0.161761 -0.00162733 0.0495405 0.161047 -0.00205038 0.0438606 0.160505 -0.00679289 0.04525 0.159197 -0.0070461 0.0392264 0.156888 -0.00830208 0.0390937 0.155643 -0.00814303 0.0475317 0.160638 -0.00053848 0.0474259 0.16112 -0.00222107 0.0429629 0.161807 -0.00308434 0.0429181 0.161525 -0.00566663 0.0371448 0.161205 -0.00680676 0.0372229 0.158897 -0.00888033 0.0474979 0.152703 -0.00100165 0.0473176 0.152559 -0.00324436 0.0427386 0.151803 -0.00046533 0.0431258 0.151348 -0.00278668 0.0375951 0.15147 0.00010704 0.0391833 0.150653 -0.00242917 0.0469155 0.153088 -0.00505038 0.0437492 0.152069 -0.00499917 0.0394028 0.150612 -0.0052406 0.0369406 0.153315 0.00340004 0.0431198 0.154021 0.00230753 0.0477346 0.155288 0.00198307 0.0476861 0.157701 0.00302159 0.0457944 0.153828 -0.00630159 0.0424985 0.153499 -0.00682881 0.044118 0.156317 -0.00734542 0.0368843 0.162241 -0.00414893 0.0427488 0.161702 -0.00122026 0.0366129 0.160081 0.00353017 0.042736 0.156985 0.00452219 0.0368018 0.156803 0.00516689 0.0391375 0.152149 -0.00752476 0.0221387 0.151439 0.00162536 0.0266136 0.151008 -0.00077884 0.0228636 0.149121 -0.00188431 0.0290219 0.149912 -0.00285397 0.0273179 0.150642 -0.0057956 0.0313985 0.151255 -0.00568449 0.0293946 0.151408 -0.00646377 0.0324384 0.152316 -0.00671546 0.0304972 0.153452 -0.00754352 0.0323779 0.154169 -0.00738017 0.0302623 0.155513 -0.00834944 0.0320953 0.156361 -0.00774045 0.0299827 0.157753 -0.00853132 0.0320378 0.15876 -0.00772577 0.0301601 0.160005 -0.00822244 0.03219 0.160917 -0.00655217 0.0301847 0.161913 -0.00680459 0.0330382 0.162219 -0.00384135 0.0305228 0.163308 -0.00396637 0.0327776 0.161185 0.00066293 0.0303742 0.163172 0.0010655 0.0284695 0.160946 0.00460108 0.0278058 0.164506 0.00068592 0.0267768 0.162553 0.00491921 0.024924 0.16335 0.00481646 0.0238127 0.160926 0.00643707 0.0327469 0.159634 0.00357619 0.0347193 0.161522 -0.00152944 0.0348367 0.162009 -0.00431436 0.0344216 0.160977 -0.00710468 0.0348052 0.158507 -0.00854827 0.034543 0.155933 -0.00837452 0.0380075 0.154935 -0.00829612 0.0344787 0.153154 -0.00801354 0.0367594 0.153524 -0.00852002 0.0346554 0.151449 -0.00711175 0.0368563 0.151487 -0.00745604 0.0271158 0.151532 -0.00711088 0.0286384 0.153796 -0.00793621 0.0286089 0.155934 -0.00880156 0.0282449 0.15837 -0.00907002 0.0282069 0.1606 -0.00858018 0.028316 0.162732 -0.00700395 0.0280307 0.164156 -0.00449535 0.0216679 0.152035 0.00384953 0.0222744 0.153111 0.00542313 0.0251303 0.154152 0.00109488 0.0271695 0.156204 0.00395111 0.0297499 0.151753 0.00055211 0.0303201 0.154119 0.00345448 0.0332849 0.151793 4.026e-005 0.0332823 0.153365 0.00346068 0.0253311 0.160432 0.00648016 0.0265828 0.158782 0.00621342 0.0298019 0.159071 0.00422771 0.0285561 0.157599 0.00409527 0.0301913 0.156897 0.00444438 0.0228128 0.155069 0.0073721 0.0251042 0.157115 0.00681843 0.0241516 0.157792 0.00736357 0.023024 0.158318 0.00772034 0.0356053 0.150042 -0.00249207 0.0331183 0.150042 -0.00293035 0.0365675 0.150075 -0.00524347 0.0342223 0.150226 -0.00550508 0.0331236 0.15661 0.00493524 0.0233459 0.149156 -0.0064742 0.0251863 0.151546 -0.0080378 0.0269104 0.153571 -0.00790735 0.0271812 0.156075 -0.0087899 0.0268171 0.158564 -0.00922337 0.0266049 0.160988 -0.00865176 0.0263098 0.163222 -0.00724392 0.0258699 0.164598 -0.00474998 0.0255732 0.165101 0.00019393 0.0243525 0.158691 -0.00946961 0.0240088 0.16133 -0.00882738 0.0239088 0.163547 -0.007648 0.0238321 0.164821 -0.00531695 0.0235754 0.16552 -0.00044233 0.0232063 0.163707 0.00425315 0.0221213 0.161252 0.00676865 0.0209866 0.164372 0.00346774 0.0219723 0.166088 -0.00094438 0.0221068 0.165306 -0.00549868 0.0219108 0.164664 -0.00737976 0.0214252 0.162698 -0.00943602 0.0211777 0.160078 -0.0107433 0.0237496 0.152025 -0.0088836 0.024317 0.154973 -0.00836979 0.0250294 0.156664 -0.00851738 0.0209015 0.157551 -0.0108295 0.0193797 0.153283 0.00943408 0.0201187 0.155535 0.00807797 0.021024 0.158665 0.00783899 0.0202046 0.161773 0.00616074 0.0193697 0.146579 -0.00617814 0.0184539 0.147099 -0.00924293 0.0190716 0.150638 -0.0103292 0.0203471 0.154043 -0.0100892 0.0194901 0.151064 0.00423819 0.0193453 0.151334 0.00647217 0.0194511 0.145592 0.00167682 0.0194325 0.145244 -0.0029368 0.0189758 0.156165 0.00848369 0.019697 0.159087 0.00774589 0.090709 0.157323 -0.00815925 0.0910796 0.156464 -0.00777752 0.0930668 0.157404 -0.00809119 0.093151 0.156566 -0.00768513 0.0953869 0.157485 -0.00802207 0.0955678 0.156716 -0.00755275 0.0978122 0.157079 -0.00689899 0.0955745 0.156764 -0.00622807 0.0978064 0.157753 -0.0060973 0.0953291 0.157555 -0.00599318 0.0951032 0.158612 -0.00640578 0.0932178 0.15871 -0.00635681 0.0932259 0.158658 -0.00781271 0.0908082 0.158887 -0.00699082 0.0907591 0.158397 -0.00780349 0.0918551 0.159194 0.00015428 0.091871 0.15786 0.00066937 0.0969425 0.159373 0.0005146 0.0948847 0.158093 0.00095788 0.0976551 0.158271 0.00106009 0.0948832 0.158149 0.00253169 0.0976625 0.158322 0.00246542 0.0969606 0.159454 0.00291081 0.100326 0.15954 0.00274126 0.0972114 0.160542 0.00249148 0.100399 0.16024 0.00247391 0.100408 0.160184 0.00097837 0.101018 0.159521 0.00168443 0.100315 0.159469 0.00071459 0.0914466 0.158589 -0.00583815 0.0974421 0.158786 -0.005524 0.0910204 0.159526 -0.00540365 0.0950603 0.15984 -0.00525576 0.0910845 0.160098 -0.00437809 0.0950688 0.159898 -0.0036287 0.0913183 0.15975 -0.00351041 0.0974466 0.158866 -0.00326591 0.0920203 0.15869 -0.0029057 0.0944192 0.157858 -0.00347517 0.0916425 0.157754 -0.00343384 0.0915068 0.157475 -0.00524707 0.09737 0.159728 -0.00520105 0.100352 0.158873 -0.00529519 0.100272 0.159577 -0.00507145 0.100997 0.158929 -0.0043791 0.100278 0.159631 -0.00372024 0.100368 0.158938 -0.00346848 0.0973782 0.159785 -0.00360072 0.0920627 0.159527 -0.00304163 0.0974374 0.159708 -0.00265902 0.0914331 0.160277 -0.00252455 0.0955907 0.160721 -0.00238471 0.0912365 0.160938 -0.00141875 0.0956334 0.160807 -0.00051443 0.0913753 0.160531 -0.00049123 0.0974968 0.1598 -0.00013268 0.0919234 0.15962 0.00025084 0.091841 0.158212 -0.00043592 0.095111 0.158567 -0.00770209 0.0977841 0.158361 -0.00767841 0.0977885 0.158408 -0.0063978 0.0984965 0.157778 -0.00695371 0.102471 0.160014 -0.00145282 0.101948 0.159965 -0.00037606 0.101782 0.160739 -0.00075572 0.0986754 0.160774 -0.00054456 0.0986332 0.160639 -0.0022997 0.0937651 0.159266 0.00296677 0.0950834 0.160576 0.00248446 0.0972036 0.160486 0.00089613 0.0911774 0.160287 0.00250037 0.0912084 0.160719 0.0016507 0.0950748 0.160519 0.00085097 0.0913356 0.160102 0.00067407 0.10178 0.159234 -0.00138459 0.0985766 0.158801 -0.00045183 0.0951183 0.158473 -0.00042654 0.0951084 0.158405 -0.00231202 0.091877 0.15806 -0.00233741 0.100366 0.158176 -0.00437312 0.0975439 0.157907 -0.00515445 0.0975532 0.157949 -0.00355824 0.0944111 0.157769 -0.00519479 0.0914988 0.157956 0.00262923 0.0912291 0.159104 0.00301641 0.0931588 0.15662 -0.00618058 0.0914034 0.157614 -0.00562113 0.101776 0.160626 -0.00226316 0.101896 0.159893 -0.00245871 0.0985666 0.158738 -0.00221327 0.0977928 0.157693 -0.00777909 0.0912764 0.156533 -0.00613563 0.100359 0.158762 0.00175307 0.0908335 0.158456 -0.00619042 0.0889056 0.15848 0.00312221 0.0901349 0.157748 0.00274876 0.0901477 0.15719 0.00179948 0.0903329 0.157268 -0.00065154 0.0903291 0.157107 -0.00213361 0.0903256 0.156856 -0.00410513 0.0900225 0.160398 -0.00344461 0.0900747 0.161383 -0.001433 0.0812057 0.1605 -0.00374698 0.0810898 0.160536 -0.0016232 0.0898228 0.159214 -0.00608564 0.0901351 0.160732 -0.00443894 0.0814162 0.159523 -0.00539833 0.0867417 0.160806 0.0013431 0.0897943 0.160696 3.047e-005 0.0895646 0.161325 0.00164839 0.0897426 0.157282 -0.00824038 0.0897922 0.158077 -0.00778336 0.089824 0.159421 -0.00702855 0.0896823 0.160114 0.0026729 0.0872761 0.160119 0.00244036 0.0900314 0.156048 -0.00682489 0.0898167 0.156338 -0.00789355 0.0837589 0.158488 -0.00698615 -0.0544573 0.161134 -0.00678064 -0.0552116 0.161528 -0.00650163 -0.0560018 0.160778 -0.00710422 -0.0577069 0.161683 -0.00697132 -0.0594889 0.161668 -0.00690616 -0.0589796 0.162399 -0.0047998 -0.0624713 0.162552 -0.00360463 -0.0577303 0.16245 -0.00174356 -0.0618359 0.162076 -0.00045817 -0.0562378 0.161685 0.00083762 -0.0612154 0.160817 0.00157736 -0.0550314 0.159732 0.00191414 -0.0603812 0.159175 0.00219025 -0.0600092 0.157758 0.0026871 -0.0664514 0.158766 0.00170231 -0.0667393 0.157438 0.00189006 -0.0718467 0.158417 0.00086975 -0.0722559 0.157309 0.00085605 -0.0725328 0.154609 -0.00282071 -0.0664712 0.153531 -0.00265186 -0.0725315 0.154929 -0.0049427 -0.0665654 0.153759 -0.00512742 -0.0723215 0.155925 -0.00597001 -0.0665758 0.154956 -0.00614064 -0.0723061 0.158297 -0.0065409 -0.066672 0.157515 -0.00695935 -0.0673744 0.160158 -0.00671766 -0.0590621 0.156785 -0.00748674 -0.061267 0.159503 -0.00775574 -0.0577633 0.159837 -0.00762373 -0.0625441 0.161578 -0.00650832 -0.090709 0.157323 -0.00815924 -0.0930668 0.157404 -0.00809118 -0.0910796 0.156464 -0.00777752 -0.093151 0.156566 -0.00768513 -0.0931589 0.15662 -0.00618058 -0.0955745 0.156764 -0.00622807 -0.0953291 0.157555 -0.00599318 -0.0978064 0.157753 -0.0060973 -0.0951032 0.158612 -0.00640578 -0.0977885 0.158408 -0.00639779 -0.0977841 0.158361 -0.00767841 -0.0984965 0.157778 -0.00695371 -0.0977928 0.157693 -0.00777908 -0.058818 0.152325 -0.0020675 -0.0544839 0.152582 -0.00176747 -0.0586374 0.152663 -0.00488293 -0.0542357 0.153148 -0.00465267 -0.0584891 0.154022 -0.00623417 -0.0537539 0.154567 -0.00567183 -0.0548797 0.156911 -0.00712972 -0.0528955 0.156899 -0.00707673 -0.0920627 0.159527 -0.00304163 -0.0914331 0.160277 -0.00252455 -0.0974374 0.159708 -0.00265902 -0.0955907 0.160721 -0.0023847 -0.0986333 0.160639 -0.0022997 -0.0956334 0.160807 -0.00051443 -0.0986754 0.160774 -0.00054455 -0.0974968 0.1598 -0.00013267 -0.101782 0.160739 -0.00075572 -0.101948 0.159965 -0.00037606 -0.102471 0.160014 -0.00145281 -0.0913754 0.160531 -0.00049122 -0.0919234 0.15962 0.00025084 -0.0918411 0.158212 -0.00043591 -0.0951183 0.158473 -0.00042653 -0.091877 0.15806 -0.0023374 -0.0951084 0.158405 -0.00231202 -0.0953869 0.157485 -0.00802207 -0.0955678 0.156716 -0.00755274 -0.0978122 0.157079 -0.00689898 -0.0907591 0.158397 -0.00780348 -0.093226 0.158658 -0.0078127 -0.095111 0.158567 -0.00770208 -0.059316 0.154058 0.0012436 -0.0665595 0.154578 -7.45401e-005 -0.0599627 0.156531 0.00289314 -0.066767 0.156217 0.00147635 -0.0549884 0.15454 0.0016377 -0.0545032 0.156892 0.00281255 -0.0985666 0.158738 -0.00221326 -0.10178 0.159234 -0.00138459 -0.0985766 0.158801 -0.00045183 -0.0908082 0.158887 -0.00699081 -0.0932178 0.15871 -0.0063568 -0.0908335 0.158456 -0.00619041 -0.0914034 0.157614 -0.00562112 -0.101776 0.160626 -0.00226316 -0.101896 0.159893 -0.0024587 -0.0715649 0.159536 0.00057892 -0.066227 0.16021 0.00127823 -0.0714713 0.160843 -0.00054028 -0.0665304 0.161531 -0.00039072 -0.0716312 0.161402 -0.00206737 -0.0671246 0.16214 -0.00265628 -0.0725861 0.160198 -0.0057819 -0.0675117 0.161418 -0.00541533 -0.0724191 0.160952 -0.00446316 -0.0912365 0.160938 -0.00141874 -0.0569098 0.162211 -0.0057749 -0.0553309 0.162661 -0.0032246 -0.0912764 0.156533 -0.00613562 -0.0724701 0.155828 0.00044252 -0.0725301 0.154997 -0.00080484 -0.0539227 0.157549 0.00240676 -0.0914466 0.158589 -0.00583815 -0.0910205 0.159526 -0.00540365 -0.0974421 0.158786 -0.005524 -0.0950604 0.15984 -0.00525576 -0.09737 0.159728 -0.00520105 -0.0950688 0.159898 -0.00362869 -0.0973782 0.159785 -0.00360072 -0.0974466 0.158866 -0.00326591 -0.100368 0.158938 -0.00346848 -0.0975532 0.157949 -0.00355824 -0.100366 0.158176 -0.00437311 -0.097544 0.157907 -0.00515445 -0.0944111 0.157769 -0.00519478 -0.0915068 0.157475 -0.00524706 -0.0898167 0.156338 -0.00789355 -0.0897426 0.157282 -0.00824038 -0.0897922 0.158077 -0.00778336 -0.089824 0.159421 -0.00702855 -0.0837589 0.158488 -0.00698615 -0.0814162 0.159523 -0.00539832 -0.0898228 0.159214 -0.00608564 -0.0901351 0.160732 -0.00443894 -0.0910845 0.160098 -0.00437809 -0.0913183 0.15975 -0.00351041 -0.0900225 0.160398 -0.00344461 -0.0900747 0.161383 -0.001433 -0.091871 0.15786 0.00066937 -0.0918551 0.159194 0.00015428 -0.0913356 0.160102 0.00067407 -0.0897943 0.160696 3.04704e-005 -0.100352 0.158873 -0.00529519 -0.100272 0.159577 -0.00507144 -0.100997 0.158929 -0.00437909 -0.100278 0.159631 -0.00372024 -0.0944192 0.157858 -0.00347516 -0.0916425 0.157754 -0.00343383 -0.0812057 0.1605 -0.00374698 -0.0920203 0.15869 -0.00290569 -0.0889056 0.15848 0.00312221 -0.0912291 0.159104 0.00301641 -0.0896823 0.160114 0.0026729 -0.0911774 0.160287 0.00250037 -0.090135 0.157748 0.00274877 -0.0914988 0.157956 0.00262923 -0.0901477 0.15719 0.00179949 -0.0903329 0.157268 -0.00065153 -0.0903291 0.157107 -0.00213361 -0.0903256 0.156856 -0.00410512 -0.0900314 0.156048 -0.00682489 -0.00677732 0.0261584 -0.00257732 -0.00499255 0.0320978 -0.00117432 -0.00701363 0.0277701 -0.00563788 -0.00585282 0.0323505 -0.00602136 -0.00778386 0.0322057 -0.00884786 -0.00702029 0.0349757 -0.00980651 -0.0107719 0.0325903 -0.00959879 -0.0108418 0.0354994 -0.0109217 -0.0144816 0.0355318 -0.010005 -0.0153477 0.0382849 -0.0102922 -0.0188655 0.0354686 -0.00634437 -0.0192893 0.0395632 -0.00629514 -0.0192918 0.0366953 -0.00227447 -0.0197506 0.040904 -0.00187761 -0.0154527 0.0369637 0.00135018 -0.0136156 0.0327787 -0.00903824 -0.0169177 0.0315152 -0.00610597 -0.0132663 0.027137 -0.00755641 -0.0156339 0.0262743 -0.0055181 -0.0154435 0.0210333 -0.00493024 -0.0166941 0.0289781 -0.00298498 -0.0153771 0.0208066 -0.00336363 -0.0140116 0.0278979 0.000433818 -0.0145781 0.0204294 0.000234498 -0.0112799 0.020318 0.00140749 -0.0143837 0.0166886 -0.000395532 -0.0111017 0.017525 0.00195026 -0.00520586 0.0479504 0.000518948 -0.00426098 0.0390359 -0.000524242 -0.00695292 0.0465404 0.00319348 -0.00861539 0.0362729 0.00167803 -0.0101112 0.0453486 0.00471653 -0.0118266 0.0367499 0.00326996 -0.0126007 0.0454327 0.00464445 -0.015599 0.04665 0.00274477 -0.0183282 0.0480151 -0.000119952 -0.0185365 0.0436578 -0.00624591 -0.0173921 0.0494653 -0.0037697 -0.0151198 0.0502224 -0.00551458 -0.0873476 0.156141 -0.00050706 -0.0844929 0.154877 -0.00206097 -0.0841909 0.15489 -0.00418837 -0.0842291 0.154691 -0.00626281 -0.0839599 0.155856 -0.00762372 -0.0835972 0.156946 -0.00766839 -0.0823907 0.154107 -7.04999e-005 -0.0820506 0.154033 0.00214098 -0.0798796 0.155042 0.00081092 -0.0805851 0.156188 0.00263764 -0.0786628 0.157592 0.00078861 -0.0814138 0.158418 0.00199979 -0.0788185 0.159762 -0.00060581 -0.0838341 0.159969 0.00163289 -0.0835994 0.160437 0.00076161 -0.0872761 0.160119 0.00244036 -0.0867417 0.160806 0.0013431 -0.0107876 0.0270161 -0.0083044 -0.0131296 0.0214953 -0.00725398 -0.0108034 0.0214418 -0.00818942 -0.011509 0.0141628 -0.0101936 -0.00855046 0.0141455 -0.00951745 -0.0112785 0.0136112 -0.00886604 -0.00931283 0.013636 -0.00838891 -0.0779507 0.154873 -0.00328764 -0.077673 0.1552 -0.00512554 -0.0803976 0.154628 -0.00578783 -0.0777012 0.155828 -0.00611889 -0.0800118 0.155622 -0.00682005 -0.0776753 0.156837 -0.00653606 -0.0799021 0.156476 -0.00693817 -0.0798714 0.158101 -0.00648183 -0.076118 0.156608 -0.00594086 -0.0758936 0.15863 -0.00638315 -0.0776713 0.159154 -0.00596181 -0.0759145 0.160401 -0.00543676 -0.0779581 0.16061 -0.0040463 -0.0756464 0.160823 -0.0038951 -0.0751591 0.160961 -0.00185234 -0.0969425 0.159373 0.0005146 -0.0948847 0.158093 0.00095788 -0.0948832 0.158149 0.00253169 -0.0976551 0.158271 0.00106009 -0.0976625 0.158322 0.00246542 -0.100359 0.158762 0.00175307 -0.100326 0.15954 0.00274126 -0.101018 0.159521 0.00168443 -0.084252 0.154312 -0.00121842 -0.0804999 0.154573 -0.00113975 -0.0776859 0.155945 -0.00018279 -0.077686 0.158377 0.00023987 -0.0776492 0.159552 -0.00069862 -0.0779617 0.160515 -0.00177567 -0.0950748 0.160519 0.00085097 -0.0972037 0.160486 0.00089613 -0.0950834 0.160576 0.00248446 -0.0972115 0.160542 0.00249148 -0.0969606 0.159454 0.00291081 -0.00439763 0.0349718 -0.000706662 -0.00527241 0.0346407 -0.0062131 -0.00469201 0.0369309 -0.00640485 -0.00648638 0.0377457 -0.0100856 -0.00454877 0.0430362 -0.00659925 -0.00624685 0.0439389 -0.00866626 -0.00552866 0.0499981 -0.00423691 -0.00671899 0.0505253 -0.00542915 -0.00837905 0.0266342 -0.00776761 -0.00868855 0.0210627 -0.00771375 -0.00718257 0.0203242 -0.00558134 -0.00679118 0.0141766 -0.00745892 -0.00740926 0.0137424 -0.00677807 -0.0904783 0.155772 0.00493237 -0.0923443 0.155594 0.00584152 -0.0905295 0.155077 0.00433868 -0.0923766 0.154481 0.00529263 -0.0905697 0.153632 0.00446535 -0.0923413 0.153657 0.00606131 -0.0904661 0.153307 0.00551355 -0.0922931 0.153862 0.00698584 -0.0753108 0.158233 0.00042279 -0.0749904 0.160344 -0.0007005 -0.0157801 0.0444052 -0.00868414 -0.0110987 0.0447513 -0.0101992 -0.0111637 0.0509516 -0.00645537 -0.0859036 0.154533 0.00011812 -0.080671 0.154422 -0.00219492 -0.0776126 0.155013 -0.00137751 -0.0133406 0.0136224 -0.00853304 -0.0144048 0.0141891 -0.00958665 -0.0162844 0.0142615 -0.00730543 -0.100315 0.159469 0.00071459 -0.100408 0.160184 0.00097837 -0.100399 0.160241 0.00247391 -0.0112354 0.0275727 0.00195567 -0.00738196 0.020342 0.000429638 -0.00748181 0.0171965 0.000292258 -0.0895646 0.161325 0.00164839 -0.0912084 0.160719 0.0016507 -0.0937651 0.159266 0.00296677 -0.0761344 0.155284 -0.00502365 -0.0810899 0.160536 -0.0016232 -0.0798402 0.160407 -0.00416782 -0.089346 0.155658 0.00476495 -0.0891293 0.155617 0.00638007 -0.0922089 0.155521 0.00686504 -0.0932162 0.154658 0.00629523 -0.00599182 0.020017 -0.00266905 -0.00860156 0.026901 0.000767988 -0.0150092 0.0137403 -0.00667558 -0.0171291 0.0155698 -0.00429476 -0.0160578 0.0149444 -0.00414476 -0.00521701 0.0160131 -0.00319616 -0.00616999 0.0154273 -0.003235 -0.0759603 0.154836 -0.00319205 -0.0759088 0.155136 -0.00124023 -0.07587 0.15565 -9.85501e-005 -0.0806651 0.154458 -0.00415115 -0.0109118 0.0384084 -0.0115649 -0.0897291 0.15354 0.00414482 -0.0855841 0.158474 0.00301862 -0.0876856 0.157185 0.00344464 -0.0848624 0.156754 0.00428019 -0.0870217 0.156409 0.00420153 -0.0865218 0.155965 0.00506773 -0.0881277 0.155698 0.00634644 -0.0858641 0.15437 0.0059335 -0.0881732 0.153519 0.00646073 -0.0865954 0.153078 0.0051697 -0.0885428 0.153257 0.00534477 -0.088017 0.153421 0.00371932 -0.0892179 0.153633 0.00410346 -0.0879634 0.155066 0.00358189 -0.0892123 0.155036 0.00401305 -0.087806 0.155748 0.00381385 -0.0892224 0.153686 0.00647243 -0.0893485 0.153438 0.00533254 -0.0896432 0.155107 0.00407517 -0.0880338 0.15698 0.00286036 -0.0872836 0.153258 0.00333247 -0.087986 0.15559 0.00165006 -0.087243 0.153814 0.00182218 -0.0862979 0.152982 0.00372426 -0.084461 0.153351 0.001338 -0.0847828 0.153038 0.00431935 -0.084694 0.154458 0.00541325 -0.0837502 0.154653 0.00491307 -0.0537449 0.162138 -0.00043661 -0.0539507 0.16232 -0.00476102 -0.0526565 0.161541 -0.00590934 -0.051268 0.15991 -0.00685792 -0.051011 0.156755 -0.00704223 -0.0479775 0.156281 -0.00730385 -0.0490851 0.154004 -0.00523698 -0.0523664 0.153253 -0.00180531 -0.0520129 0.153604 -0.00416156 -0.0513699 0.154043 -0.00543077 -0.0506362 0.158717 0.00176622 -0.0508397 0.158017 0.00207599 -0.0535286 0.159701 0.00179146 -0.0525368 0.161232 0.00053187 -0.0515467 0.161761 -0.00162733 -0.0526221 0.162196 -0.00289727 -0.0501926 0.153278 -0.00161132 -0.0506764 0.155655 0.00117539 -0.0527224 0.155171 0.00127107 -0.0500055 0.159662 -0.00672048 -0.0516833 0.161462 -0.0043466 -0.0498243 0.153286 -0.00359559 -0.0429181 0.161525 -0.00566663 -0.0429629 0.161807 -0.00308434 -0.0438606 0.160505 -0.00679289 -0.0474259 0.16112 -0.00222107 -0.0495405 0.161047 -0.00205038 -0.0475317 0.160638 -0.00053848 -0.0505103 0.160947 -4.35991e-006 -0.0475786 0.160221 0.00067553 -0.0501353 0.159522 0.00114905 -0.0476555 0.158928 0.00246819 -0.0476861 0.157701 0.00302159 -0.0477346 0.155288 0.00198307 -0.0474979 0.152703 -0.00100165 -0.0473176 0.152559 -0.00324436 -0.0469155 0.153088 -0.00505038 -0.0457944 0.153828 -0.00630159 -0.044118 0.156317 -0.00734542 -0.0424985 0.153499 -0.00682881 -0.0426382 0.159755 0.00305933 -0.042736 0.156985 0.00452219 -0.0431198 0.154021 0.00230753 -0.0427386 0.151803 -0.00046533 -0.050582 0.16122 -0.00321016 -0.0437492 0.152069 -0.00499917 -0.0431258 0.151348 -0.00278668 -0.0427488 0.161702 -0.00122026 -0.04256 0.161244 0.00042039 -0.04525 0.159197 -0.0070461 -0.0327469 0.159634 0.00357619 -0.0366129 0.160081 0.00353017 -0.0327776 0.161185 0.00066293 -0.0366679 0.161361 0.00070059 -0.0347193 0.161522 -0.00152944 -0.0367379 0.161966 -0.00170109 -0.0348367 0.162009 -0.00431436 -0.0368843 0.162241 -0.00414893 -0.0344216 0.160977 -0.00710468 -0.0371448 0.161205 -0.00680676 -0.0348052 0.158507 -0.00854827 -0.0372229 0.158897 -0.00888033 -0.034543 0.155933 -0.00837452 -0.0380075 0.154935 -0.00829612 -0.0344787 0.153154 -0.00801354 -0.0367594 0.153524 -0.00852002 -0.0346554 0.151449 -0.00711175 -0.0368563 0.151487 -0.00745604 -0.0342223 0.150226 -0.00550508 -0.0290219 0.149912 -0.00285397 -0.0313985 0.151255 -0.00568449 -0.0273179 0.150642 -0.0057956 -0.0293946 0.151408 -0.00646377 -0.0271158 0.151532 -0.00711088 -0.0304972 0.153452 -0.00754352 -0.0286384 0.153796 -0.00793621 -0.0302623 0.155513 -0.00834944 -0.0286089 0.155934 -0.00880156 -0.0299827 0.157753 -0.00853132 -0.0282449 0.15837 -0.00907002 -0.0301601 0.160005 -0.00822244 -0.0282069 0.1606 -0.00858018 -0.0301847 0.161913 -0.00680459 -0.0324384 0.152316 -0.00671546 -0.0323779 0.154169 -0.00738017 -0.0320953 0.156361 -0.00774045 -0.0320378 0.15876 -0.00772577 -0.03219 0.160917 -0.00655217 -0.0330382 0.162219 -0.00384135 -0.0251303 0.154152 0.00109488 -0.0297499 0.151753 0.00055211 -0.0271695 0.156204 0.00395111 -0.0303201 0.154119 0.00345448 -0.0285561 0.157599 0.00409527 -0.0301913 0.156897 0.00444438 -0.0298019 0.159071 0.00422771 -0.0331236 0.15661 0.00493524 -0.0368018 0.156803 0.00516689 -0.0221387 0.151439 0.00162536 -0.0228636 0.149121 -0.00188431 -0.0266136 0.151008 -0.00077884 -0.0331183 0.150042 -0.00293035 -0.0365675 0.150075 -0.00524347 -0.0391375 0.152149 -0.00752476 -0.0305228 0.163308 -0.00396637 -0.028316 0.161825 -0.00812698 -0.0263098 0.163222 -0.00724392 -0.0266049 0.160988 -0.00865176 -0.0356053 0.150042 -0.00249207 -0.0332849 0.151793 4.02599e-005 -0.0391833 0.150653 -0.00242917 -0.0375951 0.15147 0.00010704 -0.0233459 0.149156 -0.0064742 -0.0251863 0.151546 -0.0080378 -0.0269104 0.153571 -0.00790735 -0.0271812 0.156075 -0.0087899 -0.0392264 0.156888 -0.00830208 -0.0390937 0.155643 -0.00814303 -0.0284695 0.160946 0.00460108 -0.0265828 0.158782 0.00621342 -0.0253311 0.160432 0.00648016 -0.0241516 0.157792 0.00736357 -0.023024 0.158318 0.00772034 -0.0258699 0.164598 -0.00474998 -0.0280307 0.164156 -0.00449535 -0.0303742 0.163172 0.0010655 -0.0394028 0.150612 -0.0052406 -0.0268171 0.158564 -0.00922337 -0.0216679 0.152035 0.00384953 -0.0222744 0.153111 0.00542313 -0.0228128 0.155069 0.0073721 -0.0251042 0.157115 0.00681843 -0.0332823 0.153365 0.00346068 -0.0369406 0.153315 0.00340004 -0.0255732 0.165101 0.00019393 -0.0278058 0.164506 0.00068592 -0.024924 0.16335 0.00481646 -0.0267768 0.162553 0.00491921 -0.0238127 0.160926 0.00643707 -0.0240088 0.16133 -0.00882738 -0.0239088 0.163547 -0.007648 -0.0238321 0.164821 -0.00531695 -0.0235754 0.16552 -0.00044233 -0.0232063 0.163707 0.00425315 -0.0221213 0.161252 0.00676865 -0.021024 0.158665 0.00783899 -0.0237496 0.152025 -0.0088836 -0.024317 0.154973 -0.00836979 -0.0250294 0.156664 -0.00851738 -0.0243525 0.158691 -0.00946961 -0.0209015 0.157551 -0.0108295 -0.0211777 0.160078 -0.0107433 -0.0193797 0.153283 0.00943409 -0.0201187 0.155535 0.00807797 -0.0189758 0.156165 0.0084837 -0.019697 0.159087 0.00774589 -0.0202046 0.161773 0.00616075 -0.0194511 0.145592 0.00167682 -0.0194325 0.145244 -0.0029368 -0.0193697 0.146579 -0.00617814 -0.0184539 0.147099 -0.00924293 -0.0194901 0.151064 0.00423819 -0.0190716 0.150638 -0.0103292 -0.0193453 0.151334 0.00647217 -0.0203472 0.154043 -0.0100892 -0.0209866 0.164372 0.00346774 -0.0219723 0.166088 -0.00094438 -0.0221068 0.165306 -0.00549868 -0.0219108 0.164664 -0.00737976 -0.0214252 0.162698 -0.00943602 0.00748181 0.0171966 0.00029225 0.00738196 0.020342 0.00042963 0.0111017 0.017525 0.00195025 0.0112799 0.020318 0.00140748 0.0143837 0.0166886 0.00026994 0.0145781 0.0204294 -0.00043098 0.0171291 0.0155698 -0.00429477 0.0153771 0.0208066 -0.00336364 0.0154435 0.0210333 -0.00493025 0.0166941 0.0289781 -0.00298499 0.0156339 0.0262743 -0.00551811 0.0169177 0.0315152 -0.00610598 0.0132663 0.027137 -0.00755642 0.0136156 0.0327787 -0.00903825 0.0107719 0.0325903 -0.0095988 0.0144816 0.0355318 -0.010005 0.0108418 0.0354994 -0.0109217 0.0153477 0.0382849 -0.0102922 0.0109118 0.0384085 -0.0115649 0.0110987 0.0447513 -0.0101992 0.00648638 0.0377457 -0.0100856 0.00624685 0.0439389 -0.00866627 0.00454877 0.0430362 -0.00659926 0.00552866 0.0499981 -0.00423692 0.00520586 0.0479504 0.00051894 0.0873476 0.156141 -0.00050706 0.0859036 0.154533 0.00011812 0.087243 0.153814 0.00182218 0.084461 0.153351 0.001338 0.0862979 0.152982 0.00372426 0.0847827 0.153038 0.00431934 0.0865954 0.153078 0.00516969 0.0846939 0.154458 0.00541325 0.0858641 0.15437 0.0059335 0.0848623 0.156754 0.00428018 0.0865218 0.155965 0.00506773 0.0870217 0.156409 0.00420152 0.0881277 0.155698 0.00634644 0.089346 0.155658 0.00476495 0.0891292 0.155617 0.00638006 0.0904782 0.155772 0.00493237 0.0922089 0.155521 0.00686503 0.0923443 0.155594 0.00584151 0.0932162 0.154658 0.00629522 0.00426098 0.0390359 -0.00052425 0.00469201 0.0369309 -0.00640486 0.00527242 0.0346407 -0.00621311 0.00702029 0.0349757 -0.00980652 0.00585282 0.0323505 -0.00602137 0.00778386 0.0322057 -0.00884787 0.00701363 0.0277702 -0.00563789 0.00837906 0.0266342 -0.00776762 0.00868855 0.0210627 -0.00771376 0.0108034 0.0214418 -0.00818943 0.00855046 0.0141455 -0.00951746 0.011509 0.0141628 -0.0101936 0.0112785 0.0136112 -0.00886605 0.0133406 0.0136224 -0.00853305 0.087986 0.15559 0.00165006 0.0872836 0.153258 0.00333247 0.0880338 0.15698 0.00286036 0.0879634 0.155066 0.00358189 0.087806 0.155748 0.00381385 0.0892123 0.155036 0.00401305 0.0896432 0.155107 0.00407517 0.0905295 0.155077 0.00433867 0.0923765 0.154481 0.00529262 0.0923413 0.153657 0.0060613 0.00616999 0.0154273 -0.00323501 0.00521701 0.0160131 -0.00319617 0.00599182 0.020017 -0.00266906 0.00860156 0.026901 0.00076798 0.0112354 0.0275727 0.00195566 0.0118266 0.0367499 0.00326995 0.0154527 0.0369637 0.00135016 0.0126007 0.0454327 0.00464444 0.015599 0.04665 0.00274476 0.0140116 0.0278979 0.00043381 0.0192918 0.0366953 -0.00227448 0.0197506 0.040904 -0.00187762 0.0192893 0.0395632 -0.00629515 0.0185365 0.0436578 -0.00624592 0.0157801 0.0444052 -0.00868415 0.0151198 0.0502224 -0.00551459 0.088017 0.153421 0.00371932 0.0885428 0.153257 0.00534476 0.0892179 0.153633 0.00410346 0.0893485 0.153438 0.00533254 0.0897291 0.15354 0.00414481 0.0904661 0.153307 0.00551355 0.0905697 0.153632 0.00446535 0.0131296 0.0214953 -0.00725399 0.0162844 0.0142615 -0.00730544 0.0144048 0.0141891 -0.00958666 0.0881731 0.153519 0.00646073 0.0892224 0.153686 0.00647243 0.0922931 0.153862 0.00698583 0.00677732 0.0261584 -0.00257733 0.00861539 0.036273 0.00167802 0.0101112 0.0453486 0.00471652 0.00499255 0.0320978 -0.00117433 0.00718257 0.0203242 -0.00558135 0.00671899 0.0505253 -0.00542916 0.0111637 0.0509516 -0.00645538 0.0188655 0.0354686 -0.00634438 0.00931283 0.013636 -0.00838892 0.00679118 0.0141766 -0.00745893 0.00740926 0.0137424 -0.00677808 0.0820506 0.154033 0.00214098 0.0837502 0.154653 0.00491306 0.00439763 0.0349718 -0.00070667 0.0183282 0.0480152 -0.00011996 0.0107876 0.0270161 -0.00830441 0.084252 0.154312 -0.00121842 0.0823906 0.154107 -7.05001e-005 0.0150092 0.0137403 -0.00667559 0.0173921 0.0494653 -0.00376971 0.0876856 0.157185 0.00344464 0.0855841 0.158474 0.00301862 0.0838341 0.159969 0.00163289 0.0814138 0.158418 0.00199979 0.0805851 0.156188 0.00263764 0.00695292 0.0465404 0.00319347 0.0160578 0.0149444 -0.00414477 0.0664712 0.153531 -0.00265186 0.0665595 0.154578 -7.454e-005 0.0725328 0.154609 -0.00282071 0.0725301 0.154997 -0.00080484 0.0759088 0.155136 -0.00124023 0.0724701 0.155828 0.00044252 0.07587 0.15565 -9.855e-005 0.0722559 0.157309 0.00085605 0.0753108 0.158233 0.00042279 0.0718467 0.158417 0.00086975 0.0715649 0.159536 0.00057892 0.0664514 0.158766 0.00170231 0.066227 0.16021 0.00127823 0.0844929 0.154877 -0.00206097 0.0841909 0.15489 -0.00418837 0.0806651 0.154458 -0.00415115 0.0842291 0.154691 -0.00626281 0.0803976 0.154628 -0.00578783 0.0839599 0.155856 -0.00762372 0.0800118 0.155622 -0.00682005 0.0799021 0.156476 -0.00693817 0.0776753 0.156837 -0.00653606 0.0798714 0.158101 -0.00648183 0.0776713 0.159154 -0.00596181 0.0798402 0.160407 -0.00416782 0.0779507 0.154873 -0.00328764 0.0759603 0.154836 -0.00319205 0.0776126 0.155013 -0.00137751 0.0776859 0.155945 -0.00018279 0.077686 0.158377 0.00023987 0.0776492 0.159552 -0.00069862 0.0749904 0.160344 -0.0007005 0.0751591 0.160961 -0.00185235 0.0714713 0.160843 -0.00054028 0.0716312 0.161402 -0.00206737 0.0665304 0.161531 -0.00039072 0.0671246 0.16214 -0.00265628 0.0675117 0.161418 -0.00541533 0.0724191 0.160952 -0.00446316 0.0756464 0.160823 -0.00389511 0.0779581 0.16061 -0.0040463 0.0759144 0.160401 -0.00543676 0.0758936 0.15863 -0.00638316 0.076118 0.156608 -0.00594086 0.0777012 0.155828 -0.00611889 0.077673 0.1552 -0.00512554 0.0673744 0.160158 -0.00671766 0.0725861 0.160198 -0.0057819 0.0723061 0.158297 -0.0065409 0.0723215 0.155925 -0.00597001 0.0761344 0.155284 -0.00502366 0.066672 0.157515 -0.00695935 0.0665758 0.154956 -0.00614064 0.0665654 0.153759 -0.00512742 0.0725315 0.154929 -0.0049427 0.080671 0.154422 -0.00219492 0.0804999 0.154573 -0.00113975 0.0798795 0.155042 0.00081092 0.0835972 0.156946 -0.00766839 0.066767 0.156217 0.00147635 0.0667393 0.157438 0.00189006 0.0835994 0.160437 0.0007616 0.0779617 0.160515 -0.00177567 0.0788185 0.159762 -0.00060581 0.0786628 0.157592 0.0007886</float_array>
					<technique_common>
						<accessor count="1020" source="#ID238" stride="3">
							<param name="X" type="float"/>
							<param name="Y" type="float"/>
							<param name="Z" type="float"/>
						</accessor>
					</technique_common>
				</source>
				<source id="ID239">
					<float_array id="ID240" count="2937" digits="2490374">-0.242938 0.937469 -0.249156 -0.162094 0.660469 -0.733125 -0.427594 0.855094 -0.293125 -0.25425 0.550531 -0.795125 -0.327938 0.756437 -0.565844 -0.0837187 0.482688 -0.87175 -0.0999375 0.800219 -0.591281 -0.0973125 0.381781 -0.919094 -0.0545 0.714969 -0.697 0.0409375 0.723063 -0.689531 0.0419688 0.985344 -0.165187 0.0681875 0.994531 -0.0790625 0.020625 0.986 0.165281 0.057375 0.942813 0.328281 -0.0364062 0.791531 0.61 0.055375 0.651312 0.75675 -0.0874688 0.387188 0.917813 0.0349687 0.3155 0.94825 0.0516562 0.1865 0.981062 0.109344 -0.282844 -0.952906 0.137437 -0.7775 -0.613656 -0.0151875 -0.132188 -0.991094 0.0043125 -0.7275 -0.686063 -0.0609687 -0.230937 -0.971031 -0.0696875 -0.592844 -0.802281 -0.0906875 -0.253062 -0.963156 0.00090625 -0.241313 -0.970438 -0.0448125 0.183 -0.982063 0.0648125 0.218406 -0.973688 0.101687 0.775063 -0.623594 -0.139437 0.506 0.851156 -0.196969 0.734375 0.6495 -0.158063 0.929656 0.33275 -0.0508125 0.998187 -0.0316563 -0.04 0.931781 -0.36075 0.131656 -0.944969 0.299406 0.0167813 -0.491437 0.870719 -0.156594 -0.958156 0.239531 -0.244094 -0.616813 0.748281 -0.180719 -0.964656 0.191656 -0.157844 -0.691813 0.704594 0.044125 -0.984812 0.167875 0.068125 -0.753469 0.653906 0.144875 -0.964156 -0.222188 -0.0735625 -0.947594 -0.310813 -0.151781 -0.891344 -0.427094 -0.0276562 -0.544563 -0.83825 -0.0034375 -0.886125 -0.463375 -0.189875 0.946344 -0.261438 -0.319375 0.947563 -0.00903125 -0.162219 -0.256969 0.952688 -0.12375 0.0622188 0.990344 0.0808437 0.0885625 0.992781 0.0740312 -0.247781 0.965969 0.0225313 0.528063 0.848875 -0.0910625 0.671938 0.734969 0.19075 0.636219 0.747531 0.0755937 0.846469 0.527 0.133219 0.688 0.713344 0.108844 0.916812 0.384125 -0.0209063 0.943844 0.329688 -0.0490625 0.9845 0.168187 -0.168375 0.902875 0.395531 -0.338031 0.922063 0.188469 -0.0584062 0.993375 -0.098875 0.170375 0.805 -0.56825 0.105656 0.405281 -0.908063 0.196875 -0.004875 -0.980406 0.192813 -0.1325 -0.972219 0.02625 0.9695 0.243594 0.106531 0.994031 -0.0224375 0.137281 0.988594 -0.0617188 0.141312 0.897844 -0.417 -0.00065625 0.834406 -0.551125 0.0741562 0.255594 -0.963906 0.255281 -0.897344 0.359969 0.258125 -0.956125 -0.138437 0.204969 -0.868156 0.451969 0.228344 -0.973344 0.0199375 0.06975 -0.891656 0.447281 0.151 -0.971031 0.185125 0.264469 -0.771812 -0.578219 0.270875 -0.861344 -0.42975 0.248219 -0.914156 -0.320406 0.0870313 -0.657906 0.748 0.222875 -0.673 0.705219 0.265281 -0.637156 0.723625 0.269625 0.00496875 0.962937 0.195281 -0.515906 -0.834063 0.2455 -0.441219 -0.863156 0.123938 -0.161625 -0.979031 -0.0303438 0.995031 -0.0946563 0.100719 0.973844 0.203562 0.00525 0.705531 0.708625 0.193531 -0.134875 0.97175 0.0355938 0.0005625 0.999344 0.263906 -0.525531 -0.808781 0.584063 -0.588625 0.558906 0.142875 -0.698656 0.701031 0.506906 -0.8285 0.237875 0.0435937 -0.998688 -0.02625 0.207344 -0.900031 -0.383281 -0.0235 -0.794219 -0.607156 0.137406 -0.701469 -0.699281 -0.084125 -0.518625 -0.850812 0.158937 -0.449125 -0.879188 -0.035 -0.251594 -0.967188 0.242563 -0.206656 -0.947844 0.027375 -0.0485937 -0.998438 0.309125 0.0223437 -0.950719 0.0747812 0.26775 -0.960563 0.350313 0.320781 -0.879969 0.148719 0.723844 -0.673688 0.391187 0.674969 -0.625594 0.267375 0.953531 -0.138656 0.445062 0.872187 -0.202844 0.254125 0.862437 0.437687 0.513188 0.786281 0.344031 0.526812 0.386125 0.757156 0.352875 0.906219 0.232844 0.346531 0.62775 0.696969 0.14225 0.766437 0.626344 0.159531 0.450844 0.878219 -0.0488125 0.66825 0.742312 -0.0428125 0.993906 -0.101281 -0.108062 0.768719 -0.630375 -0.163719 0.24325 -0.956031 -0.17925 -0.0750938 -0.980906 -0.226125 -0.262594 -0.938031 0.0060625 -0.267031 -0.963656 -0.206188 -0.600281 -0.77275 0.0654062 -0.635844 -0.769031 0.244969 -0.58525 -0.772937 0.084125 -0.389531 -0.917125 0.11125 -0.229125 -0.967 0.176656 0.0493125 -0.983031 0.235875 0.384813 -0.892313 0.296406 0.71775 -0.63 0.324875 0.913562 -0.244563 0.54875 -0.77125 0.3225 0.570813 -0.745906 0.343156 0.351594 -0.724375 0.592938 0.263 -0.665438 0.698531 -0.144406 -0.772812 0.617969 -0.173688 -0.5675 0.804812 -0.01425 -0.871906 0.489406 -0.066 -0.672781 0.736875 0.34225 0.299406 0.890594 0.506562 -0.0810938 0.858375 0.275969 0.248594 0.928437 0.220469 -0.304594 0.926594 -0.108594 -0.0661875 0.991875 0.505063 -0.316438 0.802938 0.524688 -0.318312 0.7895 0.342375 0.01075 0.939469 0.20675 0.142188 0.968 0.0488437 -0.967062 0.24975 0.0113125 -0.973906 0.226594 0.0805937 -0.95225 -0.294469 -0.115719 -0.900906 -0.418219 -0.055 -0.0268125 0.998094 0.473687 -0.780125 -0.408625 0.346563 -0.489688 -0.800031 0.187219 -0.237281 -0.953219 -0.0195625 -0.255656 -0.966563 0.05125 0.00746875 -0.998656 0.149531 0.38925 -0.908906 0.212656 0.721469 -0.658969 0.224094 0.935063 -0.274563 0.192219 0.969094 0.154531 0.233719 0.0324375 -0.97175 0.268656 0.413563 -0.869906 0.28075 0.719031 -0.635687 0.272531 0.921281 -0.277375 0.1955 0.972156 0.129156 0.0745 0.819562 0.568094 0.0423125 0.550937 0.833438 0.0719375 0.834437 0.546344 0.254469 0.95875 0.126594 0.342687 0.900656 -0.267125 0.365031 0.718969 -0.591438 0.3955 0.439687 -0.806344 0.427281 0.0945313 -0.899156 0.376781 -0.254406 -0.890656 0.257031 -0.0695937 -0.963875 0.417937 -0.195344 -0.887219 0.583094 -0.0913438 0.807219 0.305344 0.170906 0.93675 0.0766875 0.276094 0.958031 -0.0418437 0.600344 0.798625 0.706062 -0.63 -0.323281 0.397656 -0.486313 -0.778031 0.341219 -0.191813 -0.920187 0.377344 -0.0720937 -0.92325 0.692312 -0.621 0.367469 0.792094 -0.580969 0.187156 0.880844 -0.299062 0.366875 0.819094 -0.563656 -0.1065 0.225187 0.207312 0.952 -0.0239688 0.355406 0.934375 0.0356563 0.0069375 -0.999313 0.147969 -0.795781 -0.587188 0.027375 -0.08975 -0.995562 0.0619688 -0.791 -0.608656 0.088375 -0.1555 -0.983844 0.143656 -0.893531 -0.425344 0.468375 -0.882344 0.045125 0.13 -0.8265 0.547656 0.483656 -0.135813 0.864625 0.0767187 0.00553125 0.997031 0.0575312 0.90525 0.420906 0.040375 0.860344 0.508094 0.0269687 0.792813 -0.608844 0.17925 0.983281 -0.0310938 0.00475 0.530594 -0.847594 0.952594 -0.170375 -0.252 0.418187 -0.859469 -0.293938 0.0841563 -0.128094 -0.988156 0.0939375 -0.858594 -0.503937 0.127813 -0.86825 -0.479313 0.064375 -0.801406 0.594594 0.129063 -0.836937 0.531844 0.055 -0.0268125 0.998094 0.521062 -0.191531 0.831719 0.050625 0.829281 0.5565 0.5555 0.691875 0.461188 0.541656 0.669937 -0.507688 0.997281 -0.0722188 -0.0124375 0.507125 -0.235375 -0.829063 0.393375 -0.0599063 -0.917406 0.0648125 -0.0181562 -0.997719 0.207312 0.613125 -0.76225 0.025375 0.815469 -0.578219 0.230781 0.968906 -0.088875 0.0322812 0.869406 0.492969 0.469813 0.88275 0.00096875 0.068375 -0.0237188 0.997375 0.76375 -0.284594 0.579344 0.0569687 -0.743719 0.666031 0.495063 -0.830938 0.253781 0.728469 -0.659375 -0.185656 0.0611875 0.801156 -0.595281 0.519969 -0.185156 -0.833844 0.485781 0.717875 -0.498594 0.999031 0.043125 -0.00846875 0.496938 0.746437 0.442562 0.517563 -0.147844 0.84275 0.487687 0.0392187 -0.872125 0.069125 -0.056 -0.996031 0.262156 0.785594 -0.560406 0.0094375 0.823812 -0.566719 0.125625 0.990313 -0.0587813 0.006125 0.876844 0.480687 0.258625 0.842188 0.473031 0.547437 0.05975 0.834687 0.598875 -0.718 0.354656 0.0767187 0.784063 -0.615875 0.493406 0.678719 -0.543906 0.462875 0.760469 0.455375 0.99975 -0.0181875 -0.0115 0.998875 0.029375 -0.0364062 0.574406 -0.125094 0.808937 0.495406 0.781438 0.379312 0.0266562 0.84975 0.526469 0.015125 0.0266875 0.9995 -0.0055625 0.779813 0.625969 0.0506875 0.625625 0.778469 0.118844 0.992188 -0.0372187 0.430406 0.88975 -0.151812 0.484313 -0.874563 0.023625 0.0805312 -0.856531 0.50975 0.0945 -0.760281 -0.642656 0.5755 -0.815969 -0.0542812 0.0954688 -0.874937 -0.474687 0.097125 -0.838844 0.535594 0.169125 -0.709625 0.683937 0.0540937 0.034375 0.997938 0.984969 -0.0823437 0.151781 0.541469 -0.220656 -0.811219 0.484844 -0.282813 -0.827594 0.505156 -0.813094 0.28925 0.498563 0.860313 -0.105969 0.0403438 0.122344 0.991656 0.280562 -0.564281 0.776406 0.429844 -0.874469 0.224656 0.457969 -0.886531 -0.0653438 0.439562 -0.894188 0.0846563 0.459625 -0.868187 0.186969 0.260812 0.953594 -0.150312 0.178969 0.983844 0.00028125 -0.0171563 0.978188 -0.207 -0.0944688 0.984375 0.148375 0.268625 0.8705 -0.412313 0.265938 0.932312 -0.244969 -0.0191562 0.827781 -0.560687 -0.100406 0.955375 0.277719 0.216063 0.967531 0.131031 0.115531 0.961281 0.250062 -0.0143125 0.05275 -0.9985 -0.0890625 0.452 -0.887531 0.203344 0.906094 -0.370906 -0.0249688 0.462656 0.886156 -0.132656 0.588625 0.797406 0.245281 -0.969437 0.00246875 0.0989062 -0.67175 -0.734125 -0.141156 0.515 -0.845469 0.0837187 0.482656 -0.87175 0.0999375 0.800219 -0.591281 0.0973125 0.381781 -0.919094 0.0545 0.714938 -0.697 -0.0409375 0.723063 -0.689531 -0.044125 0.984812 -0.167875 -0.0681875 0.994531 -0.0790625 -0.020625 0.986 0.165281 -0.057375 0.942813 0.328281 0.0364062 0.791531 0.61 -0.055375 0.651312 0.75675 0.0874688 0.387188 0.917813 -0.0349687 0.3155 0.94825 -0.0516562 0.1865 0.981062 -0.1355 0.238719 0.961563 -0.153469 -0.0009375 0.988125 -0.1515 0.184031 0.971156 -0.160156 -0.0788438 0.983906 -0.118656 -0.992031 0.0419375 -0.159125 -0.979437 0.123938 -0.127813 -0.86825 -0.479313 -0.145437 -0.88125 -0.449656 -0.0962187 -0.4615 -0.881875 -0.0996562 -0.506938 -0.856188 -0.0750625 0.030625 -0.996687 -0.101031 -0.133156 -0.985906 -0.135375 0.395719 -0.908312 -0.0648125 0.218406 -0.973688 0.0448125 0.183 -0.982063 -0.0355938 -0.0005625 -0.999344 -0.027375 -0.08975 -0.995562 -0.147969 -0.795781 -0.587188 -0.0619688 -0.791 -0.608656 -0.064375 -0.801406 0.594594 -0.13 -0.8265 0.547656 -0.0767187 0.00553125 0.997031 -0.483656 -0.135813 0.864625 -0.0575312 0.90525 0.420906 -0.462875 0.760469 0.455375 -0.493406 0.678719 -0.543906 -0.99975 -0.0181875 -0.0115 -0.484844 -0.282813 -0.827594 -0.044125 -0.984812 0.167875 0.180719 -0.964656 0.191656 0.151781 -0.891344 -0.427094 0.0276562 -0.544563 -0.83825 0.0696875 -0.592844 -0.802281 0.0906875 -0.253062 -0.963156 0.0609687 -0.230937 -0.971031 -0.487687 0.0392187 -0.872094 -0.262156 0.785594 -0.560406 -0.069125 -0.056 -0.996031 -0.0094375 0.823812 -0.566719 -0.0269687 0.792813 -0.608844 -0.006125 0.876844 0.480687 -0.0266562 0.84975 0.526469 -0.0577188 -0.034375 0.997719 -0.495406 0.781438 0.379312 -0.574406 -0.125094 0.808937 -0.998875 0.029375 -0.0364062 -0.258625 0.842188 0.473031 -0.547469 0.05975 0.834687 -0.598875 -0.718 0.354656 -0.0805312 -0.856531 0.50975 -0.5755 -0.815969 -0.0542812 -0.0945 -0.760281 -0.642656 -0.088375 -0.1555 -0.983844 -0.143656 -0.893531 -0.425344 -0.468375 -0.882344 0.045125 -0.00475 0.530594 -0.847594 -0.0767187 0.784063 -0.615875 -0.068125 -0.753469 0.653906 -0.142375 -0.826688 0.544281 -0.0740312 -0.247781 0.965969 -0.151313 -0.454688 0.877688 0.157844 -0.691813 0.704594 0.162219 -0.256969 0.952688 -0.134125 -0.867938 -0.478188 -0.484313 -0.874563 0.023625 -0.17925 0.983281 -0.0310938 -0.040375 0.860344 0.508094 -0.498563 0.860313 -0.105969 -0.984969 -0.0823437 0.15175 -0.485781 0.717875 -0.498594 -0.541469 -0.220656 -0.811219 -0.159625 0.471938 0.867031 -0.134937 0.550281 0.823969 -0.147 0.804812 0.574969 -0.119 0.879438 0.460875 -0.128031 0.985281 0.113094 -0.122437 0.992312 0.0169687 -0.0886562 0.627781 -0.773281 -0.143187 0.858719 -0.492 -0.111781 0.939469 -0.323813 -0.125625 0.990313 -0.0587813 0.04 0.931781 -0.36075 0.0508125 0.998187 -0.0316563 -0.505156 -0.813094 0.28925 -0.132906 -0.557594 0.819375 -0.097 -0.906125 0.411719 0.12375 0.0622188 0.990344 -0.393375 -0.0599063 -0.917406 -0.207312 0.613125 -0.762281 -0.0648125 -0.0181562 -0.997719 -0.025375 0.815437 -0.578219 -0.0611875 0.801156 -0.595281 -0.0322812 0.869406 0.492969 -0.050625 0.829281 0.5565 -0.0750625 -0.030625 0.996687 -0.517563 -0.147844 0.84275 -0.097125 -0.838844 0.535594 -0.0954688 -0.874937 -0.474687 -0.728469 -0.659375 -0.185656 -0.0910625 -0.671938 -0.734969 0.0143125 0.05275 -0.9985 0.0890625 0.452 -0.887531 -0.203344 0.906094 -0.370906 0.141156 0.515 -0.845469 0.0191562 0.827781 -0.560687 -0.268625 0.8705 -0.412313 -0.265938 0.932312 -0.244969 -0.230781 0.968906 -0.088875 -0.469813 0.88275 0.00096875 -0.260812 0.953594 -0.150312 -0.178969 0.983844 0.00028125 -0.418187 -0.859469 -0.293938 -0.952594 -0.170406 -0.252 -0.430406 0.88975 -0.151812 -0.216063 0.967531 0.131031 -0.519969 -0.185156 -0.833844 -0.999031 0.0430937 -0.00846875 -0.496938 0.746437 0.442562 -0.0569687 -0.743719 0.666031 -0.495063 -0.830938 0.253781 0.0171563 0.978188 -0.207 -0.76375 -0.284594 0.579344 -0.0403438 0.122344 0.991656 -0.0540937 0.034375 0.997938 0.0249688 0.462656 0.886156 -0.0506875 0.625625 0.778437 -0.280562 -0.564281 0.776406 -0.169125 -0.709625 0.683937 -0.429844 -0.874469 0.224656 -0.457969 -0.886531 -0.0653438 -0.439562 -0.894188 0.0846563 -0.459625 -0.868187 0.186969 -0.245281 -0.969437 0.00246875 0.970094 -0.0761875 0.230344 0.930125 -0.298156 0.21425 0.914156 -0.150125 -0.376531 0.894938 -0.276094 -0.350437 0.627844 -0.292406 -0.721313 0.581781 -0.303656 -0.7545 -0.021375 -0.289594 -0.956875 -0.00084375 -0.29925 -0.954156 -0.42675 -0.331469 -0.841406 -0.499938 0.00359375 -0.866031 -0.792906 -0.295687 -0.53275 -0.899844 0.0329375 -0.434938 -0.944656 -0.251219 0.210938 -0.941219 0.00415625 0.337687 -0.60475 -0.170813 0.777844 -0.439281 -0.336313 -0.833 -0.821906 -0.322937 -0.469187 -0.455813 -0.181688 -0.871312 -0.836 -0.16725 -0.522563 -0.930625 0.0975625 -0.352625 -0.955531 -0.220656 0.1955 -0.968875 0.0678438 0.237937 -0.689969 -0.0888125 0.718344 -0.754938 0.00528125 0.655719 -0.22725 0.00096875 0.973813 -0.692156 0.0952813 0.715375 0.0284062 0.271219 0.962094 0.964437 0.109594 0.240406 0.914094 -0.0365 0.403844 0.699156 -0.157688 0.697312 0.510125 -0.175719 0.841937 0.246125 -0.256938 0.934531 0.0455937 -0.166313 0.985 -0.398875 -0.162219 0.902531 -0.642812 -0.035 0.765188 -0.945687 0.199875 0.256281 -0.858125 0.283312 -0.428156 -0.833094 0.376969 -0.404719 -0.499531 0.470313 -0.727469 -0.521 -0.805531 -0.282219 -0.307656 -0.930469 -0.198781 -0.222312 -0.970844 0.0895313 -0.0918125 -0.959625 -0.26575 0.091375 -0.446094 -0.890281 0.144469 0.239969 -0.959938 0.236406 -0.962031 -0.136187 0.514969 -0.82 0.249719 0.532656 -0.72525 0.436156 0.654406 -0.150156 0.741063 0.518438 0.133594 0.844594 0.380469 0.514719 0.768281 0.218969 0.734719 0.642031 0.220875 0.686188 0.693062 0.197844 0.887 0.417156 0.132656 0.588625 0.797406 0.100406 0.955375 0.277719 -0.0597812 -0.129469 -0.98975 -0.520219 0.196344 -0.831125 0.00065625 0.149281 -0.988781 -0.0766875 -0.276094 -0.958031 0.537 -0.212437 -0.816375 0.000375 -0.598219 -0.801313 0.405344 -0.633344 -0.659187 0.139125 -0.989969 -0.0244063 0.209281 -0.8905 -0.403906 0.166656 -0.895125 -0.413469 0.284219 -0.610469 -0.739281 0.21775 -0.455156 -0.863344 0.188219 -0.0645313 -0.979969 0.184469 0.0902188 -0.978656 0.0993125 0.416719 -0.903562 0.0955625 -0.397312 -0.912687 -0.0263125 0.181469 -0.983031 -0.0383437 0.575844 -0.816625 -0.0995312 0.708969 -0.698125 -0.13475 0.953344 -0.270063 -0.1265 0.962375 -0.240344 -0.133781 0.962156 0.237344 -0.0841563 -0.128094 -0.988156 -0.0939375 -0.858594 -0.503937 -0.129063 -0.836937 0.531812 -0.521062 -0.191531 0.831719 -0.997281 -0.07225 -0.0124375 -0.124312 -0.941188 -0.314094 0.190938 -0.978375 0.0792812 0.277281 -0.522219 0.806437 0.132375 0.305375 0.942969 0.0225313 0.689344 0.724031 -0.0326562 0.948844 0.314 0.0055625 0.779813 0.625969 0.923094 -0.180375 0.339563 0.925094 -0.252781 -0.283281 0.964031 -0.118156 -0.238031 0.630031 0.0129687 -0.776438 0.953562 0.101656 -0.283406 0.624375 0.287031 -0.726438 0.918906 0.249281 -0.305687 0.475812 0.421969 -0.771688 0.509844 -0.150281 -0.847 0.640406 0.0664688 -0.765125 0.892406 0.128188 -0.432594 0.82225 -0.4265 -0.37675 0.733063 -0.624781 -0.26875 -0.113438 0.933688 -0.339531 -0.549625 0.712594 -0.435969 -0.399406 0.320469 -0.858906 -0.647094 -0.0940313 -0.756562 -0.404687 -0.508 -0.760344 -0.5265 -0.822219 -0.216125 -0.0508125 -0.998187 0.0316563 -0.322344 -0.647313 0.690687 -0.1385 0.183094 0.973281 -0.143906 0.715594 0.6835 -0.545375 0.287375 -0.787375 0.008125 0.363219 -0.931656 -0.0541875 0.495719 -0.86675 -0.419562 -0.769 -0.48225 0.0394063 -0.996875 -0.068375 0.106406 -0.958812 0.263312 -0.491625 -0.566938 -0.660937 -0.465719 -0.436312 -0.769875 -0.861281 -0.252875 -0.440719 -0.507125 -0.235375 -0.829063 -0.541656 0.669937 -0.507688 -0.5555 0.691844 0.461188 -0.073125 -0.0979687 0.992469 0.566813 0.037125 0.823 0.76775 0.0234687 0.640281 -0.115531 0.961281 0.250031 -0.118656 0.992031 -0.0419375 -0.015125 0.0266875 0.9995 0.0322812 -0.869406 -0.492969 0.0944688 0.984375 0.148375 -0.0331562 0.953656 -0.299 -0.158844 0.92625 -0.34175 0.0515938 0.817813 0.573156 -0.224094 0.659563 0.717438 -0.999906 -0.01075 0.0056875 0.974063 0.1175 0.193281 0.692813 0.00828125 0.721031 -0.721062 -0.632344 -0.283156 -0.944656 -0.181187 0.273375 -0.983156 -0.174344 0.0544688 0.956094 -0.2695 0.114844 0.938031 -0.345531 -0.0252187 -0.0256562 -0.99925 -0.028 -0.0502812 -0.942187 0.331187 -0.106812 -0.571781 0.813406 -0.00603125 -0.999687 -0.0235313 0.021375 0.007625 -0.999719 0.036125 0.506906 0.861219 -0.340062 0.209875 0.916656 0.111344 0.587062 0.801844 -0.271625 0.868156 0.415312 0.183687 0.742063 0.644625 0.093 0.639 0.763531 0.38375 -0.03 0.922938 0.037 -0.7025 0.710688 0.059375 -0.952906 0.297344 -0.168156 -0.985656 0.0124687 -0.333156 -0.828844 -0.449406 -0.207125 -0.570813 -0.7945 -0.630031 0.0129687 -0.776438 -0.258188 0.36975 -0.892531 -0.828375 0.549406 -0.108969 0.0681875 -0.487969 0.870156 -0.0292188 -0.998375 0.0487188 -0.172219 0.318 -0.932281 -0.879313 -0.330906 0.342438 -0.730094 -0.569687 -0.377313 -0.736969 -0.67075 0.0832812 -0.505031 -0.751719 -0.424062 -0.126 -0.984312 -0.12325 -0.009375 -0.964312 -0.264562 0.340156 -0.876344 0.341 0.414875 -0.0694375 0.907219 0.578156 -0.200312 0.790937 0.158063 0.929656 0.33275 0.189875 0.946344 -0.261438 0.327938 0.756437 -0.565875 0.25425 0.550531 -0.795125 0.0151875 -0.132188 -0.991094 -0.100969 -0.275906 -0.955844 -0.158906 -0.779375 -0.606031 0.156594 -0.958156 0.239531 0.0735625 -0.947594 -0.310813 -0.0225313 0.528063 0.848875 -0.0808437 0.0885625 0.992781 0.139437 0.506 0.851156 0.196969 0.734375 0.6495 0.338031 0.922063 0.188469 0.319375 0.947563 -0.00903125 -0.131656 -0.944969 0.299406 -0.0167813 -0.491437 0.870719 0.244094 -0.616813 0.748281 0.1665 0.6575 -0.734781 0.427594 0.855094 -0.293125 -0.144875 -0.964156 -0.222188 -0.141312 0.897844 -0.417 -0.137281 0.988594 -0.0617188 -0.170375 0.805 -0.56825 -0.106531 0.994031 -0.0224375 0.0584062 0.993375 -0.098875 -0.02625 0.9695 0.243594 0.168375 0.902875 0.395531 -0.0755937 0.846469 0.527 0.0910625 0.671938 0.734969 -0.19075 0.636219 0.7475 -0.269625 0.00496875 0.962937 -0.265281 -0.637156 0.723625 -0.255281 -0.897344 0.359969 -0.258125 -0.956125 -0.138437 -0.255531 -0.80575 -0.53425 -0.191188 -0.569875 -0.799156 -0.132094 -0.125344 -0.98325 -0.226656 -0.453438 -0.861969 -0.133219 0.688 0.713344 -0.193531 -0.134875 0.97175 -0.222875 -0.673 0.705219 -0.204969 -0.868156 0.451969 0.242938 0.937469 -0.249156 -0.270875 -0.861344 -0.42975 -0.228344 -0.973344 0.0199375 -0.100719 0.973844 0.203562 -0.108844 0.916812 0.384125 -0.12175 0.466625 -0.876 0.0488125 0.66825 0.742312 -0.00525 0.705531 0.708625 -0.254125 0.862437 0.437687 0.0209063 0.943844 0.329688 0.0490625 0.9845 0.168187 0.0428125 0.993906 -0.101281 0.0303438 0.995031 -0.0946563 0.163719 0.24325 -0.956031 -0.0741562 0.255594 -0.963906 0.17925 -0.0750938 -0.980906 -0.123938 -0.161625 -0.979031 0.226125 -0.262594 -0.938031 -0.0060625 -0.267031 -0.963656 0.206188 -0.600281 -0.77275 -0.0654062 -0.635844 -0.769031 0.115719 -0.900906 -0.418219 -0.0435937 -0.998688 -0.02625 0.0235 -0.794219 -0.607156 -0.207344 -0.900031 -0.383281 -0.137406 -0.701469 -0.699281 -0.249781 -0.628625 -0.736469 -0.158937 -0.449125 -0.879188 -0.137437 -0.382813 -0.9135 -0.242563 -0.206656 -0.947844 -0.11125 -0.229125 -0.967 -0.309125 0.0223437 -0.950719 -0.176656 0.0493125 -0.983031 -0.371312 0.292719 -0.881125 -0.215625 0.336781 -0.916531 -0.404563 0.649969 -0.643281 0.084125 -0.518625 -0.850812 0.035 -0.251594 -0.967188 -0.027375 -0.0485937 -0.998438 -0.0747812 0.26775 -0.960563 -0.148719 0.723844 -0.673688 -0.267375 0.953531 -0.138656 -0.351594 -0.724375 0.592938 0.144406 -0.772812 0.617969 -0.263 -0.665438 0.698531 0.173688 -0.5675 0.804812 -0.220469 -0.304594 0.926594 0.108594 -0.0661875 0.991875 -0.275969 0.248594 0.928437 -0.0355938 0.0005625 0.999344 -0.584063 -0.588625 0.558875 -0.506906 -0.8285 0.237875 -0.142875 -0.698656 0.701031 -0.0113125 -0.973906 0.226594 -0.0805937 -0.95225 -0.294469 -0.263906 -0.525531 -0.808781 -0.4355 0.874531 -0.213281 -0.283469 0.673531 -0.682594 -0.184219 0.699219 -0.690719 -0.1065 0.366656 -0.924219 -0.0488437 -0.967062 0.24975 0.01425 -0.871906 0.489406 -0.151 -0.971031 0.185125 -0.06975 -0.891656 0.447281 -0.473687 -0.780125 -0.408625 -0.303031 -0.498625 -0.812094 -0.171906 -0.22325 -0.959469 0.0195625 -0.255656 -0.966563 -0.196875 -0.004875 -0.980406 -0.192813 -0.1325 -0.972219 -0.526812 0.386125 0.757156 -0.506562 -0.0810938 0.858375 -0.34225 0.299406 0.890594 -0.342375 0.01075 0.939469 -0.20675 0.142188 0.968 -0.237656 0.929844 -0.280875 -0.327938 0.908031 -0.260594 -0.513156 0.786281 0.344031 -0.248219 -0.914156 -0.320406 -0.05125 0.00746875 -0.998656 -0.54875 -0.77125 0.3225 -0.570813 -0.745906 0.343156 -0.505063 -0.316438 0.802938 -0.524688 -0.318312 0.7895 0.066 -0.672781 0.736875 -0.0870313 -0.657906 0.748 -0.192219 0.969094 0.154531 -0.352875 0.906219 0.232844 -0.14225 0.766437 0.626344 -0.346563 0.62775 0.696969 -0.159531 0.450844 0.878219 -0.268656 0.413563 -0.869906 -0.28075 0.719031 -0.635687 -0.272531 0.921281 -0.277375 -0.1955 0.972156 0.129156 -0.0745 0.819562 0.568094 -0.0423125 0.550937 0.833438 -0.0766875 0.276094 0.958031 -0.376781 -0.254406 -0.890656 -0.257031 -0.0695937 -0.963875 -0.187219 -0.237281 -0.953219 -0.233719 0.0324375 -0.97175 -0.417937 -0.195344 -0.887219 -0.427281 0.0945313 -0.899156 -0.583094 -0.0913438 0.807219 -0.305344 0.170906 0.93675 -0.225187 0.207312 0.952 0.0239688 0.355406 0.934375 0.0418437 0.600344 0.798625 -0.880844 -0.299062 0.366875 -0.819094 -0.563656 -0.106469 -0.706062 -0.63 -0.323281 -0.397625 -0.486313 -0.778031 -0.692312 -0.621 0.367438 -0.341219 -0.191813 -0.920187 -0.792094 -0.580969 0.187156 -0.377344 -0.0720937 -0.92325 -0.0719375 0.834437 0.546344 -0.254469 0.95875 0.126594 -0.342687 0.900656 -0.267125 -0.365031 0.718969 -0.591438 -0.3955 0.439687 -0.806344 -0.76775 0.0234687 0.640281 -0.566813 0.037125 0.823 0.259281 0.049 0.964531 0.698719 0.136438 0.70225 0.795531 0.0908125 0.599031 0.956219 -0.15075 0.25075 0.964406 0.0599063 0.257437 0.930625 0.0975625 -0.352625 0.955531 -0.220656 0.1955 0.836 -0.16725 -0.522563 0.821906 -0.322937 -0.469187 0.455813 -0.181688 -0.871312 0.439281 -0.336313 -0.833 0.021375 -0.289594 -0.956875 0.42675 -0.331469 -0.841406 0.00084375 -0.29925 -0.954156 0.499938 0.00359375 -0.866031 -0.021375 0.007625 -0.999719 -0.008125 0.363219 -0.931656 -0.624375 0.287031 -0.726438 -0.953562 0.101656 -0.283406 -0.918906 0.249281 -0.305687 -0.964437 0.109594 0.240406 0.521 -0.805531 -0.282219 0.419562 -0.769 -0.48225 0.505031 -0.751719 -0.424062 0.009375 -0.964312 -0.264562 0.126 -0.984312 -0.12325 -0.340156 -0.876344 0.341 -0.059375 -0.952906 0.297344 -0.414875 -0.0694375 0.907219 -0.38375 -0.03 0.922938 -0.111344 0.587062 0.801844 -0.183687 0.742063 0.644625 0.271625 0.868156 0.415312 -0.093 0.639 0.763531 0.158844 0.92625 -0.34175 -0.0515938 0.817813 0.573156 0.113438 0.933688 -0.339531 0.224094 0.659563 0.717438 0.549625 0.712594 -0.435969 0.999906 -0.01075 0.0056875 -0.914094 -0.0365 0.403844 -0.964031 -0.118156 -0.238031 -0.925094 -0.252781 -0.283281 -0.581781 -0.303656 -0.7545 -0.894938 -0.276094 -0.350437 -0.627844 -0.292406 -0.721313 -0.914156 -0.150125 -0.376531 -0.509844 -0.150281 -0.847 -0.640406 0.0664688 -0.765125 -0.00065625 0.149281 -0.988781 -0.537 -0.212437 -0.816375 0.0859063 -0.269375 -0.959188 -0.000375 -0.598219 -0.801313 0.491625 -0.566938 -0.660937 0.736969 -0.67075 0.0832812 0.730094 -0.569687 -0.377313 0.879313 -0.330906 0.342438 0.637625 0.00984375 -0.77025 0.828375 0.549406 -0.108969 0.258188 0.36975 -0.892531 0.172219 0.318 -0.932281 0.399406 0.320437 -0.858906 0.647125 -0.0940313 -0.756531 0.5265 -0.822219 -0.216125 -0.938031 -0.345531 -0.0252187 -0.956094 -0.2695 0.114844 -0.974063 0.1175 0.193281 -0.692813 0.00828125 0.721031 0.073125 -0.0979687 0.992469 -0.0455937 -0.166313 0.985 0.60475 -0.170813 0.777844 0.398875 -0.162219 0.902531 0.642812 -0.035 0.765188 0.704156 -0.103156 0.702469 0.944656 -0.251219 0.210938 0.941219 0.00415625 0.337687 0.899844 0.0329375 -0.434938 0.858125 0.283312 -0.428156 0.545375 0.287375 -0.787375 0.499531 0.470313 -0.727469 0.333156 -0.828844 -0.449406 0.168156 -0.985656 0.0124687 0.207125 -0.570813 -0.7945 0.0292188 -0.998375 0.0487188 0.0508125 -0.998187 0.0316563 0.404687 -0.508 -0.760344 0.520219 0.196344 -0.831125 0.861281 -0.252875 -0.440719 0.465719 -0.436312 -0.769875 -0.037 -0.7025 0.710688 -0.0681875 -0.487969 0.870156 0.322344 -0.647313 0.690687 -0.970094 -0.0761875 0.230344 -0.510125 -0.175719 0.841937 -0.246125 -0.256938 0.934531 -0.930125 -0.298156 0.21425 -0.892406 0.128188 -0.432594 -0.475812 0.421969 -0.771688 0.0541875 0.495719 -0.86675 0.792906 -0.295687 -0.53275 -0.405344 -0.633344 -0.659187 -0.82225 -0.4265 -0.37675 -0.733063 -0.624781 -0.26875 -0.514969 -0.82 0.24975 -0.578156 -0.200312 0.790906 -0.923094 -0.180375 0.339563 0.945687 0.199875 0.256281 0.0597812 -0.129469 -0.98975 0.124312 -0.941188 -0.314094 -0.236406 -0.962031 -0.136187 0.721062 -0.632344 -0.283156 0.833094 0.376969 -0.404719 0.340062 0.209875 0.916656 -0.036125 0.506906 0.861219 -0.220875 0.686188 0.693062 -0.380469 0.514719 0.768281 -0.654406 -0.150156 0.741063 -0.699156 -0.157688 0.697312 0.980969 -0.190437 0.0377812 0.159125 -0.979437 0.123938 0.142375 -0.826688 0.544281 0.118656 -0.992031 0.0419688 0.097 -0.906125 0.411719 0.0502812 -0.942187 0.331187 0.132906 -0.557594 0.819375 0.106812 -0.571781 0.813375 0.160156 -0.0788438 0.983906 0.1385 0.183094 0.973281 0.1515 0.184031 0.971156 0.159625 0.471938 0.867031 0.1355 0.238719 0.961563 0.134937 0.550281 0.823969 0.307656 -0.930469 -0.198781 0.222312 -0.970844 0.0895313 0.00603125 -0.999687 -0.0235313 0.0918125 -0.959625 -0.26575 -0.166656 -0.895125 -0.413469 -0.091375 -0.446094 -0.890281 -0.184469 0.0902188 -0.978656 -0.188219 -0.0645313 -0.98 -0.0993125 0.416719 -0.903562 0.0383437 0.575844 -0.816625 0.0331562 0.953656 -0.299031 -0.139125 -0.989969 -0.0244063 0.0256562 -0.99925 -0.028 -0.106406 -0.958812 0.263312 -0.277281 -0.522219 0.806437 -0.132375 0.305375 0.942969 -0.0225313 0.689344 0.724031 0.143906 0.715594 0.6835 0.133781 0.962156 0.237344 0.147 0.804812 0.574969 0.128031 0.985281 0.113094 0.119 0.879438 0.460875 0.122437 0.992312 0.0169687 0.143187 0.858719 -0.492 0.111781 0.939469 -0.323813 0.1265 0.962375 -0.240344 0.13475 0.953344 -0.270063 0.0995312 0.708969 -0.698125 0.0263125 0.181469 -0.983031 -0.0955625 -0.397312 -0.912687 -0.284219 -0.610438 -0.739281 -0.209281 -0.8905 -0.403906 0.135375 0.395719 -0.908312 0.0886562 0.627781 -0.773281 0.0750625 0.030625 -0.996687 0.0962187 -0.4615 -0.881875 -0.0322812 -0.869406 -0.492969 0.101031 -0.133156 -0.985906 0.0996562 -0.506938 -0.856188 0.145437 -0.88125 -0.449656 -0.0394063 -0.996875 -0.068375 -0.190938 -0.978375 0.0792812 -0.532656 -0.72525 0.436156 -0.144469 0.239969 -0.959938 0.151313 -0.454688 0.877688 0.153469 -0.0009375 0.988125 -0.197844 0.887 0.417156 0.0326562 0.948844 0.314 -0.218969 0.734719 0.642031 -0.518438 0.133563 0.844594</float_array>
					<technique_common>
						<accessor count="979" source="#ID240" stride="3">
							<param name="X" type="float"/>
							<param name="Y" type="float"/>
							<param name="Z" type="float"/>
						</accessor>
					</technique_common>
				</source>
				<source id="ID241">
					<float_array id="ID242" count="1112" digits="2490374">-0.267444 0.489626 -0.203893 0.497923 -0.251163 0.462046 -0.203118 0.469186 -0.229621 0.442377 -0.216225 0.415494 -0.222627 0.403607 -0.208263 0.391843 -0.219678 0.367368 -0.219872 0.34277 -0.249436 0.350101 -0.264872 0.299699 -0.289491 0.3682 -0.307705 0.308531 -0.32535 0.389783 -0.340409 0.316723 -0.358329 0.407754 -0.366295 0.327481 -0.388163 0.331817 -0.149679 0.534978 -0.098177 0.511833 -0.151614 0.475264 -0.09795 0.465156 -0.151049 0.443113 -0.106352 0.425244 -0.148548 0.410526 -0.144005 0.344639 -0.191422 0.365519 -0.184954 0.314769 -0.221987 0.298469 -0.357994 0.433143 -0.326505 0.447557 -0.307666 0.427068 -0.269709 0.402748 -0.23637 0.379197 -0.497221 0.480676 -0.432974 0.482558 -0.496712 0.439589 -0.439 0.440477 -0.497748 0.404503 -0.442025 0.401991 -0.496669 0.339865 -0.447857 0.336175 -0.066815 0.494767 -0.074857 0.451993 -0.079355 0.414085 -0.09983 0.349642 -0.073261 0.344818 -0.032859 0.48185 -0.035357 0.441537 -0.03844 0.406885 -0.043233 0.339865 -0.248593 0.422404 -0.273544 0.44461 -0.404049 0.412971 -0.393713 0.424173 -0.386578 0.485213 -0.406147 0.331413 -0.372432 0.489079 -0.353637 0.497976 -0.370799 0.544258 -0.335803 0.542439 -0.362752 0.621495 -0.323791 0.621407 -0.324258 0.705502 -0.294359 0.705811 -0.321823 0.489257 -0.292639 0.463896 -0.287439 0.508966 -0.218748 0.60606 -0.199552 0.582476 -0.16889 0.679884 -0.154124 0.682777 -0.31474 0.542637 -0.286321 0.544759 -0.275754 0.616863 -0.239926 0.620292 -0.23012 0.705223 -0.19392 0.709456 -0.026031 0.525939 -0.060752 0.538321 -0.022188 0.602908 -0.054517 0.608526 -0.019816 0.685752 -0.049888 0.671027 -0.090128 0.550612 -0.086358 0.605837 -0.082436 0.677695 -0.488478 0.69174 -0.445815 0.702761 -0.488113 0.605147 -0.444648 0.608741 -0.431818 0.536427 -0.391429 0.544381 -0.113461 0.572361 -0.118917 0.62919 -0.157028 0.600872 -0.264381 0.705371 -0.301087 0.618914 -0.360811 0.703919 -0.400367 0.621219 -0.402239 0.701336 -0.492943 0.525577 -0.11423 0.686479 -0.002461 0.916291 -0.025251 0.877573 -0.053011 0.916138 -0.061916 0.839392 -0.104887 0.867801 -0.103408 0.80409 -0.114391 0.837958 -0.119547 0.78812 -0.137554 0.821193 -0.142682 0.788681 -0.161579 0.824807 -0.168541 0.791114 -0.184985 0.827353 -0.19713 0.788994 -0.208356 0.822904 -0.227938 0.782886 -0.232753 0.819353 -0.266788 0.766655 -0.265638 0.81953 -0.323537 0.76875 -0.311137 0.832518 -0.360775 0.854429 -0.306633 0.877761 -0.344824 0.896257 -0.338476 0.917966 -0.360057 0.933905 -0.364412 0.765298 -0.296566 0.738241 -0.261536 0.73709 -0.225028 0.745085 -0.191448 0.743722 -0.162506 0.751556 -0.148109 0.700725 -0.131907 0.754053 -0.134862 0.721118 -0.111562 0.751275 -0.111325 0.719674 -0.12532 0.873904 -0.14547 0.851749 -0.167843 0.851287 -0.191086 0.8559 -0.211889 0.855334 -0.235901 0.851889 -0.261458 0.864834 -0.503638 0.960698 -0.47159 0.960791 -0.494608 0.898238 -0.424425 0.875565 -0.493588 0.829524 -0.440133 0.81427 -0.490157 0.765741 -0.44667 0.760086 -0.367915 0.915926 -0.386062 0.896691 -0.376811 0.831117 -0.40056 0.854096 -0.404781 0.819088 -0.420514 0.954469 -0.399443 0.925729 -0.39156 0.939117 -0.383201 0.951553 -0.028219 0.756845 -0.056953 0.72859 -0.027093 0.81747 -0.065376 0.76964 -0.084915 0.720586 -0.090853 0.756504 -0.405038 0.757553 -0.107635 0.91339 -0.13584 0.901064 -0.148571 0.877065 -0.170696 0.873202 -0.193649 0.87495 -0.215269 0.878015 -0.237728 0.883519 -0.26087 0.897804 -0.300689 0.908814 -0.54019 0.948879 -0.534728 0.890223 -0.196603 0.904175 -0.218843 0.911633 -0.238918 0.915064 -0.259413 0.921525 -0.296341 0.93298 -0.327998 0.955198 -0.352407 0.965729 -0.321437 0.992912 -0.290387 0.992912 -0.25891 0.992912 -0.245574 0.992912 -0.233982 0.992912 -0.217195 0.992912 -0.144908 0.927989 -0.164117 0.9138 -0.178355 0.903292 -0.196045 0.992912 -0.42151 0.992911 -0.404945 0.976679 -0.379266 0.975825 -0.341197 0.992912 -0.094656 0.990994 -0.119822 0.993483 -0.147315 0.992912 -0.179663 0.992912 -0.509815 0.996223 -0.471283 0.996223 -0.571049 0.996223 -0.002418 0.995 -0.05977 0.995 -0.399216 0.992915 -0.381103 0.992912 -0.981439 0.781577 -0.981448 0.812733 -0.901452 0.781619 -0.877069 0.812421 -0.795736 0.781669 -0.78819 0.812344 -0.706003 0.840004 -0.788263 0.85078 -0.705318 0.883646 -0.822548 0.883709 -0.791281 0.906875 -0.871592 0.9067 -0.87501 0.952698 -0.980759 0.930341 -0.980866 0.952576 -0.839193 0.781669 -0.87741 0.851067 -0.704916 0.906998 -0.704927 0.952664 -0.683286 0.929544 -0.70591 0.98315 -0.981389 0.983108 -0.793269 0.983622 -0.980792 0.907659 -0.98154 0.883992 -0.98106 0.8513 -0.792228 0.952706 -0.981525 0.983101 -0.840413 0.983615 -0.981003 0.95257 -0.875147 0.952691 -0.980895 0.930334 -0.871729 0.906693 -0.980929 0.907652 -0.822684 0.883703 -0.981677 0.883985 -0.981197 0.851294 -0.899673 0.98324 -0.683422 0.929537 -0.705455 0.883639 -0.705052 0.906991 -0.791418 0.906869 -0.792364 0.9527 -0.912831 0.884073 -0.980792 0.907597 -0.840277 0.983622 -0.70614 0.839997 -0.7884 0.850773 -0.877547 0.85106 -0.877206 0.812415 -0.981585 0.812726 -0.981576 0.78157 -0.70591 0.781558 -0.683286 0.839427 -0.705063 0.952657 -0.706046 0.983144 -0.83933 0.781662 -0.788327 0.812337 -0.683422 0.83942 -0.706046 0.781551 -0.994726 0.714889 -0.993411 0.749427 -0.981877 0.72759 -0.981346 0.754655 -0.966724 0.729552 -0.950671 0.761126 -0.930162 0.733035 -0.933333 0.76064 -0.907614 0.732838 -0.904359 0.761233 -0.878111 0.732952 -0.887224 0.757319 -0.859595 0.75508 -0.744534 0.753544 -0.730252 0.755863 -0.739128 0.767409 -0.734786 0.768299 -0.74208 0.731897 -0.715942 0.734607 -0.74458 0.590698 -0.71467 0.592361 -0.782662 0.743915 -0.771201 0.747661 -0.779592 0.760983 -0.774813 0.762277 -0.778849 0.727563 -0.754876 0.73305 -0.770501 0.592978 -0.682685 0.690043 -0.697226 0.731338 -0.67802 0.728471 -0.684741 0.753928 -0.670984 0.751415 -0.814444 0.724938 -0.812549 0.741661 -0.804303 0.726259 -0.805383 0.742446 -0.790856 0.727504 -0.793936 0.743415 -0.701613 0.754723 -0.714677 0.75198 -0.651922 0.717257 -0.664639 0.729643 -0.651748 0.751823 -0.659017 0.750801 -0.684807 0.764502 -0.689516 0.771935 -0.700833 0.76392 -0.695788 0.770778 -0.669434 0.699838 -0.845644 0.751231 -0.839812 0.727058 -0.756756 0.748927 -0.820626 0.747982 -0.826015 0.724595 -0.793863 0.631272 -0.37194 0.233406 -0.393389 0.226719 -0.377562 0.140356 -0.396547 0.13109 -0.043233 0.115561 -0.043233 0.220155 -0.067319 0.118131 -0.070539 0.219217 -0.104728 0.124819 -0.098512 0.222329 -0.166647 0.129031 -0.148273 0.225893 -0.199063 0.220142 -0.496669 0.220155 -0.447906 0.219585 -0.413611 0.223092 -0.357122 0.147248 -0.347789 0.239555 -0.326448 0.150382 -0.314973 0.236136 -0.297001 0.147603 -0.279083 0.227362 -0.21716 0.127164 -0.231994 0.219954 -0.250972 0.131426 -0.421211 0.124127 -0.444029 0.118268 -0.496669 0.115561 -1.52316 0.15836 -1.52316 0.261834 -1.56855 0.180159 -1.57279 0.24431 -1.61018 0.247501 -1.60885 0.281279 -1.64264 0.253925 -1.64398 0.28736 -1.67639 0.289849 -1.67955 0.321529 -1.72275 0.315669 -1.71969 0.347461 -1.76195 0.316175 -1.76 0.359236 -1.81544 0.319605 -1.67323 0.25817 -1.7257 0.246942 -1.68093 0.169057 -1.73218 0.161131 -1.73865 0.07532 -1.7631 0.214904 -1.76233 0.071017 -1.81544 0.206065 -1.81544 0.060385 -1.85985 0.0521541 -1.81544 0.00553107 -1.85985 0.00553107 -1.98643 0.446307 -1.98643 0.344713 -1.92066 0.438797 -1.91996 0.311868 -1.87799 0.435455 -1.85985 0.318353 -1.84776 0.435533 -1.81517 0.436193 -1.76233 0.442273 -1.71663 0.379254 -1.71356 0.447343 -1.68831 0.449055 -0.932082 0.684336 -0.908404 0.637213 -0.877735 0.633478 -0.85037 0.634661 -0.82803 0.633393 -0.814573 0.628661 -0.559773 0.610434 -0.578122 0.626816 -0.590991 0.576086 -0.61807 0.610977 -0.641351 0.552846 -0.651294 0.614048 -0.690856 0.550916 -0.674018 0.649557 -0.68635 0.641646 -1.64553 0.165525 -1.68863 0.0799451 -1.64843 0.077126 -1.64843 0.00553107 -1.62405 0.00553107 -1.64843 0.014533 -1.62405 0.014533 -0.867507 0.524633 -0.841846 0.524621 -0.847676 0.5737 -0.828384 0.525072 -0.829319 0.568867 -0.815547 0.524656 -0.8186 0.566803 -0.797006 0.565431 -0.112232 0.019724 -0.125808 0.055112 -0.143639 0.019724 -0.188006 0.060623 -0.226422 0.019724 -0.243841 0.062386 -0.30742 0.019724 -0.281658 0.067886 -0.319666 0.0791351 -0.520437 0.632817 -0.569417 0.566672 -0.60669 0.525778 -0.658292 0.524828 -0.690309 0.524239 -0.717441 0.524808 -1.52316 0.296325 -1.57491 0.276386 -1.57702 0.308461 -1.60752 0.315057 -1.58119 0.372154 -1.60938 0.374979 -1.5773 0.447291 -1.60932 0.447881 -1.61712 0.158528 -1.62405 0.069554 -1.56727 0.05354 -1.56727 0.00553107 -1.56727 0.014533 -0.547258 0.820029 -0.547408 0.868427 -0.558645 0.819573 -0.558655 0.86918 -0.571805 0.819294 -0.572343 0.869358 -0.580925 0.819376 -0.589692 0.869288 -0.38809 0.07479 -0.343709 0.082612 -1.67963 0.380313 -1.64596 0.379208 -1.64042 0.449418 -0.507428 0.701033 -0.528375 0.684602 -0.506882 0.630409 -0.55539 0.571271 -0.556541 0.529083 -0.580626 0.528319 -1.68863 0.014533 -1.68863 0.00553107 -1.73002 0.00553107 -1.85985 0.19732 -1.91996 0.047709 -1.91996 0.00553107 -0.080825 0.019724 -0.075449 0.053611 -0.752177 0.564416 -0.753977 0.524751 -0.634768 0.795997 -0.614722 0.79602 -0.634755 0.817933 -0.614719 0.869112 -0.63475 0.868697 -0.603117 0.891548 -1.98643 0.0412971 -1.91996 0.180602 -1.98643 0.161794 -1.72903 0.014533 -1.76233 0.00553107 -1.76233 0.014533 -1.52316 0.03766 -1.52316 0.00553107 -1.52316 0.014533 -0.496669 0.019724 -0.449512 0.019724 -0.496669 0.0525991 -0.446444 0.059013 -0.430786 0.019724 -0.429038 0.0622261 -0.402271 0.019724 -0.89712 0.571271 -0.869575 0.575478 -0.372256 0.019724 -0.346481 0.019724 -0.786456 0.524594 -1.98643 0.298983 -1.98643 0.264686 -0.043233 0.019724 -0.043233 0.0525991 -1.64532 0.320795 -1.52316 0.342313 -1.52316 0.446307 -0.562735 0.891548 -1.98643 0.014533 -1.98643 0.00553107 -0.571655 0.796064 -0.638128 0.683386 -0.636336 0.705796 -0.622848 0.686113 -0.635348 0.749337 -0.623167 0.749334 -0.614553 0.777053 -0.60187 0.749334 -0.589576 0.777072 -0.581061 0.749333 -0.580866 0.777091 -0.569288 0.749438 -0.571541 0.777164 -0.554513 0.749474 -0.558639 0.777197 -0.545254 0.749501 -0.547044 0.796087 -0.537714 0.749521 -0.589548 0.796035 -0.580845 0.796021 -0.558641 0.796101 -0.518904 0.729499 -0.561293 0.720179 -0.528041 0.718903 -0.544895 0.701687 -0.569325 0.703078 -0.553466 0.665931 -0.580883 0.688488 -0.601928 0.694103 -0.601923 0.674937 -0.991891 0.696526 -0.984169 0.696432 -0.965727 0.695642 -0.51841 0.744301</float_array>
					<technique_common>
						<accessor count="556" source="#ID242" stride="2">
							<param name="S" type="float"/>
							<param name="T" type="float"/>
						</accessor>
					</technique_common>
				</source>
				<vertices id="ID243">
					<input semantic="POSITION" source="#ID237"/>
				</vertices>
				<triangles count="1956" material="Material1">
					<input offset="0" semantic="VERTEX" source="#ID243" set="0"/>
					<input offset="1" semantic="NORMAL" source="#ID239" set="0"/>
					<input offset="2" semantic="TEXCOORD" source="#ID241" set="0"/>
					<p>2 2 2 1 1 1 0 0 0 3 3 3 1 1 1 2 2 2 4 4 4 3 3 3 2 2 2 5 5 5 3 3 3 4 4 4 6 6 6 5 5 5 4 4 4 7 7 7 5 5 5 6 6 6 8 8 8 7 7 7 6 6 6 9 9 9 7 7 7 8 8 8 10 10 10 9 9 9 8 8 8 11 11 11 9 9 9 10 10 10 12 12 12 11 11 11 10 10 10 13 13 13 11 11 11 12 12 12 14 14 14 13 13 13 12 12 12 15 15 15 13 13 13 14 14 14 16 16 16 15 15 15 14 14 14 17 17 17 15 15 15 16 16 16 18 18 18 17 17 17 16 16 16 21 21 21 20 20 20 19 19 19 22 22 22 20 20 20 21 21 21 23 23 23 22 22 22 21 21 21 24 24 24 22 22 22 23 23 23 25 25 25 24 24 24 23 23 23 26 26 26 24 24 24 25 25 25 27 27 27 26 26 26 25 25 25 28 28 28 26 26 26 27 27 27 29 29 29 28 28 28 27 27 27 16 16 16 31 31 31 30 30 30 32 32 32 31 31 31 16 16 16 14 14 14 32 32 32 16 16 16 33 33 33 32 32 32 14 14 14 12 12 12 33 33 33 14 14 14 34 34 34 33 33 33 12 12 12 10 10 10 34 34 34 12 12 12 8 8 8 34 34 34 10 10 10 37 37 37 36 36 36 35 35 35 38 38 38 36 36 36 37 37 37 39 39 39 38 38 38 37 37 37 40 40 40 38 38 38 39 39 39 41 41 41 40 40 40 39 39 39 42 42 42 40 40 40 41 41 41 22 22 22 43 43 43 20 20 20 44 44 44 43 43 43 22 22 22 24 24 24 44 44 44 22 22 22 45 45 45 44 44 44 24 24 24 46 46 46 45 45 45 24 24 24 47 47 47 45 45 45 46 46 46 44 44 44 35 35 48 43 43 43 37 37 49 35 35 48 44 44 44 45 45 45 37 37 49 44 44 44 39 39 50 37 37 49 45 45 45 47 47 47 39 39 50 45 45 45 41 41 51 39 39 50 47 47 47 7 7 7 23 23 23 21 21 21 27 27 27 23 23 23 7 7 7 9 9 9 27 27 27 7 7 7 29 29 29 27 27 27 9 9 9 11 11 11 29 29 29 9 9 9 6 6 6 34 34 34 8 8 8 33 33 33 34 34 34 6 6 6 48 48 52 33 33 33 6 6 6 32 32 32 33 33 33 48 48 52 49 49 53 32 32 32 48 48 52 3 3 3 19 19 19 1 1 1 21 21 21 19 19 19 3 3 3 5 5 5 21 21 21 3 3 3 7 7 7 21 21 21 5 5 5 50 50 54 38 38 38 40 40 40 51 51 55 38 38 38 50 50 54 18 18 18 51 51 55 50 50 54 16 16 16 51 51 55 18 18 18 48 48 52 2 2 2 49 49 53 4 4 4 2 2 2 48 48 52 6 6 6 4 4 4 48 48 52 51 51 55 36 36 36 38 38 38 52 52 56 36 36 36 51 51 55 16 16 16 52 52 56 51 51 55 42 42 42 50 50 54 40 40 40 53 53 57 50 50 54 42 42 42 46 46 46 24 24 24 26 26 26 27 27 27 25 25 25 23 23 23 50 50 54 53 53 57 18 18 18 30 30 30 52 52 56 16 16 16 54 54 58 52 52 56 30 30 30 55 55 59 54 54 58 30 30 30 56 56 60 54 54 58 55 55 59 57 57 61 56 56 60 55 55 59 58 58 62 56 56 60 57 57 61 59 59 63 58 58 62 57 57 61 60 60 64 58 58 62 59 59 63 61 61 65 60 60 64 59 59 63 31 31 31 55 55 59 30 30 30 62 62 66 55 55 59 31 31 31 63 63 67 62 62 66 31 31 31 64 64 68 62 62 66 63 63 67 0 0 0 64 64 68 63 63 67 65 65 69 64 64 68 0 0 0 66 66 70 65 65 69 0 0 0 67 67 71 65 65 69 66 66 70 68 68 72 67 67 71 66 66 70 62 62 66 57 57 61 55 55 59 69 69 73 57 57 61 62 62 66 64 64 68 69 69 73 62 62 66 70 70 74 69 69 73 64 64 68 65 65 69 70 70 74 64 64 68 71 71 75 70 70 74 65 65 69 72 72 76 71 71 75 65 65 69 73 73 77 71 71 75 72 72 76 74 74 78 73 73 77 72 72 76 75 75 79 43 43 43 35 35 48 76 76 80 43 43 43 75 75 79 77 77 81 76 76 80 75 75 79 78 78 82 76 76 80 77 77 81 79 79 83 78 78 82 77 77 81 80 80 84 78 78 82 79 79 83 76 76 80 20 20 20 43 43 43 81 81 85 20 20 20 76 76 80 78 78 82 81 81 85 76 76 80 82 82 86 81 81 85 78 78 82 80 80 84 82 82 86 78 78 82 83 83 87 82 82 86 80 80 84 77 77 90 84 84 89 79 79 88 85 85 91 84 84 89 77 77 90 86 86 92 85 85 91 77 77 90 87 87 93 85 85 91 86 86 92 52 52 56 87 87 93 86 86 92 54 54 58 87 87 93 52 52 56 81 81 85 19 19 19 20 20 20 88 88 94 19 19 19 81 81 85 89 89 95 88 88 94 81 81 85 90 90 96 88 88 94 89 89 95 91 91 97 71 71 75 73 73 77 92 92 98 71 71 75 91 91 97 61 61 65 92 92 98 91 91 97 59 59 63 92 92 98 61 61 65 93 93 99 58 58 62 60 60 64 94 94 100 58 58 62 93 93 99 95 95 101 94 94 100 93 93 99 84 84 89 94 94 100 95 95 101 90 90 96 19 19 19 88 88 94 66 66 70 19 19 19 90 90 96 68 68 72 66 66 70 90 90 96 1 1 1 66 66 70 0 0 0 19 19 19 66 66 70 1 1 1 32 32 32 63 63 67 31 31 31 49 49 53 63 63 67 32 32 32 82 82 86 89 89 95 81 81 85 83 83 87 89 89 95 82 82 86 74 74 78 65 65 69 67 67 71 72 72 76 65 65 69 74 74 78 57 57 61 92 92 98 59 59 63 69 69 73 92 92 98 57 57 61 92 92 98 70 70 74 71 71 75 69 69 73 70 70 74 92 92 98 75 75 102 86 86 92 77 77 90 35 35 35 86 86 92 75 75 102 36 36 36 86 86 92 35 35 35 52 52 56 86 86 92 36 36 36 85 85 91 94 94 100 84 84 89 87 87 93 94 94 100 85 85 91 94 94 100 56 56 60 58 58 62 87 87 93 56 56 60 94 94 100 49 49 53 0 0 0 63 63 67 2 2 2 0 0 0 49 49 53 83 83 87 96 96 103 89 89 95 56 56 60 87 87 93 54 54 58 99 99 106 98 98 105 97 97 104 100 100 107 98 98 105 99 99 106 101 101 108 100 100 107 99 99 106 102 102 109 100 100 107 101 101 108 103 103 110 102 102 109 101 101 108 104 104 111 102 102 109 103 103 110 105 105 112 104 104 111 103 103 110 106 106 113 104 104 111 105 105 112 107 107 114 106 106 113 105 105 112 108 108 115 106 106 113 107 107 114 109 109 116 108 108 115 107 107 114 110 110 117 108 108 115 109 109 116 111 111 118 110 110 117 109 109 116 112 112 119 110 110 117 111 111 118 113 113 120 112 112 119 111 111 118 114 114 121 112 112 119 113 113 120 115 115 122 114 114 121 113 113 120 116 116 123 114 114 121 115 115 122 117 117 124 116 116 123 115 115 122 118 118 125 116 116 123 117 117 124 119 119 126 118 118 125 117 117 124 120 120 127 118 118 125 119 119 126 121 121 128 120 120 127 119 119 126 122 122 129 120 120 127 121 121 128 93 93 99 123 123 130 95 95 101 116 116 123 123 123 130 93 93 99 60 60 64 116 116 123 93 93 99 124 61 131 116 116 123 60 60 64 61 61 65 124 61 131 60 60 64 125 124 132 124 61 131 61 61 65 91 91 97 125 124 132 61 61 65 126 125 133 125 124 132 91 91 97 73 73 77 126 125 133 91 91 97 127 126 134 126 125 133 73 73 77 74 74 78 127 126 134 73 73 77 128 127 135 127 126 134 74 74 78 129 90 136 128 127 135 74 74 78 130 128 137 128 127 135 129 90 136 131 129 138 130 128 137 129 90 136 132 130 139 130 128 137 131 129 138 133 131 140 132 130 139 131 129 138 134 132 141 103 103 110 101 101 108 105 105 112 103 103 110 134 132 141 135 133 142 105 105 112 134 132 141 107 107 114 105 105 112 135 133 142 136 134 143 107 107 114 135 133 142 109 109 116 107 107 114 136 134 143 137 135 144 109 109 116 136 134 143 111 111 118 109 109 116 137 135 144 138 136 145 111 111 118 137 135 144 113 113 120 111 111 118 138 136 145 139 137 146 113 113 120 138 136 145 115 115 122 113 113 120 139 137 146 140 138 147 115 115 122 139 137 146 117 117 124 115 115 122 140 138 147 119 119 126 117 117 124 140 138 147 143 141 150 142 140 149 141 139 148 144 142 151 142 140 149 143 141 150 145 143 152 144 142 151 143 141 150 146 144 153 144 142 151 145 143 152 147 145 154 146 144 153 145 143 152 148 146 155 146 144 153 147 145 154 79 79 88 148 146 155 147 145 154 84 84 89 148 146 155 79 79 88 149 147 156 120 120 127 122 122 129 118 118 125 120 120 127 149 147 156 150 148 157 118 118 125 149 147 156 151 149 158 118 118 125 150 148 157 152 150 159 151 149 158 150 148 157 153 151 160 151 149 158 152 150 159 146 144 153 153 151 160 152 150 159 148 146 155 153 151 160 146 144 153 144 142 151 154 152 161 142 140 149 155 153 162 154 152 161 144 142 151 150 148 157 155 153 162 144 142 151 156 154 163 155 153 162 150 148 157 149 147 156 156 154 163 150 148 157 157 155 164 156 154 163 149 147 156 122 122 129 157 155 164 149 147 156 147 145 165 80 80 84 79 79 83 158 156 166 80 80 84 147 145 165 145 143 167 158 156 166 147 145 165 159 157 168 158 156 166 145 143 167 98 98 105 159 157 168 145 143 167 100 100 107 159 157 168 98 98 105 158 156 166 83 83 87 80 80 84 160 158 169 83 83 87 158 156 166 159 157 168 160 158 169 158 156 166 161 159 170 160 158 169 159 157 168 100 100 107 161 159 170 159 157 168 102 102 109 161 159 170 100 100 107 160 158 169 96 96 103 83 83 87 133 131 140 96 96 103 160 158 169 161 159 170 133 131 140 160 158 169 132 130 139 133 131 140 161 159 170 102 102 109 132 130 139 161 159 170 104 104 111 132 130 139 102 102 109 151 149 158 116 116 123 118 118 125 123 123 130 116 116 123 151 149 158 162 160 171 123 123 130 151 149 158 95 95 101 123 123 130 162 160 171 84 84 89 95 95 101 162 160 171 163 161 172 101 101 108 99 99 106 134 132 141 101 101 108 163 161 172 164 162 173 134 132 141 163 161 172 165 163 174 134 132 141 164 162 173 129 90 136 133 131 140 131 129 138 96 96 103 133 131 140 129 90 136 89 89 95 96 96 103 129 90 136 162 160 171 148 146 155 84 84 89 153 151 160 148 146 155 162 160 171 151 149 158 153 151 160 162 160 171 165 163 174 135 133 142 134 132 141 166 164 175 135 133 142 165 163 174 166 164 175 136 134 143 135 133 142 167 165 176 136 134 143 166 164 175 167 165 176 137 135 144 136 134 143 168 166 177 137 135 144 167 165 176 168 166 177 138 136 145 137 135 144 169 167 178 138 136 145 168 166 177 169 167 178 139 137 146 138 136 145 170 168 179 139 137 146 169 167 178 170 168 179 140 138 147 139 137 146 171 169 180 140 138 147 170 168 179 171 169 180 119 119 126 140 138 147 121 121 128 119 119 126 171 169 180 97 97 181 143 141 150 141 139 148 98 98 182 143 141 150 97 97 181 67 67 71 129 90 136 74 74 78 68 68 72 129 90 136 67 67 71 129 90 136 90 90 96 89 89 95 68 68 72 90 90 96 129 90 136 104 104 111 130 128 137 132 130 139 106 106 113 130 128 137 104 104 111 106 106 113 128 127 135 130 128 137 108 108 115 128 127 135 106 106 113 108 108 115 127 126 134 128 127 135 110 110 117 127 126 134 108 108 115 110 110 117 126 125 133 127 126 134 112 112 119 126 125 133 110 110 117 112 112 119 125 124 132 126 125 133 114 114 121 125 124 132 112 112 119 125 124 132 116 116 123 124 61 131 114 114 121 116 116 123 125 124 132 152 150 159 144 142 151 146 144 153 150 148 157 144 142 151 152 150 159 145 143 152 143 141 150 98 98 182 172 170 183 167 165 176 166 164 175 168 166 177 167 165 176 172 170 183 173 171 184 168 166 177 172 170 183 169 167 178 168 166 177 173 171 184 174 172 185 169 167 178 173 171 184 170 168 179 169 167 178 174 172 185 175 173 186 170 168 179 174 172 185 171 169 180 170 168 179 175 173 186 176 174 187 171 169 180 175 173 186 121 121 128 171 169 180 176 174 187 177 175 188 121 121 128 176 174 187 122 122 129 121 121 128 177 175 188 178 176 189 122 122 129 177 175 188 157 155 164 122 122 129 178 176 189 177 175 188 179 177 190 178 176 189 180 178 191 179 177 190 177 175 188 176 174 187 180 178 191 177 175 188 181 179 192 180 178 191 176 174 187 175 173 186 181 179 192 176 174 187 182 180 193 181 179 192 175 173 186 174 172 185 182 180 193 175 173 186 183 181 194 182 180 193 174 172 185 173 171 184 183 181 194 174 172 185 184 182 195 183 181 194 173 171 184 172 170 183 184 182 195 173 171 184 185 183 196 164 162 173 163 161 172 165 163 174 164 162 173 185 183 196 186 184 197 165 163 174 185 183 196 166 164 175 165 163 174 186 184 197 187 163 198 166 164 175 186 184 197 172 170 183 166 164 175 187 163 198 188 185 199 172 170 183 187 163 198 184 182 195 172 170 183 188 185 199 154 152 161 189 186 200 142 140 149 190 187 201 189 186 200 154 152 161 157 155 164 190 187 201 154 152 161 191 188 202 190 187 201 157 155 164 178 176 189 191 188 202 157 155 164 192 189 203 191 188 202 178 176 189 179 177 190 192 189 203 178 176 189 194 191 205 163 161 172 193 190 204 185 183 196 163 161 172 194 191 205 195 192 206 185 183 196 194 191 205 196 193 207 185 183 196 195 192 206 142 140 149 197 194 208 141 139 148 198 195 209 197 194 208 142 140 149 189 186 200 198 195 209 142 140 149 196 193 207 186 184 197 185 183 196 187 163 198 186 184 197 196 193 207 188 185 199 187 163 198 196 193 207 97 97 181 197 194 208 199 196 210 141 139 148 197 194 208 97 97 181 199 196 211 99 99 106 97 97 104 200 197 212 99 99 106 199 196 211 200 197 212 163 161 172 99 99 106 193 190 204 163 161 172 200 197 212 190 187 201 201 198 213 189 186 200 191 188 202 201 198 213 190 187 201 191 188 202 202 199 214 201 198 213 192 189 203 202 199 214 191 188 202 156 154 163 154 152 161 155 153 162 157 155 164 154 152 161 156 154 163 205 202 217 204 201 216 203 200 215 206 203 218 204 201 216 205 202 217 207 204 219 206 203 218 205 202 217 208 205 220 206 203 218 207 204 219 209 206 221 208 205 220 207 204 219 210 207 222 208 205 220 209 206 221 211 208 223 210 207 222 209 206 221 212 209 224 210 207 222 211 208 223 213 210 225 212 209 224 211 208 223 214 211 226 212 209 224 213 210 225 215 212 227 214 211 226 213 210 225 216 213 228 214 211 226 215 212 227 217 214 229 216 213 228 215 212 227 220 217 230 219 216 216 218 215 215 221 218 218 219 216 216 220 217 230 222 219 220 221 218 218 220 217 230 223 220 231 221 218 218 222 219 220 224 221 222 223 220 231 222 219 220 225 222 224 223 220 231 224 221 222 226 223 223 225 222 224 224 221 222 227 224 225 225 222 224 226 223 223 228 225 232 227 224 225 226 223 223 229 226 233 227 224 225 228 225 232 230 227 234 229 226 233 228 225 232 231 228 235 229 226 233 230 227 234 234 231 229 233 230 237 232 229 236 235 232 227 233 230 237 234 231 229 236 233 228 235 232 227 234 231 229 237 234 226 235 232 227 236 233 228 238 235 238 237 234 226 236 233 228 239 236 224 237 234 226 238 235 238 240 237 239 239 236 224 238 235 238 241 238 231 239 236 224 240 237 239 242 239 240 241 238 231 240 237 239 243 240 216 241 238 231 242 239 240 244 241 241 233 230 237 235 232 227 245 242 235 233 230 237 244 241 241 246 243 233 245 242 235 244 241 241 247 244 234 245 242 235 246 243 233 248 245 232 247 244 234 246 243 233 249 246 223 247 244 234 248 245 232 250 224 225 249 246 223 248 245 232 239 236 224 249 246 223 250 224 225 237 234 226 239 236 224 250 224 225 253 249 244 252 248 243 251 247 242 254 250 245 252 248 243 253 249 244 255 251 246 254 250 245 253 249 244 256 252 247 254 250 245 255 251 246 257 253 248 256 252 247 255 251 246 258 222 249 256 252 247 257 253 248 259 254 250 258 222 249 257 253 248 260 255 251 258 222 249 259 254 250 215 212 227 207 204 237 205 202 252 261 256 241 207 204 237 215 212 227 213 210 225 261 256 241 215 212 227 262 257 233 261 256 241 213 210 225 263 258 232 262 257 233 213 210 225 264 259 234 262 257 233 263 258 232 211 208 223 264 259 234 263 258 232 267 262 255 266 261 254 265 260 253 258 222 249 266 261 254 267 262 255 268 263 256 258 222 249 267 262 255 256 252 247 258 222 249 268 263 256 269 212 257 256 252 247 268 263 256 254 250 245 256 252 247 269 212 257 252 248 243 254 250 245 269 212 257 225 222 224 270 264 258 223 220 231 271 265 226 270 264 258 225 222 224 227 224 225 271 265 226 225 222 224 272 241 241 271 265 226 227 224 225 229 226 233 272 241 241 227 224 225 231 228 235 272 241 241 229 226 233 271 265 226 273 266 259 270 264 258 274 267 228 273 266 259 271 265 226 275 250 227 274 267 228 271 265 226 276 268 229 274 267 228 275 250 227 220 217 260 276 268 229 275 250 227 218 215 236 276 268 229 220 217 260 258 222 249 277 269 261 266 261 254 278 207 262 277 269 261 258 222 249 279 270 263 278 207 262 258 222 249 280 271 264 278 207 262 279 270 263 281 272 265 280 271 264 279 270 263 251 247 266 280 271 264 281 272 265 282 269 221 233 230 219 245 242 267 283 273 220 233 230 219 282 269 221 284 274 222 283 273 220 282 269 221 285 203 218 283 273 220 284 274 222 241 238 231 285 203 218 284 274 222 243 240 216 285 203 218 241 238 231 223 220 231 219 216 216 221 218 218 286 275 240 219 216 216 223 220 231 270 264 258 286 275 240 223 220 231 287 276 239 286 275 240 270 264 258 273 266 259 287 276 239 270 264 258 210 207 222 206 203 218 208 205 220 288 220 231 206 203 218 210 207 222 212 209 224 288 220 231 210 207 222 289 277 239 288 220 231 212 209 224 214 211 226 289 277 239 212 209 224 284 274 222 239 236 224 241 238 231 249 246 223 239 236 224 284 274 222 282 269 221 249 246 223 284 274 222 247 244 268 249 246 223 282 269 221 245 242 267 247 244 268 282 269 221 267 262 255 269 212 257 268 263 256 290 243 269 269 212 257 267 262 255 265 260 253 290 243 269 267 262 255 291 278 270 290 243 269 265 260 253 252 248 271 280 271 264 251 247 266 292 219 272 280 271 264 252 248 271 277 269 261 292 219 272 252 248 271 278 207 262 292 219 272 277 269 261 209 206 221 264 259 268 211 208 223 293 279 267 264 259 268 209 206 221 207 204 219 293 279 267 209 206 221 293 279 235 262 257 233 264 259 234 261 256 241 262 257 233 293 279 235 207 204 237 261 256 241 293 279 235 288 220 231 204 201 216 206 203 218 294 280 240 204 201 216 288 220 231 289 277 239 294 280 240 288 220 231 295 269 221 230 227 268 226 223 223 231 228 267 230 227 268 295 269 221 220 217 230 231 228 267 295 269 221 277 269 261 265 260 273 266 261 254 291 278 274 265 260 273 277 269 261 252 248 271 291 278 274 277 269 261 285 203 218 233 230 219 283 273 220 232 229 215 233 230 219 285 203 218 243 240 216 232 229 215 285 203 218 296 281 238 214 211 226 216 213 228 289 277 239 214 211 226 296 281 238 217 214 229 205 202 252 203 200 236 215 212 227 205 202 252 217 214 229 220 217 260 272 241 241 231 228 235 275 250 227 272 241 241 220 217 260 224 221 222 295 269 221 226 223 223 222 219 220 295 269 221 224 221 222 252 248 243 290 243 269 291 278 270 269 212 257 290 243 269 252 248 243 260 255 251 279 270 263 258 222 249 281 272 265 279 270 263 260 255 251 237 234 226 244 241 241 235 232 227 250 224 225 244 241 241 237 234 226 250 224 225 246 243 233 244 241 241 248 245 232 246 243 233 250 224 225 228 225 232 226 223 223 230 227 234 263 258 232 213 210 225 211 208 223 275 250 227 271 265 226 272 241 241 295 269 221 222 219 220 220 217 230 292 219 272 278 207 262 280 271 264 298 283 277 287 276 276 297 282 275 286 275 278 287 276 276 298 283 277 299 284 279 286 275 278 298 283 277 219 216 280 286 275 278 299 284 279 300 285 281 219 216 280 299 284 279 260 255 282 219 216 280 300 285 281 301 286 283 260 255 282 300 285 281 281 272 284 260 255 282 301 286 283 302 287 285 281 272 284 301 286 283 242 239 286 281 272 284 302 287 285 243 240 287 242 239 286 302 287 285 240 237 290 281 272 289 242 239 288 251 247 291 281 272 289 240 237 290 238 235 288 251 247 291 240 237 290 253 249 289 251 247 291 238 235 288 303 288 292 253 249 289 238 235 288 304 289 293 253 249 289 303 288 292 305 290 294 304 289 293 303 288 292 306 291 295 304 289 293 305 290 294 289 277 298 243 240 297 294 280 296 232 229 299 243 240 297 289 277 298 296 281 296 232 229 299 289 277 298 234 231 297 232 229 299 296 281 296 307 292 300 234 231 297 296 281 296 308 293 301 234 231 297 307 292 300 309 294 302 308 293 301 307 292 300 305 290 294 308 293 301 309 294 302 310 295 303 304 289 293 306 291 295 311 296 304 304 289 293 310 295 303 312 297 305 311 296 304 310 295 303 276 268 306 311 296 304 312 297 305 274 267 307 276 268 306 312 297 305 314 299 310 203 200 309 313 298 308 217 214 311 203 200 309 314 299 310 315 300 312 217 214 311 314 299 310 216 213 313 217 214 311 315 300 312 296 281 296 216 213 313 315 300 312 257 253 314 311 296 304 276 268 306 304 289 293 311 296 304 257 253 314 255 251 315 304 289 293 257 253 314 253 249 289 304 289 293 255 251 315 287 276 318 316 301 317 297 282 316 273 266 319 316 301 317 287 276 318 260 255 322 218 215 321 219 216 320 259 254 323 218 215 321 260 255 322 259 254 323 276 268 306 218 215 321 257 253 314 276 268 306 259 254 323 317 302 324 312 297 305 310 295 303 316 301 317 312 297 305 317 302 324 273 266 319 312 297 305 316 301 317 274 267 307 312 297 305 273 266 319 302 287 285 294 280 325 243 240 287 318 303 326 294 280 325 302 287 285 303 288 292 308 293 301 305 290 294 238 235 288 308 293 301 303 288 292 308 293 301 236 233 327 234 231 297 238 235 288 236 233 327 308 293 301 318 303 326 204 201 328 294 280 325 319 304 329 204 201 328 318 303 326 319 304 329 203 200 309 204 201 328 313 298 308 203 200 309 319 304 329 320 305 330 315 300 312 314 299 310 309 294 302 315 300 312 320 305 330 315 300 312 307 292 300 296 281 296 309 294 302 307 292 300 315 300 312 323 308 7 322 307 6 321 306 5 324 309 8 322 307 6 323 308 7 325 310 9 324 309 8 323 308 7 326 311 10 324 309 8 325 310 9 327 312 11 326 311 10 325 310 9 328 313 12 326 311 10 327 312 11 329 314 13 328 313 12 327 312 11 330 315 14 328 313 12 329 314 13 331 316 15 330 315 14 329 314 13 332 317 16 330 315 14 331 316 15 333 318 17 332 317 16 331 316 15 334 319 18 332 317 16 333 318 17 335 320 331 334 319 18 333 318 17 336 321 332 334 319 18 335 320 331 337 322 333 336 321 332 335 320 331 338 323 334 336 321 332 337 322 333 341 326 337 340 325 336 339 324 335 342 327 338 340 325 336 341 326 337 343 328 339 342 327 338 341 326 337 344 329 340 342 327 338 343 328 339 345 330 341 344 329 340 343 328 339 346 331 342 344 329 340 345 330 341 347 332 343 346 331 342 345 330 341 348 26 26 346 331 342 347 332 343 349 333 28 348 26 26 347 332 343 350 334 27 348 26 26 349 333 28 351 125 29 350 334 27 349 333 28 325 310 9 350 334 27 351 125 29 327 312 11 325 310 9 351 125 29 354 337 216 353 336 217 352 335 215 355 338 218 353 336 217 354 337 216 356 339 231 355 338 218 354 337 216 357 340 222 355 338 218 356 339 231 358 341 224 357 340 222 356 339 231 359 342 223 357 340 222 358 341 224 360 343 225 359 342 223 358 341 224 361 344 232 359 342 223 360 343 225 362 345 233 361 344 232 360 343 225 363 346 234 361 344 232 362 345 233 364 347 235 363 346 234 362 345 233 367 47 47 366 349 50 365 348 51 368 350 45 366 349 50 367 47 47 369 351 46 368 350 45 367 47 47 370 352 24 368 350 45 369 351 46 348 26 26 370 352 24 369 351 46 371 353 25 370 352 24 348 26 26 350 334 27 371 353 25 348 26 26 372 354 23 371 353 25 350 334 27 323 308 7 372 354 23 350 334 27 375 357 243 374 356 244 373 355 242 376 358 245 374 356 244 375 357 243 377 359 257 376 358 245 375 357 243 378 360 247 376 358 245 377 359 257 379 361 256 378 360 247 377 359 257 380 362 249 378 360 247 379 361 256 381 363 255 380 362 249 379 361 256 382 364 254 380 362 249 381 363 255 383 365 253 382 364 254 381 363 255 380 362 249 385 367 250 384 366 248 386 368 251 385 367 250 380 362 249 387 369 263 386 368 251 380 362 249 388 370 265 386 368 251 387 369 263 389 371 264 388 370 265 387 369 263 373 355 266 388 370 265 389 371 264 375 357 271 373 355 266 389 371 264 355 338 218 390 372 219 353 336 217 391 373 220 390 372 219 355 338 218 357 340 222 391 373 220 355 338 218 392 374 221 391 373 220 357 340 222 359 342 223 392 374 221 357 340 222 363 346 268 392 374 221 359 342 223 353 336 252 393 375 229 352 335 236 394 359 227 393 375 229 353 336 252 390 372 237 394 359 227 353 336 252 395 376 241 394 359 227 390 372 237 364 347 235 395 376 241 390 372 237 362 345 233 395 376 241 364 347 235 396 377 42 340 325 344 365 348 41 397 378 345 340 325 344 396 377 42 398 379 57 397 378 345 396 377 42 399 380 346 397 378 345 398 379 57 336 321 332 399 380 346 398 379 57 338 323 334 399 380 346 336 321 332 400 381 40 365 348 41 366 349 39 396 377 42 365 348 41 400 381 40 401 382 54 396 377 42 400 381 40 398 379 57 396 377 42 401 382 54 334 319 18 398 379 57 401 382 54 336 321 332 398 379 57 334 319 18 342 327 338 365 348 51 340 325 336 367 47 47 365 348 51 342 327 338 344 329 340 367 47 47 342 327 338 369 351 46 367 47 47 344 329 340 346 331 342 369 351 46 344 329 340 348 26 26 369 351 46 346 331 342 402 383 272 375 357 271 389 371 264 403 384 261 375 357 271 402 383 272 404 340 262 403 384 261 402 383 272 380 362 249 403 384 261 404 340 262 387 369 263 380 362 249 404 340 262 394 359 227 405 385 228 393 375 229 406 386 226 405 385 228 394 359 227 360 343 225 406 386 226 394 359 227 358 341 224 406 386 226 360 343 225 406 386 226 407 387 238 405 385 228 408 388 239 407 387 238 406 386 226 358 341 224 408 388 239 406 386 226 356 339 231 408 388 239 358 341 224 377 359 257 381 363 255 379 361 256 409 389 269 381 363 255 377 359 257 375 357 243 409 389 269 377 359 257 410 390 270 409 389 269 375 357 243 335 320 331 411 391 347 337 322 333 412 392 348 411 391 347 335 320 331 333 318 17 412 392 348 335 320 331 331 316 15 412 392 348 333 318 17 412 392 348 413 393 349 411 391 347 414 394 350 413 393 349 412 392 348 331 316 15 414 394 350 412 392 348 329 314 13 414 394 350 331 316 15 414 394 350 415 395 351 413 393 349 416 396 352 415 395 351 414 394 350 329 314 13 416 396 352 414 394 350 327 312 11 416 396 352 329 314 13 417 397 353 347 332 343 345 330 341 418 398 354 347 332 343 417 397 353 419 399 355 418 398 354 417 397 353 415 395 351 418 398 354 419 399 355 416 396 352 418 398 354 415 395 351 351 125 29 418 398 354 416 396 352 327 312 11 351 125 29 416 396 352 403 384 261 410 390 274 375 357 271 383 365 273 410 390 274 403 384 261 382 364 254 383 365 273 403 384 261 409 389 269 383 365 253 381 363 255 410 390 270 383 365 253 409 389 269 349 333 28 418 398 354 351 125 29 347 332 343 418 398 354 349 333 28 378 360 247 384 366 248 420 400 246 380 362 249 384 366 248 378 360 247 324 309 8 421 401 34 322 307 6 326 311 10 421 401 34 324 309 8 421 401 34 328 313 12 422 402 33 326 311 10 328 313 12 421 401 34 376 358 245 420 400 246 374 356 244 378 360 247 420 400 246 376 358 245 423 403 240 356 339 231 354 337 216 408 388 239 356 339 231 423 403 240 424 404 356 399 380 346 338 323 334 425 405 357 399 380 346 424 404 356 425 405 357 397 378 345 399 380 346 339 324 358 397 378 345 425 405 357 395 376 241 360 343 225 394 359 227 362 345 233 360 343 225 395 376 241 334 319 18 426 406 55 332 317 16 401 382 54 426 406 55 334 319 18 364 347 267 392 374 221 363 346 268 390 372 219 392 374 221 364 347 267 389 371 264 404 340 262 402 383 272 387 369 263 404 340 262 389 371 264 361 344 232 363 346 234 359 342 223 391 373 220 392 374 221 390 372 219 339 324 358 340 325 344 397 378 345 371 353 25 372 354 23 370 352 24 323 308 7 350 334 27 325 310 9 380 362 249 382 364 254 403 384 261 429 409 237 428 408 229 427 407 236 430 410 227 428 408 229 429 409 237 431 411 241 430 410 227 429 409 237 432 412 226 430 410 227 431 411 241 433 413 225 432 412 226 431 411 241 434 414 224 432 412 226 433 413 225 435 415 223 434 414 224 433 413 225 436 416 222 434 414 224 435 415 223 437 384 221 436 416 222 435 415 223 438 417 220 436 416 222 437 384 221 429 409 219 438 417 220 437 384 221 439 338 218 438 417 220 429 409 219 427 407 215 439 338 218 429 409 219 440 418 216 439 338 218 427 407 215 352 335 309 442 420 308 441 419 329 443 421 310 442 420 308 352 335 309 393 375 311 443 421 310 352 335 309 444 422 312 443 421 310 393 375 311 405 385 313 444 422 312 393 375 311 407 387 296 444 422 312 405 385 313 444 422 312 445 423 330 443 421 310 446 424 302 445 423 330 444 422 312 447 425 300 446 424 302 444 422 312 448 426 301 446 424 302 447 425 300 428 408 297 448 426 301 447 425 300 449 427 327 448 426 301 428 408 297 450 428 288 448 426 301 449 427 327 451 429 292 448 426 301 450 428 288 374 356 289 451 429 292 450 428 288 452 430 293 451 429 292 374 356 289 420 400 315 452 430 293 374 356 289 384 366 314 452 430 293 420 400 315 454 432 321 386 368 322 453 431 320 385 367 323 386 368 322 454 432 321 455 433 306 385 367 323 454 432 321 384 366 314 385 367 323 455 433 306 456 434 304 384 366 314 455 433 306 452 430 293 384 366 314 456 434 304 457 435 235 431 411 241 429 409 237 458 389 233 431 411 241 457 435 235 459 436 234 458 389 233 457 435 235 460 437 232 458 389 233 459 436 234 435 415 223 460 437 232 459 436 234 433 413 225 460 437 232 435 415 223 439 338 218 436 416 222 438 417 220 461 438 231 436 416 222 439 338 218 440 418 216 461 438 231 439 338 218 462 439 240 461 438 231 440 418 216 463 440 294 451 429 292 452 430 293 448 426 301 451 429 292 463 440 294 446 424 302 448 426 301 463 440 294 464 441 239 461 438 231 462 439 240 434 414 224 461 438 231 464 441 239 450 428 238 434 414 224 464 441 239 388 370 289 464 441 290 462 439 288 373 355 291 464 441 290 388 370 289 373 355 291 450 428 288 464 441 290 374 356 289 450 428 288 373 355 291 459 436 268 437 384 221 435 415 223 457 435 267 437 384 221 459 436 268 430 410 227 449 427 228 428 408 229 432 412 226 449 427 228 430 410 227 432 412 226 450 428 238 449 427 228 434 414 224 450 428 238 432 412 226 440 418 297 408 388 298 423 403 296 427 407 299 408 388 298 440 418 297 427 407 299 407 387 296 408 388 298 428 408 297 407 387 296 427 407 299 467 444 317 466 443 318 465 442 316 468 445 319 466 443 318 467 444 317 466 443 276 469 446 277 465 442 275 470 447 278 469 446 277 466 443 276 470 447 278 471 448 279 469 446 277 453 431 280 471 448 279 470 447 278 453 431 280 472 449 281 471 448 279 386 368 282 472 449 281 453 431 280 386 368 282 473 450 283 472 449 281 388 370 284 473 450 283 386 368 282 388 370 284 474 451 285 473 450 283 462 439 286 474 451 285 388 370 284 440 418 287 474 451 285 462 439 286 423 403 325 474 451 285 440 418 287 423 403 325 475 452 326 474 451 285 354 337 328 475 452 326 423 403 325 354 337 328 441 419 329 475 452 326 352 335 309 441 419 329 354 337 328 447 425 300 407 387 296 428 408 297 444 422 312 407 387 296 447 425 300 458 389 233 433 413 225 431 411 241 460 437 232 433 413 225 458 389 233 437 384 221 457 435 267 429 409 219 434 414 224 436 416 222 461 438 231 478 455 361 477 454 360 476 453 359 479 456 362 477 454 360 478 455 361 480 457 363 479 456 362 478 455 361 481 458 364 479 456 362 480 457 363 482 459 365 481 458 364 480 457 363 483 460 366 481 458 364 482 459 365 484 461 367 483 460 366 482 459 365 485 462 368 483 460 366 484 461 367 486 463 369 485 462 368 484 461 367 487 464 370 485 462 368 486 463 369 488 465 371 487 464 370 486 463 369 489 466 372 487 464 370 488 465 371 490 467 373 489 466 372 488 465 371 491 468 374 486 463 369 484 461 367 492 469 375 486 463 369 491 468 374 493 470 376 492 469 375 491 468 374 494 471 377 492 469 375 493 470 376 495 472 378 494 471 377 493 470 376 496 473 379 494 471 377 495 472 378 497 474 380 496 473 379 495 472 378 498 475 381 496 473 379 497 474 380 499 476 382 498 475 381 497 474 380 500 477 383 498 475 381 499 476 382 501 478 384 500 477 383 499 476 382 502 479 385 500 477 383 501 478 384 505 482 388 504 481 387 503 480 386 506 483 389 504 481 387 505 482 388 507 484 390 506 483 389 505 482 388 508 485 391 506 483 389 507 484 390 509 486 392 508 485 391 507 484 390 490 467 373 508 485 391 509 486 392 510 487 393 490 467 373 509 486 392 489 466 372 490 467 373 510 487 393 511 488 394 489 466 372 510 487 393 512 489 395 489 466 372 511 488 394 513 490 396 512 489 395 511 488 394 514 491 397 512 489 395 513 490 396 473 450 283 515 492 398 472 449 281 516 493 399 515 492 398 473 450 283 474 451 285 516 493 399 473 450 283 517 494 400 516 493 399 474 451 285 475 452 326 517 494 400 474 451 285 518 495 401 517 494 400 475 452 326 441 419 329 518 495 401 475 452 326 519 496 402 518 495 401 441 419 329 442 420 308 519 496 402 441 419 329 520 497 403 519 496 402 442 420 308 443 421 310 520 497 403 442 420 308 445 423 330 520 497 403 443 421 310 523 500 406 522 499 405 521 498 404 524 501 407 522 499 405 523 500 406 525 502 408 524 501 407 523 500 406 526 503 409 524 501 407 525 502 408 527 504 410 526 503 409 525 502 408 528 505 411 526 503 409 527 504 410 529 506 412 528 505 411 527 504 410 530 507 324 528 505 411 529 506 412 531 508 303 530 507 324 529 506 412 482 459 365 491 468 374 484 461 367 493 470 376 491 468 374 482 459 365 532 509 413 493 470 376 482 459 365 533 510 414 493 470 376 532 509 413 534 511 415 533 510 414 532 509 413 535 512 416 533 510 414 534 511 415 536 513 417 535 512 416 534 511 415 537 514 418 535 512 416 536 513 417 538 515 419 537 514 418 536 513 417 541 518 422 540 517 421 539 516 420 542 519 423 540 517 421 541 518 422 543 520 424 542 519 423 541 518 422 544 521 425 542 519 423 543 520 424 545 522 426 544 521 425 543 520 424 546 523 427 544 521 425 545 522 426 445 423 330 546 523 427 545 522 426 446 424 302 546 523 427 445 423 330 544 521 430 547 524 429 542 519 428 548 525 431 547 524 429 544 521 430 549 526 432 548 525 431 544 521 430 550 527 433 548 525 431 549 526 432 551 528 434 550 527 433 549 526 432 552 529 435 550 527 433 551 528 434 553 530 436 552 529 435 551 528 434 419 399 355 552 529 435 553 530 436 453 431 216 554 531 230 454 432 215 555 532 218 554 531 230 453 431 216 556 339 231 555 532 218 453 431 216 557 383 220 555 532 218 556 339 231 558 533 222 557 383 220 556 339 231 559 384 221 557 383 220 558 533 222 560 534 223 559 384 221 558 533 222 561 535 268 559 384 221 560 534 223 563 537 438 521 498 404 562 536 437 523 500 406 521 498 404 563 537 438 564 538 439 523 500 406 563 537 438 525 502 408 523 500 406 564 538 439 565 539 440 525 502 408 564 538 439 527 504 410 525 502 408 565 539 440 566 540 441 527 504 410 565 539 440 567 541 442 527 504 410 566 540 441 554 531 260 455 433 229 454 432 236 568 358 227 455 433 229 554 531 260 569 411 241 568 358 227 554 531 260 570 542 226 568 358 227 569 411 241 571 413 225 570 542 226 569 411 241 572 362 224 570 542 226 571 413 225 560 534 223 572 362 224 571 413 225 558 533 222 572 362 224 560 534 223 574 544 444 573 543 443 477 454 360 575 545 445 573 543 443 574 544 444 576 546 446 575 545 445 574 544 444 577 547 447 575 545 445 576 546 446 578 548 448 577 547 447 576 546 446 579 549 449 577 547 447 578 548 448 580 550 450 579 549 449 578 548 448 478 455 361 581 551 451 480 457 363 582 552 452 581 551 451 478 455 361 583 553 453 582 552 452 478 455 361 536 513 417 582 552 452 583 553 453 584 554 454 536 513 417 583 553 453 538 515 419 536 513 417 584 554 454 585 555 455 538 515 419 584 554 454 588 558 458 587 557 457 586 556 456 589 559 459 587 557 457 588 558 458 590 560 460 589 559 459 588 558 458 591 561 461 589 559 459 590 560 460 592 562 462 591 561 461 590 560 460 593 563 463 591 561 461 592 562 462 411 391 347 594 564 464 337 322 333 595 565 465 594 564 464 411 391 347 413 393 349 595 565 465 411 391 347 553 530 436 595 565 465 413 393 349 415 395 351 553 530 436 413 393 349 419 399 355 553 530 436 415 395 351 512 489 395 487 464 370 489 466 372 596 566 466 487 464 370 512 489 395 514 491 397 596 566 466 512 489 395 597 567 467 596 566 466 514 491 397 598 568 468 597 567 467 514 491 397 580 550 450 597 567 467 598 568 468 516 493 471 599 569 470 515 492 469 562 536 437 599 569 470 516 493 471 600 570 472 562 536 437 516 493 471 563 537 438 562 536 437 600 570 472 539 516 473 563 537 438 600 570 472 601 571 474 563 537 438 539 516 473 602 572 475 535 512 416 537 514 418 603 573 476 535 512 416 602 572 475 604 574 477 603 573 476 602 572 475 533 510 414 603 573 476 604 574 477 495 472 378 533 510 414 604 574 477 493 470 376 533 510 414 495 472 378 605 575 235 569 411 241 554 531 260 606 576 233 569 411 241 605 575 235 561 535 234 606 576 233 605 575 235 607 577 232 606 576 233 561 535 234 560 534 223 607 577 232 561 535 234 571 413 225 607 577 232 560 534 223 498 475 381 490 467 373 496 473 379 608 578 478 490 467 373 498 475 381 500 477 383 608 578 478 498 475 381 609 579 479 608 578 478 500 477 383 502 479 385 609 579 479 500 477 383 610 580 480 609 579 479 502 479 385 530 507 324 467 444 317 465 442 316 611 581 305 467 444 317 530 507 324 531 508 303 611 581 305 530 507 324 456 434 304 611 581 305 531 508 303 452 430 293 456 434 304 531 508 303 570 542 226 468 445 259 612 582 228 613 583 258 468 445 259 570 542 226 572 362 224 613 583 258 570 542 226 556 339 231 613 583 258 572 362 224 558 533 222 556 339 231 572 362 224 547 524 429 540 517 481 542 519 428 614 584 482 540 517 481 547 524 429 343 328 339 614 584 482 547 524 429 341 326 337 614 584 482 343 328 339 615 585 295 463 440 294 452 430 293 616 586 483 463 440 294 615 585 295 567 541 442 616 586 483 615 585 295 551 528 484 616 586 483 567 541 442 470 447 240 556 339 231 453 431 216 613 583 258 556 339 231 470 447 240 466 443 239 613 583 258 470 447 240 468 445 259 613 583 258 466 443 239 586 556 487 618 588 486 617 587 485 619 589 488 618 588 486 586 556 487 587 557 489 619 589 488 586 556 487 620 590 490 619 589 488 587 557 489 621 591 491 609 579 479 610 580 480 622 592 492 609 579 479 621 591 491 476 453 493 622 592 492 621 591 491 506 483 389 622 592 492 476 453 493 623 593 494 604 574 477 602 572 475 624 594 495 604 574 477 623 593 494 625 595 496 624 594 495 623 593 494 501 478 384 624 594 495 625 595 496 626 596 498 583 553 453 621 591 497 584 554 454 583 553 453 626 596 498 627 597 499 584 554 454 626 596 498 585 555 455 584 554 454 627 597 499 628 598 502 601 571 501 539 516 500 629 599 503 601 571 501 628 598 502 339 324 358 629 599 503 628 598 502 425 405 357 629 599 503 339 324 358 629 599 503 564 538 504 601 571 501 630 600 505 564 538 504 629 599 503 424 404 356 630 600 505 629 599 503 338 323 334 630 600 505 424 404 356 630 600 505 565 539 506 564 538 504 594 564 464 565 539 506 630 600 505 338 323 334 594 564 464 630 600 505 337 322 333 594 564 464 338 323 334 631 601 508 539 516 420 600 570 507 541 518 422 539 516 420 631 601 508 518 495 401 541 518 422 631 601 508 519 496 402 541 518 422 518 495 401 545 522 426 520 497 403 445 423 330 519 496 402 520 497 403 545 522 426 543 520 424 519 496 402 545 522 426 541 518 422 519 496 402 543 520 424 553 530 436 566 540 509 595 565 465 567 541 510 566 540 509 553 530 436 551 528 434 567 541 510 553 530 436 616 586 483 446 424 302 463 440 294 549 526 511 446 424 302 616 586 483 551 528 484 549 526 511 616 586 483 506 483 389 573 543 512 504 481 387 477 454 513 573 543 512 506 483 389 476 453 493 477 454 513 506 483 389 496 473 379 492 469 375 494 471 377 488 465 371 492 469 375 496 473 379 490 467 373 488 465 371 496 473 379 548 525 431 343 328 339 547 524 429 345 330 341 343 328 339 548 525 431 417 397 353 345 330 341 548 525 431 508 485 391 622 592 492 506 483 389 608 578 478 622 592 492 508 485 391 490 467 373 608 578 478 508 485 391 550 527 433 417 397 353 548 525 431 419 399 355 417 397 353 550 527 433 552 529 435 419 399 355 550 527 433 581 551 451 482 459 365 480 457 363 532 509 413 482 459 365 581 551 451 534 511 415 532 509 413 581 551 451 611 581 305 468 445 319 467 444 317 612 582 307 468 445 319 611 581 305 455 433 306 612 582 307 611 581 305 614 584 482 539 516 514 540 517 481 628 598 515 539 516 514 614 584 482 339 324 335 628 598 515 614 584 482 632 602 516 485 462 368 597 567 467 483 460 366 485 462 368 632 602 516 576 546 446 483 460 366 632 602 516 516 493 399 631 601 508 600 570 507 517 494 400 631 601 508 516 493 399 479 456 362 574 544 444 477 454 360 481 458 364 574 544 444 479 456 362 575 545 445 504 481 517 573 543 443 577 547 447 504 481 517 575 545 445 578 548 448 597 567 467 580 550 450 576 546 446 597 567 467 578 548 448 503 480 518 577 547 447 579 549 449 504 481 517 577 547 447 503 480 518 481 458 364 576 546 446 574 544 444 483 460 366 576 546 446 481 458 364 605 575 267 559 384 221 561 535 268 554 531 230 559 384 221 605 575 267 557 383 220 554 531 230 555 532 218 559 384 221 554 531 230 557 383 220 571 413 225 606 576 233 607 577 232 569 411 241 606 576 233 571 413 225 620 590 490 593 563 463 619 589 488 591 561 461 593 563 463 620 590 490 589 559 459 620 590 519 587 557 457 591 561 461 620 590 519 589 559 459 568 358 227 612 582 228 455 433 229 570 542 226 612 582 228 568 358 227 626 596 521 610 580 480 627 597 520 621 591 491 610 580 480 626 596 521 531 508 303 615 585 295 452 430 293 529 506 412 615 585 295 531 508 303 499 476 382 624 594 495 501 478 384 497 474 380 624 594 495 499 476 382 495 472 378 624 594 495 497 474 380 604 574 477 624 594 495 495 472 378 527 504 410 615 585 295 529 506 412 567 541 442 615 585 295 527 504 410 594 564 464 566 540 509 565 539 506 595 565 465 566 540 509 594 564 464 476 453 359 583 553 453 478 455 361 621 591 497 583 553 453 476 453 359 534 511 415 582 552 452 536 513 417 581 551 451 582 552 452 534 511 415 546 523 427 549 526 511 544 521 425 446 424 302 549 526 511 546 523 427 596 566 466 485 462 368 487 464 370 597 567 467 485 462 368 596 566 466 592 562 462 590 560 460 633 371 522 611 581 305 456 434 304 455 433 306 530 507 324 634 603 523 528 505 411 563 537 438 601 571 474 564 538 439 629 599 503 425 405 357 424 404 356 517 494 400 518 495 401 631 601 508 614 584 482 341 326 337 339 324 335 488 465 371 486 463 369 492 469 375 608 578 478 609 579 479 622 592 492 535 512 416 603 573 476 533 510 414 597 567 467 576 546 446 632 602 516 637 606 526 636 605 525 635 604 524 638 607 527 636 605 525 637 606 526 639 608 528 638 607 527 637 606 526 640 609 529 638 607 527 639 608 528 641 610 530 640 609 529 639 608 528 642 611 531 640 609 529 641 610 530 643 612 532 642 611 531 641 610 530 644 613 533 642 611 531 643 612 532 645 614 534 644 613 533 643 612 532 646 615 535 644 613 533 645 614 534 647 616 536 646 615 535 645 614 534 648 617 537 646 615 535 647 616 536 617 587 538 648 617 537 647 616 536 637 606 539 648 617 537 617 587 538 592 562 462 649 618 540 593 563 463 650 619 541 649 618 540 592 562 462 633 371 522 650 619 541 592 562 462 645 614 534 650 619 541 633 371 522 651 620 542 645 614 534 633 371 522 647 616 536 645 614 534 651 620 542 617 587 538 647 616 536 651 620 542 652 621 543 646 615 535 648 617 537 653 622 544 646 615 535 652 621 543 654 623 545 653 622 544 652 621 543 655 624 546 653 622 544 654 623 545 515 492 469 655 624 546 654 623 545 599 569 470 655 624 546 515 492 469 653 622 544 644 613 533 646 615 535 656 625 547 644 613 533 653 622 544 655 624 546 656 625 547 653 622 544 657 626 548 656 625 547 655 624 546 599 569 470 657 626 548 655 624 546 562 536 437 657 626 548 599 569 470 635 604 524 530 507 324 465 442 316 634 603 523 530 507 324 635 604 524 636 605 525 634 603 523 635 604 524 528 505 411 634 603 523 636 605 525 526 503 409 528 505 411 636 605 525 656 625 547 642 611 531 644 613 533 658 627 549 642 611 531 656 625 547 657 626 548 658 627 549 656 625 547 522 499 405 658 627 549 657 626 548 521 498 404 522 499 405 657 626 548 640 609 529 636 605 525 638 607 527 659 628 550 636 605 525 640 609 529 642 611 531 659 628 550 640 609 529 658 627 549 659 628 550 642 611 531 636 605 525 524 501 407 526 503 409 660 629 551 524 501 407 636 605 525 659 628 550 660 629 551 636 605 525 658 627 549 660 629 551 659 628 550 469 446 277 635 604 552 465 442 275 652 621 553 635 604 552 469 446 277 654 623 554 652 621 553 469 446 277 654 623 554 472 449 281 515 492 398 471 448 279 472 449 281 654 623 554 469 446 277 471 448 279 654 623 554 635 604 555 648 617 537 637 606 539 652 621 543 648 617 537 635 604 555 617 587 485 639 608 528 637 606 526 618 588 486 639 608 528 617 587 485 660 629 551 522 499 405 524 501 407 658 627 549 522 499 405 660 629 551 590 560 460 651 620 542 633 371 522 588 558 458 651 620 542 590 560 460 643 612 532 650 619 541 645 614 534 641 610 530 650 619 541 643 612 532 641 610 530 649 618 540 650 619 541 639 608 528 649 618 540 641 610 530 618 588 486 649 618 540 639 608 528 619 589 488 649 618 540 618 588 486 651 620 542 586 556 456 617 587 538 588 558 458 586 556 456 651 620 542 562 536 437 521 498 404 657 626 548 593 563 463 649 618 540 619 589 488 661 630 32 330 315 14 332 317 16 422 402 33 330 315 14 661 630 32 662 631 52 422 402 33 661 630 32 322 307 6 422 402 33 662 631 52 663 632 4 322 307 6 662 631 52 321 306 5 322 307 6 663 632 4 664 633 3 321 306 5 663 632 4 665 634 21 321 306 5 664 633 3 666 635 19 665 634 21 664 633 3 667 636 20 665 634 21 666 635 19 368 350 45 668 637 49 366 349 50 669 638 44 668 637 49 368 350 45 370 352 24 669 638 44 368 350 45 670 22 22 669 638 44 370 352 24 372 354 23 670 22 22 370 352 24 665 634 21 670 22 22 372 354 23 323 308 7 665 634 21 372 354 23 321 306 5 665 634 21 323 308 7 673 641 30 672 640 56 671 639 58 332 317 16 672 640 56 673 641 30 674 642 31 332 317 16 673 641 30 661 630 32 332 317 16 674 642 31 675 643 67 661 630 32 674 642 31 676 644 53 661 630 32 675 643 67 678 646 36 668 637 37 677 645 35 679 647 38 668 637 37 678 646 36 426 406 55 679 647 38 678 646 36 401 382 54 679 647 38 426 406 55 664 633 3 680 648 1 666 635 19 681 649 2 680 648 1 664 633 3 663 632 4 681 649 2 664 633 3 662 631 52 681 649 2 663 632 4 400 381 40 679 647 38 401 382 54 366 349 39 679 647 38 400 381 40 662 631 52 676 644 53 681 649 2 661 630 32 676 644 53 662 631 52 672 640 56 426 406 55 678 646 36 332 317 16 426 406 55 672 640 56 667 636 20 670 22 22 665 634 21 682 650 43 670 22 22 667 636 20 682 650 43 669 638 44 670 22 22 677 645 48 669 638 44 682 650 43 322 307 6 421 401 34 422 402 33 422 402 33 328 313 12 330 315 14 668 637 49 669 638 44 677 645 48 366 349 39 668 637 37 679 647 38 685 653 69 684 652 75 683 651 76 686 654 74 684 652 75 685 653 69 687 655 68 686 654 74 685 653 69 688 656 73 686 654 74 687 655 68 689 657 66 688 656 73 687 655 68 690 658 61 688 656 73 689 657 66 691 659 59 690 658 61 689 657 66 692 660 60 690 658 61 691 659 59 671 639 58 692 660 60 691 659 59 693 661 93 692 660 60 671 639 58 672 640 56 693 661 93 671 639 58 694 662 92 693 661 93 672 640 56 678 646 36 694 662 92 672 640 56 677 645 35 694 662 92 678 646 36 682 650 43 695 663 79 677 645 48 696 664 80 695 663 79 682 650 43 667 636 20 696 664 80 682 650 43 697 665 85 696 664 80 667 636 20 666 635 19 697 665 85 667 636 20 698 666 94 697 665 85 666 635 19 699 667 96 698 666 94 666 635 19 700 668 95 698 666 94 699 667 96 692 660 60 701 669 62 690 658 61 702 670 100 701 669 62 692 660 60 693 661 93 702 670 100 692 660 60 703 671 91 702 670 100 693 661 93 694 662 92 703 671 91 693 661 93 704 672 90 703 671 91 694 662 92 695 663 102 704 672 90 694 662 92 691 659 59 673 641 30 671 639 58 674 642 31 673 641 30 691 659 59 689 657 66 674 642 31 691 659 59 675 643 67 674 642 31 689 657 66 687 655 68 675 643 67 689 657 66 705 673 0 675 643 67 687 655 68 707 675 82 697 665 85 706 674 86 696 664 80 697 665 85 707 675 82 704 672 81 696 664 80 707 675 82 695 663 79 696 664 80 704 672 81 690 658 61 708 676 98 688 656 73 709 677 63 708 676 98 690 658 61 701 669 62 709 677 63 690 658 61 680 648 1 699 667 96 666 635 19 710 678 70 699 667 96 680 648 1 705 673 0 710 678 70 680 648 1 686 654 74 708 676 98 684 652 75 688 656 73 708 676 98 686 654 74 700 668 95 697 665 85 698 666 94 706 674 86 697 665 85 700 668 95 681 649 2 705 673 0 680 648 1 676 644 53 705 673 0 681 649 2 677 645 35 695 663 102 694 662 92 675 643 67 705 673 0 676 644 53 713 681 123 712 680 99 711 679 130 714 682 64 712 680 99 713 681 123 715 683 131 714 682 64 713 681 123 716 683 65 714 682 64 715 683 131 717 684 132 716 683 65 715 683 131 718 685 97 716 683 65 717 684 132 719 29 133 718 685 97 717 684 132 720 73 77 718 685 97 719 29 133 721 686 134 720 73 77 719 29 133 722 687 78 720 73 77 721 686 134 723 688 135 722 687 78 721 686 134 724 689 136 722 687 78 723 688 135 725 690 137 724 689 136 723 688 135 726 691 138 724 689 136 725 690 137 727 692 139 726 691 138 725 690 137 728 693 140 726 691 138 727 692 139 729 694 170 728 693 140 727 692 139 731 696 109 730 695 107 729 694 170 732 697 108 730 695 107 731 696 109 733 698 110 732 697 108 731 696 109 734 699 141 732 697 108 733 698 110 735 700 112 734 699 141 733 698 110 736 701 142 734 699 141 735 700 112 737 702 114 736 701 142 735 700 112 738 703 143 736 701 142 737 702 114 739 704 116 738 703 143 737 702 114 740 705 144 738 703 143 739 704 116 741 706 118 740 705 144 739 704 116 742 707 145 740 705 144 741 706 118 743 708 120 742 707 145 741 706 118 727 692 139 731 696 109 729 694 170 744 709 111 731 696 109 727 692 139 725 690 137 744 709 111 727 692 139 745 710 113 744 709 111 725 690 137 723 688 135 745 710 113 725 690 137 746 711 115 745 710 113 723 688 135 721 686 134 746 711 115 723 688 135 747 712 117 746 711 115 721 686 134 719 29 133 747 712 117 721 686 134 748 713 119 747 712 117 719 29 133 717 684 132 748 713 119 719 29 133 749 714 121 748 713 119 717 684 132 752 717 151 751 716 152 750 715 150 753 718 153 751 716 152 752 717 151 754 719 159 753 718 153 752 717 151 755 720 160 753 718 153 754 719 159 756 721 158 755 720 160 754 719 159 757 222 171 755 720 160 756 721 158 711 679 130 757 222 171 756 721 158 758 722 101 757 222 171 711 679 130 712 680 99 758 722 101 711 679 130 702 670 100 758 722 101 712 680 99 701 669 62 702 670 100 712 680 99 761 725 105 760 724 106 759 723 104 730 695 107 760 724 106 761 725 105 762 726 168 730 695 107 761 725 105 729 694 170 730 695 107 762 726 168 763 727 169 729 694 170 762 726 168 728 693 140 729 694 170 763 727 169 764 728 103 728 693 140 763 727 169 724 689 136 728 693 140 764 728 103 700 668 95 724 689 136 764 728 103 699 667 96 724 689 136 700 668 95 683 651 76 722 687 78 685 653 69 720 73 77 722 687 78 683 651 76 684 652 75 720 73 77 683 651 76 718 685 97 720 73 77 684 652 75 708 676 98 718 685 97 684 652 75 716 683 65 718 685 97 708 676 98 709 677 63 716 683 65 708 676 98 714 682 64 716 683 65 709 677 63 701 669 62 714 682 64 709 677 63 712 680 99 714 682 64 701 669 62 744 709 111 733 698 110 731 696 109 735 700 112 733 698 110 744 709 111 745 710 113 735 700 112 744 709 111 737 702 114 735 700 112 745 710 113 746 711 115 737 702 114 745 710 113 739 704 116 737 702 114 746 711 115 747 712 117 739 704 116 746 711 115 741 706 118 739 704 116 747 712 117 748 713 119 741 706 118 747 712 117 713 681 123 717 684 132 715 683 131 749 714 121 717 684 132 713 681 123 765 729 122 749 714 121 713 681 123 743 708 120 749 714 121 765 729 122 766 730 146 743 708 120 765 729 122 742 707 145 743 708 120 766 730 146 767 731 178 742 707 145 766 730 146 768 732 177 742 707 145 767 731 178 751 716 167 762 726 168 761 725 105 769 733 166 762 726 168 751 716 167 770 734 165 769 733 166 751 716 167 771 735 84 769 733 166 770 734 165 772 736 83 771 735 84 770 734 165 707 675 82 771 735 84 772 736 83 704 672 81 707 675 82 772 736 83 732 697 108 760 724 106 730 695 107 773 737 172 760 724 106 732 697 108 734 699 141 773 737 172 732 697 108 774 738 173 773 737 172 734 699 141 736 701 142 774 738 173 734 699 141 775 739 174 774 738 173 736 701 142 776 740 175 775 739 174 736 701 142 685 653 69 705 673 0 687 655 68 710 678 70 705 673 0 685 653 69 777 741 71 710 678 70 685 653 69 778 742 72 710 678 70 777 741 71 724 689 136 778 742 72 777 741 71 699 667 96 778 742 72 724 689 136 756 721 158 713 681 123 711 679 130 779 743 125 713 681 123 756 721 158 780 744 157 779 743 125 756 721 158 781 745 156 779 743 125 780 744 157 782 746 163 781 745 156 780 744 157 783 747 164 781 745 156 782 746 163 766 730 146 784 748 179 767 731 178 785 749 147 784 748 179 766 730 146 765 729 122 785 749 147 766 730 146 786 750 124 785 749 147 765 729 122 713 681 123 786 750 124 765 729 122 779 743 125 786 750 124 713 681 123 769 733 166 763 727 169 762 726 168 787 751 87 763 727 169 769 733 166 771 735 84 787 751 87 769 733 166 706 674 86 787 751 87 771 735 84 707 675 82 706 674 86 771 735 84 738 703 143 776 740 175 736 701 142 788 752 176 776 740 175 738 703 143 740 705 144 788 752 176 738 703 143 768 732 177 788 752 176 740 705 144 742 707 145 768 732 177 740 705 144 790 754 149 750 715 150 789 753 148 752 717 151 750 715 150 790 754 149 791 755 161 752 717 151 790 754 149 792 756 162 752 717 151 791 755 161 753 718 153 770 734 154 751 716 152 793 757 155 770 734 154 753 718 153 755 720 160 793 757 155 753 718 153 757 222 171 793 757 155 755 720 160 793 757 155 772 736 88 770 734 154 794 758 89 772 736 88 793 757 155 757 222 171 794 758 89 793 757 155 758 722 101 794 758 89 757 222 171 785 749 147 795 759 180 784 748 179 796 760 126 795 759 180 785 749 147 786 750 124 796 760 126 785 749 147 779 743 125 796 760 126 786 750 124 796 760 126 797 761 128 795 759 180 798 762 127 797 761 128 796 760 126 779 743 125 798 762 127 796 760 126 781 745 156 798 762 127 779 743 125 787 751 87 764 728 103 763 727 169 700 668 95 764 728 103 787 751 87 706 674 86 700 668 95 787 751 87 750 715 150 759 723 181 789 753 148 761 725 182 759 723 181 750 715 150 751 716 152 761 725 182 750 715 150 780 744 157 792 756 162 782 746 163 752 717 151 792 756 162 780 744 157 754 719 159 752 717 151 780 744 157 702 670 100 794 758 89 758 722 101 703 671 91 794 758 89 702 670 100 704 672 90 794 758 89 703 671 91 772 736 88 794 758 89 704 672 90 777 741 71 722 687 78 724 689 136 685 653 69 722 687 78 777 741 71 798 762 127 799 763 129 797 761 128 781 745 156 799 763 129 798 762 127 743 708 120 748 713 119 749 714 121 741 706 118 748 713 119 743 708 120 778 742 72 699 667 96 710 678 70 780 744 157 756 721 158 754 719 159 724 689 136 726 691 138 728 693 140 799 763 129 781 745 156 783 747 164 767 731 178 800 764 184 768 732 177 801 765 185 800 764 184 767 731 178 784 748 179 801 765 185 767 731 178 802 766 186 801 765 185 784 748 179 795 759 180 802 766 186 784 748 179 803 767 187 802 766 186 795 759 180 797 761 128 803 767 187 795 759 180 804 768 188 803 767 187 797 761 128 799 763 129 804 768 188 797 761 128 805 769 189 804 768 188 799 763 129 783 747 164 805 769 189 799 763 129 806 770 202 805 769 189 783 747 164 775 739 174 807 771 196 774 738 173 808 772 197 807 771 196 775 739 174 776 740 175 808 772 197 775 739 174 809 773 198 808 772 197 776 740 175 810 774 183 809 773 198 776 740 175 811 775 199 809 773 198 810 774 183 812 776 195 811 775 199 810 774 183 813 777 200 791 755 161 790 754 149 814 778 201 791 755 161 813 777 200 815 779 213 814 778 201 813 777 200 806 770 202 814 778 201 815 779 213 816 780 214 806 770 202 815 779 213 817 781 203 806 770 202 816 780 214 760 724 106 818 782 211 759 723 104 819 783 212 818 782 211 760 724 106 773 737 172 819 783 212 760 724 106 820 784 204 819 783 212 773 737 172 821 785 205 820 784 204 773 737 172 791 755 161 782 746 163 792 756 162 783 747 164 782 746 163 791 755 161 814 778 201 783 747 164 791 755 161 806 770 202 783 747 164 814 778 201 822 786 208 759 723 181 818 782 210 789 753 148 759 723 181 822 786 208 790 754 149 789 753 148 822 786 208 807 771 196 773 737 172 774 738 173 821 785 205 773 737 172 807 771 196 823 787 206 821 785 205 807 771 196 824 788 209 790 754 149 822 786 208 813 777 200 790 754 149 824 788 209 807 771 196 825 789 207 823 787 206 808 772 197 825 789 207 807 771 196 825 789 207 809 773 198 811 775 199 808 772 197 809 773 198 825 789 207 788 752 176 810 774 183 776 740 175 768 732 177 810 774 183 788 752 176 817 781 203 805 769 189 806 770 202 826 790 190 805 769 189 817 781 203 826 790 190 804 768 188 805 769 189 827 791 191 804 768 188 826 790 190 827 791 191 803 767 187 804 768 188 828 792 192 803 767 187 827 791 191 828 792 192 802 766 186 803 767 187 829 793 193 802 766 186 828 792 192 829 793 193 801 765 185 802 766 186 830 794 194 801 765 185 829 793 193 830 794 194 800 764 184 801 765 185 812 776 195 800 764 184 830 794 194 810 774 183 800 764 184 812 776 195 768 732 177 800 764 184 810 774 183 833 770 385 832 796 479 831 795 480 834 797 383 832 796 479 833 770 385 835 798 384 834 797 383 833 770 385 836 799 382 834 797 383 835 798 384 837 800 495 836 799 382 835 798 384 838 801 380 836 799 382 837 800 495 839 802 378 838 801 380 837 800 495 840 803 379 838 801 380 839 802 378 841 804 377 840 803 379 839 802 378 842 805 375 840 803 379 841 804 377 843 806 376 842 805 375 841 804 377 844 807 374 842 805 375 843 806 376 845 808 365 844 807 374 843 806 376 846 809 367 844 807 374 845 808 365 847 810 366 846 809 367 845 808 365 848 811 368 846 809 367 847 810 366 849 812 516 848 811 368 847 810 366 850 813 467 848 811 368 849 812 516 851 615 446 850 813 467 849 812 516 852 814 448 850 813 467 851 615 446 853 815 447 852 814 448 851 615 446 854 816 449 852 814 448 853 815 447 855 817 518 854 816 449 853 815 447 858 820 546 857 819 470 856 818 469 859 821 548 857 819 470 858 820 546 860 822 547 859 821 548 858 820 546 861 823 549 859 821 548 860 822 547 862 824 531 861 823 549 860 822 547 863 825 550 861 823 549 862 824 531 864 826 529 863 825 550 862 824 531 865 827 525 863 825 550 864 826 529 866 828 527 865 827 525 864 826 529 867 829 526 865 827 525 866 828 527 868 830 528 867 829 526 866 828 527 869 831 485 867 829 526 868 830 528 870 832 486 869 831 485 868 830 528 871 833 487 869 831 485 870 832 486 872 834 488 871 833 487 870 832 486 873 835 489 871 833 487 872 834 488 874 836 490 873 835 489 872 834 488 853 815 447 875 837 517 855 817 518 876 838 445 875 837 517 853 815 447 851 615 446 876 838 445 853 815 447 877 839 444 876 838 445 851 615 446 878 840 364 877 839 444 851 615 446 879 841 362 877 839 444 878 840 364 880 842 363 879 841 362 878 840 364 881 843 361 879 841 362 880 842 363 882 844 451 881 843 361 880 842 363 883 845 452 881 843 361 882 844 451 884 846 415 883 845 452 882 844 451 885 847 417 883 845 452 884 846 415 886 848 416 885 847 417 884 846 415 887 849 418 885 847 417 886 848 416 888 850 475 887 849 418 886 848 416 889 851 545 858 820 546 856 818 469 890 852 544 858 820 546 889 851 545 891 853 543 890 852 544 889 851 545 892 854 535 890 852 544 891 853 543 893 855 537 892 854 535 891 853 543 894 856 536 892 854 535 893 855 537 869 831 538 894 856 536 893 855 537 895 857 542 894 856 536 869 831 538 871 833 456 895 857 542 869 831 538 896 858 458 895 857 542 871 833 456 873 835 457 896 858 458 871 833 456 897 859 459 896 858 458 873 835 457 874 836 519 897 859 459 873 835 457 898 860 461 897 859 459 874 836 519 831 795 480 900 862 521 899 861 520 901 863 491 900 862 521 831 795 480 832 796 479 901 863 491 831 795 480 902 864 492 901 863 491 832 796 479 903 865 478 902 864 492 832 796 479 904 866 391 902 864 492 903 865 478 905 867 373 904 866 391 903 865 478 906 868 392 904 866 391 905 867 373 907 869 393 906 868 392 905 867 373 840 803 379 908 870 381 838 801 380 905 867 373 908 870 381 840 803 379 909 871 371 905 867 373 840 803 379 910 872 372 905 867 373 909 871 371 911 873 370 910 872 372 909 871 371 912 874 395 910 872 372 911 873 370 913 875 466 912 874 395 911 873 370 914 876 397 912 874 395 913 875 466 850 813 467 914 876 397 913 875 466 915 877 533 862 824 531 860 822 547 916 878 532 862 824 531 915 877 533 917 879 534 916 878 532 915 877 533 918 880 541 916 878 532 917 879 534 919 271 522 918 880 541 917 879 534 920 881 462 918 880 541 919 271 522 921 882 460 920 881 462 919 271 522 898 860 461 920 881 462 921 882 460 897 859 459 898 860 461 921 882 460 839 802 378 843 806 376 841 804 377 922 883 414 843 806 376 839 802 378 923 884 477 922 883 414 839 802 378 924 885 476 922 883 414 923 884 477 888 850 475 924 885 476 923 884 477 886 848 416 924 885 476 888 850 475 890 852 544 860 822 547 858 820 546 915 877 533 860 822 547 890 852 544 892 854 535 915 877 533 890 852 544 917 879 534 915 877 533 892 854 535 894 856 536 917 879 534 892 854 535 895 857 542 917 879 534 894 856 536 918 880 541 925 886 530 916 878 532 926 887 540 925 886 530 918 880 541 920 881 462 926 887 540 918 880 541 927 888 463 926 887 540 920 881 462 898 860 461 927 888 463 920 881 462 874 836 490 927 888 463 898 860 461 902 864 492 928 889 493 901 863 491 929 890 389 928 889 493 902 864 492 904 866 391 929 890 389 902 864 492 930 891 390 929 890 389 904 866 391 906 868 392 930 891 390 904 866 391 881 843 361 931 892 360 879 841 362 928 889 359 931 892 360 881 843 361 932 893 453 928 889 359 881 843 361 901 863 497 928 889 359 932 893 453 900 862 498 901 863 497 932 893 453 847 810 366 851 615 446 849 812 516 878 840 364 851 615 446 847 810 366 845 808 365 878 840 364 847 810 366 880 842 363 878 840 364 845 808 365 882 844 451 880 842 363 845 808 365 933 894 450 852 814 448 854 816 449 850 813 467 852 814 448 933 894 450 934 895 468 850 813 467 933 894 450 914 876 397 850 813 467 934 895 468 834 797 383 903 865 478 832 796 479 908 870 381 903 865 478 834 797 383 836 799 382 908 870 381 834 797 383 838 801 380 908 870 381 836 799 382 842 805 375 909 871 371 840 803 379 935 896 369 909 871 371 842 805 375 844 807 374 935 896 369 842 805 375 846 809 367 935 896 369 844 807 374 936 897 419 885 847 417 887 849 418 937 898 454 885 847 417 936 897 419 938 899 455 937 898 454 936 897 419 899 861 499 937 898 454 938 899 455 861 823 549 939 900 405 859 821 548 940 901 551 939 900 405 861 823 549 863 825 550 940 901 551 861 823 549 865 827 525 940 901 551 863 825 550 895 857 542 919 271 522 917 879 534 921 882 460 919 271 522 895 857 542 896 858 458 921 882 460 895 857 542 897 859 459 921 882 460 896 858 458 864 826 529 868 830 528 866 828 527 925 886 530 868 830 528 864 826 529 862 824 531 925 886 530 864 826 529 916 878 532 925 886 530 862 824 531 872 834 488 927 888 463 874 836 490 926 887 540 927 888 463 872 834 488 870 832 486 926 887 540 872 834 488 868 830 528 926 887 540 870 832 486 929 890 389 931 892 513 928 889 493 941 902 512 931 892 513 929 890 389 875 837 387 941 902 512 929 890 389 910 872 372 907 869 393 905 867 373 942 903 394 907 869 393 910 872 372 912 874 395 942 903 394 910 872 372 937 898 454 932 893 453 885 847 417 900 862 498 932 893 453 937 898 454 899 861 499 900 862 498 937 898 454 943 904 413 882 844 451 845 808 365 884 846 415 882 844 451 943 904 413 922 883 414 884 846 415 943 904 413 859 821 548 944 905 437 857 819 470 945 906 404 944 905 437 859 821 548 939 900 405 945 906 404 859 821 548 913 875 466 848 811 368 850 813 467 911 873 370 848 811 368 913 875 466 886 848 416 922 883 414 924 885 476 884 846 415 922 883 414 886 848 416 837 800 495 923 884 477 839 802 378 946 907 494 923 884 477 837 800 495 848 811 368 935 896 369 846 809 367 911 873 370 935 896 369 848 811 368 843 806 376 943 904 413 845 808 365 922 883 414 943 904 413 843 806 376 947 908 396 912 874 395 914 876 397 942 903 394 912 874 395 947 908 396 876 838 445 941 902 443 875 837 517 877 839 444 941 902 443 876 838 445 877 839 444 931 892 360 941 902 443 879 841 362 931 892 360 877 839 444 948 909 552 298 283 277 297 282 275 891 853 553 298 283 277 948 909 552 317 302 324 948 909 524 297 282 316 949 910 523 948 909 524 317 302 324 948 909 555 893 855 537 891 853 543 867 829 539 893 855 537 948 909 555 948 909 524 865 827 525 867 829 526 949 910 523 865 827 525 948 909 524 950 911 411 865 827 525 949 910 523 951 912 409 865 827 525 950 911 411 300 285 281 889 851 554 856 818 398 299 284 279 889 851 554 300 285 281 940 901 551 952 913 407 939 900 405 865 827 525 952 913 407 940 901 551 889 851 554 298 283 277 891 853 553 299 284 279 298 283 277 889 851 554 883 845 452 932 893 453 881 843 361 885 847 417 932 893 453 883 845 452 875 837 387 953 914 388 855 817 386 929 890 389 953 914 388 875 837 387 954 915 496 837 800 495 835 798 384 946 907 494 837 800 495 954 915 496 929 890 389 930 891 390 953 914 388 911 873 370 909 871 371 935 896 369 908 870 381 905 867 373 903 865 478 946 907 494 888 850 475 923 884 477 867 829 539 869 831 538 893 855 537 925 886 530 926 887 540 868 830 528 865 827 525 951 912 409 952 913 407 955 916 344 42 42 42 41 41 41 956 917 345 42 42 42 955 916 344 957 918 358 956 917 345 955 916 344 958 919 357 956 917 345 957 918 358 959 920 503 958 919 357 957 918 358 960 921 356 958 919 357 959 920 503 961 922 505 960 921 356 959 920 503 962 923 334 960 921 356 961 922 505 963 924 464 962 923 334 961 922 505 964 925 333 962 923 334 963 924 464 965 926 347 964 925 333 963 924 464 966 927 331 964 925 333 965 926 347 967 928 348 966 927 331 965 926 347 17 17 17 966 927 331 967 928 348 15 15 15 17 17 17 967 928 348 968 929 399 302 287 285 301 286 283 969 930 400 302 287 285 968 929 399 970 931 508 969 930 400 968 929 399 971 932 401 969 930 400 970 931 508 972 933 422 971 932 401 970 931 508 973 934 402 971 932 401 972 933 422 974 668 424 973 934 402 972 933 422 975 935 426 973 934 402 974 668 424 976 936 425 975 935 426 974 668 424 977 937 427 975 935 426 976 936 425 978 938 511 977 937 427 976 936 425 309 294 302 977 937 427 978 938 511 979 939 483 309 294 302 978 938 511 305 290 294 309 294 302 979 939 483 306 291 295 305 290 294 979 939 483 982 942 501 981 941 502 980 940 500 959 920 503 981 941 502 982 942 501 983 943 504 959 920 503 982 942 501 961 922 505 959 920 503 983 943 504 984 944 506 961 922 505 983 943 504 963 924 464 961 922 505 984 944 506 985 945 509 963 924 464 984 944 506 986 946 465 963 924 464 985 945 509 987 947 436 986 946 465 985 945 509 988 948 349 986 946 465 987 947 436 989 949 351 988 948 349 987 947 436 990 950 350 988 948 349 989 949 351 991 951 352 990 950 350 989 949 351 13 13 13 990 950 350 991 951 352 11 11 11 13 13 13 991 951 352 991 951 352 29 29 29 11 11 11 992 952 354 29 29 29 991 951 352 989 949 351 992 952 354 991 951 352 993 953 355 992 952 354 989 949 351 987 947 436 993 953 355 989 949 351 994 954 435 993 953 355 987 947 436 995 955 434 994 954 435 987 947 436 996 956 433 994 954 435 995 955 434 978 938 432 996 956 433 995 955 434 997 957 431 996 956 433 978 938 432 976 936 430 997 957 431 978 938 432 998 958 429 997 957 431 976 936 430 999 959 428 998 958 429 976 936 430 1000 960 481 998 958 429 999 959 428 992 952 354 28 28 28 29 29 29 1001 961 343 28 28 28 992 952 354 1002 962 353 1001 961 343 992 952 354 1003 963 341 1001 961 343 1002 962 353 997 957 431 1003 963 341 1002 962 353 1004 964 339 1003 963 341 997 957 431 998 958 429 1004 964 339 997 957 431 1005 965 482 1004 964 339 998 958 429 1000 960 481 1005 965 482 998 958 429 980 940 514 1005 965 482 1000 960 481 1001 961 343 26 26 26 28 28 28 1006 966 342 26 26 26 1001 961 343 1003 963 341 1006 966 342 1001 961 343 1007 967 340 1006 966 342 1003 963 341 1004 964 339 1007 967 340 1003 963 341 1008 968 338 1007 967 340 1004 964 339 1009 219 337 1008 968 338 1004 964 339 955 916 336 1008 968 338 1009 219 337 957 918 335 955 916 336 1009 219 337 944 905 437 1010 969 472 968 929 471 1011 970 438 1010 969 472 944 905 437 945 906 404 1011 970 438 944 905 437 1012 971 406 1011 970 438 945 906 404 939 900 405 1012 971 406 945 906 404 952 913 407 1012 971 406 939 900 405 320 305 330 977 937 427 309 294 302 975 935 426 977 937 427 320 305 330 1013 972 403 975 935 426 320 305 330 973 934 402 975 935 426 1013 972 403 313 298 308 973 934 402 1013 972 403 319 304 329 973 934 402 313 298 308 962 923 334 1014 973 346 960 921 356 1015 974 332 1014 973 346 962 923 334 964 925 333 1015 974 332 962 923 334 966 927 331 1015 974 332 964 925 333 317 302 324 950 911 411 949 910 523 1016 975 412 950 911 411 317 302 324 310 295 303 1016 975 412 317 302 324 306 291 295 1016 975 412 310 295 303 1017 976 442 306 291 295 979 939 483 1018 977 410 306 291 295 1017 976 442 985 945 441 1018 977 410 1017 976 442 984 944 440 1018 977 410 985 945 441 956 917 345 53 53 57 42 42 42 1014 973 346 53 53 57 956 917 345 958 919 357 1014 973 346 956 917 345 960 921 356 1014 973 346 958 919 357 1015 974 332 53 53 57 1014 973 346 18 18 18 53 53 57 1015 974 332 966 927 331 18 18 18 1015 974 332 17 17 17 18 18 18 966 927 331 1012 971 406 983 943 439 1011 970 438 1019 978 408 983 943 439 1012 971 406 952 913 407 1019 978 408 1012 971 406 951 912 409 1019 978 408 952 913 407 1011 970 438 980 940 473 1010 969 472 982 942 474 980 940 473 1011 970 438 983 943 439 982 942 474 1011 970 438 1018 977 410 1016 975 412 306 291 295 950 911 411 1016 975 412 1018 977 410 951 912 409 950 911 411 1018 977 410 999 959 423 972 933 422 1000 960 421 974 668 424 972 933 422 999 959 423 976 936 425 974 668 424 999 959 423 993 953 355 1002 962 353 992 952 354 996 956 433 1002 962 353 993 953 355 994 954 435 996 956 433 993 953 355 856 818 398 301 286 283 300 285 281 968 929 399 301 286 283 856 818 398 857 819 470 968 929 471 856 818 469 944 905 437 968 929 471 857 819 470 1010 969 507 970 931 508 968 929 399 980 940 420 970 931 508 1010 969 507 1018 977 410 1019 978 408 951 912 409 984 944 440 1019 978 408 1018 977 410 969 930 400 318 303 326 302 287 285 971 932 401 318 303 326 969 930 400 314 299 310 1013 972 403 320 305 330 313 298 308 1013 972 403 314 299 310 319 304 329 971 932 401 973 934 402 318 303 326 971 932 401 319 304 329 995 955 484 979 939 483 978 938 511 1017 976 442 979 939 483 995 955 484 41 41 51 1008 968 338 955 916 336 47 47 47 1008 968 338 41 41 51 47 47 47 1007 967 340 1008 968 338 46 46 46 1007 967 340 47 47 47 15 15 15 990 950 350 13 13 13 967 928 348 990 950 350 15 15 15 46 46 46 1006 966 342 1007 967 340 26 26 26 1006 966 342 46 46 46 980 940 420 972 933 422 970 931 508 1000 960 421 972 933 422 980 940 420 1017 976 510 987 947 436 985 945 509 995 955 434 987 947 436 1017 976 510 981 941 515 1005 965 482 980 940 514 957 918 335 1005 965 482 981 941 515 967 928 348 988 948 349 990 950 350 965 926 347 988 948 349 967 928 348 1005 965 482 1009 219 337 1004 964 339 957 918 335 1009 219 337 1005 965 482 965 926 347 986 946 465 988 948 349 963 924 464 986 946 465 965 926 347 316 301 317 317 302 324 297 282 316 1019 978 408 984 944 440 983 943 439 981 941 502 959 920 503 957 918 358 1002 962 353 996 956 433 997 957 431</p>
				</triangles>
			</mesh>
		</geometry>
		<geometry id="ID251">
			<mesh>
				<source id="ID252">
					<float_array id="ID253" count="48" digits="2490374">-0.0191192 0.0796715 0.00962414 -0.0207831 0.0802427 0.00361163 -0.0204289 0.0854347 0.0101841 -0.021953 0.0860282 0.00408556 0.0196534 0.0801917 0.00868736 0.0206864 0.0854528 0.00902624 0.0207684 0.0806102 0.00314547 0.0218497 0.0858951 0.00344965 -0.0666097 0.160706 0.00151889 -0.0669168 0.162505 -0.00243488 -0.0622854 0.161208 0.00141169 -0.0625924 0.163008 -0.00254209 0.0665347 0.161212 0.00110891 0.062059 0.161671 0.00113035 0.0666314 0.162359 -0.00324064 0.0621557 0.162818 -0.00321919</float_array>
					<technique_common>
						<accessor count="16" source="#ID253" stride="3">
							<param name="X" type="float"/>
							<param name="Y" type="float"/>
							<param name="Z" type="float"/>
						</accessor>
					</technique_common>
				</source>
				<source id="ID254">
					<float_array id="ID255" count="12" digits="2490374">-0.947594 -0.223844 0.227875 0.962031 -0.203906 0.181344 -0.0945625 0.903313 0.418406 0.0997813 0.961563 0.255688</float_array>
					<technique_common>
						<accessor count="4" source="#ID255" stride="3">
							<param name="X" type="float"/>
							<param name="Y" type="float"/>
							<param name="Z" type="float"/>
						</accessor>
					</technique_common>
				</source>
				<source id="ID256">
					<float_array id="ID257" count="8" digits="2490374">1.87212 0.861965 1.99137 0.861965 1.87212 0.990321 1.99137 0.990321</float_array>
					<technique_common>
						<accessor count="4" source="#ID257" stride="2">
							<param name="S" type="float"/>
							<param name="T" type="float"/>
						</accessor>
					</technique_common>
				</source>
				<vertices id="ID258">
					<input semantic="POSITION" source="#ID252"/>
				</vertices>
				<triangles count="8" material="Material1">
					<input offset="0" semantic="VERTEX" source="#ID258" set="0"/>
					<input offset="1" semantic="NORMAL" source="#ID254" set="0"/>
					<input offset="2" semantic="TEXCOORD" source="#ID256" set="0"/>
					<p>2 0 2 1 0 1 0 0 0 3 0 3 1 0 1 2 0 2 6 1 1 5 1 2 4 1 0 7 1 3 5 1 2 6 1 1 10 2 2 9 2 1 8 2 0 11 2 3 9 2 1 10 2 2 14 3 1 13 3 2 12 3 0 15 3 3 13 3 2 14 3 1</p>
				</triangles>
			</mesh>
		</geometry>
		<geometry id="ID266">
			<mesh>
				<source id="ID267">
					<float_array id="ID268" count="2433" digits="2490374">-0.00579938 0.052558 0.00420303 -0.00856432 0.0497347 0.00577131 -0.00574443 0.0539164 0.00447905 -0.00825647 0.0519145 0.00689948 -0.00809038 0.0538094 0.00772378 -0.0121102 0.0519764 0.00694147 -0.0122172 0.0537766 0.00771903 -0.0141484 0.0531145 0.00515254 -0.0141174 0.0563015 0.00586478 -0.0162827 0.0566157 0.00391175 -0.0164943 0.0586611 0.0044137 -0.0170882 0.0578533 -0.000541741 -0.0171059 0.0592893 -0.000701081 -0.0153835 0.0582128 -0.00313935 -0.00399619 0.0592726 -0.000177831 -0.00415929 0.0578301 -0.000158301 -0.00412574 0.0606179 0.00294199 -0.00602093 0.0587957 0.00562828 -0.00527577 0.0619633 0.00723366 -0.00781374 0.0599572 0.00816986 -0.00786578 0.0626942 0.00940966 -0.0126477 0.0599077 0.00766623 -0.013164 0.063361 0.00850973 -0.014602 0.062195 0.00615808 -0.0155125 0.0646808 0.00660413 -0.0163826 0.0607078 0.00392103 -0.00486947 0.0554579 0.000170699 -0.00711653 0.0553122 -0.00311826 -0.00647837 0.0582134 -0.00300135 -0.00890061 0.0553013 -0.00458231 -0.00862806 0.0582133 -0.00453011 -0.0111763 0.0554009 -0.00459856 -0.0114001 0.0582133 -0.00513656 -0.0143741 0.0611902 -0.00368731 -0.0124017 0.0576124 0.0084733 -0.0077617 0.0576428 0.00858064 -0.007912 0.0557043 0.0082976 -0.00551907 0.0567971 0.0049512 -0.0161804 0.0552879 0.00332433 -0.0144201 0.0518537 0.00451801 -0.0121684 0.0498572 0.00586441 -0.0141255 0.0583784 0.00595007 -0.012445 0.0555768 0.00824612 -0.0165526 0.0556909 -0.000319071 -0.0161695 0.0545855 0.00314107 -0.0135456 0.0661881 0.009125 -0.00897787 0.0658429 0.00990771 -0.0038774 0.0623115 0.00273877 -0.00517568 0.0641608 0.00778757 -0.0150381 0.0553583 -0.00310732 -0.00599946 0.0610307 -0.00348707 -0.0164758 7.39132e-005 0.00231825 -0.0171715 0.00355133 0.00220335 -0.0177824 7.53829e-005 0.00890942 -0.018197 0.00370896 0.00786227 -0.0192271 7.39395e-005 0.0117962 -0.0186813 0.00268624 0.0112917 -0.0195232 6.96194e-005 0.0159511 -0.0189157 0.00152569 0.0163381 -0.0173936 0.00143316 0.0211936 -0.015829 0.00339061 0.020054 -0.0151265 0.0029214 0.0223515 -0.0112795 0.00397005 0.0227936 -0.0152384 0.00158981 0.0236937 -0.0112792 0.00200127 0.0243979 -0.0112789 5.26026e-005 0.0244168 -0.00919717 5.24226e-005 0.0244841 -0.00863248 0.00198766 0.0241673 -0.00736938 -2.76134e-008 0.0221922 -0.00718999 0.00166984 0.0222428 -0.00540348 -9.92206e-005 0.0165307 -0.00582113 0.00207792 0.0165278 -0.00535267 9.98955e-006 0.0120606 -0.00595885 0.00363117 0.0115493 -0.00649022 0.00403872 0.00691209 -0.00778316 0.00770259 0.0109582 -0.00779145 0.00857464 0.00786735 -0.0112761 0.00877931 0.0105208 -0.0112757 0.0102388 0.00810723 -0.00786985 0.000376834 0.00240149 -0.00674704 0.00394273 0.00241764 -0.00592033 2.1174e-005 -0.00596848 -0.00576815 0.00403217 -0.00617154 -0.00848642 -4.36269e-005 -0.00919659 -0.00885534 0.00419732 -0.00922876 -0.0112786 0.00412813 -0.0103593 -0.0112786 0.00851859 -0.00945599 -0.0135651 0.00842901 -0.00885736 -0.0112786 0.0107189 -0.00869222 -0.0129196 0.0107478 -0.00809899 -0.0112785 0.0136112 -0.00886604 -0.0133406 0.0136224 -0.00853304 -0.0159157 2.84232e-005 -0.00597016 -0.0112765 7.39633e-005 0.00239053 -0.0112796 7.54938e-005 0.00849619 -0.00779799 0.000324993 0.00799484 -0.0112793 7.47195e-005 0.0118458 -0.0112794 7.00294e-005 0.016541 -0.0112793 6.23326e-005 0.0205141 -0.0111017 0.017525 0.00195026 -0.0112757 0.0136355 0.00348453 -0.0143837 0.0166886 -0.000395532 -0.0148591 0.0120404 0.00244067 -0.0154265 0.0135545 0.000437268 -0.0172492 0.0096846 -0.00130821 -0.0174397 0.0117534 -0.00286199 -0.0150361 0.010842 -0.00556263 -0.0160578 0.0149444 -0.00414476 -0.0150092 0.0137403 -0.00667558 -0.00740926 0.0137424 -0.00677807 -0.00781546 0.0109106 -0.00551814 -0.00616999 0.0154273 -0.003235 -0.00515515 0.0121942 -0.00259774 -0.00657437 0.0146605 0.00149314 -0.00648028 0.0121414 0.00255845 -0.00755515 0.00989495 0.00456869 -0.011275 0.0118921 0.00588321 0.0172297 6.20127e-005 0.0204264 0.0148915 5.51325e-005 0.0234426 0.0173937 0.00143318 0.0211936 0.0152384 0.00158983 0.0236937 0.0151265 0.00292141 0.0223515 0.0112795 0.00397006 0.0227936 0.015829 0.00339062 0.020054 0.011278 0.00456963 0.0200718 0.0161478 0.00412111 0.0155359 0.0112761 0.00597735 0.0165442 -0.0161478 0.0041211 0.0155359 -0.0156237 0.00629028 0.0106977 -0.0162126 0.00758357 0.00790804 -0.0151507 0.0101747 0.00483136 -0.0059901 0.00892015 -0.00302699 -0.00737498 0.0085174 -0.00647309 -0.00971604 0.00850181 -0.00834218 0.0112789 5.26226e-005 0.0244168 0.00919717 5.24426e-005 0.0244841 0.0112792 0.00200128 0.0243978 0.00863248 0.00198767 0.0241673 0.0090872 0.00430464 0.0228313 0.00828216 0.0040882 0.0206198 -0.015599 0.04665 0.00274477 -0.0144021 0.0484347 0.00357809 -0.0126007 0.0454327 0.00464445 -0.0120294 0.0480963 0.00557198 -0.0101112 0.0453486 0.00471653 -0.00917222 0.0479394 0.00524175 -0.00695292 0.0465404 0.00319348 -0.00680193 0.0481763 0.00363763 -0.0112761 0.00597734 0.0165442 -0.00824245 0.00550454 0.0165386 -0.011278 0.00456961 0.0200718 -0.00828216 0.00408819 0.0206198 -0.0090872 0.00430463 0.0228313 -0.0142798 0.00382643 -0.00883656 -0.0152917 0.00826707 -0.00665687 -0.0163883 0.00388335 -0.00626693 -0.0169828 0.00810952 -0.00292396 -0.0173921 0.0494653 -0.0037697 -0.0163911 0.0530527 -0.0021233 -0.0183282 0.0480151 -0.000119952 -0.0171734 0.0513384 0.000528609 -0.0156378 0.0488017 0.00258775 0.00718999 0.00166985 0.0222428 0.00736938 -1.78814e-008 0.0221922 -0.00552157 0.0500758 0.000556429 -0.00601163 0.0522132 -0.00379019 -0.00552866 0.0499981 -0.00423691 -0.00671899 0.0505253 -0.00542915 -0.00520586 0.0479504 0.000518948 -0.00556072 0.00991824 -0.00153357 -0.0112784 -4.94764e-005 -0.0102874 -0.0140684 -2.70866e-005 -0.00890018 -0.0112751 6.45233e-005 -0.00593181 -0.0115135 0.0535785 -0.00482448 -0.0143342 0.0536039 -0.00373974 -0.0111637 0.0509516 -0.00645537 -0.0151198 0.0502224 -0.00551458 -0.00855321 0.0530114 -0.00487205 -0.00748181 0.0171965 0.000292258 -0.0148915 5.51227e-005 0.0234426 -0.0172297 6.2003e-005 0.0204264 -0.00960723 0.0107256 -0.00829491 -0.00931283 0.013636 -0.00838891 0.00824245 0.00550455 0.0165386 0.0112793 6.23524e-005 0.0205141 0.00695292 0.0465404 0.00319347 0.00917222 0.0479394 0.00524174 0.0101112 0.0453486 0.00471652 0.0120294 0.0480963 0.00557197 0.0126007 0.0454327 0.00464444 0.0144021 0.0484347 0.00357808 0.015599 0.04665 0.00274476 0.0156378 0.0488017 0.00258774 0.0183282 0.0480152 -0.00011996 0.0171734 0.0513384 0.0005286 0.0163911 0.0530527 -0.00212331 0.0165526 0.0556909 -0.00031908 0.0143342 0.053604 -0.00373975 0.0150381 0.0553583 -0.00310733 0.0115135 0.0535785 -0.00482449 -0.0132071 0.0849209 -0.00891713 -0.0135149 0.0887666 -0.00921259 -0.0177578 0.084613 -0.00732825 -0.0181209 0.0883094 -0.00765452 -0.0210518 0.0845839 -0.00148265 -0.0207189 0.0945972 -0.00535927 -0.0219533 0.0933166 -0.000707321 -0.0224403 0.0980582 0.00031077 -0.0230893 0.0975125 0.00431708 -0.0228198 0.102395 0.00475982 -0.0218775 0.101209 0.00895308 -0.0225754 0.105625 0.00501622 -0.0214045 0.104222 0.00912946 -0.0208646 0.10529 0.00495654 -0.0200163 0.103993 0.00841604 -0.00831094 0.0616072 -0.00527136 -0.0115096 0.0616093 -0.00559915 -0.0157303 0.070081 -0.00575263 -0.01774 0.0689983 -0.00186524 -0.0169647 0.076538 -0.00661549 -0.0194164 0.074938 -0.00182395 -0.0139346 0.0953251 -0.00945794 -0.0183174 0.0958779 -0.00791688 -0.0207301 0.0992314 -0.0047853 -0.0222953 0.102681 0.00066684 -0.0220178 0.106437 0.00079635 -0.0203779 0.106114 0.00123155 0.00786985 0.000376842 0.00240148 0.00592033 2.11823e-005 -0.00596848 0.00674704 0.00394274 0.00241763 0.00576815 0.00403218 -0.00617155 0.0059901 0.00892016 -0.003027 0.00737498 0.00851741 -0.0064731 0.00781546 0.0109106 -0.00551814 0.00971604 0.00850182 -0.00834219 0.00960723 0.0107256 -0.00829491 0.0112786 0.0107189 -0.00869222 0.0112785 0.0136112 -0.00886605 0.0129196 0.0107478 -0.00809899 0.0133406 0.0136224 -0.00853305 -0.0140939 0.0962012 -0.00939098 -0.014265 0.0971422 -0.00931907 -0.0159994 0.100427 -0.00895975 -0.0153885 0.10031 -0.00837219 -0.0183691 0.104209 -0.00738315 -0.0168797 0.103993 -0.00647184 -0.020238 0.10551 -0.00351728 -0.0187124 0.105176 -0.00272333 -0.0215119 0.0846116 0.00343451 -0.0227435 0.0926811 0.00378263 -0.0217771 0.0920455 0.00862132 -0.0222267 0.0970369 0.00854158 -0.0166653 0.0910962 0.0127263 -0.0167892 0.0958993 0.0128925 -0.0120377 0.0952909 0.0145875 -0.0121692 0.0989965 0.0147686 -0.0101843 0.094689 0.0142496 -0.0121353 0.0989335 0.0137156 0.0177578 0.084613 -0.00732826 0.0210518 0.0845839 -0.00148266 0.0181209 0.0883094 -0.00765453 0.0207189 0.0945972 -0.00535928 0.0183175 0.0958779 -0.00791689 0.0207301 0.0992314 -0.00478531 0.0186658 0.10039 -0.00771084 0.0204129 0.103385 -0.00410909 0.0183691 0.104209 -0.00738316 0.020238 0.10551 -0.00351729 0.0168797 0.103993 -0.00647184 0.0187124 0.105176 -0.00272334 0.0121353 0.0989335 0.0137156 0.0168307 0.101638 0.0116602 0.0121692 0.0989965 0.0147686 0.0170792 0.102066 0.0124752 0.0170144 0.100201 0.0126582 0.0218775 0.101209 0.00895307 0.0222267 0.0970369 0.00854157 0.0230893 0.0975125 0.00431707 0.0227435 0.0926811 0.00378262 0.0219533 0.0933166 -0.00070733 0.0215119 0.0846116 0.0034345 0.00520586 0.0479504 0.00051894 0.00552157 0.0500758 0.00055642 0.00680193 0.0481763 0.00363762 0.00856432 0.0497347 0.0057713 0.0121684 0.0498573 0.0058644 0.0144201 0.0518537 0.004518 0.0161695 0.0545855 0.00314106 0.00183586 0.0844877 -0.00191952 0.00261316 0.0739409 -0.00112551 0.00337085 0.0844828 -0.00559317 0.00450468 0.0754996 -0.00433956 0.00720293 0.0766844 -0.00743614 0.0077104 0.0702558 -0.00612806 0.011149 0.0703735 -0.00732782 0.00831094 0.0616072 -0.00527137 0.0115096 0.0616093 -0.00559916 0.0114001 0.0582133 -0.00513657 0.0143741 0.0611902 -0.00368732 0.00740926 0.0137424 -0.00677808 0.00616999 0.0154273 -0.00323501 0.00515515 0.0121942 -0.00259774 0.00556072 0.00991825 -0.00153357 0.00755514 0.00989496 0.00456869 0.00779145 0.00857465 0.00786734 0.0112757 0.0102388 0.00810722 0.0112761 0.00877932 0.0105208 0.00517568 0.0641608 0.00778756 0.00789643 0.0706536 0.0106443 0.00897785 0.0658427 0.00990767 0.0107189 0.0710059 0.0109874 0.0135456 0.0661881 0.00912499 0.0147641 0.0708322 0.00992698 0.0165649 0.0694782 0.00759998 0.0180744 0.0752465 0.00827628 0.0195956 0.0747687 0.0027838 0.0200163 0.103993 0.00841603 0.0214045 0.104222 0.00912946 0.0225754 0.105625 0.00501622 0.0228198 0.102395 0.00475982 0.0220178 0.106437 0.00079635 0.0222953 0.102681 0.00066683 0.00540348 -9.922e-005 0.0165307 0.0112794 7.003e-005 0.016541 0.00535267 9.99e-006 0.0120606 0.0112793 7.472e-005 0.0118458 0.00779799 0.000325003 0.00799484 0.0112796 7.55024e-005 0.00849619 0.0112765 7.39717e-005 0.00239053 0.0164758 7.39121e-005 0.00231825 0.0159157 2.84326e-005 -0.00597017 0.0150092 0.0137403 -0.00667559 0.0150361 0.010842 -0.00556263 0.0152917 0.00826708 -0.00665687 0.0135651 0.00842901 -0.00885736 0.0142798 0.00382644 -0.00883656 0.0112786 0.00412813 -0.0103593 0.0112784 -4.94683e-005 -0.0102874 0.00848642 -4.36175e-005 -0.00919659 0.00552866 0.0499981 -0.00423692 0.00601163 0.0522132 -0.0037902 0.00711654 0.0553122 -0.00311827 0.00855321 0.0530114 -0.00487206 0.00890061 0.0553013 -0.00458232 0.0111763 0.0554009 -0.00459857 0.00387739 0.0623112 0.00273876 0.00242517 0.0691416 0.00246889 0.0051347 0.0699904 0.0087496 0.00517492 0.0746387 0.0091449 0.00837666 0.075524 0.0113739 0.00642156 0.0826531 0.0114477 0.00857868 0.0828513 0.0126562 0.020415 0.0839531 0.00857796 0.0154616 0.0763745 0.0107957 0.0160113 0.083407 0.0116084 0.0117841 0.0763811 0.0121127 0.0117391 0.0830147 0.0131801 0.0155125 0.0646808 0.00660413 0.0183924 0.0690709 0.00308649 0.0168891 0.0633029 0.00301775 0.01774 0.0689983 -0.00186525 0.01671 0.0619259 -0.00088698 0.0171059 0.0592893 -0.00070109 -0.0180744 0.0752465 0.00827628 -0.0195956 0.0747687 0.0027838 -0.0165649 0.0694782 0.00759999 -0.0183924 0.0690709 0.0030865 -0.0168891 0.0633029 0.00301776 0.0112757 0.0136355 0.00348453 0.0151507 0.0101748 0.00483135 0.011275 0.0118921 0.0058832 0.0162126 0.00758358 0.00790804 0.0156237 0.00629029 0.0106977 0.0132071 0.0849209 -0.00891713 0.0135149 0.0887666 -0.0092126 0.0139346 0.0953251 -0.00945794 0.0140939 0.0962012 -0.00939098 0.014265 0.0971422 -0.00931907 0.0111017 0.017525 0.00195025 0.0143837 0.0166886 0.00026994 0.0148591 0.0120404 0.00244066 0.0172492 0.00968461 -0.00130822 0.0171715 0.00355134 0.00220334 0.0169828 0.00810953 -0.00292397 0.0109407 0.0768949 -0.00892187 0.0157303 0.070081 -0.00575264 0.0169647 0.076538 -0.0066155 0.0194164 0.074938 -0.00182395 -0.00183587 0.084488 -0.00191952 -0.00337084 0.0844828 -0.00559317 -0.00261316 0.0739409 -0.00112551 -0.00450468 0.0754996 -0.00433955 -0.00476456 0.0699997 -0.00412849 -0.0077104 0.0702558 -0.00612805 -0.00789642 0.0706536 0.0106443 -0.0107189 0.0710059 0.0109875 -0.00837665 0.075524 0.0113739 -0.0117841 0.0763811 0.0121127 -0.0117391 0.0830147 0.0131801 -0.0160113 0.083407 0.0116084 -0.0147641 0.0708322 0.00992699 -0.0154616 0.0763745 0.0107957 -0.020415 0.0839531 0.00857797 0.0101843 0.094689 0.0142496 0.0120377 0.0952909 0.0145875 0.00957541 0.0907248 0.0138304 0.0121319 0.0906374 0.0140964 0.00582113 0.00207792 0.0165278 0.00595885 0.00363117 0.0115493 0.00778316 0.0077026 0.0109582 0.00649022 0.00403873 0.00691208 -0.0204129 0.103385 -0.00410908 -0.0186658 0.10039 -0.00771083 -0.00642156 0.0826531 0.0114477 -0.00344375 0.0833917 0.00680998 -0.00517492 0.0746387 0.00914491 -0.00254352 0.0742463 0.0024608 -0.0051347 0.0699904 0.00874961 -0.00242517 0.0691416 0.0024689 0.00412574 0.0606179 0.00294198 0.00399605 0.0592705 -0.00017783 0.00405052 0.0613813 -0.00030508 0.0030229 0.0689903 -0.00059969 0.0160578 0.0149444 -0.00414477 0.0174397 0.0117534 -0.00286199 0.0154265 0.0135545 0.00043727 0.0111637 0.0509516 -0.00645538 0.0151198 0.0502224 -0.00551459 0.0173921 0.0494653 -0.00376971 0.00748181 0.0171966 0.00029225 0.00657437 0.0146605 0.00149314 0.00648028 0.0121414 0.00255844 -0.00857868 0.0828513 0.0126562 -0.0109407 0.0768949 -0.00892186 -0.011149 0.0703735 -0.00732781 -0.00720292 0.0766844 -0.00743614 0.0217771 0.0920455 0.00862131 0.0166653 0.0910962 0.0127263 0.0167892 0.0958993 0.0128924 -0.00957541 0.0907248 0.0138304 -0.0121319 0.0906374 0.0140964 0.0224403 0.0980582 0.00031076 0.0140684 -2.70784e-005 -0.00890019 0.0163883 0.00388335 -0.00626694 0.0195232 6.962e-005 0.0159511 0.0192271 7.394e-005 0.0117962 0.0177824 7.53927e-005 0.00890942 0.0186813 0.00268624 0.0112917 0.0189157 0.00152569 0.0163381 0.00624649 0.085021 -0.00848146 0.010481 0.0851054 -0.00918019 0.0112751 6.45316e-005 -0.00593181 0.00344375 0.0833917 0.00680997 0.00254352 0.0742463 0.00246079 0.00190046 0.0838175 0.00192473 0.00885534 0.00419733 -0.00922877 0.0112786 0.0085186 -0.009456 0.0153885 0.10031 -0.00837219 0.0159994 0.100427 -0.00895975 -0.0030229 0.0689903 -0.000599681 -0.00405052 0.0613814 -0.000305081 -0.0168307 0.101638 0.0116602 -0.0170792 0.102066 0.0124752 -0.0170144 0.100201 0.0126582 -0.010481 0.0851054 -0.00918019 -0.00624649 0.085021 -0.00848145 0.018197 0.00370897 0.00786227 0.00476456 0.0699997 -0.0041285 0.00599946 0.0610307 -0.00348707 0.00579938 0.052558 0.00420302 0.00486947 0.0554579 0.00017069 0.0163826 0.0607078 0.00392102 -0.00190046 0.0838175 0.00192474 0.00647837 0.0582134 -0.00300136 0.00862807 0.0582133 -0.00453012 -0.01671 0.0619259 -0.000886971 0.00671899 0.0505253 -0.00542916 0.00931283 0.013636 -0.00838892 0.0208646 0.10529 0.00495653 0.0203779 0.106114 0.00123155 0.00415929 0.0578301 -0.0001583 0.00602093 0.0587957 0.00562828 0.00551907 0.0567971 0.0049512 0.007912 0.0557043 0.0082976 0.00809038 0.0538094 0.00772378 0.0122172 0.0537766 0.00771903 0.0121102 0.0519764 0.00694147 0.0141484 0.0531145 0.00515254 0.0161804 0.0552879 0.00332433 0.0077617 0.0576428 0.00858064 0.0124017 0.0576124 0.0084733 0.012445 0.0555768 0.00824612 0.0141255 0.0583784 0.00595007 0.0141174 0.0563015 0.00602793 0.0164943 0.0586611 0.0044137 0.0162827 0.0566157 0.0040749 0.0170882 0.0578533 -0.00054174 0.00781243 0.0599467 0.00816837 0.0126464 0.0599012 0.00766541 0.0145986 0.0621804 0.00615663 0.00825647 0.0519145 0.00689948 0.00574443 0.0539164 0.00447905 0.00527559 0.0619614 0.00723348 0.00786317 0.0626732 0.00940668 0.0131613 0.0633481 0.00850809 0.0153835 0.0582128 -0.00313935 -0.00383641 0.167943 -0.0106653 -0.00761353 0.168961 -0.00914708 -0.00825623 0.168035 -0.00958253 -0.0115276 0.168956 -0.00775777 -0.0120343 0.167887 -0.00778265 -0.0142017 0.16896 -0.00652451 -0.0155025 0.167883 -0.0057326 -0.0166142 0.167525 -0.00172882 -0.017597 0.166744 -0.00210953 -0.0177485 0.166354 0.0013654 -0.0185119 0.166225 0.00124866 -0.0141769 0.164479 0.00594721 -0.00742735 0.170138 -0.0094629 -0.0116864 0.170188 -0.00734203 -0.0128718 0.170391 -0.00448833 -0.0169076 0.168736 -0.00150173 -0.00953462 0.16529 0.0125435 -0.00558204 0.163066 0.0153979 -0.0101027 0.164564 0.0135892 -0.0103592 0.163983 0.012871 -0.0130287 0.165659 0.0100693 -0.0126202 0.164579 0.00988976 -0.015309 0.165187 0.00655802 -0.0167252 0.167025 0.00142495 0.00830087 0.160734 0.0139008 0.00598884 0.159781 0.0149534 0.00536241 0.160727 0.0143627 0.00309819 0.159303 0.0169071 0.00266156 0.160572 0.0163833 0.0003333 0.159548 0.0173638 0.0121873 0.16736 -0.00786862 0.0149312 0.168707 -0.00466518 0.0117152 0.167806 -0.00698312 0.0140201 0.169107 -0.00389938 0.0119663 0.168857 -0.00681199 -4.5e-007 0.166591 -0.0114388 -2.6e-007 0.168005 -0.0109415 -0.00334599 0.168718 -0.0108669 -0.00512695 0.162965 0.0162122 -0.00245783 0.16397 0.0173279 -0.0031873 0.16163 0.0163039 -0.00149782 0.162894 0.0169319 1.309e-005 0.162862 0.01844 -0.00274236 0.159352 0.016234 -0.00307871 0.160756 0.0173336 -5.48e-006 0.160795 0.0171629 -0.00338611 0.164596 0.0168897 -0.00376213 0.164821 0.016258 0.0038364 0.167633 -0.00975212 0.00298686 0.1685 -0.0107682 0.0128907 0.165351 0.00905276 0.010176 0.163086 0.0108703 0.0100268 0.164157 0.0112365 0.00780467 0.162468 0.0128715 -0.00318291 0.161586 0.0170026 -0.00012516 0.161898 0.0175357 -0.00602104 0.166478 0.0166733 -0.0159476 0.166456 0.00583179 0.00761335 0.168961 -0.00954835 0.00773801 0.167926 -0.00959602 -0.0126438 0.162421 0.00951493 -0.0158689 0.163626 0.0065931 -0.0117254 0.162479 0.00947897 -0.0192507 0.16799 -0.00235487 -0.0168257 0.168139 0.00168977 -0.0145617 0.162301 0.0088075 -0.0168249 0.162683 0.005962 -0.0198977 0.164315 0.00176887 -0.0196329 0.165579 0.00184254 -0.0209918 0.16781 -0.00267655 -0.0216835 0.166425 -0.00269251 -0.0156575 0.166698 -0.00587498 -0.0203369 0.165701 -0.00586428 -0.0156567 0.166151 -0.00852944 -0.0124686 0.167409 -0.0081702 -0.0133157 0.165831 -0.00957854 -0.00967374 0.161156 0.01176 -0.0176799 0.164568 -0.00936602 -0.0204043 0.166166 -0.00210048 -0.0200998 0.165432 -0.00573494 -0.0176953 0.164277 -0.00904422 -0.0146908 0.162798 -0.0107477 -0.0145935 0.163258 -0.0109241 -0.0111686 0.16176 -0.0121696 -0.010935 0.162437 -0.0125336 -0.00709281 0.160627 -0.0127431 -0.00705496 0.161384 -0.0130116 -0.00453501 0.164684 -0.0125722 -0.0100186 0.165839 -0.0113343 -0.0106939 0.160319 0.00995155 -0.015117 0.161219 0.00799147 -0.0110435 0.160587 0.0105216 -0.0152294 0.161759 0.00869951 -0.0177107 0.162644 0.00579938 -0.0196819 0.164505 0.00160735 0.0107619 0.162407 0.00986749 0.00680134 0.157903 0.0139235 0.00576038 0.158932 0.0131595 0.00318801 0.156646 0.0161267 0.0028663 0.158387 0.0156906 -0.00023867 0.15693 0.0168219 -9.729e-005 0.158604 0.0164924 -0.00370091 0.158255 0.0170871 -0.0063686 0.159898 0.0139254 -0.00622646 0.16086 0.0157315 -0.00620954 0.161771 0.0158598 -0.00558204 0.162219 0.0157906 -0.00989602 0.163147 0.0117718 -0.0051197 0.162188 0.0140414 -0.00710196 0.162155 0.0128201 -0.00723782 0.162321 0.0142207 -0.00849956 0.160803 0.0123859 0.0128961 0.165987 -0.0097577 0.00979684 0.165625 -0.0114885 0.00823442 0.166576 -0.00858318 0.004535 0.164684 -0.0125908 0.00406489 0.166422 -0.0101491 -6.3e-007 0.165753 -0.0111077 -2.8e-007 0.164736 -0.0129678 -0.00406489 0.166852 -0.0106575 -0.0088843 0.166937 -0.0095541 0.0171885 0.166083 0.00222304 0.0164743 0.166638 0.00235955 0.0175832 0.167231 -0.00194697 0.0162943 0.167334 -0.00134913 0.014932 0.167555 -0.00505782 0.0163239 0.168105 -0.00100702 -0.0123397 0.16372 0.00946823 -0.0029663 0.157348 0.0162115 -0.00656254 0.158528 0.0145638 -0.00669086 0.158778 0.0152358 -0.00925434 0.160154 0.0124639 0.0126668 0.164346 0.00860782 0.00965427 0.162808 0.010113 0.0169627 0.167423 0.00449024 0.0153299 0.165238 0.00499875 -0.00609827 0.162209 0.0149298 -0.00144652 0.164984 0.0179109 -0.000845 0.164792 0.0175144 0.00018122 0.166012 0.0176329 4.766e-005 0.165391 0.0179343 0.00285399 0.168172 0.0171756 0.00241599 0.166859 0.0171757 0.00467063 0.16912 0.0157103 0.00487501 0.167619 0.0167479 0.00661332 0.168811 0.016093 0.00474242 0.166401 0.016661 0.00627624 0.167112 0.0160612 0.00571475 0.166149 0.0153784 0.00872753 0.167483 0.0145534 0.00824055 0.165898 0.0139993 0.0112497 0.167691 0.0130047 0.0106375 0.166396 0.012677 0.015188 0.168622 0.00981728 0.0143567 0.167814 0.0096411 0.00791599 0.164363 0.0134319 0.00529605 0.16289 0.0156887 0.00606763 0.164588 0.0165671 0.0024761 0.161944 0.0166823 0.00275033 0.163375 0.0178018 0.00189694 0.164521 0.0168758 -0.00042375 0.163615 0.0176192 0.00227788 0.165202 0.0176574 -0.00018701 0.164221 0.017618 0.00227418 0.165792 0.0178514 0.0171066 0.170522 0.00583572 0.0161953 0.169223 0.00595938 0.0159096 0.168521 0.00569409 0.0130328 0.166674 0.00920064 0.01008 0.16502 0.0117337 0.0172779 0.168027 0.00186991 0.0137534 0.169725 -0.00390444 0.0172281 0.169093 0.0018942 0.0155722 0.170138 -0.00124622 0.0159965 0.169678 0.00261941 0.0164293 0.168034 0.00536906 0.0166086 0.170716 0.00286223 -0.0121957 0.166439 0.00932014 -0.0096742 0.167778 0.0128647 -0.0131391 0.169093 0.00881713 -0.0150763 0.167634 0.00483975 -1.1e-007 0.169198 -0.0113682 -0.00279674 0.169316 -0.0112684 -0.00065454 0.164658 0.0176555 0.00724905 0.16949 -0.00874094 0.011319 0.169391 -0.00643649 -0.0148079 0.170505 -0.00107633 -0.0148348 0.16835 0.00561163 -0.0136221 0.169299 0.00234827 -0.013901 0.16946 0.00595138 0.00279674 0.169316 -0.0112794 0.00406259 0.16957 0.0166609 0.00294013 0.16916 0.0165717 -3.866e-005 0.166827 0.0182049 -0.00036598 0.167462 0.018871 -0.00120878 0.167668 0.0184647 -0.00115975 0.167746 0.0179321 -0.00211744 0.167566 0.0174474 -0.00585999 0.168464 0.0164161 -0.00956314 0.16993 0.0132826 0.0134259 0.163212 0.00934688 0.0112716 0.162086 -0.0125791 0.0148322 0.163108 -0.0111214 0.0157064 0.166806 -0.00806083 0.0178542 0.164541 -0.00935889 0.0204407 0.165781 -0.00582254 0.0176945 0.164277 -0.00905279 0.0200991 0.165432 -0.00574118 0.0177109 0.162644 0.00580211 0.0176973 0.163211 0.00662765 0.0196818 0.164505 0.00160706 0.0193525 0.164911 0.00166771 0.020404 0.166166 -0.00210365 0.0208909 0.166749 -0.00184444 0.0165768 0.1642 0.0066324 0.0189857 0.16656 0.00185133 0.0193494 0.167604 -0.00162258 0.0146922 0.162798 -0.0107569 0.0111704 0.16176 -0.0121782 0.00309004 0.155692 0.0147876 0.00313203 0.155922 0.0155503 0.00685061 0.157012 0.0135244 0.0068644 0.157529 0.0141875 0.0106398 0.160334 0.00988157 0.0109572 0.160835 0.0105452 0.0151171 0.161219 0.00799537 0.015245 0.161683 0.00877176 -0.00696556 0.157395 0.0141408 -0.00302612 0.156083 0.0153167 -1.663e-005 0.155785 0.0156926 -5.52e-006 0.155533 0.0147582 -0.00685129 0.157012 0.01352 -0.00309006 0.155692 0.0147841 -0.00207983 0.170193 0.0169183 -0.00548123 0.171392 0.0148625 -0.00318759 0.170954 0.0115777 -0.00915429 0.171932 0.0127755 -0.00585164 0.17158 0.00978689 -0.0112439 0.171889 0.00992362 -0.00772279 0.171547 0.00788743 -0.0119563 0.172217 0.00493373 -0.00850719 0.172419 0.0048693 -0.0122565 0.172137 0.00174521 -0.00872978 0.172723 0.00170919 -0.0125269 0.172468 -0.00187223 -0.0086249 0.172601 -0.00060176 -0.00995912 0.172194 -0.00652034 -0.00719081 0.172217 -0.00387791 -0.00682953 0.171888 -0.00881956 -0.00471269 0.171627 -0.00567267 -0.00220479 0.170972 -0.0074545 0.00139606 0.170804 0.00382697 0.00021403 0.170937 -0.00708738 0.0152173 0.171449 -0.0011443 0.016572 0.171472 0.00310517 0.0134451 0.172692 -0.00149598 0.0153617 0.172568 0.00224923 0.0115288 0.172233 0.00224928 0.0115775 0.171893 0.00481141 0.0101226 0.171837 0.00744175 0.0083353 0.171782 0.00937642 0.0134176 0.171666 0.00918789 0.0107765 0.171571 0.0121943 0.0116407 0.16955 0.0136065 0.00951724 0.169539 0.0147264 0.00602107 0.170431 0.0148677 0.00904209 0.17181 0.0128856 0.00587241 0.172226 0.0141674 0.00485985 0.172156 0.0114241 0.00360065 0.171927 0.012374 0.00246816 0.171455 0.0131098 0.00030277 0.169379 0.0149916 5.676e-005 0.169082 0.0180322 -7.107e-005 0.168342 0.0172886 -0.0110664 0.170176 0.0113272 -0.0126356 0.170601 0.00998055 -0.0140286 0.170851 0.00554614 0.00234114 0.170983 -0.00695108 0.00528829 0.171439 -0.00589254 0.00828407 0.171747 -0.00389772 0.0100984 0.172186 -0.00639997 0.0135144 0.17198 -0.00453562 -0.00252588 0.170727 -0.0113215 0.00321997 0.171056 0.016542 0.00351457 0.170407 0.0167834 0.00464597 0.171714 0.0154567 0.00465196 0.171066 0.0155284 0.00709276 0.160627 -0.0127496 0.00705481 0.161384 -0.0130388 0.00245574 0.16016 -0.0131377 0.00250817 0.16105 -0.0136745 -9e-008 0.160043 -0.013356 -9e-008 0.160975 -0.0140411 0.0170105 0.17141 0.00599686 0.0154909 0.172296 0.00562145 0.00015367 0.168741 0.0146894 -0.00090078 0.170174 0.0134247 0.00252588 0.170727 -0.0113312 0.00648244 0.171569 -0.00941411 0.00683286 0.171977 0.0102167 -0.00245574 0.16016 -0.0131342 -0.00250817 0.16105 -0.0136595 -2e-008 0.1712 -0.0115765 0.0102358 0.172209 -0.00053563 0.0144808 0.170019 0.0102015</float_array>
					<technique_common>
						<accessor count="811" source="#ID268" stride="3">
							<param name="X" type="float"/>
							<param name="Y" type="float"/>
							<param name="Z" type="float"/>
						</accessor>
					</technique_common>
				</source>
				<source id="ID269">
					<float_array id="ID270" count="2406" digits="2490374">0.883656 -0.180156 0.432063 0.415094 -0.325281 0.849625 0.875094 -0.219844 0.431094 0.434063 -0.425406 0.794094 0.537188 -0.308437 0.785031 -0.452563 -0.361781 0.815 -0.513906 -0.305094 0.801719 -0.740781 -0.209156 0.638313 -0.734094 -0.140781 0.664281 -0.85975 -0.2025 0.468781 -0.859312 -0.0413125 0.509719 -0.982625 -0.147 -0.113031 -0.972969 0.0384687 -0.227656 -0.676719 -0.0831563 -0.7315 0.973063 -0.08875 -0.21275 0.976188 -0.191781 -0.101313 0.944625 -0.227031 0.236813 0.863563 -0.165031 0.476406 0.789063 -0.284813 0.54425 0.345844 -0.1185 0.93075 0.210562 -0.255062 0.943687 -0.488344 -0.113937 0.865156 -0.477406 -0.277219 0.833781 -0.707781 -0.177906 0.683625 -0.780563 -0.263438 0.566844 -0.910094 -0.0557187 0.410594 0.970688 -0.193844 -0.142 0.780969 0.024625 -0.624062 0.667094 -0.143219 -0.731062 0.329313 0.0544375 -0.942625 0.367281 -0.151156 -0.917719 -0.160406 -0.0184375 -0.986875 -0.160187 -0.154375 -0.974906 -0.683875 -0.0932188 -0.723594 -0.398625 0.0995938 0.911656 0.489781 0.00765625 0.871781 0.570531 -0.176938 0.801969 0.891219 -0.072625 0.447688 -0.93425 -0.181219 0.307094 -0.708969 -0.212375 0.672469 -0.414969 -0.283375 0.864563 -0.720469 -0.0384375 0.692406 -0.564125 -0.166156 0.808781 -0.98425 -0.014 -0.176156 -0.877 -0.129187 0.462781 -0.453906 -0.267 0.850094 0.0770938 -0.186937 0.979312 0.980031 -0.122625 0.156438 0.734 -0.14075 0.664375 -0.60775 0.0035625 -0.794094 0.735313 -0.156719 -0.659312 -0.753812 -0.650813 -0.0905 -0.996687 -0.0259687 -0.076875 -0.719781 -0.663219 -0.204906 -0.964 0.260844 -0.0515625 -0.825094 -0.538219 -0.171781 -0.871656 0.486625 0.058 -0.717875 -0.682906 0.135063 -0.789406 0.587062 0.179219 -0.845812 0.205469 0.492281 -0.510406 0.827313 0.234437 -0.468062 0.756375 0.456875 -0.158562 0.766187 0.622688 -0.430844 0.2705 0.860906 -0.053 0.297312 0.953281 -0.128594 -0.594375 0.793813 0.281312 -0.336781 0.898531 0.461062 0.281531 0.8415 0.659187 -0.624313 0.419125 0.889844 0.256312 0.377406 0.706969 -0.692438 0.143813 0.910344 0.38075 0.162031 0.779406 -0.612437 -0.131875 0.962062 0.272719 0.00571875 0.9915 -0.0111875 -0.129562 0.691156 0.677688 0.251 0.763406 0.604187 0.22825 -0.0900313 0.901812 0.422594 -0.0164062 0.872344 0.488594 0.603875 -0.79425 0.066875 0.989594 -0.106375 0.0966562 0.754062 -0.652188 -0.0773125 0.938688 0.0941563 -0.331594 0.406375 -0.723656 -0.557813 0.578094 0.159812 -0.800125 -0.0787812 0.0952813 -0.992312 0.184656 0.247219 -0.951187 -0.524875 0.234313 -0.81825 0.0354375 0.0855 -0.995687 -0.592 0.159375 -0.79 0.000375 -0.598219 -0.801313 -0.491625 -0.566938 -0.660937 -0.706094 -0.628406 -0.326344 0.0282187 -0.999563 0.0060625 0.0244687 -0.999594 -0.0133437 0.544406 -0.82075 -0.173 -0.0015 -0.999937 -0.010375 -0.013625 -0.999875 -0.00609375 -0.00859375 -0.999937 0.00046875 0.0284062 0.271219 0.962094 -0.0746875 0.601937 0.795 -0.692156 0.0952813 0.715375 -0.712812 0.480969 0.510375 -0.864219 0.339125 0.371594 -0.989344 0.130531 0.0640938 -0.983469 0.0920938 -0.15575 -0.837313 -0.0162187 -0.546438 -0.983156 -0.174344 0.0544688 -0.721062 -0.632344 -0.283156 0.733063 -0.624781 -0.26875 0.829313 0.00296875 -0.55875 0.938031 -0.345531 -0.0252187 0.970125 0.0334063 -0.240219 0.653094 0.368094 0.66175 0.730281 0.232 0.6425 0.805594 0.386281 0.449156 0.034625 0.829125 0.557938 0.472594 -0.829281 0.298125 0.428375 -0.725469 0.538625 0.845812 0.205469 0.492281 0.430844 0.2705 0.860906 0.468062 0.756375 0.456875 0.158562 0.766187 0.622688 0.510406 0.827313 0.234437 0.0965938 0.966281 0.238562 0.52875 0.814875 0.237438 0.127594 0.915281 0.382 -0.52875 0.814875 0.237438 -0.654875 0.689812 0.308656 -0.681687 0.630156 0.371656 -0.769156 0.55925 0.309156 0.962469 -0.00421875 -0.271281 0.768031 0.259688 -0.585375 0.583094 0.226625 -0.780125 0.128594 -0.594375 0.793813 -0.281312 -0.336781 0.898531 0.053 0.297312 0.953281 -0.461062 0.281531 0.8415 -0.362156 0.825281 0.433219 -0.589781 0.778844 0.213375 -0.642812 -0.035 0.765188 -0.646656 -0.114125 0.754156 -0.398875 -0.162219 0.902531 -0.200094 -0.235594 0.951 0.246125 -0.256938 0.934531 0.371188 -0.320219 0.871562 0.699156 -0.157688 0.697312 0.764063 -0.277375 0.582438 -0.127594 0.915281 0.382 0.432344 0.835375 0.339406 -0.0965938 0.966281 0.238562 0.589781 0.778844 0.213375 0.362156 0.825281 0.433219 -0.643125 -0.00171875 -0.765719 -0.812875 0.260781 -0.520781 -0.942406 -0.0375625 -0.332281 -0.952812 0.114969 -0.280906 -0.834969 0.369875 -0.407406 -0.945687 0.199875 0.256281 -0.919281 0.221844 0.325063 -0.753625 0.0360625 0.656281 -0.889844 0.256312 0.377406 -0.659187 -0.624313 0.419125 0.994719 0.0183125 0.100906 0.799656 0.372969 -0.4705 0.918906 0.249281 -0.305687 0.475812 0.421969 -0.771688 0.964437 0.109594 0.240406 0.983625 -0.12325 0.131313 -0.1505 -0.59825 -0.787031 -0.460031 -0.7365 -0.495875 0.00496875 -0.999719 0.0218438 -0.157219 0.279938 -0.947031 -0.548406 0.33125 -0.767781 -0.0541875 0.495719 -0.86675 -0.499531 0.470313 -0.727469 0.327375 0.36075 -0.873281 0.76775 0.0234687 0.640281 -0.428375 -0.725469 0.538625 -0.472594 -0.829281 0.298125 0.561781 0.0144687 -0.827125 0.405344 -0.633344 -0.659187 -0.432344 0.835375 0.339406 0.013625 -0.999875 -0.00609375 -0.699156 -0.157688 0.697312 -0.371188 -0.320219 0.871562 -0.246125 -0.256938 0.934531 0.200094 -0.235594 0.951 0.398875 -0.162219 0.902531 0.646656 -0.114125 0.754156 0.642812 -0.035 0.765188 0.753625 0.0360625 0.656281 0.945687 0.199875 0.256281 0.919281 0.221844 0.325063 0.834969 0.369875 -0.407406 0.984625 -0.0233437 -0.173031 0.548406 0.33125 -0.767781 0.60775 0.0035625 -0.794094 0.157219 0.279938 -0.947031 -0.237406 -0.08475 -0.967687 -0.18725 -0.0725937 -0.979594 -0.631969 -0.126813 -0.7645 -0.597125 -0.0965312 -0.796281 -0.947344 -0.137562 -0.289063 -0.8855 -0.03575 -0.463219 -0.9775 -0.0777813 -0.196 -0.974875 0.0153437 -0.222062 -0.999719 -0.00740625 0.02125 -0.998125 0.0605313 -0.00828125 -0.857906 0.0539375 0.510906 -0.580312 0.765406 0.278094 -0.215062 0.82325 0.525281 -0.488313 0.8425 0.227281 -0.346563 0.824406 0.447406 0.338469 -0.177719 -0.924031 -0.21875 -0.180969 -0.958844 -0.548375 -0.229781 -0.804031 -0.923688 -0.228437 -0.307531 -0.628594 -0.174875 -0.757781 -0.92725 -0.19025 -0.322437 -0.130281 0.00565625 -0.991437 -0.517281 -0.008625 -0.85575 -0.88325 0.0695625 -0.463656 -0.957156 0.0924688 -0.274344 -0.578062 0.798563 -0.167688 -0.480719 0.869156 -0.115875 -0.603875 -0.79425 0.066875 -0.754062 -0.652188 -0.0773125 -0.989594 -0.106375 0.0966562 -0.938688 0.0941563 -0.331594 -0.962469 -0.00421875 -0.271281 -0.768031 0.259688 -0.585375 -0.829313 0.00296875 -0.55875 -0.583094 0.226625 -0.780125 -0.561781 0.0144687 -0.827125 -0.0354375 0.0855 -0.995687 -0.000375 -0.598219 -0.801313 0.592 0.159375 -0.79 0.491625 -0.566938 -0.660937 -0.0753125 0.013875 -0.997031 0.0147187 0.0900937 -0.995812 0.030875 0.267375 -0.963063 0.0265 0.151313 -0.988125 -0.183094 0.599312 -0.77925 -0.406031 0.58425 -0.702656 -0.453844 0.795844 -0.400719 -0.418844 0.816531 -0.397219 -0.983344 -0.1765 0.0429063 -0.993531 -0.107188 0.0371875 -0.855531 -0.106625 0.506625 -0.825406 -0.033375 0.563531 -0.477188 -0.100625 0.873 -0.4715 -0.0208125 0.881594 -0.0949375 -0.0725313 0.992813 0.251844 0.49 0.834531 0.244937 0.0181875 0.969344 0.267406 0.447625 0.853281 0.631969 -0.126813 -0.7645 0.947344 -0.137562 -0.289063 0.597125 -0.0965312 -0.796281 0.8855 -0.03575 -0.463219 0.517281 -0.008625 -0.85575 0.88325 0.0695625 -0.463656 0.696969 0.0713437 -0.7135 0.883438 0.153125 -0.44275 0.183094 0.599312 -0.77925 0.453844 0.795844 -0.400719 0.406031 0.58425 -0.702656 0.418844 0.816531 -0.397219 -0.267406 0.447625 0.853281 0.0920312 0.671938 0.734844 -0.251844 0.49 0.834531 0.005875 0.737594 0.675188 0.525594 0.0296563 0.850187 0.857906 0.0539375 0.510906 0.825406 -0.033375 0.563531 0.999719 -0.00740625 0.02125 0.993531 -0.107188 0.0371875 0.9775 -0.0777813 -0.196 0.983344 -0.1765 0.0429063 -0.964437 0.109594 0.240406 -0.994719 0.0183125 0.100906 -0.764063 -0.277375 0.582438 -0.415094 -0.325281 0.849625 0.414969 -0.283375 0.864563 0.717656 -0.2055 0.665375 0.878344 -0.131094 0.459625 -0.987406 -0.0134687 -0.157469 -0.944375 -0.0893125 -0.316406 -0.798031 -0.121906 -0.590125 -0.732875 -0.137375 -0.666313 -0.530375 -0.196063 -0.82475 -0.482406 -0.15325 -0.862406 -0.055875 -0.2075 -0.976625 -0.338469 -0.177719 -0.924031 0.21875 -0.180969 -0.958844 0.160187 -0.154375 -0.974906 0.683875 -0.0932188 -0.723594 -0.733063 -0.624781 -0.26875 -0.938031 -0.345531 -0.0252187 -0.970125 0.0334063 -0.240219 -0.983625 -0.12325 0.131313 -0.805594 0.386281 0.449156 -0.763406 0.604187 0.22825 0.0164062 0.872344 0.488594 0.0900313 0.901812 0.422594 -0.389062 -0.141406 0.910281 -0.0770312 -0.186969 0.979312 0.0946563 -0.209375 0.973219 0.453906 -0.266937 0.850094 0.515469 -0.244937 0.821125 0.805938 -0.265875 0.528875 0.828937 -0.241563 0.504469 0.972063 -0.215719 0.0922813 0.346563 0.824406 0.447406 0.215062 0.82325 0.525281 0.580312 0.765406 0.278094 0.998125 0.0605313 -0.00828125 0.578062 0.798563 -0.167688 0.957156 0.0924688 -0.274344 -0.706969 -0.692438 0.143813 -0.779406 -0.612437 -0.131875 -0.544406 -0.82075 -0.173 -0.0244687 -0.999594 -0.0133437 -0.0282187 -0.999563 0.0060625 0.753812 -0.650813 -0.0905 0.706094 -0.628406 -0.326344 0.721062 -0.632344 -0.283156 0.837313 -0.0162187 -0.546438 0.812875 0.260781 -0.520781 0.524875 0.234313 -0.81825 0.643125 -0.00171875 -0.765719 0.0787812 0.0952813 -0.992312 0.1505 -0.59825 -0.787031 -0.406375 -0.723656 -0.557813 -0.918906 0.249281 -0.305687 -0.799656 0.372969 -0.4705 -0.780969 0.024625 -0.624062 -0.327375 0.36075 -0.873281 -0.329313 0.0544375 -0.942625 0.160406 -0.0184375 -0.986875 -0.980031 -0.122594 0.156438 -0.989438 -0.0976875 0.106906 -0.804812 -0.0587187 0.590563 -0.753875 -0.0730937 0.652906 -0.652719 -0.106531 0.750031 -0.267656 -0.138281 0.953531 0.767563 -0.18275 0.614344 0.499938 -0.17925 0.847281 0.440937 -0.15075 0.88475 0.137562 -0.167625 0.976188 0.141719 -0.146719 0.978969 0.780688 -0.263219 0.566719 0.952 -0.235656 0.195281 0.984438 -0.113469 0.134031 0.93325 -0.227969 -0.277562 0.933969 -0.034625 -0.355656 0.972969 0.0384687 -0.227656 -0.828937 -0.241563 0.504469 -0.972063 -0.215719 0.0922813 -0.805938 -0.265875 0.528875 -0.952 -0.235656 0.195281 -0.984438 -0.113469 0.134031 0.0560312 0.588562 0.806469 0.769156 0.55925 0.309156 -0.034625 0.829125 0.557938 0.681687 0.630156 0.371656 0.654875 0.689812 0.308656 0.237406 -0.08475 -0.967687 0.18725 -0.072625 -0.979594 0.130281 0.00565625 -0.991437 0.0753125 0.013875 -0.997031 -0.0147187 0.0900937 -0.995812 -0.0694062 0.271344 0.959969 0.698719 0.136438 0.70225 0.728875 0.449 0.516813 0.989344 0.130531 0.0640938 0.996687 -0.0259687 -0.076875 0.952812 0.114969 -0.280906 0.0336563 -0.143969 -0.989 0.597125 -0.23275 -0.767594 0.575344 -0.160313 -0.802 0.914563 -0.197187 -0.353094 0.987406 -0.0134687 -0.157469 0.798031 -0.121906 -0.590125 0.944375 -0.0893125 -0.316406 0.732875 -0.137375 -0.666313 0.762281 -0.107125 -0.638313 0.482406 -0.15325 -0.862406 0.381187 -0.139062 0.913969 -0.0946563 -0.209375 0.973219 -0.137562 -0.167625 0.976188 -0.141719 -0.146719 0.978969 -0.440937 -0.15075 0.88475 -0.515469 -0.244937 0.821125 -0.499938 -0.17925 0.847281 -0.767563 -0.18275 0.614344 -0.244937 0.0181875 0.969344 0.0949375 -0.0725313 0.992813 -0.160375 -0.101563 0.981781 0.046 -0.117188 0.992031 -0.910344 0.38075 0.162031 -0.962062 0.272719 0.00571875 -0.691156 0.677688 0.251 -0.9915 -0.0111875 -0.129562 -0.883438 0.153125 -0.44275 -0.696969 0.0713437 -0.7135 0.652719 -0.106531 0.750031 0.900437 -0.0376563 0.433313 0.753875 -0.0730937 0.652906 0.970125 -0.0334063 0.240219 0.804812 -0.0587187 0.590563 0.989438 -0.0976875 0.106906 -0.944594 -0.227125 0.236844 -0.973063 -0.0888125 -0.212688 -0.960375 -0.096625 -0.261375 -0.920687 -0.131437 -0.367438 0.980969 -0.190437 0.0377812 0.983469 0.0920938 -0.15575 0.879781 0.311594 0.358938 0.0541875 0.495719 -0.86675 0.499531 0.470313 -0.727469 -0.76775 0.0234687 0.640281 -0.653094 0.368094 0.66175 -0.730281 0.232 0.6425 0.267656 -0.138281 0.953531 -0.0336563 -0.143969 -0.989 0.055875 -0.2075 -0.976625 0.530375 -0.196063 -0.82475 0.855531 -0.106625 0.506625 0.477188 -0.100625 0.873 0.4715 -0.0208125 0.881594 0.160375 -0.101563 0.981781 -0.046 -0.117188 0.992031 0.974875 0.0153437 -0.222062 0.460031 -0.7365 -0.495875 0.942406 -0.0375625 -0.332281 0.717875 -0.682906 0.135063 0.825094 -0.538219 -0.171781 0.719781 -0.663219 -0.204906 0.871656 0.486625 0.058 0.789406 0.587062 0.179219 -0.424 -0.143594 -0.894188 -0.0326875 -0.0655937 -0.997281 -0.00496875 -0.999719 0.0218438 -0.900437 -0.0376563 0.433313 -0.970844 -0.0306563 0.237719 -0.98425 0.014 0.176156 -0.578094 0.159812 -0.800125 -0.184656 0.247219 -0.951187 -0.0265 0.151313 -0.988125 -0.030875 0.267375 -0.963063 0.920687 -0.131437 -0.367438 0.960375 -0.0966562 -0.261375 -0.0920312 0.671938 0.734844 -0.005875 0.737594 0.675188 -0.525594 0.0296563 0.850187 0.0326875 -0.0655937 -0.997281 0.424 -0.143594 -0.894188 0.964 0.260844 -0.0515625 -0.762281 -0.107125 -0.638313 -0.735313 -0.15675 -0.659312 -0.883656 -0.180156 0.432063 -0.970688 -0.193844 -0.142 0.91 -0.0555312 0.410812 0.984625 0.0233437 0.173031 -0.667063 -0.14325 -0.731062 -0.367281 -0.151156 -0.917719 -0.933969 -0.034625 -0.355656 -0.475812 0.421969 -0.771688 -0.405344 -0.633344 -0.659187 0.488313 0.8425 0.227281 0.480719 0.869156 -0.115906 -0.976156 -0.191844 -0.101281 -0.863688 -0.165 0.476219 -0.891219 -0.072625 0.447688 -0.570531 -0.176938 0.801969 -0.537188 -0.308437 0.785031 0.506344 -0.311938 0.803906 0.452563 -0.361781 0.815 0.740781 -0.227219 0.632125 0.914281 -0.19075 0.357344 -0.48975 0.0081875 0.871781 0.3985 0.100437 0.911625 0.552156 -0.156125 0.818969 0.71475 -0.019125 0.699094 0.721125 -0.126687 0.681094 0.858688 -0.0209688 0.512031 0.863281 -0.208062 0.459781 0.982406 -0.147125 -0.11475 -0.346469 -0.11825 0.930562 0.488375 -0.113656 0.865188 0.707719 -0.1775 0.683781 -0.434063 -0.425406 0.794094 -0.875094 -0.219844 0.431094 -0.7895 -0.284813 0.543625 -0.210844 -0.255437 0.943531 0.477531 -0.277031 0.833781 0.676719 -0.0831563 -0.7315 -0.199031 0.120781 -0.9725 -0.343594 0.0793125 -0.93575 -0.318875 0.335 -0.886594 -0.390063 0.219875 -0.894125 -0.442344 0.347062 -0.826937 -0.644219 0.448188 -0.619719 -0.483813 0.724625 -0.490687 -0.830688 0.546406 -0.106625 -0.116312 0.969688 0.214813 -0.580781 0.746781 0.323938 -0.268219 0.785406 0.557813 -0.7295 0.184062 0.658719 -0.391438 0.130656 -0.910844 -0.496906 0.54525 -0.675062 -0.598656 0.728813 -0.332219 -0.848813 0.479937 -0.221594 -0.558563 0.39325 0.730281 -0.710312 -0.0406562 0.702688 -0.520469 0.266125 0.811312 -0.623094 -0.592125 0.510938 -0.703687 0.31975 0.634469 -0.697812 -0.557375 0.449781 -0.855563 -0.286156 0.431344 -0.958438 0.217906 0.184031 0.716219 -0.193438 0.6705 0.519531 -0.168 0.83775 0.499969 0.201625 0.842219 0.413406 -0.298375 0.86025 0.391281 0.0697187 0.917594 0.0215937 -0.212187 0.976969 0.203688 0.824156 -0.528437 0.507813 0.73625 -0.447188 0.440062 0.41975 -0.793781 0.620938 0.654656 -0.431031 0.612813 0.429375 -0.663344 0.0751875 0.0561875 -0.995562 0.0620937 -0.1675 -0.983906 -0.197125 -0.273187 -0.941531 -0.61875 0.0755625 0.781906 -0.19125 -0.207969 0.95925 -0.295875 0.203187 0.933344 -0.46425 0.0710938 0.882813 -0.196719 0.0535625 0.978969 -0.307875 -0.141781 0.940781 -0.265969 -0.252094 0.930406 0.145313 0 0.989375 -0.598469 0.148031 0.787313 -0.494812 0.134 0.858594 0.201281 -0.0519687 -0.978125 0.170312 -0.532594 -0.829031 0.720312 -0.382906 0.578344 0.791219 -0.348719 0.502281 0.675094 -0.280937 0.682125 0.59975 0.00665625 0.800156 -0.210844 0.492406 0.844406 0.0190625 -0.272531 0.961937 -0.479844 -0.122437 0.86875 -0.890375 0.206031 0.405906 0.388656 0.24675 -0.887719 0.307719 -0.0907812 -0.947125 -0.167938 0.791906 0.587062 -0.454719 0.629406 0.630094 -0.539688 0.5035 0.674656 0.160969 0.942312 0.293406 -0.89725 0.3475 0.272219 -0.506125 0.392469 0.767937 -0.626594 0.464188 0.625969 -0.882969 -0.224 0.412437 -0.527062 0.632156 0.567937 -0.648781 0.760906 -0.00690625 -0.855906 -0.350937 -0.37975 -0.433219 0.675937 -0.596125 -0.734156 0.456594 -0.5025 -0.280688 0.832687 -0.477281 -0.281469 0.787875 -0.547719 -0.238063 0.690094 -0.683438 -0.527375 0.174594 0.831469 -0.537531 0.251563 -0.804812 0.0490937 -0.965594 -0.255313 -0.607188 -0.786031 -0.115844 -0.668781 -0.498125 -0.551875 -0.503875 -0.339563 -0.794219 -0.417937 0.180531 -0.890344 -0.3285 -0.321719 -0.888 -0.245562 0.0626563 -0.967344 -0.178719 -0.395344 -0.900969 -0.14425 -0.100687 -0.984375 -0.0602188 0.480656 -0.874812 -0.20275 0.655844 -0.727125 -0.547094 -0.794531 0.263344 -0.648562 -0.466375 0.6015 -0.655031 -0.331688 0.678875 -0.632187 0.00703125 0.77475 -0.679812 0.147313 0.718406 0.35525 -0.806031 -0.473344 0.233906 0.376469 0.896406 0.291031 0.451656 0.843375 0.604125 -0.223562 0.764875 0.327938 -0.0563437 0.943 0.413687 -0.192594 0.889781 0.0075625 -0.348625 0.937219 0.0817813 -0.237312 0.967969 -0.232219 0.156969 0.959906 -0.508719 0.130531 0.850969 -0.572844 -0.332312 0.74925 -0.510781 0.522 0.683062 -0.529469 0.299 0.793844 -0.545875 -0.539688 0.640844 -0.655187 0.701656 0.279906 -0.570531 0.415375 0.708438 -0.382094 0.90625 0.180781 -0.704094 0.200687 0.681094 0.242062 0.724656 -0.645156 0.110469 0.674531 -0.729906 0.161656 0.614937 -0.771781 0.0770938 0.648313 -0.757438 0.215781 0.289469 -0.932531 0.0339375 0.520406 -0.853219 -0.0020625 0.501219 -0.865281 -0.121656 0.36175 -0.924281 -0.241313 0.555781 -0.7955 0.118531 0.936969 0.328594 0.981219 0.130625 0.141906 0.1285 0.987125 0.095125 0.725125 0.68575 -0.0623438 0.564875 0.729563 -0.3855 0.930625 0.280437 -0.235062 -0.748844 -0.439031 0.496406 -0.365 -0.676344 0.63975 -0.549594 -0.521469 0.652625 -0.648 -0.0291875 0.761063 -0.617312 0.146938 0.772844 0.593844 0.138031 0.792625 0.72575 -0.49925 0.47325 0.908719 -0.299688 0.2905 0.590781 0.597125 0.542562 -0.579625 0.778 0.24225 0.127094 -0.416906 0.9 -0.080375 -0.0868438 0.992969 0.0758125 0.0371563 0.996406 -0.029 0.0389687 0.998812 0.200813 0.160281 0.966406 0.208438 0.189875 0.959406 0.427969 0.213625 0.878156 0.229563 0.219344 0.948219 0.241 0.269875 0.932219 0.499563 -0.438563 0.747031 0.495469 -0.383844 0.779156 0.455344 -0.112938 0.883094 0.483938 -0.403937 0.77625 0.614656 -0.282375 0.736469 0.570281 -0.400187 0.717344 0.595688 -0.573344 0.5625 0.802188 -0.381719 0.459062 0.618406 -0.747031 0.243875 0.643594 -0.374906 0.667219 0.614563 -0.411938 0.672719 0.556031 -0.123094 0.821969 0.349281 -0.452688 0.820375 0.232906 0.177 0.956219 0.339875 -0.00921875 0.940406 -0.328969 0.232063 0.915344 0.409219 -0.433094 0.803062 -0.0637812 -0.183938 0.980844 0.0617188 0.14525 0.987437 0.984406 -0.120094 0.128469 0.874313 -0.484875 -0.0200625 0.94425 -0.12175 0.305844 0.743656 -0.401125 0.534813 0.679469 -0.403125 0.612969 0.980969 0.113094 -0.157656 0.815437 0.0430937 -0.577219 0.905187 0.424625 -0.0169375 0.90525 0.25125 -0.342562 0.986719 0.149469 -0.0632813 0.863937 0.0862188 0.496094 0.9365 -0.259688 -0.235531 -0.764031 0.176437 0.620531 -0.766469 -0.1015 0.634156 -0.869 -0.00965625 0.494687 -0.723688 0.440094 0.531563 0.00078125 -0.25375 -0.96725 -0.249656 -0.198125 -0.947844 -0.310688 0.103281 0.944875 0.48325 0.3515 -0.801781 0.537469 0.48125 -0.692438 -0.52975 0.844938 0.0734062 -0.821344 0.416 0.390219 -0.786219 0.612688 0.0802813 -0.94875 0.299 0.102125 0.257406 -0.0232813 -0.966 0.457375 0.0845938 0.885219 0.185687 0.0368125 0.981906 0.575844 -0.411813 0.706219 0.0520938 0.0315625 0.998125 -0.715125 0.565906 0.410219 -0.472656 0.5295 0.704406 -0.364031 0.0071875 0.931344 -0.698187 0.121563 0.705469 0.329437 0.411594 0.849719 0.31325 -0.008875 -0.949594 0.451844 0.0551562 -0.890375 0.185937 0.878344 -0.440344 0.68225 -0.042 -0.729906 0.839781 0.351219 -0.413969 0.62175 -0.7195 -0.309281 0.72275 -0.690437 -0.029625 0.857 -0.341062 0.386219 0.748781 0.201656 0.631375 0.9525 -0.111687 0.283281 0.896625 0.155813 0.414438 0.881781 -0.451313 0.136844 0.978813 0.0599063 0.195688 0.466969 0.675188 0.570969 0.394969 0.804313 0.443906 0.114312 0.992531 0.0425 0.498094 -0.748875 -0.437063 0.329094 -0.661844 -0.6735 0.257781 -0.902438 0.345125 0.292125 -0.72025 0.629188 0.61425 -0.711031 0.342156 0.607406 -0.329562 0.722781 0.569062 -0.734531 0.369563 0.528406 -0.0055625 0.848938 0.525688 -0.745 0.410562 0.498469 -0.207125 0.841781 -0.625156 -0.438062 0.645938 -0.309438 -0.638531 0.704594 -0.00959375 -0.806156 0.591594 -0.0205937 -0.940469 0.339188 -0.570531 -0.758281 0.315344 -0.258781 -0.851406 0.456187 0.0393125 0.619781 0.783781 -0.0779375 0.857344 0.50875 0.213563 0.973906 0.0765625 -0.448531 0.703625 0.551094 0.11225 0.993656 -0.00540625 -0.412688 0.843656 0.343375 0.0878438 0.994313 0.0596875 -0.369188 0.921906 0.117094 0.0753438 0.989344 0.124344 -0.570656 0.821 -0.01575 0.0378437 0.998781 0.0307187 -0.533938 0.843562 -0.0571875 0.0760313 0.996719 -0.0275938 -0.355594 0.872469 -0.335094 0.132 0.989875 -0.0517187 -0.19775 0.803031 -0.562125 0.187094 0.980656 -0.0571562 0.0894687 0.995594 -0.02725 -0.0370938 0.999281 0.004375 -0.0016875 0.999937 0.0084375 0.895781 0.344563 -0.280719 0.838562 0.512781 -0.183969 0.334531 0.928281 -0.162281 0.343031 0.938187 -0.045625 -0.115219 0.989281 0.0894687 -0.0965312 0.992844 0.069875 -0.0578125 0.998281 0.00871875 0.0169375 0.998125 -0.058625 0.355844 0.855594 0.375875 0.3165 0.849656 0.42175 0.617125 0.186906 0.764313 0.404344 0.305813 0.861938 0.297406 0.462906 0.835 0.263469 0.824188 0.50125 0.384844 0.699156 0.602531 -0.0887813 0.994969 -0.0459062 -0.282687 0.958156 0.0448125 -0.487125 0.86975 0.0787188 -0.838875 0.544187 0.0118438 -0.636344 0.6755 0.372438 -0.386219 0.896656 0.216281 -0.733813 0.139687 0.664781 -0.759687 0.441469 0.477406 -0.920563 0.381844 0.0820313 -0.0630625 0.997969 -0.00665625 -0.155094 0.987875 0.00059375 0.320125 0.742219 -0.588719 0.720281 0.403094 -0.564469 -0.158406 0.509594 -0.845688 0.00853125 0.712812 0.701281 0.489719 0.0156562 0.871719 0.251656 0.772469 0.583031 0.634906 0.202625 0.7455 0.178875 -0.490187 -0.853031 0.1475 -0.0418125 -0.988156 0.128156 -0.501312 -0.855687 0.126937 -0.0569687 -0.99025 -0.00159375 -0.557781 -0.829969 -0.00240625 -0.156625 -0.987625 0.762281 0.581094 0.284938 0.299406 0.947219 0.114344 -0.288781 0.946094 0.146563 0.482469 0.86175 0.156656 0.228062 0.416344 -0.880125 0.29775 0.705938 -0.642594 0.0546875 0.9925 -0.10925 -0.130313 -0.492625 -0.860406 -0.130219 -0.0535 -0.990031 -0.0003125 0.670625 -0.741781 -0.147969 0.98875 0.021375 0.725438 0.377 0.575781</float_array>
					<technique_common>
						<accessor count="802" source="#ID270" stride="3">
							<param name="X" type="float"/>
							<param name="Y" type="float"/>
							<param name="Z" type="float"/>
						</accessor>
					</technique_common>
				</source>
				<source id="ID271">
					<float_array id="ID272" count="1240" digits="2490374">0.438355 0.074227 0.481814 0.0413181 0.438333 0.097479 0.482224 0.0775291 0.480097 0.111785 0.544421 0.0784171 0.547544 0.111366 0.581975 0.088209 0.581969 0.126971 0.621038 0.137629 0.621038 0.169514 0.666387 0.15284 0.666387 0.17565 0.75566 0.154615 0.348421 0.167552 0.348421 0.148954 0.39239 0.191601 0.438285 0.175819 0.438286 0.21565 0.4804 0.205268 0.484332 0.238874 0.547743 0.206706 0.544884 0.239617 0.582097 0.224212 0.582126 0.262421 0.621038 0.200643 0.986983 0.111465 0.986983 0.148853 0.922025 0.101104 0.922025 0.150582 0.855138 0.09973 0.855139 0.150532 0.821696 0.102827 0.821695 0.153737 0.75566 0.204268 0.550601 0.173796 0.476468 0.171661 0.47797 0.146042 0.438304 0.13022 0.348421 0.111308 0.621038 0.115211 0.582005 0.065292 0.540797 0.040729 0.582 0.179815 0.550668 0.144315 0.666387 0.115694 0.621038 0.101867 0.533967 0.277919 0.492463 0.276031 0.381757 0.216054 0.438276 0.250357 0.75566 0.103775 0.922024 0.194938 0.986983 0.167716 -0.853878 0.431519 -0.894631 0.444223 -0.853878 0.374592 -0.892089 0.379562 -0.853878 0.329123 -0.881972 0.339831 -0.853878 0.279372 -0.873556 0.287007 -0.900754 0.253985 -0.926772 0.281163 -0.937379 0.257028 -0.990829 0.261184 -0.942479 0.218518 -0.990835 0.218518 -0.990842 0.2 -0.984 0.066008 -0.983324 0.097416 -0.971824 0.066008 -0.968889 0.0971 -0.960206 0.066008 -0.949442 0.091877 -0.907821 0.066008 -0.906028 0.090101 -0.853537 0.066008 -0.841225 0.104143 -0.808415 0.113399 -0.832168 0.147469 -0.798893 0.167489 -0.844882 0.174359 -0.820492 0.193646 -0.873292 0.6 -0.873292 0.641107 -0.768172 0.6 -0.769354 0.641107 -0.72224 0.6 -0.72277 0.641107 -0.688638 0.641107 -0.688529 0.673705 -0.72263 0.672904 -0.688421 0.700474 -0.722414 0.701011 -0.688313 0.734271 -0.722197 0.734808 -0.752689 0.328162 -0.748256 0.399679 -0.789406 0.400302 -0.789381 0.452985 -0.816937 0.448659 -0.789384 0.481887 -0.836291 0.48374 -0.789384 0.5224 -0.835888 0.522311 -0.789384 0.556681 -0.820329 0.571161 -0.805863 0.590936 -0.994861 0.561187 -0.990915 0.505599 -0.958889 0.572035 -0.955235 0.501118 -0.935689 0.53429 -0.898196 0.527866 -0.911904 0.549934 -0.897824 0.576807 -0.948476 0.591925 -0.945003 0.605437 -0.6738 0.251367 -0.682805 0.210298 -0.705877 0.272947 -0.712316 0.225831 -0.731038 0.243708 -0.74009 0.2208 -0.773779 0.242067 -0.774126 0.189795 -0.798018 0.216565 -0.89254 0.242565 -0.940947 0.2 -0.990862 0.292904 -0.93604 0.326802 -0.990905 0.335308 -0.94926 0.38115 -0.945932 0.406103 -0.95624 0.43833 -0.990931 0.466993 -0.823769 0.673572 -0.764015 0.673913 -0.72277 0.672046 -0.982459 0.129798 -0.967867 0.117919 -0.948176 0.142929 -0.945519 0.121898 -0.737915 0.45655 -0.72648 0.481458 -0.724137 0.517309 0.585448 0 0.581926 0.015179 0.540453 0 0.537329 0.0151551 0.48457 0 0.481694 0.015404 0.439814 0 0.4374 0.015391 -0.905306 0.155932 -0.905553 0.127684 -0.722847 0.641107 -0.763874 0.675205 0.725717 0 0.721367 0.066332 0.658398 0 0.679692 0.0438601 0.610865 0.015154 -0.990905 0.396927 0.990838 0.029642 0.908278 0.044875 0.913836 0 0.869628 0 0.34842 0 0.348421 0.029642 -0.707979 0.180677 -0.72307 0.193262 -0.686312 0.6 -0.76731 0.30288 -0.789417 0.328493 -0.82793 0.400397 0.821696 0.065647 0.75566 0.070067 0.826695 0 0.760586 0 0.864353 0.056591 -0.814288 0.066008 -0.762998 0.112703 -0.763025 0.066008 -0.754278 0.300647 -0.729526 0.287383 -0.74229 0.555924 -0.760795 0.58195 -0.789387 0.590356 -0.779989 0.700153 -0.72277 0.700153 -0.746191 0.733951 -0.72277 0.733951 -0.990915 0.431666 -0.745618 0.735025 -0.779632 0.701444 -0.789391 0.290911 -0.811488 0.300323 -0.831798 0.328176 -0.877391 0.539399 0.990413 0 -0.091343 0.505248 -0.091744 0.548975 -0.147054 0.505248 -0.154897 0.547284 -0.267492 0.505248 -0.194471 0.623167 -0.258354 0.608806 -0.266122 0.664707 -0.314811 0.661344 -0.316679 0.715146 -0.369746 0.710243 -0.328671 0.749896 -0.376817 0.739293 -0.328671 0.760684 -0.37762 0.752647 0.855139 0.206913 0.821695 0.209728 0.75566 0.332214 0.666387 0.321763 0.75566 0.414443 0.666387 0.400874 0.75566 0.505248 0.666387 0.507249 -0.092331 0.603432 -0.14907 0.636917 -0.196446 0.677311 -0.267757 0.716406 -0.267044 0.757159 -0.267044 0.764557 -0.092911 0.641027 -0.093534 0.681408 -0.106948 0.700153 -0.102414 0.705005 -0.147054 0.729649 -0.14763 0.741786 -0.209753 0.750939 -0.209754 0.762104 -0.32867 0.511002 -0.313029 0.605886 -0.366603 0.604142 -0.36247 0.660348 -0.436897 0.59969 -0.434316 0.655604 -0.484945 0.653497 -0.480954 0.698924 -0.505739 0.652632 -0.485209 0.708762 -0.146621 0.692422 -0.2021 0.724827 -0.444544 0.734704 -0.436888 0.726198 -0.43417 0.70894 0.986983 0.49554 0.986983 0.365301 0.922024 0.497101 0.922024 0.385764 0.855139 0.407668 0.855139 0.325436 0.821696 0.333299 0.483443 0.342876 0.512803 0.351837 0.543228 0.348964 0.585418 0.333513 0.585506 0.412669 0.621038 0.403241 0.621038 0.509251 0.381864 0.30683 0.440558 0.330639 0.440716 0.392866 0.483459 0.410268 0.442211 0.501073 0.483952 0.505248 0.585646 0.509251 0.543347 0.42695 0.543449 0.5075 0.512339 0.425946 0.516818 0.506749 0.621038 0.32594 0.621038 0.240445 0.666387 0.217428 0.821695 0.415093 0.922025 0.31519 -0.515969 0.603432 -0.48335 0.599727 -0.516048 0.505248 -0.48335 0.506749 0.40972 0.499076 0.381817 0.374067 0.348421 0.195203 0.348421 0.294952 0.354204 0.365301 -0.429726 0.511002 0.855139 0.503297 0.821695 0.505068 0.796957 0.505248 0.381886 0.493442 0.354204 0.49554 0.986983 0.294954 0.986983 0.195336 -0.368096 0.511002 -0.942907 0.903069 -0.895958 0.919438 -0.90099 0.905034 -0.858731 0.916544 -0.849763 0.89631 -0.833445 0.91105 -0.82352 0.892928 -0.78433 0.894252 -0.78023 0.883933 -0.746537 0.881222 -0.744204 0.87038 -0.687957 0.854974 -0.890052 0.935706 -0.849306 0.929571 -0.82272 0.93392 -0.787492 0.906488 -0.638111 0.895439 -0.578605 0.893709 -0.633807 0.882999 -0.636254 0.874148 -0.668938 0.884325 -0.661654 0.86963 -0.692135 0.868982 -0.750303 0.890764 -0.398485 0.839601 -0.424186 0.833179 -0.426286 0.845724 -0.463836 0.832334 -0.464499 0.847688 -0.496997 0.837376 -0.150274 0.89148 -0.190859 0.902504 -0.149419 0.901513 -0.18772 0.920227 -0.151901 0.919649 -0.994055 0.882783 -0.99386 0.899119 -0.950962 0.916394 -0.57055 0.881557 -0.529352 0.896431 -0.549517 0.858371 -0.521861 0.888365 -0.498227 0.881434 -0.538653 0.832207 -0.53702 0.845808 -0.500567 0.853035 -0.543761 0.912052 -0.552216 0.921578 -0.00814 0.882783 -0.060213 0.904015 -0.008335 0.899119 -0.052189 0.916926 -0.333949 0.87668 -0.375676 0.84489 -0.370921 0.867415 -0.398226 0.856862 -0.535763 0.855284 -0.501523 0.867351 -0.59158 0.921636 -0.707679 0.885284 -0.105566 0.921228 -0.101149 0.906835 -0.661969 0.825598 -0.688697 0.836625 -0.656745 0.837263 -0.776703 0.871714 -0.755151 0.903711 -0.669465 0.808385 -0.688974 0.821158 -0.733529 0.850377 -0.738615 0.860823 -0.770445 0.864206 -0.77183 0.857932 -0.820911 0.87912 -0.810342 0.850993 -0.835998 0.864681 -0.856361 0.887545 -0.856527 0.867194 -0.628207 0.836537 -0.840702 0.848217 -0.767393 0.854961 -0.812332 0.847074 -0.841548 0.845846 -0.856679 0.844421 -0.856301 0.847966 -0.887801 0.841357 -0.887589 0.844016 -0.929757 0.830651 -0.928517 0.834385 -0.949572 0.854292 -0.886406 0.867015 -0.643809 0.787612 -0.680114 0.791797 -0.636652 0.798987 -0.675454 0.800575 -0.690576 0.816526 -0.729679 0.843772 -0.358755 0.832538 -0.420374 0.799903 -0.42134 0.818686 -0.466765 0.797 -0.463834 0.818971 -0.505952 0.803105 -0.503874 0.822533 -0.543249 0.815639 -0.587934 0.830858 -0.576844 0.847837 -0.578233 0.857221 -0.576738 0.868716 -0.631901 0.85863 -0.59341 0.865398 -0.608332 0.855657 -0.594497 0.854558 -0.617061 0.833502 -0.145994 0.872158 -0.116102 0.867462 -0.105771 0.892801 -0.055096 0.856043 -0.05878 0.885131 -0.008513 0.872137 -0.993634 0.849306 -0.993681 0.872137 -0.944745 0.883889 -0.900019 0.888811 -0.272892 0.87125 -0.273491 0.879096 -0.232528 0.878001 -0.232782 0.884527 -0.192073 0.889959 -0.225648 0.901378 -0.659318 0.856332 -0.538839 0.798374 -0.580265 0.798924 -0.574988 0.813714 -0.623409 0.818509 -0.340122 0.856063 -0.373047 0.834036 -0.281215 0.895079 -0.303669 0.862676 -0.586993 0.861588 -0.008561 0.849306 -0.52194 0.911261 -0.512756 0.907124 -0.498033 0.923036 -0.499696 0.915291 -0.457533 0.940361 -0.464942 0.927249 -0.428701 0.946236 -0.432594 0.92935 -0.408726 0.937796 -0.436306 0.91698 -0.416515 0.921286 -0.421894 0.908179 -0.384611 0.919337 -0.393594 0.898322 -0.35423 0.920846 -0.360104 0.905105 -0.30765 0.931159 -0.315178 0.918528 -0.395149 0.879508 -0.431089 0.871346 -0.426344 0.891357 -0.466222 0.863575 -0.46555 0.883149 -0.471807 0.898627 -0.505161 0.891914 -0.468975 0.90945 -0.502076 0.900069 -0.46841 0.915605 -0.269674 0.944559 -0.275348 0.929767 -0.278464 0.919527 -0.326726 0.89712 -0.367903 0.881992 -0.257909 0.904314 -0.184391 0.929447 -0.25065 0.91702 -0.216333 0.931985 -0.247898 0.932368 -0.27709 0.908097 -0.248869 0.944966 -0.676436 0.901537 -0.65049 0.924752 -0.69542 0.930766 -0.720599 0.904368 -0.993816 0.930216 -0.951082 0.932552 -0.509306 0.905598 -0.111119 0.933444 -0.152784 0.929857 -0.788601 0.932729 -0.724401 0.919115 -0.760086 0.932785 -0.728203 0.933861 -0.008378 0.930216 -0.052319 0.932804 -0.440428 0.953369 -0.453835 0.950322 -0.502941 0.935426 -0.510025 0.946932 -0.521322 0.948237 -0.52721 0.950898 -0.544567 0.943519 -0.596863 0.941027 -0.6539 0.945121 -0.339375 0.832331 -0.115768 0.844593 -0.14626 0.848278 -0.172866 0.869749 -0.161611 0.848129 -0.191205 0.849921 -0.160647 0.845846 -0.189863 0.847074 -0.311619 0.816526 -0.313052 0.820853 -0.272516 0.843772 -0.272054 0.848776 -0.234802 0.854961 -0.235137 0.859951 -0.31103 0.841354 -0.269097 0.861225 -0.236342 0.867811 -0.145515 0.844421 -0.114393 0.841357 -0.465253 0.775994 -0.465903 0.783136 -0.419375 0.77819 -0.420216 0.786616 -0.358386 0.787612 -0.363835 0.798319 -0.322081 0.791797 -0.328865 0.802232 -0.5814 0.785917 -0.536826 0.782611 -0.501679 0.777275 -0.501333 0.76759 -0.582819 0.77819 -0.536941 0.775994 -0.559915 0.96909 -0.611514 0.969002 -0.604895 0.999961 -0.661267 0.963032 -0.673803 0.999168 -0.69542 0.962553 -0.706594 0.998938 -0.741517 0.967276 -0.745681 0.99915 -0.765754 0.96329 -0.767149 0.99881 -0.798486 0.958837 -0.799918 0.998231 -0.843804 0.960054 -0.83573 0.998502 -0.87975 0.960965 -0.873173 0.99873 -0.907128 0.997914 -0.861742 1.01926 -0.993739 1.00009 -0.217421 0.946804 -0.250878 0.952033 -0.209116 0.967219 -0.243562 0.963506 -0.235842 0.998834 -0.257094 0.998604 -0.205797 1.01929 -0.294988 0.999006 -0.328287 0.999127 -0.301285 0.963161 -0.339988 0.962665 -0.349715 0.941071 -0.371575 0.941745 -0.407195 0.95673 -0.355484 0.966974 -0.402501 0.974348 -0.39862 1.00056 -0.41806 1.00023 -0.45265 1.01937 -0.437733 1.00007 -0.501208 0.998961 -0.500217 0.966029 -0.513346 0.972691 -0.674894 0.945383 -0.695887 0.945645 -0.733727 0.946906 -0.008456 1.00009 -0.095174 0.997859 -0.128087 0.998757 -0.166648 0.999398 -0.160028 0.968067 -0.186895 0.952229 -0.946074 0.954378 -0.444903 0.970454 -0.445123 0.963403 -0.422661 0.971621 -0.424118 0.965555 -0.072437 0.830651 -0.079431 0.837503 -0.034006 0.813919 -0.033091 0.817955 -0.008612 0.804134 -0.008612 0.809043 -0.268384 0.951698 -0.265872 0.962396 -0.509905 0.999779 -0.584713 1.01964 -0.564755 0.999921 -0.05708 0.953883 -0.114078 0.961206 -0.340174 0.999628 -0.968189 0.813919 -0.969331 0.817671 -0.993739 0.969005 -0.202881 0.999168 -0.008456 0.969005 -0.309375 0.944786 -0.993583 0.809043 -0.993583 0.804134 -0.709861 1.01928</float_array>
					<technique_common>
						<accessor count="620" source="#ID272" stride="2">
							<param name="S" type="float"/>
							<param name="T" type="float"/>
						</accessor>
					</technique_common>
				</source>
				<vertices id="ID273">
					<input semantic="POSITION" source="#ID267"/>
				</vertices>
				<triangles count="1500" material="Material1">
					<input offset="0" semantic="VERTEX" source="#ID273" set="0"/>
					<input offset="1" semantic="NORMAL" source="#ID269" set="0"/>
					<input offset="2" semantic="TEXCOORD" source="#ID271" set="0"/>
					<p>2 2 2 1 1 1 0 0 0 3 3 3 1 1 1 2 2 2 4 4 4 3 3 3 2 2 2 5 5 5 3 3 3 4 4 4 6 6 6 5 5 5 4 4 4 7 7 7 5 5 5 6 6 6 8 8 8 7 7 7 6 6 6 9 9 9 7 7 7 8 8 8 10 10 10 9 9 9 8 8 8 11 11 11 9 9 9 10 10 10 12 12 12 11 11 11 10 10 10 13 13 13 11 11 11 12 12 12 16 16 16 15 15 15 14 14 14 17 17 17 15 15 15 16 16 16 18 18 18 17 17 17 16 16 16 19 19 19 17 17 17 18 18 18 20 20 20 19 19 19 18 18 18 21 21 21 19 19 19 20 20 20 22 22 22 21 21 21 20 20 20 23 23 23 21 21 21 22 22 22 24 24 24 23 23 23 22 22 22 25 25 25 23 23 23 24 24 24 27 27 28 15 15 27 26 26 26 28 28 29 15 15 27 27 27 28 29 29 30 28 28 29 27 27 28 30 30 31 28 28 29 29 29 30 31 31 32 30 30 31 29 29 30 32 32 33 30 30 31 31 31 32 13 13 13 32 32 33 31 31 32 33 33 34 32 32 33 13 13 13 12 12 12 33 33 34 13 13 13 34 34 35 19 19 19 21 21 21 35 35 36 19 19 19 34 34 35 36 36 37 35 35 36 34 34 35 17 17 17 35 35 36 36 36 37 37 37 38 17 17 17 36 36 37 15 15 15 17 17 17 37 37 38 2 2 2 15 15 15 37 37 38 26 26 39 15 15 15 2 2 2 0 0 0 26 26 39 2 2 2 38 38 40 9 9 9 11 11 11 7 7 7 9 9 9 38 38 40 39 39 41 7 7 7 38 38 40 5 5 5 7 7 7 39 39 41 40 40 42 5 5 5 39 39 41 1 1 1 5 5 5 40 40 42 10 10 10 25 25 25 12 12 12 23 23 23 25 25 25 10 10 10 41 41 43 23 23 23 10 10 10 21 21 21 23 23 23 41 41 43 34 34 35 21 21 21 41 41 43 8 8 8 41 41 43 10 10 10 42 42 44 41 41 43 8 8 8 6 6 6 42 42 44 8 8 8 36 36 37 42 42 44 6 6 6 4 4 4 36 36 37 6 6 6 43 43 45 11 11 11 13 13 13 38 38 40 11 11 11 43 43 45 44 44 46 38 38 40 43 43 45 39 39 41 38 38 40 44 44 46 22 22 22 45 45 47 24 24 24 46 46 48 45 45 47 22 22 22 20 20 20 46 46 48 22 22 22 47 47 49 18 18 18 16 16 16 48 48 50 18 18 18 47 47 49 48 48 50 20 20 20 18 18 18 46 46 48 20 20 20 48 48 50 49 49 51 13 13 13 31 31 32 43 43 45 13 13 13 49 49 51 14 14 53 28 28 29 50 50 52 15 15 27 28 28 29 14 14 53 37 37 38 4 4 4 2 2 2 36 36 37 4 4 4 37 37 38 42 42 44 34 34 35 41 41 43 36 36 37 34 34 35 42 42 44 17 17 17 19 19 19 35 35 36 1 1 1 3 3 3 5 5 5 53 53 56 52 52 55 51 51 54 54 54 57 52 52 55 53 53 56 55 55 58 54 54 57 53 53 56 56 56 59 54 54 57 55 55 58 57 57 60 56 56 59 55 55 58 58 58 61 56 56 59 57 57 60 59 59 62 58 58 61 57 57 60 60 60 63 58 58 61 59 59 62 61 61 64 60 60 63 59 59 62 62 62 65 60 60 63 61 61 64 63 63 66 62 62 65 61 61 64 64 64 67 62 62 65 63 63 66 65 65 68 64 64 67 63 63 66 66 66 71 64 64 70 65 65 69 67 67 72 64 64 70 66 66 71 68 68 73 67 67 72 66 66 71 69 69 74 67 67 72 68 68 73 70 70 75 69 69 74 68 68 73 71 71 76 69 69 74 70 70 75 72 72 77 71 71 76 70 70 75 73 73 78 71 71 76 72 72 77 74 74 79 73 73 78 72 72 77 75 75 80 73 73 78 74 74 79 76 76 81 75 75 80 74 74 79 77 77 82 75 75 80 76 76 81 78 78 83 77 77 82 76 76 81 81 81 86 80 80 85 79 79 84 82 82 87 80 80 85 81 81 86 83 83 88 82 82 87 81 81 86 84 84 89 82 82 87 83 83 88 85 85 90 84 84 89 83 83 88 86 86 91 84 84 89 85 85 90 87 87 92 86 86 91 85 85 90 88 88 93 86 86 91 87 87 92 89 89 94 88 88 93 87 87 92 90 90 95 88 88 93 89 89 94 91 91 96 90 90 95 89 89 94 93 93 99 51 51 98 92 92 97 94 94 100 51 51 98 93 93 99 95 95 101 94 94 100 93 93 99 96 96 102 94 94 100 95 95 101 72 72 103 96 96 102 95 95 101 97 97 104 96 96 102 72 72 103 70 70 105 97 97 104 72 72 103 98 98 106 97 97 104 70 70 105 68 68 107 98 98 106 70 70 105 66 66 108 98 98 106 68 68 107 101 101 111 100 100 110 99 99 109 102 102 112 100 100 110 101 101 111 103 103 113 102 102 112 101 101 111 104 104 114 102 102 112 103 103 113 105 105 115 104 104 114 103 103 113 106 106 116 104 104 114 105 105 115 107 107 117 106 106 116 105 105 115 108 108 118 106 106 116 107 107 117 111 111 121 110 110 120 109 109 119 112 112 122 110 110 120 111 111 121 113 113 123 112 112 122 111 111 121 114 114 124 112 112 122 113 113 123 100 100 125 114 114 124 113 113 123 115 115 126 114 114 124 100 100 125 116 116 127 115 115 126 100 100 125 78 78 83 115 115 126 116 116 127 119 119 62 118 118 129 117 117 128 120 120 66 118 118 129 119 119 62 121 121 64 120 120 66 119 119 62 122 122 65 120 120 66 121 121 64 123 123 63 122 122 65 121 121 64 124 124 130 122 122 65 123 123 63 125 125 131 124 124 130 123 123 63 126 126 132 124 124 130 125 125 131 127 127 131 58 58 61 60 60 63 56 56 59 58 58 61 127 127 131 128 128 133 56 56 59 127 127 131 54 54 57 56 56 59 128 128 133 129 129 134 54 54 57 128 128 133 130 130 135 54 54 57 129 129 134 116 116 136 130 130 135 129 129 134 100 100 110 130 130 135 116 116 136 82 82 87 131 131 137 80 80 85 132 132 138 131 131 137 82 82 87 84 84 89 132 132 138 82 82 87 133 133 139 132 132 138 84 84 89 86 86 91 133 133 139 84 84 89 88 88 93 133 133 139 86 86 91 136 136 70 135 135 71 134 134 69 137 137 72 135 135 71 136 136 70 122 122 140 137 137 72 136 136 70 138 138 141 137 137 72 122 122 140 124 124 142 138 138 141 122 122 140 139 139 143 138 138 141 124 124 142 94 94 100 53 53 144 51 51 98 55 55 145 53 53 144 94 94 100 96 96 102 55 55 145 94 94 100 57 57 146 55 55 145 96 96 102 97 97 104 57 57 146 96 96 102 98 98 106 57 57 146 97 97 104 142 142 149 141 141 148 140 140 147 143 143 150 141 141 148 142 142 149 144 144 151 143 143 150 142 142 149 145 145 152 143 143 150 144 144 151 146 146 153 145 145 152 144 144 151 147 147 154 145 145 152 146 146 153 1 1 1 145 145 152 147 147 154 143 143 150 145 145 152 1 1 1 40 40 42 143 143 150 1 1 1 141 141 148 143 143 150 40 40 42 39 39 41 141 141 148 40 40 42 44 44 46 141 141 148 39 39 41 150 150 142 149 149 156 148 148 155 151 151 143 149 149 156 150 150 142 152 152 141 151 151 143 150 150 142 69 69 74 151 151 143 152 152 141 67 67 72 69 69 74 152 152 141 153 153 157 87 87 92 85 85 90 154 154 158 87 87 92 153 153 157 155 155 87 154 154 158 153 153 157 156 156 137 154 154 158 155 155 87 52 52 85 156 156 137 155 155 87 159 158 161 158 157 160 157 157 159 160 159 162 158 157 160 159 158 161 161 160 163 160 159 162 159 158 161 43 43 45 160 159 162 161 160 163 44 44 46 43 43 45 161 160 163 162 161 74 138 138 141 139 139 143 137 137 72 138 138 141 162 161 74 163 162 73 137 137 72 162 161 74 135 135 71 137 137 72 163 162 73 75 75 80 71 71 76 73 73 78 149 149 156 71 71 76 75 75 80 77 77 82 149 149 156 75 75 80 148 148 155 149 149 156 77 77 82 150 150 130 60 60 63 62 62 65 127 127 131 60 60 63 150 150 130 148 148 132 127 127 131 150 150 130 77 77 164 127 127 131 148 148 132 164 163 165 27 27 28 26 26 26 165 164 166 27 27 28 164 163 165 166 165 167 165 164 166 164 163 165 167 166 168 165 164 166 166 165 167 164 163 170 146 146 153 168 167 169 147 147 154 146 146 153 164 163 170 0 0 0 147 147 154 164 163 170 1 1 1 147 147 154 0 0 0 112 112 122 131 131 171 110 110 120 169 168 172 131 131 171 112 112 122 114 114 124 169 168 172 112 112 122 115 115 126 169 168 172 114 114 124 170 169 173 85 85 90 83 83 88 153 153 157 85 85 90 170 169 173 171 170 88 153 153 157 170 169 173 92 92 86 153 153 157 171 170 88 172 171 175 92 92 97 171 170 174 93 93 99 92 92 97 172 171 175 79 79 176 93 93 99 172 171 175 95 95 101 93 93 99 79 79 176 173 172 177 49 49 51 31 31 32 174 173 178 49 49 51 173 172 177 175 174 179 174 173 178 173 172 177 176 175 180 174 173 178 175 174 179 29 29 30 173 172 177 31 31 32 177 176 181 173 172 177 29 29 30 27 27 28 177 176 181 29 29 30 165 164 166 177 176 181 27 27 28 174 173 178 43 43 45 49 49 51 158 157 160 43 43 45 174 173 178 176 175 180 158 157 160 174 173 178 157 157 159 158 157 160 176 175 180 95 95 182 74 74 79 72 72 77 80 80 183 74 74 79 95 95 182 79 79 184 80 80 183 95 95 182 130 130 135 52 52 55 54 54 57 104 104 114 52 52 55 130 130 135 102 102 112 104 104 114 130 130 135 62 62 140 152 152 141 150 150 142 67 67 72 152 152 141 62 62 140 64 64 70 67 67 72 62 62 140 113 113 123 99 99 185 100 100 125 178 177 186 99 99 185 113 113 123 111 111 121 178 177 186 113 113 123 59 59 62 63 63 66 61 61 64 179 178 129 63 63 66 59 59 62 180 179 128 179 178 129 59 59 62 98 98 106 180 179 187 57 57 146 179 178 188 180 179 187 98 98 106 65 65 189 179 178 188 98 98 106 161 160 163 141 141 148 44 44 46 140 140 147 141 141 148 161 160 163 159 158 161 140 140 147 161 160 163 181 180 191 110 110 190 133 133 139 109 109 192 110 110 190 181 180 191 182 181 193 109 109 192 181 180 191 169 168 172 80 80 183 131 131 171 115 115 126 80 80 183 169 168 172 129 129 134 78 78 194 116 116 136 128 128 133 78 78 194 129 129 134 128 128 133 77 77 164 78 78 194 127 127 131 77 77 164 128 128 133 91 91 96 106 106 196 108 108 195 89 89 94 106 106 196 91 91 96 170 169 197 172 171 175 171 170 174 83 83 198 172 171 175 170 169 197 81 81 199 172 171 175 83 83 198 79 79 176 172 171 175 81 81 199 71 71 76 151 151 143 69 69 74 149 149 156 151 151 143 71 71 76 183 182 156 124 124 142 126 126 155 139 139 143 124 124 142 183 182 156 136 136 67 120 120 66 122 122 65 134 134 68 120 120 66 136 136 67 118 118 188 184 183 106 117 117 187 134 134 189 184 183 106 118 118 188 156 156 200 104 104 114 106 106 116 52 52 55 104 104 114 156 156 200 132 132 138 110 110 190 131 131 137 133 133 139 110 110 190 132 132 138 92 92 86 155 155 87 153 153 157 51 51 84 155 155 87 92 92 86 167 166 168 177 176 181 165 164 166 175 174 179 177 176 181 167 166 168 106 106 196 154 154 158 156 156 137 89 89 94 154 154 158 106 106 196 184 183 106 135 135 108 163 162 107 134 134 189 135 135 108 184 183 106 80 80 183 76 76 81 74 74 79 115 115 126 76 76 81 80 80 183 103 103 113 107 107 117 105 105 115 101 101 111 107 107 117 103 103 113 88 88 93 181 180 191 133 133 139 90 90 95 181 180 191 88 88 93 168 167 201 166 165 167 164 163 165 26 26 39 0 0 0 164 163 170 179 178 129 65 65 68 63 63 66 118 118 129 120 120 66 134 134 68 123 123 63 121 121 64 119 119 62 57 57 60 180 179 128 59 59 62 76 76 81 115 115 126 78 78 83 51 51 84 52 52 85 155 155 87 89 89 94 87 87 92 154 154 158 100 100 110 102 102 112 130 130 135 66 66 108 65 65 189 98 98 106 177 176 181 175 174 179 173 172 177 43 43 45 158 157 160 160 159 162 182 181 193 181 180 191 90 90 95 187 186 151 186 185 152 185 184 153 188 187 150 186 185 152 187 186 151 189 188 149 188 187 150 187 186 151 190 189 148 188 187 150 189 188 149 191 190 147 190 189 148 189 188 149 192 191 163 190 189 148 191 190 147 193 192 161 192 191 163 191 190 147 194 193 162 192 191 163 193 192 161 195 194 160 194 193 162 193 192 161 196 195 45 194 193 162 195 194 160 197 196 178 196 195 45 195 194 160 198 197 51 196 195 45 197 196 178 199 198 177 198 197 51 197 196 178 202 201 204 201 200 203 200 199 202 203 202 205 201 200 203 202 201 204 204 203 206 203 202 205 202 201 204 205 204 207 203 202 205 204 203 206 206 205 208 205 204 207 204 203 206 207 206 209 205 204 207 206 205 208 208 207 210 207 206 209 206 205 208 209 208 211 207 206 209 208 207 210 210 209 212 209 208 211 208 207 210 211 210 213 209 208 211 210 209 212 212 211 214 211 210 213 210 209 212 213 212 215 211 210 213 212 211 214 214 213 216 213 212 215 212 211 214 30 30 31 50 50 52 28 28 29 215 214 217 50 50 52 30 30 31 32 32 33 215 214 217 30 30 31 216 215 218 215 214 217 32 32 33 33 33 34 216 215 218 32 32 33 217 216 219 216 215 218 33 33 34 218 217 220 217 216 219 33 33 34 219 218 221 217 216 219 218 217 220 220 219 222 219 218 221 218 217 220 202 201 223 219 218 221 220 219 222 204 203 224 202 201 223 220 219 222 203 202 205 221 220 225 201 200 203 222 221 226 221 220 225 203 202 205 205 204 207 222 221 226 203 202 205 223 222 227 222 221 226 205 204 207 207 206 209 223 222 227 205 204 207 224 223 228 223 222 227 207 206 209 209 208 211 224 223 228 207 206 209 225 224 229 224 223 228 209 208 211 211 210 213 225 224 229 209 208 211 226 225 230 225 224 229 211 210 213 213 212 215 226 225 230 211 210 213 229 228 85 228 227 86 227 226 84 230 229 87 228 227 86 229 228 85 231 230 137 230 229 87 229 228 85 232 231 138 230 229 87 231 230 137 233 232 190 232 231 138 231 230 137 234 233 139 232 231 138 233 232 190 235 234 191 234 233 139 233 232 190 236 235 93 234 233 139 235 234 191 237 236 95 236 235 93 235 234 191 238 237 94 236 235 93 237 236 95 239 238 96 238 237 94 237 236 95 222 221 226 240 239 231 221 220 225 241 240 232 240 239 231 222 221 226 242 241 233 241 240 232 222 221 226 243 242 234 241 240 232 242 241 233 244 243 235 243 242 234 242 241 233 245 244 236 243 242 234 244 243 235 246 245 237 245 244 236 244 243 235 247 246 238 245 244 236 246 245 237 225 224 229 247 246 238 246 245 237 226 225 230 247 246 238 225 224 229 248 247 239 206 205 208 204 203 206 249 248 240 206 205 208 248 247 239 250 249 241 249 248 240 248 247 239 251 250 242 249 248 240 250 249 241 252 251 243 251 250 242 250 249 241 253 252 244 251 250 242 252 251 243 254 253 245 253 252 244 252 251 243 255 254 246 253 252 244 254 253 245 256 255 247 255 254 246 254 253 245 257 256 248 255 254 246 256 255 247 260 259 205 259 258 206 258 257 204 261 260 207 259 258 206 260 259 205 262 261 226 261 260 207 260 259 205 263 262 227 261 260 207 262 261 226 264 263 249 263 262 227 262 261 226 265 264 250 263 262 227 264 263 249 266 265 235 265 264 250 264 263 249 267 266 237 265 264 250 266 265 235 268 267 236 267 266 237 266 265 235 269 268 238 267 266 237 268 267 236 272 271 246 271 270 251 270 269 248 273 272 252 271 270 251 272 271 246 274 273 253 273 272 252 272 271 246 275 274 212 273 272 252 274 273 253 276 275 242 275 274 212 274 273 253 277 276 210 275 274 212 276 275 242 278 277 240 277 276 210 276 275 242 279 278 208 277 276 210 278 277 240 280 279 239 279 278 208 278 277 240 259 258 206 279 278 208 280 279 239 185 184 153 282 281 170 281 280 169 283 282 154 282 281 170 185 184 153 186 185 152 283 282 154 185 184 153 284 283 1 283 282 154 186 185 152 188 187 150 284 283 1 186 185 152 285 284 42 284 283 1 188 187 150 190 189 148 285 284 42 188 187 150 286 285 41 285 284 42 190 189 148 287 286 46 286 285 41 190 189 148 290 289 256 289 288 255 288 287 254 291 290 257 289 288 255 290 289 256 292 291 258 291 290 257 290 289 256 293 292 259 291 290 257 292 291 258 294 293 260 293 292 259 292 291 258 295 294 217 293 292 259 294 293 260 296 295 218 295 294 217 294 293 260 297 296 33 295 294 217 296 295 218 298 297 34 297 296 33 296 295 218 233 232 120 300 299 121 299 298 119 301 300 122 300 299 121 233 232 120 231 230 171 301 300 122 233 232 120 302 301 172 301 300 122 231 230 171 229 228 183 302 301 172 231 230 171 303 302 126 302 301 172 229 228 183 304 303 81 303 302 126 229 228 183 305 304 83 303 302 126 304 303 81 306 305 82 305 304 83 304 303 81 309 307 48 308 306 261 307 8 50 310 308 262 308 306 261 309 307 48 311 309 47 310 308 262 309 307 48 312 310 263 310 308 262 311 309 47 313 311 264 312 310 263 311 309 47 314 312 265 312 310 263 313 311 264 315 313 266 314 312 265 313 311 264 280 279 267 314 312 265 315 313 266 259 258 224 280 279 267 315 313 266 273 272 252 316 314 216 271 270 251 317 315 214 316 314 216 273 272 252 275 274 212 317 315 214 273 272 252 318 316 213 317 315 214 275 274 212 319 317 211 318 316 213 275 274 212 320 318 229 318 316 213 319 317 211 321 319 228 320 318 229 319 317 211 267 266 237 320 318 229 321 319 228 265 264 250 267 266 237 321 319 228 322 320 105 184 183 106 163 162 107 323 183 104 184 183 106 322 320 105 324 321 103 323 183 104 322 320 105 325 96 102 323 183 104 324 321 103 326 322 101 325 96 102 324 321 103 327 323 100 325 96 102 326 322 101 328 324 99 327 323 100 326 322 101 329 325 98 327 323 100 328 324 99 330 326 97 329 325 98 328 324 99 332 328 196 239 238 96 331 327 195 238 237 94 239 238 96 332 328 196 333 329 158 238 237 94 332 328 196 334 330 92 238 237 94 333 329 158 335 331 157 334 330 92 333 329 158 336 332 90 334 330 92 335 331 157 337 333 173 336 332 90 335 331 157 338 334 88 336 332 90 337 333 173 282 281 165 339 335 167 281 280 201 340 336 166 339 335 167 282 281 165 341 337 28 340 336 166 282 281 165 342 338 181 340 336 166 341 337 28 343 339 30 342 338 181 341 337 28 199 198 177 342 338 181 343 339 30 344 340 32 199 198 177 343 339 30 198 197 51 199 198 177 344 340 32 307 8 50 346 342 268 345 341 49 347 343 269 346 342 268 307 8 50 308 306 261 347 343 269 307 8 50 348 344 270 347 343 269 308 306 261 349 306 271 348 344 270 308 306 261 350 345 272 348 344 270 349 306 271 351 346 273 350 345 272 349 306 271 352 347 274 314 312 265 280 279 267 353 348 275 314 312 265 352 347 274 354 349 276 353 348 275 352 347 274 355 350 277 353 348 275 354 349 276 356 351 278 355 350 277 354 349 276 349 306 271 355 350 277 356 351 278 351 346 273 349 306 271 356 351 278 357 352 24 313 311 264 311 309 47 358 353 279 313 311 264 357 352 24 359 354 280 358 353 279 357 352 24 360 355 220 358 353 279 359 354 280 361 356 281 360 355 220 359 354 280 298 297 34 360 355 220 361 356 281 362 357 12 298 297 34 361 356 281 364 359 266 363 358 265 248 247 267 365 360 264 363 358 265 364 359 266 366 361 279 365 360 264 364 359 266 24 24 24 365 360 264 366 361 279 367 362 280 24 24 24 366 361 279 25 25 25 24 24 24 367 362 280 12 12 12 25 25 25 367 362 280 370 365 136 369 364 135 368 363 110 371 366 134 369 364 135 370 365 136 305 304 194 371 366 134 370 365 136 372 367 133 371 366 134 305 304 194 306 305 164 372 367 133 305 304 194 125 125 131 372 367 133 306 305 164 126 126 132 125 125 131 306 305 164 374 369 203 258 257 204 373 368 202 260 259 205 258 257 204 374 369 203 375 370 225 260 259 205 374 369 203 262 261 226 260 259 205 375 370 225 376 371 231 262 261 226 375 370 225 377 372 232 262 261 226 376 371 231 368 363 110 379 374 111 378 373 109 380 375 112 379 374 111 368 363 110 369 364 135 380 375 112 368 363 110 381 376 114 380 375 112 369 364 135 382 377 55 381 376 114 369 364 135 383 378 200 381 376 114 382 377 55 384 379 282 294 293 260 292 291 258 385 380 219 294 293 260 384 379 282 386 381 221 385 380 219 384 379 282 387 382 222 385 380 219 386 381 221 258 257 223 387 382 222 386 381 221 259 258 224 387 382 222 258 257 223 390 385 255 389 384 256 388 383 254 391 386 257 389 384 256 390 385 255 392 387 283 391 386 257 390 385 255 393 388 259 391 386 257 392 387 283 50 50 52 393 388 259 392 387 283 215 214 217 393 388 259 50 50 52 394 389 261 46 46 48 48 48 50 395 390 262 46 46 48 394 389 261 396 389 271 395 390 262 394 389 261 397 391 277 395 390 262 396 389 271 398 392 278 397 391 277 396 389 271 399 393 276 397 391 277 398 392 278 395 390 262 45 45 47 46 46 48 400 394 263 45 45 47 395 390 262 401 395 275 400 394 263 395 390 262 363 358 265 400 394 263 401 395 275 402 396 274 363 358 265 401 395 275 248 247 267 363 358 265 402 396 274 403 397 247 272 271 246 270 269 248 404 398 245 272 271 246 403 397 247 405 399 284 404 398 245 403 397 247 406 400 285 404 398 245 405 399 284 351 346 286 406 400 285 405 399 284 356 351 287 406 400 285 351 346 286 407 401 76 324 321 77 322 320 75 408 402 78 324 321 77 407 401 76 409 403 80 408 402 78 407 401 76 410 404 79 408 402 78 409 403 80 304 303 81 410 404 79 409 403 80 229 228 183 410 404 79 304 303 81 246 245 237 224 223 228 225 224 229 411 405 250 224 223 228 246 245 237 244 243 235 411 405 250 246 245 237 412 406 249 411 405 250 244 243 235 242 241 233 412 406 249 244 243 235 222 221 226 412 406 249 242 241 233 415 409 270 414 408 288 413 407 272 416 410 289 414 408 288 415 409 270 417 411 269 416 410 289 415 409 270 418 412 268 416 410 289 417 411 269 48 48 50 418 412 268 417 411 269 47 47 49 418 412 268 48 48 50 345 341 49 420 414 14 419 413 16 421 415 290 420 414 14 345 341 49 346 342 268 421 415 290 345 341 49 422 416 291 421 415 290 346 342 268 289 288 292 422 416 291 346 342 268 423 417 117 332 328 116 331 327 118 424 418 115 332 328 116 423 417 117 425 419 113 424 418 115 423 417 117 381 376 114 424 418 115 425 419 113 380 375 112 381 376 114 425 419 113 197 196 178 426 420 179 199 198 177 427 421 180 426 420 179 197 196 178 195 194 160 427 421 180 197 196 178 428 194 159 427 421 180 195 194 160 193 192 161 428 194 159 195 194 160 430 423 123 378 373 185 429 422 186 368 363 125 378 373 185 430 423 123 431 424 124 368 363 125 430 423 123 303 302 126 368 363 125 431 424 124 302 301 172 303 302 126 431 424 124 396 389 271 413 407 272 432 425 273 415 409 270 413 407 272 396 389 271 394 389 261 415 409 270 396 389 271 417 411 269 415 409 270 394 389 261 48 48 50 417 411 269 394 389 261 433 426 282 217 216 219 219 218 221 434 427 260 217 216 219 433 426 282 435 428 258 434 427 260 433 426 282 393 388 259 434 427 260 435 428 258 391 386 257 393 388 259 435 428 258 276 275 242 436 429 241 278 277 240 437 430 243 436 429 241 276 275 242 438 431 244 437 430 243 276 275 242 404 398 245 437 430 243 438 431 244 272 271 246 404 398 245 438 431 244 254 253 245 439 432 284 256 255 247 440 433 285 439 432 284 254 253 245 252 251 243 440 433 285 254 253 245 398 392 287 440 433 285 252 251 243 399 393 293 398 392 287 252 251 243 277 276 210 319 317 211 275 274 212 441 434 209 319 317 211 277 276 210 279 278 208 441 434 209 277 276 210 261 260 207 441 434 209 279 278 208 259 258 206 261 260 207 279 278 208 335 331 157 442 435 88 337 333 173 330 326 86 442 435 88 335 331 157 443 436 87 330 326 86 335 331 157 329 325 84 330 326 86 443 436 87 382 377 85 329 325 84 443 436 87 325 96 102 444 437 146 323 183 104 445 438 145 444 437 146 325 96 102 327 323 100 445 438 145 325 96 102 446 439 144 445 438 145 327 323 100 329 325 98 446 439 144 327 323 100 353 348 275 312 310 263 314 312 265 310 308 262 312 310 263 353 348 275 355 350 277 310 308 262 353 348 275 349 306 271 310 308 262 355 350 277 447 440 59 444 437 60 445 438 58 448 441 61 444 437 60 447 440 59 125 125 131 448 441 61 447 440 59 123 123 63 448 441 61 125 125 131 449 442 294 292 291 258 290 289 256 384 379 282 292 291 258 449 442 294 450 443 295 384 379 282 449 442 294 373 368 296 384 379 282 450 443 295 162 161 74 322 320 75 163 162 73 407 401 76 322 320 75 162 161 74 139 139 143 407 401 76 162 161 74 183 182 156 407 401 76 139 139 143 410 404 79 324 321 77 408 402 78 326 322 182 324 321 77 410 404 79 229 228 183 326 322 182 410 404 79 227 226 184 326 322 182 229 228 183 227 226 176 328 324 99 326 322 101 451 444 175 328 324 99 227 226 176 228 227 199 451 444 175 227 226 176 338 334 198 451 444 175 228 227 199 452 445 288 348 344 270 350 345 272 453 446 289 348 344 270 452 445 288 454 447 297 453 446 289 452 445 288 288 287 298 453 446 289 454 447 297 230 229 87 338 334 88 228 227 86 455 448 89 338 334 88 230 229 87 232 231 138 455 448 89 230 229 87 234 233 139 455 448 89 232 231 138 455 448 89 336 332 90 338 334 88 456 449 91 336 332 90 455 448 89 234 233 139 456 449 91 455 448 89 236 235 93 456 449 91 234 233 139 266 265 235 457 450 234 268 267 236 458 451 233 457 450 234 266 265 235 264 263 249 458 451 233 266 265 235 262 261 226 458 451 233 264 263 249 459 452 299 392 387 283 390 385 255 50 50 52 392 387 283 459 452 299 460 453 300 50 50 52 459 452 299 14 14 53 50 50 52 460 453 300 461 454 251 255 254 246 257 256 248 462 455 252 255 254 246 461 454 251 214 213 216 462 455 252 461 454 251 212 211 214 462 455 252 214 213 216 251 250 242 210 209 212 208 207 210 463 456 253 210 209 212 251 250 242 253 252 244 463 456 253 251 250 242 255 254 246 463 456 253 253 252 244 200 199 296 219 218 221 202 201 223 433 426 282 219 218 221 200 199 296 464 457 295 433 426 282 200 199 296 465 458 294 433 426 282 464 457 295 382 377 55 446 439 56 329 325 54 466 459 57 446 439 56 382 377 55 369 364 135 466 459 57 382 377 55 371 366 134 466 459 57 369 364 135 466 459 57 445 438 58 446 439 56 447 440 59 445 438 58 466 459 57 372 367 133 447 440 59 466 459 57 125 125 131 447 440 59 372 367 133 183 182 156 409 403 80 407 401 76 306 305 82 409 403 80 183 182 156 126 126 155 306 305 82 183 182 156 467 460 283 289 288 255 291 290 257 422 416 299 289 288 255 467 460 283 468 461 52 422 416 299 467 460 283 469 462 0 283 282 154 284 283 1 282 281 170 283 282 154 469 462 0 470 463 39 282 281 170 469 462 0 383 378 137 333 329 158 332 328 196 443 436 87 333 329 158 383 378 137 382 377 85 443 436 87 383 378 137 453 446 289 347 343 269 348 344 270 346 342 268 347 343 269 453 446 289 289 288 292 346 342 268 453 446 289 359 354 280 362 357 12 361 356 281 471 464 25 362 357 12 359 354 280 357 352 24 471 464 25 359 354 280 223 222 227 412 406 249 222 221 226 411 405 250 412 406 249 223 222 227 224 223 228 411 405 250 223 222 227 462 455 252 463 456 253 255 254 246 210 209 212 463 456 253 462 455 252 212 211 214 210 209 212 462 455 252 263 262 227 441 434 209 261 260 207 321 319 228 441 434 209 263 262 227 265 264 250 321 319 228 263 262 227 434 427 260 216 215 218 217 216 219 215 214 217 216 215 218 434 427 260 393 388 259 215 214 217 434 427 260 416 410 289 472 465 297 414 408 288 388 383 298 472 465 297 416 410 289 390 385 292 388 383 298 416 410 289 401 395 275 399 393 276 402 396 274 397 391 277 399 393 276 401 395 275 395 390 262 397 391 277 401 395 275 468 461 52 474 467 31 473 466 29 295 294 217 474 467 31 468 461 52 293 292 259 295 294 217 468 461 52 365 360 264 400 394 263 363 358 265 45 45 47 400 394 263 365 360 264 24 24 24 45 45 47 365 360 264 218 217 220 364 359 266 220 219 222 366 361 279 364 359 266 218 217 220 367 362 280 366 361 279 218 217 220 475 468 281 367 362 280 218 217 220 12 12 12 367 362 280 475 468 281 33 33 34 12 12 12 475 468 281 342 338 181 426 420 179 476 469 168 199 198 177 426 420 179 342 338 181 299 298 192 235 234 191 233 232 190 477 470 193 235 234 191 299 298 192 370 365 127 303 302 126 305 304 83 368 363 125 303 302 126 370 365 127 332 328 116 381 376 114 383 378 200 424 418 115 381 376 114 332 328 116 337 333 197 451 444 175 338 334 198 442 435 174 451 444 175 337 333 197 330 326 97 451 444 175 442 435 174 328 324 99 451 444 175 330 326 97 196 195 45 192 191 163 194 193 162 287 286 46 192 191 163 196 195 45 456 449 91 334 330 92 336 332 90 236 235 93 334 330 92 456 449 91 293 292 259 467 460 283 291 290 257 468 461 52 467 460 283 293 292 259 249 248 240 208 207 210 206 205 208 251 250 242 208 207 210 249 248 240 252 251 243 402 396 301 399 393 293 250 249 241 402 396 301 252 251 243 432 425 286 440 433 285 398 392 287 439 432 284 440 433 285 432 425 286 315 313 266 387 382 222 259 258 224 360 355 220 387 382 222 315 313 266 317 315 214 478 471 215 316 314 216 318 316 213 478 471 215 317 315 214 318 316 213 479 472 230 478 471 215 320 318 229 479 472 230 318 316 213 320 318 229 269 268 238 479 472 230 267 266 237 269 268 238 320 318 229 465 458 294 435 428 258 433 426 282 389 384 256 435 428 258 465 458 294 274 273 253 438 431 244 276 275 242 272 271 246 438 431 244 274 273 253 406 400 285 437 430 243 404 398 245 356 351 287 437 430 243 406 400 285 354 349 293 437 430 243 356 351 287 352 347 301 437 430 243 354 349 293 352 347 301 436 429 241 437 430 243 280 279 239 436 429 241 352 347 301 360 355 220 385 380 219 387 382 222 298 297 34 385 380 219 360 355 220 296 295 218 385 380 219 298 297 34 294 293 260 385 380 219 296 295 218 460 453 290 418 412 268 47 47 49 459 452 291 418 412 268 460 453 290 390 385 292 418 412 268 459 452 291 416 410 289 418 412 268 390 385 292 14 14 14 47 47 49 16 16 16 460 453 290 47 47 49 14 14 14 386 381 221 373 368 296 258 257 223 384 379 282 373 368 296 386 381 221 458 451 233 377 372 232 457 450 234 262 261 226 377 372 232 458 451 233 358 353 279 315 313 266 313 311 264 360 355 220 315 313 266 358 353 279 340 336 166 476 469 168 339 335 167 342 338 181 476 469 168 340 336 166 184 183 106 444 437 146 117 117 187 323 183 104 444 437 146 184 183 106 204 203 224 364 359 266 248 247 267 220 219 222 364 359 266 204 203 224 379 374 111 425 419 113 423 417 117 380 375 112 425 419 113 379 374 111 444 437 60 119 119 62 117 117 128 448 441 61 119 119 62 444 437 60 421 415 300 468 461 52 420 414 53 422 416 299 468 461 52 421 415 300 300 299 121 430 423 123 429 422 186 301 300 122 430 423 123 300 299 121 301 300 122 431 424 124 430 423 123 302 301 172 431 424 124 301 300 122 295 294 217 297 296 33 474 467 31 391 386 257 435 428 258 389 384 256 282 281 165 470 463 26 341 337 28 192 191 163 287 286 46 190 189 148 371 366 134 372 367 133 466 459 57 119 119 62 448 441 61 123 123 63 289 288 292 453 446 289 288 287 298 349 306 271 308 306 261 310 308 262 477 470 193 237 236 95 235 234 191 402 396 301 250 249 241 248 247 239 304 303 81 409 403 80 306 305 82 443 436 87 335 331 157 333 329 158 238 237 94 334 330 92 236 235 93 319 317 211 441 434 209 321 319 228 280 279 239 278 277 240 436 429 241 396 389 271 432 425 273 398 392 278 475 468 281 218 217 220 33 33 34 480 473 15 419 413 16 420 414 14 481 474 17 419 413 16 480 473 15 482 475 38 481 474 17 480 473 15 483 476 37 481 474 17 482 475 38 484 477 4 483 476 37 482 475 38 485 478 6 483 476 37 484 477 4 486 479 5 485 478 6 484 477 4 487 480 7 485 478 6 486 479 5 286 285 41 487 480 7 486 479 5 488 481 40 487 480 7 286 285 41 287 286 46 488 481 40 286 285 41 196 195 45 488 481 40 287 286 46 483 476 37 489 482 36 481 474 17 490 483 35 489 482 36 483 476 37 491 484 44 490 483 35 483 476 37 492 485 43 490 483 35 491 484 44 493 486 8 492 485 43 491 484 44 494 487 10 492 485 43 493 486 8 495 488 9 494 487 10 493 486 8 496 489 11 494 487 10 495 488 9 488 481 40 496 489 11 495 488 9 196 195 45 496 489 11 488 481 40 490 483 35 497 490 19 489 482 36 498 491 21 497 490 19 490 483 35 492 485 43 498 491 21 490 483 35 499 492 23 498 491 21 492 485 43 494 487 10 499 492 23 492 485 43 471 464 25 499 492 23 494 487 10 362 357 12 471 464 25 494 487 10 486 479 5 285 284 42 286 285 41 284 283 1 285 284 42 486 479 5 500 493 3 284 283 1 486 479 5 501 494 2 284 283 1 500 493 3 484 477 4 501 494 2 500 493 3 482 475 38 501 494 2 484 477 4 497 490 19 481 474 17 489 482 36 502 495 18 481 474 17 497 490 19 503 496 20 502 495 18 497 490 19 307 8 50 502 495 18 503 496 20 309 307 48 307 8 50 503 496 20 480 473 27 341 337 28 470 463 26 473 466 29 341 337 28 480 473 27 420 414 53 473 466 29 480 473 27 468 461 52 473 466 29 420 414 53 357 352 24 499 492 23 471 464 25 504 497 22 499 492 23 357 352 24 311 309 47 504 497 22 357 352 24 309 307 48 504 497 22 311 309 47 496 489 11 362 357 12 494 487 10 505 498 13 362 357 12 496 489 11 196 195 45 505 498 13 496 489 11 198 197 51 505 498 13 196 195 45 504 497 22 498 491 21 499 492 23 503 496 20 498 491 21 504 497 22 309 307 48 503 496 20 504 497 22 480 473 15 501 494 2 482 475 38 470 463 39 501 494 2 480 473 15 469 462 0 501 494 2 470 463 39 284 283 1 501 494 2 469 462 0 473 466 29 343 339 30 341 337 28 474 467 31 343 339 30 473 466 29 474 467 31 344 340 32 343 339 30 297 296 33 344 340 32 474 467 31 495 488 9 487 480 7 488 481 40 493 486 8 487 480 7 495 488 9 493 486 8 485 478 6 487 480 7 491 484 44 485 478 6 493 486 8 345 341 49 502 495 18 307 8 50 419 413 16 502 495 18 345 341 49 344 340 32 505 498 13 198 197 51 297 296 33 505 498 13 344 340 32 298 297 34 505 498 13 297 296 33 362 357 12 505 498 13 298 297 34 484 477 4 500 493 3 486 479 5 491 484 44 483 476 37 485 478 6 498 491 21 503 496 20 497 490 19 481 474 17 502 495 18 419 413 16 508 501 304 507 500 303 506 499 302 509 502 305 507 500 303 508 501 304 510 503 306 509 502 305 508 501 304 511 504 307 509 502 305 510 503 306 512 505 308 511 504 307 510 503 306 513 506 309 511 504 307 512 505 308 514 507 310 513 506 309 512 505 308 515 508 311 513 506 309 514 507 310 516 509 312 515 508 311 514 507 310 517 510 313 515 508 311 516 509 312 509 502 305 518 511 314 507 500 303 519 512 315 518 511 314 509 502 305 511 504 307 519 512 315 509 502 305 520 513 316 519 512 315 511 504 307 521 514 317 520 513 316 511 504 307 524 517 320 523 516 319 522 515 318 525 518 321 523 516 319 524 517 320 526 519 322 525 518 321 524 517 320 527 520 323 525 518 321 526 519 322 528 521 324 527 520 323 526 519 322 513 506 309 521 514 317 511 504 307 529 522 325 521 514 317 513 506 309 515 508 311 529 522 325 513 506 309 528 521 324 529 522 325 515 508 311 517 510 313 528 521 324 515 508 311 532 525 328 531 524 327 530 523 326 533 526 329 531 524 327 532 525 328 534 527 330 533 526 329 532 525 328 535 528 331 533 526 329 534 527 330 538 531 334 537 530 333 536 529 332 539 532 335 537 530 333 538 531 334 540 533 336 539 532 335 538 531 334 506 499 302 542 535 338 541 534 337 543 536 339 542 535 338 506 499 302 507 500 303 543 536 339 506 499 302 546 539 342 545 538 341 544 537 340 547 540 343 545 538 341 546 539 342 548 541 344 547 540 343 546 539 342 535 528 331 550 543 346 549 542 345 551 544 347 550 543 346 535 528 331 534 527 330 551 544 347 535 528 331 552 545 348 523 516 319 544 537 340 553 546 349 523 516 319 552 545 348 542 535 352 554 547 351 541 534 350 555 548 353 554 547 351 542 535 352 558 551 356 557 550 355 556 549 354 559 552 357 557 550 355 558 551 356 559 552 357 530 523 326 557 550 355 532 525 328 530 523 326 559 552 357 551 544 347 560 553 358 550 543 346 561 554 359 560 553 358 551 544 347 561 554 359 546 539 342 560 553 358 548 541 344 546 539 342 561 554 359 562 555 360 523 516 319 553 546 349 522 515 318 523 516 319 562 555 360 563 556 361 528 521 324 526 519 322 529 522 325 528 521 324 563 556 361 538 531 334 564 557 362 540 533 336 565 558 363 564 557 362 538 531 334 554 547 351 564 557 362 565 558 363 555 548 353 564 557 362 554 547 351 568 561 366 567 560 365 566 559 364 517 510 313 567 560 365 568 561 366 569 562 367 514 507 310 512 505 308 516 509 312 514 507 310 569 562 367 529 522 325 570 563 368 521 514 317 567 560 365 572 565 370 571 564 369 573 566 371 572 565 370 567 560 365 574 567 372 573 566 371 567 560 365 575 568 373 573 566 371 574 567 372 516 509 312 575 568 373 574 567 372 569 562 367 575 568 373 516 509 312 575 568 373 576 569 374 573 566 371 577 570 375 576 569 374 575 568 373 512 505 308 577 570 375 575 568 373 510 503 306 577 570 375 512 505 308 577 570 375 578 571 376 576 569 374 579 572 377 578 571 376 577 570 375 580 573 378 579 572 377 577 570 375 581 574 379 579 572 377 580 573 378 566 559 364 571 564 369 582 575 380 567 560 365 571 564 369 566 559 364 574 567 372 517 510 313 516 509 312 567 560 365 517 510 313 574 567 372 579 572 377 583 576 381 578 571 376 581 574 379 583 576 381 579 572 377 512 505 308 575 568 373 569 562 367 577 570 375 510 503 306 580 573 378 576 569 374 584 577 382 573 566 371 585 578 383 584 577 382 576 569 374 578 571 376 585 578 383 576 569 374 586 579 384 585 578 383 578 571 376 583 576 381 586 579 384 578 571 376 587 580 385 586 579 384 583 576 381 588 581 386 587 580 385 583 576 381 589 582 387 587 580 385 588 581 386 590 583 388 589 582 387 588 581 386 591 584 389 589 582 387 590 583 388 592 585 390 591 584 389 590 583 388 590 583 388 593 586 391 592 585 390 594 587 392 593 586 391 590 583 388 588 581 386 594 587 392 590 583 388 581 574 379 594 587 392 588 581 386 583 576 381 581 574 379 588 581 386 597 590 395 596 589 394 595 588 393 598 591 396 596 589 394 597 590 395 571 564 369 598 591 396 597 590 395 572 565 370 598 591 396 571 564 369 573 566 371 599 592 397 572 565 370 600 593 398 599 592 397 573 566 371 584 577 382 600 593 398 573 566 371 598 591 396 599 592 397 596 589 394 572 565 370 599 592 397 598 591 396 603 596 401 602 595 400 601 594 399 604 597 402 602 595 400 603 596 401 605 598 403 604 597 402 603 596 401 606 599 404 604 597 402 605 598 403 607 600 405 606 599 404 605 598 403 608 601 406 606 599 404 607 600 405 549 542 345 608 601 406 607 600 405 609 602 407 608 601 406 549 542 345 550 543 346 609 602 407 549 542 345 610 603 408 609 602 407 550 543 346 560 553 358 610 603 408 550 543 346 611 604 409 610 603 408 560 553 358 546 539 342 611 604 409 560 553 358 612 605 410 611 604 409 546 539 342 613 606 411 523 516 319 525 518 321 614 607 412 523 516 319 613 606 411 615 608 413 614 607 412 613 606 411 616 609 414 614 607 412 615 608 413 617 610 415 616 609 414 615 608 413 611 604 409 616 609 414 617 610 415 610 603 408 611 604 409 617 610 415 619 612 417 536 529 332 618 611 416 620 613 418 536 529 332 619 612 417 621 614 419 620 613 418 619 612 417 622 615 420 620 613 418 621 614 419 623 616 421 622 615 420 621 614 419 541 534 350 622 615 420 623 616 421 593 586 391 623 616 423 624 617 422 625 618 424 623 616 423 593 586 391 594 587 392 625 618 424 593 586 391 626 619 425 625 618 424 594 587 392 581 574 379 626 619 425 594 587 392 580 573 378 626 619 425 581 574 379 629 622 428 628 621 427 627 620 426 630 623 429 628 621 427 629 622 428 631 624 430 630 623 429 629 622 428 632 625 431 630 623 429 631 624 430 537 530 333 632 625 431 631 624 430 620 613 418 538 531 334 536 529 332 565 558 363 538 531 334 620 613 418 622 615 420 565 558 363 620 613 418 554 547 351 565 558 363 622 615 420 541 534 350 554 547 351 622 615 420 582 575 380 568 561 366 566 559 364 633 626 432 568 561 366 582 575 380 613 606 411 633 626 432 582 575 380 527 520 323 633 626 432 613 606 411 525 518 321 527 520 323 613 606 411 625 618 424 541 534 337 623 616 423 506 499 302 541 534 337 625 618 424 626 619 425 506 499 302 625 618 424 508 501 304 506 499 302 626 619 425 510 503 306 508 501 304 626 619 425 608 601 406 634 627 433 606 599 404 635 628 434 634 627 433 608 601 406 636 629 435 635 628 434 608 601 406 637 630 436 635 628 434 636 629 435 609 602 407 637 630 436 636 629 435 639 632 438 601 594 399 638 631 437 603 596 401 601 594 399 639 632 438 530 523 326 603 596 401 639 632 438 531 524 327 603 596 401 530 523 326 607 600 405 535 528 331 549 542 345 533 526 329 535 528 331 607 600 405 605 598 403 533 526 329 607 600 405 603 596 401 533 526 329 605 598 403 633 626 432 517 510 313 568 561 366 528 521 324 517 510 313 633 626 432 527 520 323 528 521 324 633 626 432 617 610 415 609 602 407 610 603 408 637 630 436 609 602 407 617 610 415 582 575 380 637 630 436 617 610 415 641 634 440 628 621 427 640 633 439 627 620 426 628 621 427 641 634 440 631 624 430 536 529 332 537 530 333 618 611 416 536 529 332 631 624 430 557 550 355 639 632 438 556 549 354 530 523 326 639 632 438 557 550 355 614 607 412 642 635 441 523 516 319 616 609 414 642 635 441 614 607 412 615 608 413 582 575 380 617 610 415 613 606 411 582 575 380 615 608 413 611 604 409 642 635 441 616 609 414 612 605 410 642 635 441 611 604 409 630 623 429 632 625 431 628 621 427 531 524 327 533 526 329 603 596 401 510 503 306 626 619 425 580 573 378 608 601 406 609 602 407 636 629 435 623 616 421 621 614 419 624 617 442 545 538 341 552 545 348 544 537 340 643 636 443 552 545 348 545 538 341 644 637 444 643 636 443 545 538 341 645 638 445 643 636 443 644 637 444 646 639 446 645 638 445 644 637 444 647 640 447 645 638 445 646 639 446 648 641 448 647 640 447 646 639 446 649 642 449 647 640 447 648 641 448 650 643 450 649 642 449 648 641 448 651 644 451 649 642 449 650 643 450 652 645 452 651 644 451 650 643 450 653 646 453 651 644 451 652 645 452 654 647 454 653 646 453 652 645 452 655 648 455 653 646 453 654 647 454 656 649 456 655 648 455 654 647 454 657 650 457 655 648 455 656 649 456 658 651 458 657 650 457 656 649 456 659 652 459 657 650 457 658 651 458 660 653 460 659 652 459 658 651 458 656 649 456 661 654 461 658 651 458 662 655 462 661 654 461 656 649 456 663 656 463 662 655 462 656 649 456 664 657 464 662 655 462 663 656 463 665 658 465 664 657 464 663 656 463 548 541 344 664 657 464 665 658 465 666 659 466 548 541 344 665 658 465 667 660 467 548 541 344 666 659 466 668 661 468 667 660 467 666 659 466 669 662 469 667 660 467 668 661 468 670 663 470 669 662 469 668 661 468 648 641 448 669 662 469 670 663 470 650 643 450 648 641 448 670 663 470 659 652 459 672 665 472 671 664 471 673 666 473 672 665 472 659 652 459 660 653 460 673 666 473 659 652 459 674 667 474 673 666 473 660 653 460 658 651 458 674 667 474 660 653 460 675 668 475 674 667 474 658 651 458 661 654 461 675 668 475 658 651 458 559 552 357 675 668 475 661 654 461 532 525 328 559 552 357 661 654 461 539 532 335 632 625 431 537 530 333 676 669 476 632 625 431 539 532 335 677 670 477 676 669 476 539 532 335 678 671 478 676 669 476 677 670 477 679 672 479 678 671 478 677 670 477 680 673 480 678 671 478 679 672 479 676 669 476 628 621 427 632 625 431 640 633 439 628 621 427 676 669 476 681 674 481 640 633 439 676 669 476 638 631 437 640 633 439 681 674 481 556 549 354 638 631 437 681 674 481 639 632 438 638 631 437 556 549 354 678 671 478 681 674 481 676 669 476 673 666 473 681 674 481 678 671 478 680 673 480 673 666 473 678 671 478 672 665 472 673 666 473 680 673 480 682 675 482 672 665 472 680 673 480 671 664 471 672 665 472 682 675 482 668 661 468 650 643 450 670 663 470 652 645 452 650 643 450 668 661 468 666 659 466 652 645 452 668 661 468 654 647 454 652 645 452 666 659 466 665 658 465 654 647 454 666 659 466 663 656 463 654 647 454 665 658 465 674 667 474 681 674 481 673 666 473 556 549 354 681 674 481 674 667 474 675 668 475 556 549 354 674 667 474 558 551 356 556 549 354 675 668 475 559 552 357 558 551 356 675 668 475 662 655 462 532 525 328 661 654 461 534 527 330 532 525 328 662 655 462 664 657 464 534 527 330 662 655 462 551 544 347 534 527 330 664 657 464 561 554 359 551 544 347 664 657 464 522 515 318 526 519 322 524 517 320 683 676 483 526 519 322 522 515 318 684 677 484 683 676 483 522 515 318 685 678 485 683 676 483 684 677 484 563 556 361 570 563 368 529 522 325 686 679 486 570 563 368 563 556 361 526 519 322 686 679 486 563 556 361 683 676 483 686 679 486 526 519 322 543 536 339 687 680 487 542 535 338 688 681 488 687 680 487 543 536 339 507 500 303 688 681 488 543 536 339 518 511 314 688 681 488 507 500 303 646 639 446 669 662 469 648 641 448 689 682 489 669 662 469 646 639 446 644 637 444 689 682 489 646 639 446 545 538 341 689 682 489 644 637 444 544 537 340 612 605 410 546 539 342 642 635 441 612 605 410 544 537 340 523 516 319 642 635 441 544 537 340 691 684 491 564 557 362 690 683 490 540 533 336 564 557 362 691 684 491 539 532 335 540 533 336 691 684 491 693 686 493 692 685 492 570 563 368 694 687 494 692 685 492 693 686 493 695 688 495 694 687 494 693 686 493 687 680 496 555 548 353 542 535 352 696 689 497 555 548 353 687 680 496 696 689 497 564 557 362 555 548 353 690 683 490 564 557 362 696 689 497 545 538 341 669 662 469 689 682 489 547 540 343 669 662 469 545 538 341 697 690 498 647 640 447 649 642 449 698 691 499 647 640 447 697 690 498 698 691 499 645 638 445 647 640 447 699 692 500 645 638 445 698 691 499 699 692 500 643 636 443 645 638 445 700 693 501 643 636 443 699 692 500 700 693 501 552 545 348 643 636 443 701 694 502 552 545 348 700 693 501 701 694 502 553 546 349 552 545 348 702 695 503 553 546 349 701 694 502 703 696 504 553 546 349 702 695 503 704 660 505 553 546 349 703 696 504 704 660 505 562 555 360 553 546 349 705 697 506 562 555 360 704 660 505 684 677 484 562 555 360 705 697 506 522 515 318 562 555 360 684 677 484 667 660 467 547 540 343 548 541 344 669 662 469 547 540 343 667 660 467 521 514 317 692 685 492 520 513 316 570 563 368 692 685 492 521 514 317 686 679 486 693 686 493 570 563 368 683 676 483 693 686 493 686 679 486 685 678 485 693 686 493 683 676 483 695 688 495 693 686 493 685 678 485 638 631 437 601 594 399 706 698 507 664 657 464 548 541 344 561 554 359 656 649 456 654 647 454 663 656 463 677 670 477 539 532 335 691 684 491 618 611 416 707 699 508 619 612 417 708 700 509 707 699 508 618 611 416 709 701 510 708 700 509 618 611 416 710 702 511 708 700 509 709 701 510 711 703 512 710 702 511 709 701 510 712 704 513 710 702 511 711 703 512 713 705 514 712 704 513 711 703 512 716 708 517 715 707 516 714 706 515 717 709 518 715 707 516 716 708 517 718 710 519 717 709 518 716 708 517 719 711 520 717 709 518 718 710 519 713 705 514 719 711 520 718 710 519 711 703 512 719 711 520 713 705 514 717 709 518 720 712 521 715 707 516 721 713 522 720 712 521 717 709 518 719 711 520 721 713 522 717 709 518 722 714 523 721 713 522 719 711 520 711 703 512 722 714 523 719 711 520 709 701 510 722 714 523 711 703 512 721 713 522 641 634 440 720 712 521 627 620 426 641 634 440 721 713 522 722 714 523 627 620 426 721 713 522 629 622 428 627 620 426 722 714 523 709 701 510 629 622 428 722 714 523 638 631 437 641 634 440 640 633 439 720 712 521 641 634 440 638 631 437 706 698 507 720 712 521 638 631 437 715 707 516 720 712 521 706 698 507 723 715 524 710 702 511 712 704 513 708 700 509 710 702 511 723 715 524 724 716 525 708 700 509 723 715 524 707 699 508 708 700 509 724 716 525 631 624 430 709 701 510 618 611 416 629 622 428 709 701 510 631 624 430 727 719 528 726 718 527 725 717 526 728 720 529 726 718 527 727 719 528 729 721 530 728 720 529 727 719 528 730 722 531 728 720 529 729 721 530 731 723 532 730 722 531 729 721 530 732 724 533 730 722 531 731 723 532 714 706 515 732 724 533 731 723 532 715 707 516 732 724 533 714 706 515 597 590 395 582 575 380 571 564 369 637 630 436 582 575 380 597 590 395 733 725 534 637 630 436 597 590 395 635 628 434 637 630 436 733 725 534 734 726 535 635 628 434 733 725 534 634 627 433 635 628 434 734 726 535 606 599 404 634 627 433 734 726 535 602 595 400 730 722 531 601 594 399 728 720 529 730 722 531 602 595 400 604 597 402 728 720 529 602 595 400 726 718 527 728 720 529 604 597 402 735 727 536 726 718 527 604 597 402 725 717 526 726 718 527 735 727 536 736 728 537 725 717 526 735 727 536 732 724 533 601 594 399 730 722 531 706 698 507 601 594 399 732 724 533 715 707 516 706 698 507 732 724 533 595 588 393 733 725 534 597 590 395 737 729 538 733 725 534 595 588 393 737 729 538 734 726 535 733 725 534 738 730 539 734 726 535 737 729 538 606 599 404 735 727 536 604 597 402 734 726 535 735 727 536 606 599 404 735 727 536 738 730 539 736 728 537 734 726 535 738 730 539 735 727 536 739 731 540 704 660 505 703 696 504 740 732 541 704 660 505 739 731 540 741 733 542 740 732 541 739 731 540 742 734 543 740 732 541 741 733 542 743 735 544 742 734 543 741 733 542 744 736 545 742 734 543 743 735 544 745 737 546 744 736 545 743 735 544 746 738 547 744 736 545 745 737 546 747 739 548 746 738 547 745 737 546 748 740 549 746 738 547 747 739 548 749 741 550 748 740 549 747 739 548 750 742 551 748 740 549 749 741 550 751 743 552 750 742 551 749 741 550 752 744 553 750 742 551 751 743 552 753 745 554 752 744 553 751 743 552 754 746 555 752 744 553 753 745 554 755 747 556 754 746 555 753 745 554 756 748 557 754 746 555 755 747 556 757 749 558 756 748 557 755 747 556 758 750 559 756 748 557 757 749 558 759 751 560 682 675 482 680 673 480 760 752 561 682 675 482 759 751 560 761 753 562 760 752 561 759 751 560 762 754 563 760 752 561 761 753 562 763 755 564 762 754 563 761 753 562 764 756 565 762 754 563 763 755 564 757 749 566 764 756 565 763 755 564 765 757 567 764 756 565 757 749 566 766 758 568 765 757 567 757 749 566 767 759 569 765 757 567 766 758 568 768 760 570 767 759 569 766 758 568 769 761 571 767 759 569 768 760 570 770 762 572 769 761 571 768 760 570 655 648 455 769 761 571 770 762 572 653 646 453 655 648 455 770 762 572 770 762 572 651 644 451 653 646 453 771 763 573 651 644 451 770 762 572 772 764 574 771 763 573 770 762 572 773 765 575 771 763 573 772 764 574 774 766 576 773 765 575 772 764 574 775 767 577 773 765 575 774 766 576 757 749 578 775 767 577 774 766 576 776 768 579 775 767 577 757 749 578 777 769 580 776 768 579 757 749 578 778 770 581 776 768 579 777 769 580 779 771 582 778 770 581 777 769 580 701 694 502 778 770 581 779 771 582 702 695 503 701 694 502 779 771 582 744 736 545 780 772 583 742 734 543 781 773 584 780 772 583 744 736 545 746 738 547 781 773 584 744 736 545 782 774 585 781 773 584 746 738 547 748 740 549 782 774 585 746 738 547 694 687 494 782 774 585 748 740 549 750 742 551 694 687 494 748 740 549 692 685 492 694 687 494 750 742 551 520 513 316 692 685 492 750 742 551 757 749 566 783 775 587 758 750 586 784 776 588 783 775 587 757 749 566 785 776 589 784 776 588 757 749 566 786 777 590 784 776 588 785 776 589 761 753 562 786 777 590 785 776 589 787 778 591 786 777 590 761 753 562 759 751 560 787 778 591 761 753 562 679 672 479 787 778 591 759 751 560 680 673 480 679 672 479 759 751 560 752 744 553 520 513 316 750 742 551 519 512 315 520 513 316 752 744 553 754 746 555 519 512 315 752 744 553 518 511 314 519 512 315 754 746 555 788 779 592 518 511 314 754 746 555 688 681 488 518 511 314 788 779 592 687 680 487 688 681 488 788 779 592 700 693 501 778 770 581 701 694 502 789 780 593 778 770 581 700 693 501 790 781 594 789 780 593 700 693 501 791 782 595 789 780 593 790 781 594 792 783 596 791 782 595 790 781 594 773 765 575 791 782 595 792 783 596 771 763 573 773 765 575 792 783 596 793 784 597 707 699 508 724 716 525 794 785 598 707 699 508 793 784 597 795 786 599 794 785 598 793 784 597 796 787 600 794 785 598 795 786 599 797 788 601 796 787 600 795 786 599 798 789 602 796 787 600 797 788 601 697 690 498 790 781 594 698 691 499 792 783 596 790 781 594 697 690 498 649 642 449 792 783 596 697 690 498 771 763 573 792 783 596 649 642 449 651 644 451 771 763 573 649 642 449 760 752 561 671 664 471 682 675 482 799 790 603 671 664 471 760 752 561 800 791 604 799 790 603 760 752 561 767 759 569 799 790 603 800 791 604 765 757 567 767 759 569 800 791 604 742 734 543 704 660 505 740 732 541 705 697 506 704 660 505 742 734 543 780 772 583 705 697 506 742 734 543 684 677 484 705 697 506 780 772 583 685 678 485 684 677 484 780 772 583 801 792 605 777 769 580 757 749 578 779 771 582 777 769 580 801 792 605 739 731 540 779 771 582 801 792 605 702 695 503 779 771 582 739 731 540 703 696 504 702 695 503 739 731 540 741 733 542 757 749 606 743 735 544 802 793 607 757 749 606 741 733 542 739 731 540 802 793 607 741 733 542 801 792 605 802 793 607 739 731 540 784 776 588 803 794 608 783 775 587 804 795 609 803 794 608 784 776 588 786 777 590 804 795 609 784 776 588 690 683 490 804 795 609 786 777 590 768 760 570 772 764 574 770 762 572 805 796 610 772 764 574 768 760 570 766 758 568 805 796 610 768 760 570 757 749 566 805 796 610 766 758 568 592 585 390 806 797 611 591 584 389 807 798 612 806 797 611 592 585 390 593 586 391 807 798 612 592 585 390 624 617 422 807 798 612 593 586 391 788 779 592 808 799 613 687 680 487 758 750 559 808 799 613 788 779 592 756 748 557 758 750 559 788 779 592 809 800 614 757 749 566 763 755 564 785 776 589 757 749 566 809 800 614 761 753 562 785 776 589 809 800 614 803 794 608 687 680 496 808 799 615 696 689 497 687 680 496 803 794 608 690 683 490 696 689 497 803 794 608 810 801 616 659 652 459 671 664 471 769 761 571 659 652 459 810 801 616 767 759 569 769 761 571 810 801 616 798 789 617 807 798 612 624 617 422 797 788 618 807 798 612 798 789 617 624 617 442 796 787 600 798 789 602 621 614 419 796 787 600 624 617 442 621 614 419 794 785 598 796 787 600 619 612 417 794 785 598 621 614 419 677 670 477 787 778 591 679 672 479 691 684 491 787 778 591 677 670 477 657 650 457 769 761 571 655 648 455 659 652 459 769 761 571 657 650 457 699 692 500 790 781 594 700 693 501 698 691 499 790 781 594 699 692 500 753 745 554 757 749 558 755 747 556 751 743 552 757 749 558 753 745 554 691 684 491 786 777 590 787 778 591 690 683 490 786 777 590 691 684 491 774 766 576 805 796 610 757 749 566 772 764 574 805 796 610 774 766 576 762 754 563 800 791 604 760 752 561 764 756 565 800 791 604 762 754 563 695 688 495 782 774 585 694 687 494 685 678 485 782 774 585 695 688 495 781 773 584 685 678 485 780 772 583 782 774 585 685 678 485 781 773 584 775 767 577 791 782 595 773 765 575 776 768 579 791 782 595 775 767 577 776 768 579 789 780 593 791 782 595 778 770 581 789 780 593 776 768 579 758 750 586 803 794 608 808 799 615 783 775 587 803 794 608 758 750 586 747 739 548 757 749 619 749 741 550 745 737 546 757 749 619 747 739 548 799 790 603 810 801 616 671 664 471 767 759 569 810 801 616 799 790 603 806 797 611 807 798 612 797 788 618 619 612 417 707 699 508 794 785 598 751 743 552 749 741 550 757 749 558 757 749 619 745 737 546 743 735 544 757 749 606 802 793 607 801 792 605 788 779 592 754 746 555 756 748 557 764 756 565 765 757 567 800 791 604 809 800 614 763 755 564 761 753 562 804 795 609 690 683 490 803 794 608</p>
				</triangles>
			</mesh>
		</geometry>
		<geometry id="ID281">
			<mesh>
				<source id="ID282">
					<float_array id="ID283" count="51" digits="2490374">0.00726749 0.178095 0.0108914 0.00739918 0.177554 0.0105878 0.00639264 0.177291 0.0118903 0.00622576 0.176077 0.0116905 0.00497606 0.17599 0.0124758 0.00586236 0.174912 0.0116044 0.00478376 0.17484 0.0121924 0.00654038 0.178247 0.011832 0.00510237 0.177133 0.0127093 0.00517986 0.178269 0.0126489 0.00392396 0.177621 0.0129343 0.00372922 0.17666 0.0129954 0.00263597 0.176868 0.0130191 0.00200399 0.175476 0.0124346 0.00365744 0.176004 0.012846 0.00707408 0.17612 0.0107532 0.00359048 0.175083 0.0125368</float_array>
					<technique_common>
						<accessor count="17" source="#ID283" stride="3">
							<param name="X" type="float"/>
							<param name="Y" type="float"/>
							<param name="Z" type="float"/>
						</accessor>
					</technique_common>
				</source>
				<source id="ID284">
					<float_array id="ID285" count="51" digits="2490374">0.789844 -0.109719 0.603406 0.778969 -0.143906 0.610313 0.675875 -0.150656 0.721438 0.671656 -0.202656 0.712563 0.433781 -0.247031 0.866469 0.579875 -0.263281 0.770938 0.356375 -0.292062 0.8875 0.620438 -0.0352812 0.783437 0.420625 -0.090625 0.902687 0.362531 0.0209375 0.931719 0.116531 0.044 0.992188 0.121656 -0.0916875 0.988312 -0.0384687 -0.168781 0.984875 -0.130938 -0.320875 0.938 0.0443438 -0.281563 0.9585 0.733125 -0.182156 0.655187 0.0493125 -0.305781 0.950813</float_array>
					<technique_common>
						<accessor count="17" source="#ID285" stride="3">
							<param name="X" type="float"/>
							<param name="Y" type="float"/>
							<param name="Z" type="float"/>
						</accessor>
					</technique_common>
				</source>
				<source id="ID286">
					<float_array id="ID287" count="34" digits="2490374">-0.069864 0.876482 -0.038601 0.743265 -0.21884 0.658579 -0.233094 0.35092 -0.460087 0.306095 -0.283882 0.051963 -0.479841 0.014088 -0.204644 0.90135 -0.452302 0.5954 -0.453323 0.881796 -0.673959 0.696185 -0.696674 0.451398 -0.899047 0.483503 -0.995831 0.122543 -0.701015 0.285413 -0.078794 0.377333 -0.700943 0.0531631</float_array>
					<technique_common>
						<accessor count="17" source="#ID287" stride="2">
							<param name="S" type="float"/>
							<param name="T" type="float"/>
						</accessor>
					</technique_common>
				</source>
				<vertices id="ID288">
					<input semantic="POSITION" source="#ID282"/>
				</vertices>
				<triangles count="21" material="Material1">
					<input offset="0" semantic="VERTEX" source="#ID288" set="0"/>
					<input offset="1" semantic="NORMAL" source="#ID284" set="0"/>
					<input offset="2" semantic="TEXCOORD" source="#ID286" set="0"/>
					<p>2 2 2 1 1 1 0 0 0 3 3 3 1 1 1 2 2 2 4 4 4 3 3 3 2 2 2 5 5 5 3 3 3 4 4 4 6 6 6 5 5 5 4 4 4 7 7 7 2 2 2 0 0 0 8 8 8 2 2 2 7 7 7 9 9 9 8 8 8 7 7 7 10 10 10 8 8 8 9 9 9 8 8 8 4 4 4 2 2 2 11 11 11 4 4 4 8 8 8 10 10 10 11 11 11 8 8 8 12 12 12 11 11 11 10 10 10 14 14 14 12 12 12 13 13 13 11 11 11 12 12 12 14 14 14 4 4 4 11 11 11 14 14 14 15 15 15 3 3 3 5 5 5 1 1 1 3 3 3 15 15 15 16 16 16 14 14 14 13 13 13 6 6 6 14 14 14 16 16 16 6 6 6 4 4 4 14 14 14</p>
				</triangles>
			</mesh>
		</geometry>
		<geometry id="ID296">
			<mesh>
				<source id="ID297">
					<float_array id="ID298" count="12" digits="2490374">0.00541713 0.188731 0.0123159 0.00421696 0.193077 0.0101925 0.0094011 0.188379 0.00934346 0.00820093 0.192725 0.00721999</float_array>
					<technique_common>
						<accessor count="4" source="#ID298" stride="3">
							<param name="X" type="float"/>
							<param name="Y" type="float"/>
							<param name="Z" type="float"/>
						</accessor>
					</technique_common>
				</source>
				<source id="ID299">
					<float_array id="ID300" count="3" digits="2490374">0.55025 0.484344 0.680125</float_array>
					<technique_common>
						<accessor count="1" source="#ID300" stride="3">
							<param name="X" type="float"/>
							<param name="Y" type="float"/>
							<param name="Z" type="float"/>
						</accessor>
					</technique_common>
				</source>
				<source id="ID301">
					<float_array id="ID302" count="8" digits="2490374">0.872118 0.861965 0.872118 0.990321 0.991373 0.861965 0.991373 0.990321</float_array>
					<technique_common>
						<accessor count="4" source="#ID302" stride="2">
							<param name="S" type="float"/>
							<param name="T" type="float"/>
						</accessor>
					</technique_common>
				</source>
				<vertices id="ID303">
					<input semantic="POSITION" source="#ID297"/>
				</vertices>
				<triangles count="2" material="Material1">
					<input offset="0" semantic="VERTEX" source="#ID303" set="0"/>
					<input offset="1" semantic="NORMAL" source="#ID299" set="0"/>
					<input offset="2" semantic="TEXCOORD" source="#ID301" set="0"/>
					<p>2 0 2 1 0 1 0 0 0 3 0 3 1 0 1 2 0 2</p>
				</triangles>
			</mesh>
		</geometry>
		<geometry id="ID311">
			<mesh>
				<source id="ID312">
					<float_array id="ID313" count="51" digits="2490374">0.00726749 0.178095 0.0108914 0.00739918 0.177554 0.0105878 0.00639264 0.177291 0.0118903 0.00622576 0.176077 0.0116905 0.00497606 0.17599 0.0124758 0.00586236 0.174912 0.0116044 0.00478376 0.17484 0.0121924 0.00654038 0.178247 0.011832 0.00510237 0.177133 0.0127093 0.00517986 0.178269 0.0126489 0.00392396 0.177621 0.0129343 0.00372922 0.17666 0.0129954 0.00263597 0.176868 0.0130191 0.00200399 0.175476 0.0124346 0.00365744 0.176004 0.012846 0.00707408 0.17612 0.0107532 0.00359048 0.175083 0.0125368</float_array>
					<technique_common>
						<accessor count="17" source="#ID313" stride="3">
							<param name="X" type="float"/>
							<param name="Y" type="float"/>
							<param name="Z" type="float"/>
						</accessor>
					</technique_common>
				</source>
				<source id="ID314">
					<float_array id="ID315" count="51" digits="2490374">0.789844 -0.109719 0.603406 0.778969 -0.143906 0.610313 0.675875 -0.150656 0.721438 0.671656 -0.202656 0.712563 0.433781 -0.247031 0.866469 0.579875 -0.263281 0.770938 0.356375 -0.292062 0.8875 0.620438 -0.0352812 0.783437 0.420625 -0.090625 0.902687 0.362531 0.0209375 0.931719 0.116531 0.044 0.992188 0.121656 -0.0916875 0.988312 -0.0384687 -0.168781 0.984875 -0.130938 -0.320875 0.938 0.0443438 -0.281563 0.9585 0.733125 -0.182156 0.655187 0.0493125 -0.305781 0.950813</float_array>
					<technique_common>
						<accessor count="17" source="#ID315" stride="3">
							<param name="X" type="float"/>
							<param name="Y" type="float"/>
							<param name="Z" type="float"/>
						</accessor>
					</technique_common>
				</source>
				<source id="ID316">
					<float_array id="ID317" count="34" digits="2490374">1.34728 0.914852 1.39702 0.774379 1.11021 0.68508 1.08753 0.360665 0.72631 0.313398 1.00671 0.0454251 0.694876 0.00548804 1.1328 0.941074 0.738699 0.61846 0.737073 0.920454 0.385973 0.724734 0.349827 0.466615 0.02779 0.500469 -0.126224 0.11985 0.342919 0.29159 1.33307 0.388516 0.343034 0.04669</float_array>
					<technique_common>
						<accessor count="17" source="#ID317" stride="2">
							<param name="S" type="float"/>
							<param name="T" type="float"/>
						</accessor>
					</technique_common>
				</source>
				<vertices id="ID318">
					<input semantic="POSITION" source="#ID312"/>
				</vertices>
				<triangles count="21" material="Material1">
					<input offset="0" semantic="VERTEX" source="#ID318" set="0"/>
					<input offset="1" semantic="NORMAL" source="#ID314" set="0"/>
					<input offset="2" semantic="TEXCOORD" source="#ID316" set="0"/>
					<p>2 2 2 1 1 1 0 0 0 3 3 3 1 1 1 2 2 2 4 4 4 3 3 3 2 2 2 5 5 5 3 3 3 4 4 4 6 6 6 5 5 5 4 4 4 7 7 7 2 2 2 0 0 0 8 8 8 2 2 2 7 7 7 9 9 9 8 8 8 7 7 7 10 10 10 8 8 8 9 9 9 8 8 8 4 4 4 2 2 2 11 11 11 4 4 4 8 8 8 10 10 10 11 11 11 8 8 8 12 12 12 11 11 11 10 10 10 14 14 14 12 12 12 13 13 13 11 11 11 12 12 12 14 14 14 4 4 4 11 11 11 14 14 14 15 15 15 3 3 3 5 5 5 1 1 1 3 3 3 15 15 15 16 16 16 14 14 14 13 13 13 6 6 6 14 14 14 16 16 16 6 6 6 4 4 4 14 14 14</p>
				</triangles>
			</mesh>
		</geometry>
		<geometry id="ID326">
			<mesh>
				<source id="ID327">
					<float_array id="ID328" count="66" digits="2490374">-0.00570827 0.177342 0.0134264 -0.00707236 0.177874 0.0129704 -0.00671983 0.177519 0.012115 -0.00797776 0.178038 0.0122153 -0.00738631 0.177675 0.01135 -0.00854056 0.178085 0.0113239 -0.00722736 0.177344 0.0114568 -0.00754516 0.177141 0.0115747 -0.00663917 0.176248 0.0118573 0.00371387 0.176668 0.0130577 0.00514201 0.177164 0.0127849 0.00521889 0.177333 0.0134264 0.00623145 0.177506 0.012115 0.00658527 0.177859 0.0129704 0.00749137 0.178019 0.0122153 0.00614506 0.176235 0.0118573 0.0070549 0.177124 0.0115747 0.00673798 0.177328 0.0114568 0.00805437 0.178063 0.0113239 0.00689836 0.177659 0.01135 -0.00420613 0.17667 0.0130577 -0.00563163 0.177173 0.0127849</float_array>
					<technique_common>
						<accessor count="22" source="#ID328" stride="3">
							<param name="X" type="float"/>
							<param name="Y" type="float"/>
							<param name="Z" type="float"/>
						</accessor>
					</technique_common>
				</source>
				<source id="ID329">
					<float_array id="ID330" count="48" digits="2490374">0.384719 0.90375 -0.187625 0.384438 0.897937 -0.214188 0.352656 0.919156 -0.17525 0.295312 0.739281 -0.605125 0.0585625 0.106031 -0.992625 -0.10275 -0.366406 -0.92475 -0.09375 -0.385844 -0.917781 -0.355281 0.913781 -0.196875 -0.380906 0.905344 -0.187688 -0.380563 0.899562 -0.21425 -0.348719 0.920656 -0.17525 0.0920938 -0.386219 -0.917781 0.101156 -0.366844 -0.92475 -0.0580937 0.106281 -0.992625 -0.292156 0.740562 -0.605094 0.359313 0.91225 -0.196594</float_array>
					<technique_common>
						<accessor count="16" source="#ID330" stride="3">
							<param name="X" type="float"/>
							<param name="Y" type="float"/>
							<param name="Z" type="float"/>
						</accessor>
					</technique_common>
				</source>
				<source id="ID331">
					<float_array id="ID332" count="22" digits="2490374">-0.48656 0.60851 -0.447679 0.63281 -0.446425 0.604103 -0.41484 0.633194 -0.421073 0.60103 -0.36011 0.619087 -0.425698 0.591814 -0.395227 0.58812 -0.443092 0.561438 -0.517992 0.569022 -0.480703 0.596118</float_array>
					<technique_common>
						<accessor count="11" source="#ID332" stride="2">
							<param name="S" type="float"/>
							<param name="T" type="float"/>
						</accessor>
					</technique_common>
				</source>
				<vertices id="ID333">
					<input semantic="POSITION" source="#ID327"/>
				</vertices>
				<triangles count="18" material="Material1">
					<input offset="0" semantic="VERTEX" source="#ID333" set="0"/>
					<input offset="1" semantic="NORMAL" source="#ID329" set="0"/>
					<input offset="2" semantic="TEXCOORD" source="#ID331" set="0"/>
					<p>2 0 2 1 1 1 0 0 0 3 2 3 1 1 1 2 0 2 4 3 4 3 2 3 2 0 2 5 4 5 3 2 3 4 3 4 6 5 6 5 4 5 4 3 4 7 5 7 5 4 5 6 5 6 8 6 8 7 5 7 6 5 6 11 8 0 10 8 10 9 7 9 12 8 2 10 8 10 11 8 0 13 9 1 12 8 2 11 8 0 14 10 3 12 8 2 13 9 1 17 12 6 16 12 7 15 11 8 18 13 5 16 12 7 17 12 6 19 14 4 18 13 5 17 12 6 14 10 3 19 14 4 12 8 2 18 13 5 19 14 4 14 10 3 21 0 10 0 0 0 20 15 9 2 0 2 0 0 0 21 0 10</p>
				</triangles>
			</mesh>
		</geometry>
		<geometry id="ID341">
			<mesh>
				<source id="ID342">
					<float_array id="ID343" count="51" digits="2490374">-0.00636219 0.174924 0.0116044 -0.00672056 0.17609 0.0116905 -0.00528391 0.174847 0.0121924 -0.00547124 0.175998 0.0124758 -0.00415257 0.176006 0.012846 -0.00422152 0.176662 0.0129954 -0.00312738 0.176866 0.0130191 -0.00441211 0.177624 0.0129343 -0.00788758 0.177573 0.0105878 -0.00775355 0.178112 0.0108914 -0.00688219 0.177305 0.0118903 -0.0070258 0.178262 0.011832 -0.00559261 0.177142 0.0127093 -0.00566519 0.178277 0.0126489 -0.00756868 0.176137 0.0107532 -0.00250142 0.175471 0.0124346 -0.00408959 0.175085 0.0125368</float_array>
					<technique_common>
						<accessor count="17" source="#ID343" stride="3">
							<param name="X" type="float"/>
							<param name="Y" type="float"/>
							<param name="Z" type="float"/>
						</accessor>
					</technique_common>
				</source>
				<source id="ID344">
					<float_array id="ID345" count="51" digits="2490374">-0.608375 -0.242687 0.755625 -0.641906 -0.212531 0.736687 -0.37075 -0.275313 0.886969 -0.403156 -0.243281 0.882187 -0.0749687 -0.287531 0.954813 -0.151594 -0.120312 0.981062 0.03775 -0.168969 0.984875 -0.116312 0.0445 0.992188 -0.779562 -0.140531 0.610313 -0.790313 -0.106281 0.603406 -0.6765 -0.147719 0.721438 -0.620594 -0.0325937 0.783437 -0.421719 -0.0872812 0.9025 -0.362437 0.0225 0.931719 -0.733938 -0.179 0.655187 0.129531 -0.321438 0.938 -0.033875 -0.320188 0.946719</float_array>
					<technique_common>
						<accessor count="17" source="#ID345" stride="3">
							<param name="X" type="float"/>
							<param name="Y" type="float"/>
							<param name="Z" type="float"/>
						</accessor>
					</technique_common>
				</source>
				<source id="ID346">
					<float_array id="ID347" count="34" digits="2490374">-0.283882 0.051963 -0.233094 0.35092 -0.47984 0.014088 -0.460087 0.306095 -0.701015 0.285413 -0.696674 0.451398 -0.899046 0.483503 -0.673959 0.696185 -0.038601 0.743265 -0.069864 0.876482 -0.21884 0.658579 -0.204644 0.90135 -0.452301 0.5954 -0.453323 0.881796 -0.078794 0.377333 -0.995831 0.122543 -0.700943 0.0531631</float_array>
					<technique_common>
						<accessor count="17" source="#ID347" stride="2">
							<param name="S" type="float"/>
							<param name="T" type="float"/>
						</accessor>
					</technique_common>
				</source>
				<vertices id="ID348">
					<input semantic="POSITION" source="#ID342"/>
				</vertices>
				<triangles count="21" material="Material1">
					<input offset="0" semantic="VERTEX" source="#ID348" set="0"/>
					<input offset="1" semantic="NORMAL" source="#ID344" set="0"/>
					<input offset="2" semantic="TEXCOORD" source="#ID346" set="0"/>
					<p>2 2 2 1 1 1 0 0 0 3 3 3 1 1 1 2 2 2 4 4 4 3 3 3 2 2 2 5 5 5 3 3 3 4 4 4 6 6 6 5 5 5 4 4 4 7 7 7 5 5 5 6 6 6 10 10 10 9 9 9 8 8 8 11 11 11 9 9 9 10 10 10 12 12 12 11 11 11 10 10 10 13 13 13 11 11 11 12 12 12 7 7 7 13 13 13 12 12 12 3 3 3 10 10 10 1 1 1 12 12 12 10 10 10 3 3 3 5 5 5 12 12 12 3 3 3 7 7 7 12 12 12 5 5 5 1 1 1 14 14 14 0 0 0 8 8 8 14 14 14 1 1 1 10 10 10 8 8 8 1 1 1 4 4 4 15 15 15 6 6 6 16 16 16 15 15 15 4 4 4 2 2 2 16 16 16 4 4 4</p>
				</triangles>
			</mesh>
		</geometry>
		<geometry id="ID356">
			<mesh>
				<source id="ID357">
					<float_array id="ID358" count="51" digits="2490374">0.00726749 0.178095 0.0108914 0.00739918 0.177554 0.0105878 0.00639264 0.177291 0.0118903 0.00622576 0.176077 0.0116905 0.00497606 0.17599 0.0124758 0.00586236 0.174912 0.0116044 0.00478376 0.17484 0.0121924 0.00654038 0.178247 0.011832 0.00510237 0.177133 0.0127093 0.00517986 0.178269 0.0126489 0.00392396 0.177621 0.0129343 0.00372922 0.17666 0.0129954 0.00263597 0.176868 0.0130191 0.00200399 0.175476 0.0124346 0.00365744 0.176004 0.012846 0.00707408 0.17612 0.0107532 0.00359048 0.175083 0.0125368</float_array>
					<technique_common>
						<accessor count="17" source="#ID358" stride="3">
							<param name="X" type="float"/>
							<param name="Y" type="float"/>
							<param name="Z" type="float"/>
						</accessor>
					</technique_common>
				</source>
				<source id="ID359">
					<float_array id="ID360" count="51" digits="2490374">0.789844 -0.109719 0.603406 0.778969 -0.143906 0.610313 0.675875 -0.150656 0.721438 0.671656 -0.202656 0.712563 0.433781 -0.247031 0.866469 0.579875 -0.263281 0.770938 0.356375 -0.292062 0.8875 0.620438 -0.0352812 0.783437 0.420625 -0.090625 0.902687 0.362531 0.0209375 0.931719 0.116531 0.044 0.992188 0.121656 -0.0916875 0.988312 -0.0384687 -0.168781 0.984875 -0.130938 -0.320875 0.938 0.0443438 -0.281563 0.9585 0.733125 -0.182156 0.655187 0.0493125 -0.305781 0.950813</float_array>
					<technique_common>
						<accessor count="17" source="#ID360" stride="3">
							<param name="X" type="float"/>
							<param name="Y" type="float"/>
							<param name="Z" type="float"/>
						</accessor>
					</technique_common>
				</source>
				<source id="ID361">
					<float_array id="ID362" count="34" digits="2490374">0.959935 0.843365 0.997619 0.710149 0.780357 0.625462 0.763174 0.317803 0.489554 0.272978 0.701954 0.018846 0.465743 -0.0190289 0.797469 0.868233 0.498939 0.562283 0.497707 0.848679 0.231749 0.663068 0.204369 0.418281 -0.039575 0.450386 -0.15624 0.089426 0.199136 0.252296 0.949171 0.344216 0.199223 0.020046</float_array>
					<technique_common>
						<accessor count="17" source="#ID362" stride="2">
							<param name="S" type="float"/>
							<param name="T" type="float"/>
						</accessor>
					</technique_common>
				</source>
				<vertices id="ID363">
					<input semantic="POSITION" source="#ID357"/>
				</vertices>
				<triangles count="21" material="Material1">
					<input offset="0" semantic="VERTEX" source="#ID363" set="0"/>
					<input offset="1" semantic="NORMAL" source="#ID359" set="0"/>
					<input offset="2" semantic="TEXCOORD" source="#ID361" set="0"/>
					<p>2 2 2 1 1 1 0 0 0 3 3 3 1 1 1 2 2 2 4 4 4 3 3 3 2 2 2 5 5 5 3 3 3 4 4 4 6 6 6 5 5 5 4 4 4 7 7 7 2 2 2 0 0 0 8 8 8 2 2 2 7 7 7 9 9 9 8 8 8 7 7 7 10 10 10 8 8 8 9 9 9 8 8 8 4 4 4 2 2 2 11 11 11 4 4 4 8 8 8 10 10 10 11 11 11 8 8 8 12 12 12 11 11 11 10 10 10 14 14 14 12 12 12 13 13 13 11 11 11 12 12 12 14 14 14 4 4 4 11 11 11 14 14 14 15 15 15 3 3 3 5 5 5 1 1 1 3 3 3 15 15 15 16 16 16 14 14 14 13 13 13 6 6 6 14 14 14 16 16 16 6 6 6 4 4 4 14 14 14</p>
				</triangles>
			</mesh>
		</geometry>
		<geometry id="ID371">
			<mesh>
				<source id="ID372">
					<float_array id="ID373" count="51" digits="2490374">-0.00636219 0.174924 0.0116044 -0.00672056 0.17609 0.0116905 -0.00528391 0.174847 0.0121924 -0.00547124 0.175998 0.0124758 -0.00415257 0.176006 0.012846 -0.00422152 0.176662 0.0129954 -0.00312738 0.176866 0.0130191 -0.00441211 0.177624 0.0129343 -0.00788758 0.177573 0.0105878 -0.00775355 0.178112 0.0108914 -0.00688219 0.177305 0.0118903 -0.0070258 0.178262 0.011832 -0.00559261 0.177142 0.0127093 -0.00566519 0.178277 0.0126489 -0.00756868 0.176137 0.0107532 -0.00250142 0.175471 0.0124346 -0.00408959 0.175085 0.0125368</float_array>
					<technique_common>
						<accessor count="17" source="#ID373" stride="3">
							<param name="X" type="float"/>
							<param name="Y" type="float"/>
							<param name="Z" type="float"/>
						</accessor>
					</technique_common>
				</source>
				<source id="ID374">
					<float_array id="ID375" count="51" digits="2490374">-0.608375 -0.242687 0.755625 -0.641906 -0.212531 0.736687 -0.37075 -0.275313 0.886969 -0.403156 -0.243281 0.882187 -0.0749687 -0.287531 0.954813 -0.151594 -0.120312 0.981062 0.03775 -0.168969 0.984875 -0.116312 0.0445 0.992188 -0.779562 -0.140531 0.610313 -0.790313 -0.106281 0.603406 -0.6765 -0.147719 0.721438 -0.620594 -0.0325937 0.783437 -0.421719 -0.0872812 0.9025 -0.362437 0.0225 0.931719 -0.733938 -0.179 0.655187 0.129531 -0.321438 0.938 -0.033875 -0.320188 0.946719</float_array>
					<technique_common>
						<accessor count="17" source="#ID375" stride="3">
							<param name="X" type="float"/>
							<param name="Y" type="float"/>
							<param name="Z" type="float"/>
						</accessor>
					</technique_common>
				</source>
				<source id="ID376">
					<float_array id="ID377" count="34" digits="2490374">0.99627 0.0512941 1.07441 0.348555 0.69479 0.0136341 0.725181 0.303984 0.354515 0.283419 0.361194 0.448462 0.049845 0.480386 0.39614 0.691861 1.37363 0.738674 1.32554 0.871135 1.09634 0.654468 1.11818 0.895862 0.737159 0.591647 0.735586 0.876418 1.3118 0.374818 -0.099057 0.121474 0.354626 0.052487</float_array>
					<technique_common>
						<accessor count="17" source="#ID377" stride="2">
							<param name="S" type="float"/>
							<param name="T" type="float"/>
						</accessor>
					</technique_common>
				</source>
				<vertices id="ID378">
					<input semantic="POSITION" source="#ID372"/>
				</vertices>
				<triangles count="21" material="Material1">
					<input offset="0" semantic="VERTEX" source="#ID378" set="0"/>
					<input offset="1" semantic="NORMAL" source="#ID374" set="0"/>
					<input offset="2" semantic="TEXCOORD" source="#ID376" set="0"/>
					<p>2 2 2 1 1 1 0 0 0 3 3 3 1 1 1 2 2 2 4 4 4 3 3 3 2 2 2 5 5 5 3 3 3 4 4 4 6 6 6 5 5 5 4 4 4 7 7 7 5 5 5 6 6 6 10 10 10 9 9 9 8 8 8 11 11 11 9 9 9 10 10 10 12 12 12 11 11 11 10 10 10 13 13 13 11 11 11 12 12 12 7 7 7 13 13 13 12 12 12 3 3 3 10 10 10 1 1 1 12 12 12 10 10 10 3 3 3 5 5 5 12 12 12 3 3 3 7 7 7 12 12 12 5 5 5 1 1 1 14 14 14 0 0 0 8 8 8 14 14 14 1 1 1 10 10 10 8 8 8 1 1 1 4 4 4 15 15 15 6 6 6 16 16 16 15 15 15 4 4 4 2 2 2 16 16 16 4 4 4</p>
				</triangles>
			</mesh>
		</geometry>
		<geometry id="ID386">
			<mesh>
				<source id="ID387">
					<float_array id="ID388" count="51" digits="2490374">-0.00636219 0.174924 0.0116044 -0.00672056 0.17609 0.0116905 -0.00528391 0.174847 0.0121924 -0.00547124 0.175998 0.0124758 -0.00415257 0.176006 0.012846 -0.00422152 0.176662 0.0129954 -0.00312738 0.176866 0.0130191 -0.00441211 0.177624 0.0129343 -0.00788758 0.177573 0.0105878 -0.00775355 0.178112 0.0108914 -0.00688219 0.177305 0.0118903 -0.0070258 0.178262 0.011832 -0.00559261 0.177142 0.0127093 -0.00566519 0.178277 0.0126489 -0.00756868 0.176137 0.0107532 -0.00250142 0.175471 0.0124346 -0.00408959 0.175085 0.0125368</float_array>
					<technique_common>
						<accessor count="17" source="#ID388" stride="3">
							<param name="X" type="float"/>
							<param name="Y" type="float"/>
							<param name="Z" type="float"/>
						</accessor>
					</technique_common>
				</source>
				<source id="ID389">
					<float_array id="ID390" count="51" digits="2490374">-0.608375 -0.242687 0.755625 -0.641906 -0.212531 0.736687 -0.37075 -0.275313 0.886969 -0.403156 -0.243281 0.882187 -0.0749687 -0.287531 0.954813 -0.151594 -0.120312 0.981062 0.03775 -0.168969 0.984875 -0.116312 0.0445 0.992188 -0.779562 -0.140531 0.610313 -0.790313 -0.106281 0.603406 -0.6765 -0.147719 0.721438 -0.620594 -0.0325937 0.783437 -0.421719 -0.0872812 0.9025 -0.362437 0.0225 0.931719 -0.733938 -0.179 0.655187 0.129531 -0.321438 0.938 -0.033875 -0.320188 0.946719</float_array>
					<technique_common>
						<accessor count="17" source="#ID390" stride="3">
							<param name="X" type="float"/>
							<param name="Y" type="float"/>
							<param name="Z" type="float"/>
						</accessor>
					</technique_common>
				</source>
				<source id="ID391">
					<float_array id="ID392" count="34" digits="2490374">0.500528 -0.0432479 0.565661 0.255709 0.249222 -0.0811229 0.274555 0.210884 -0.034422 0.190202 -0.028855 0.356186 -0.288387 0.388292 0.000275 0.600974 0.815088 0.648054 0.774995 0.781271 0.583941 0.563368 0.602146 0.806139 0.284539 0.500189 0.283229 0.786585 0.763543 0.282122 -0.412508 0.0273321 -0.03433 -0.042048</float_array>
					<technique_common>
						<accessor count="17" source="#ID392" stride="2">
							<param name="S" type="float"/>
							<param name="T" type="float"/>
						</accessor>
					</technique_common>
				</source>
				<vertices id="ID393">
					<input semantic="POSITION" source="#ID387"/>
				</vertices>
				<triangles count="21" material="Material1">
					<input offset="0" semantic="VERTEX" source="#ID393" set="0"/>
					<input offset="1" semantic="NORMAL" source="#ID389" set="0"/>
					<input offset="2" semantic="TEXCOORD" source="#ID391" set="0"/>
					<p>2 2 2 1 1 1 0 0 0 3 3 3 1 1 1 2 2 2 4 4 4 3 3 3 2 2 2 5 5 5 3 3 3 4 4 4 6 6 6 5 5 5 4 4 4 7 7 7 5 5 5 6 6 6 10 10 10 9 9 9 8 8 8 11 11 11 9 9 9 10 10 10 12 12 12 11 11 11 10 10 10 13 13 13 11 11 11 12 12 12 7 7 7 13 13 13 12 12 12 3 3 3 10 10 10 1 1 1 12 12 12 10 10 10 3 3 3 5 5 5 12 12 12 3 3 3 7 7 7 12 12 12 5 5 5 1 1 1 14 14 14 0 0 0 8 8 8 14 14 14 1 1 1 10 10 10 8 8 8 1 1 1 4 4 4 15 15 15 6 6 6 16 16 16 15 15 15 4 4 4 2 2 2 16 16 16 4 4 4</p>
				</triangles>
			</mesh>
		</geometry>
		<geometry id="ID401">
			<mesh>
				<source id="ID402">
					<float_array id="ID403" count="708" digits="2490374">0.00672755 0.170822 0.0116584 0.00549721 0.167876 0.0116078 0.00387875 0.172119 0.013215 0.00327065 0.167849 0.0136104 0.00177766 0.171184 0.0152789 0.00105993 0.170216 0.0158315 0.00039931 0.171686 0.0167763 -0.00025146 0.17003 0.0161147 -0.00025146 0.171702 0.016961 -0.00090224 0.171686 0.0167763 -0.00077294 0.173327 0.0159103 -0.00228059 0.171184 0.0152789 -0.00276015 0.172822 0.0142087 -0.00438168 0.172119 0.013215 -0.00403246 0.173599 0.0132753 -0.00702126 0.173655 0.0118998 -0.00525876 0.1747 0.0123436 -0.00649058 0.17517 0.0119663 -0.00633787 0.175555 0.0120551 -0.00702341 0.176405 0.0115775 -0.00663917 0.176248 0.0118573 -0.00700414 0.176824 0.0116316 -0.00547209 0.176745 0.0109263 -0.00730627 0.177338 0.0113977 -0.00738631 0.177675 0.01135 -0.0080376 0.177941 0.0110427 -0.00683246 0.17777 0.0122582 -0.00821473 0.178139 0.0110069 -0.00681262 0.177944 0.0122885 -0.00675787 0.178426 0.0123722 -0.00552631 0.17796 0.0130003 -0.00545062 0.178171 0.0130284 -0.00412026 0.177459 0.0132772 -0.00410326 0.177623 0.0133226 -0.00293392 0.176907 0.0134784 -0.00260199 0.177404 0.0144797 -0.00190721 0.176308 0.0133751 -0.00145703 0.177058 0.0146458 -0.00082813 0.176453 0.0145626 -0.00025146 0.177182 0.0147455 -0.00025146 0.17647 0.0146568 0.0003252 0.176453 0.0145626 0.00015939 0.174569 0.0152313 0.0006573 0.175507 0.0135969 0.00062423 0.173916 0.0138382 0.00179162 0.175335 0.0130267 0.00219397 0.173694 0.0136088 0.00247648 0.175133 0.0128716 0.00352953 0.173599 0.0132753 0.00330601 0.174929 0.0128384 0.00475797 0.174693 0.0123436 0.00426013 0.17503 0.0124119 0.00522819 0.175316 0.0122329 0.00498014 0.176737 0.0109263 0.00574133 0.175738 0.0120247 0.00614506 0.176235 0.0118573 0.00584076 0.175543 0.0120551 0.00652997 0.17639 0.0115775 0.00599181 0.175157 0.0119663 0.00665817 0.176253 0.0114085 0.00791903 0.175688 0.00995512 0.00726364 0.17732 0.0110365 0.00871103 0.176754 0.008405 0.00772475 0.17791 0.0110004 0.00914744 0.1781 0.00794602 0.00778942 0.178118 0.0109446 0.00791877 0.178535 0.0108329 0.00625494 0.178426 0.0123722 0.00824699 0.179364 0.0108257 0.00620551 0.179057 0.0129421 0.00842559 0.180254 0.0107405 0.00608683 0.180211 0.0131276 0.00830727 0.181491 0.010701 0.00596815 0.181262 0.0133182 0.0081021 0.18355 0.0114175 0.00514316 0.183605 0.0136584 -0.0105193 0.182157 0.00551932 -0.0107326 0.177016 0.0053248 -0.0112321 0.178152 0.00260207 -0.0104746 0.175128 0.00569807 -0.0112477 0.175658 0.00239893 -0.0098787 0.171343 0.0059022 -0.00966135 0.171211 0.0022519 -0.00853466 0.168547 0.00573169 -0.00713665 0.167664 0.00243437 -0.00808665 0.167615 0.00567485 -0.00438908 0.164378 0.00694762 -0.00491009 0.164635 0.0101106 -0.00150573 0.162434 0.0117058 -0.00172162 0.163719 0.0133112 0 0.163351 0.0135541 -0.00025146 0.167994 0.0153819 0.00172162 0.163719 0.0133112 0.00403004 0.165325 0.0119748 0.00491009 0.164635 0.0101106 0.00698438 0.16776 0.00897201 0.00758372 0.167615 0.00567485 0.00803011 0.168547 0.00570077 0.00662574 0.167664 0.00243437 0.00915044 0.171211 0.0022519 0.00634493 0.177756 0.0122582 0.00631493 0.177979 0.0122961 0.00521554 0.177456 0.0129343 0.00512626 0.177694 0.0129656 0.00365408 0.177181 0.0132003 0.00362395 0.177428 0.0132689 0.00256209 0.176785 0.0133673 0.002431 0.176907 0.0134784 0.00140428 0.176308 0.0133751 0.00209906 0.177404 0.0144797 0.0009541 0.177058 0.0146458 0.00125414 0.178586 0.0149465 -0.00025146 0.178736 0.0151752 -0.00175707 0.178586 0.0149465 -0.00181718 0.180845 0.0151643 -0.00418339 0.180532 0.0143077 -0.0018773 0.183104 0.0153821 -0.00540488 0.182625 0.0141442 -0.00775305 0.177338 0.0110365 -0.00921396 0.176754 0.008405 -0.00965037 0.1781 0.00794602 -0.0102095 0.179731 0.00735796 -0.0101605 0.181282 0.00709552 -0.00955863 0.182325 0.00685402 -0.00879664 0.181491 0.0107735 -0.00866433 0.182439 0.0123441 -0.00647108 0.181262 0.0133182 -0.0070867 0.182651 0.0130915 -0.00622247 0.183111 0.0135251 -0.00156285 0.170216 0.0158315 -0.00377358 0.167849 0.0136104 -0.00403004 0.165325 0.0119748 -0.00600014 0.167876 0.0116078 -0.00748731 0.16776 0.00897201 -0.00689068 0.170799 0.0117139 -0.00828744 0.16979 0.00951232 -0.00854112 0.171492 0.0100526 -0.00974041 0.174909 0.0083787 -0.00304208 0.176803 0.0133845 -0.00415425 0.177132 0.0131864 -0.0032584 0.176596 0.0131966 -0.00417196 0.176962 0.0131391 -0.00334035 0.176517 0.0131254 -0.00420613 0.17667 0.0130577 -0.00354194 0.176316 0.013085 -0.00439917 0.176129 0.0113297 -0.0026502 0.175547 0.012716 -0.00314479 0.175384 0.012731 -0.00228966 0.175329 0.0130267 -0.00297539 0.17513 0.0128716 -0.0026969 0.173694 0.0136088 0.00225722 0.172822 0.0142087 0.00649595 0.173655 0.0120548 0.0067635 0.171875 0.0118414 0.00835204 0.174086 0.0102755 0.00800213 0.171492 0.0100935 0.00912215 0.174909 0.00836597 0.00936929 0.171343 0.00577854 0.00997169 0.175128 0.00569807 0.0107368 0.175658 0.00239893 0.0107212 0.178152 0.00260207 0.00360033 0.177623 0.0133226 0.00368907 0.178113 0.0141117 0.00368476 0.17935 0.0142894 0.0017417 0.180494 0.0148606 0.00368046 0.180532 0.0143077 0.00222927 0.182403 0.0147746 0.00346477 0.185019 0.0143081 -0.00206798 0.175896 0.0132286 -0.00116023 0.175507 0.0135969 -0.00112716 0.173916 0.0138382 -0.00127991 0.172757 0.0141886 0.00514201 0.177164 0.0127849 0.00368096 0.17696 0.0131391 0.00274917 0.17661 0.0132087 0.00157643 0.175875 0.0132202 -0.00689306 0.171875 0.0119384 -0.00890224 0.174086 0.0100127 -0.00842196 0.175688 0.00995512 -0.0071522 0.176268 0.0114085 -0.00856899 0.178536 0.0109354 -0.00872284 0.179364 0.0109704 -0.00670844 0.179057 0.0129421 -0.00890144 0.180254 0.0108852 -0.00658976 0.180211 0.0131276 0.00150573 0.162434 0.0117058 0 0.162159 0.0119697 -0.00196907 0.162614 0.00888361 -0.00307233 0.163282 0.00560632 0.00494769 0.178171 0.0130284 0.00681686 0.177322 0.0113977 0.00689836 0.177659 0.01135 0.00623145 0.177506 0.012115 -0.00475947 0.175034 0.0124119 -0.00572628 0.175325 0.0122329 -0.0062376 0.175749 0.0120247 0.00749325 0.16979 0.00953273 0.00371387 0.176668 0.0130577 0.00390457 0.176126 0.0113297 0.00304815 0.176317 0.013085 0.0021531 0.175551 0.012716 0.00284744 0.176519 0.0131254 -0.00066232 0.174569 0.0152313 -0.00025146 0.174607 0.0153414 -0.00025146 0.173364 0.0160214 0.00027001 0.173327 0.0159103 -0.00563935 0.177645 0.0129583 -0.00570423 0.177464 0.0129343 -0.00563163 0.177173 0.0127849 -0.00532723 0.180897 0.0138129 -0.00418769 0.17935 0.0142894 -0.00419199 0.178113 0.0141117 0 0.162156 0.00657486 0 0.162457 0.00927754 0.00196907 0.162614 0.00888361 0.0102297 0.177016 0.0053248 0.0112102 0.183169 0.00680926 0.00970659 0.179731 0.00735796 0.00965758 0.181282 0.00709552 0.00328877 0.175186 0.0126907 0.00264698 0.175387 0.012731 0.00307233 0.163282 0.00560632 0.00473152 0.164378 0.00694762 0.0046887 0.164701 0.00436973 0.00077698 0.172757 0.0141886 0.00500722 0.178012 0.0130075 -0.00022258 0.180634 0.0152099 -0.0001937 0.182531 0.0152446 -2.943e-005 0.183297 0.015221 -0.00380579 0.17493 0.0128384 -0.00378744 0.175187 0.0126907 -0.00671983 0.177519 0.012115 0.00651251 0.176809 0.0116316 0.00993445 0.183398 0.00920935 0.00098422 0.184041 0.0148761 -0.0046887 0.164701 0.00436973</float_array>
					<technique_common>
						<accessor count="236" source="#ID403" stride="3">
							<param name="X" type="float"/>
							<param name="Y" type="float"/>
							<param name="Z" type="float"/>
						</accessor>
					</technique_common>
				</source>
				<source id="ID404">
					<float_array id="ID405" count="702" digits="2490374">0.701844 -0.270687 0.658875 0.529188 0 0.848469 0.601969 -0.191188 0.77525 0.696594 0.118625 0.707563 0.4695 -0.284344 0.835875 0.455344 0.0555 0.888563 0 -0.41625 0.909219 -0.0500938 0.126625 0.990656 -0.495 -0.0419375 0.867875 -0.524063 0.556719 0.644469 -0.696594 0.118625 0.707563 -0.401344 0.558594 0.725844 -0.542906 0.0055 0.83975 -0.338344 0.305937 0.889875 -0.498437 0.0965 0.8615 -0.323594 0.121125 0.938375 -0.584844 0.0310938 0.810531 -0.351094 0.0677812 0.933844 -0.64875 -0.066375 0.758062 -0.138094 0.279375 0.950156 -0.166625 0.296313 0.940437 0.0190313 0.0540625 0.998344 -0.321219 0.0769688 0.943844 -0.433719 -0.518687 0.736781 -0.694594 -0.397438 0.599625 -0.617406 -0.454219 0.642219 -0.705656 -0.374312 0.601563 -0.559937 -0.0284062 0.828031 -0.578094 -0.252688 0.775844 -0.370094 -0.021875 0.928719 -0.420469 -0.410969 0.808844 -0.257375 -0.210031 0.943187 -0.412906 -0.585344 0.69775 -0.357156 -0.548156 0.75625 -0.37675 -0.544062 0.749687 -0.399531 -0.534781 0.744531 -0.25175 -0.434719 0.864625 -0.485594 -0.20025 0.850906 0 -0.198469 0.980094 0 0.183969 0.982906 0.485594 -0.20025 0.850906 0.745 0.260156 0.614187 0.699094 -0.0995625 0.708031 0.624969 0.233187 0.744969 0.389719 0.0514375 0.919469 0.189969 0.43675 0.879281 0.222563 0.366875 0.90325 0.326969 0.311563 0.892156 0.248625 0.405313 0.879687 0.3145 0.137656 0.939188 0.167781 0.518938 0.838156 0.122906 0.314 0.941406 -0.0188125 0.054125 0.998344 0.0420625 0.301688 0.952469 0.139344 0.278781 0.950156 0.351406 0.0662813 0.933844 0.648469 -0.0691875 0.758062 0.574437 0.0626875 0.816125 0.725656 -0.13825 0.673969 0.761469 0.0827188 0.642875 0.722562 -0.216656 0.656438 0.872187 -0.0122813 0.488937 0.707062 -0.285781 0.646781 0.896094 -0.157625 0.414875 0.782406 -0.081625 0.617344 0.825281 -0.1945 0.530156 0.60225 -0.206281 0.771156 0.792219 -0.267188 0.548563 0.596156 -0.306531 0.742031 0.819906 -0.015625 0.572219 0.595469 -0.0410312 0.802312 0.854 0.0103125 0.520094 0.763531 -0.18425 0.618875 0.428813 0.033625 0.90275 -0.941969 0.171281 0.288625 -0.952031 -0.025625 0.304844 -0.982156 -0.0289375 0.185687 -0.971781 -0.0960938 0.215375 -0.977469 -0.165438 0.131 -0.945844 -0.274875 0.172594 -0.887875 -0.451313 -0.08925 -0.889469 -0.456719 0.01475 -0.778313 -0.607313 -0.159313 -0.789063 -0.6135 -0.0309063 -0.6395 -0.768375 -0.0241875 -0.705469 -0.642031 0.300094 -0.433562 -0.855031 0.284438 -0.493656 -0.52 0.697031 -0.0005 -0.67575 0.737125 0.00053125 -0.355469 0.934656 0.493 -0.496375 0.7145 0.687625 -0.370844 0.624156 0.748156 -0.581469 0.319562 0.861188 -0.382469 0.33475 0.83275 -0.553125 -0.0229062 0.898188 -0.438531 0.0297813 0.79875 -0.570969 -0.189625 0.887719 -0.451125 -0.0915312 0.598437 -0.4645 0.65275 0.574094 -0.0161875 0.818594 0.38125 -0.224125 0.896875 0.319687 -0.044625 0.946437 0.218313 -0.246063 0.944313 0.253812 -0.206656 0.944906 0.25025 -0.396969 0.883031 0.355344 -0.547281 0.757719 0.400187 -0.534125 0.744656 0.383188 -0.605937 0.697094 0.25175 -0.434719 0.864625 0.197375 -0.131187 0.9715 -0.0045625 -0.135031 0.990812 -0.2045 -0.153094 0.966812 -0.174906 -0.0832188 0.981031 -0.347187 -0.0876875 0.933656 -0.106688 -0.0639687 0.992219 -0.454781 -0.124781 0.881781 -0.732844 -0.167875 0.659312 -0.864375 0.017 0.502531 -0.861812 -0.305406 0.404906 -0.941188 -0.0462187 0.334688 -0.885719 0.313125 0.342656 -0.891281 0.326313 0.314781 -0.886656 -0.00071875 0.462375 -0.748031 -0.323781 0.579281 -0.542844 -0.166344 0.823156 -0.426469 -0.0415625 0.903531 -0.520875 -0.0254375 0.853219 -0.4695 -0.284344 0.835875 -0.603375 -0.227563 0.764281 -0.666375 -0.44325 0.599531 -0.696625 -0.308094 0.647906 -0.823313 -0.44175 0.356344 -0.657313 -0.255563 0.708906 -0.841344 -0.369781 0.394125 -0.845187 -0.181531 0.502656 -0.927125 -0.0085625 0.374563 -0.250656 -0.400438 0.881344 -0.217125 -0.251531 0.943156 -0.257313 -0.389562 0.884313 -0.213625 -0.330219 0.919375 -0.358125 -0.602219 0.713469 -0.280625 -0.591625 0.755781 -0.525781 0.120344 0.842031 -0.4575 -0.0867812 0.884938 -0.227187 0.577062 0.784437 -0.390875 0.0525937 0.918906 -0.221281 0.367844 0.903156 -0.189688 0.4375 0.878969 0.401344 0.558594 0.725844 0.466719 0.130969 0.874625 0.640125 -0.0976875 0.762 0.787188 0.117781 0.605313 0.871125 -0.226375 0.435719 0.935313 -0.0247812 0.352875 0.939 -0.290875 0.183281 0.968375 -0.0975313 0.229531 0.977344 -0.168156 0.128281 0.983031 -0.100656 0.153219 0.412406 -0.583812 0.699313 0.437531 -0.480938 0.75975 0.368219 -0.0679687 0.927219 0.226313 -0.0152187 0.973906 0.365187 -0.0155938 0.930781 0.256406 0.0279687 0.966156 0.276031 0.0408438 0.96025 -0.293438 -0.267219 0.917844 -0.699594 -0.099875 0.7075 -0.625406 0.2335 0.7445 -0.570719 0.62625 0.531094 0.416187 -0.463281 0.782375 0.212563 -0.32925 0.919969 0.257031 -0.386531 0.885719 0.293625 -0.266094 0.918125 -0.624125 -0.0952813 0.775469 -0.773063 0.0964375 0.626938 -0.769625 0.0544063 0.636156 -0.725281 -0.134031 0.67525 -0.786844 -0.313531 0.531531 -0.788063 -0.214687 0.576875 -0.586969 -0.307813 0.748781 -0.812406 -0.00709375 0.583031 -0.58675 -0.0384375 0.808844 0.424937 -0.857094 0.291125 0 -0.9875 0.1575 -0.323656 -0.946156 -0.0040625 -0.53575 -0.844094 -0.020125 0.419531 -0.408625 0.810531 0.311656 0.0565937 0.9485 0.61225 -0.583313 0.533719 -0.165531 0.519656 0.838156 -0.121563 0.314531 0.941406 -0.04075 0.301875 0.952438 0.865375 -0.363687 0.344687 0.372 -0.911125 0.177188 0.355469 -0.603781 0.713469 0.526312 0.118063 0.842031 0.278062 -0.592812 0.755781 0.457094 -0.08875 0.884938 -0.686188 0.296062 0.664406 0.0445312 0.430656 0.901406 -0.002875 0.486469 0.873656 0.526781 0.554156 0.644469 -0.321594 -0.0500938 0.945531 -0.382937 -0.2285 0.895031 -0.418187 -0.46175 0.782219 -0.4325 -0.11275 0.894531 -0.375875 -0.0854375 0.922687 -0.456875 -0.540375 0.706531 0 -0.999906 0.0129062 0 -1 3.125e-005 0.299594 -0.953969 -0.0117188 0.931063 -0.106375 0.348938 0.744062 -0.241625 0.622844 0.852 -0.097125 0.514375 0.748563 -0.216219 0.626781 0.274812 0.616875 0.7375 0.229687 0.576094 0.784406 0.495844 -0.866219 -0.0611563 0.653156 -0.755844 -0.0450937 0.714594 -0.692531 -0.0985313 0.570719 0.62625 0.531094 0.083625 -0.029375 0.996031 0.143031 -0.0085 0.989656 0.172 0.0413125 0.984219 -0.246844 0.406125 0.879812 -0.272156 0.618062 0.7375 -0.3975 -0.901656 0.170125 -0.375969 -0.9095 0.177281 0.393625 -0.903375 0.170031 0.167906 0.295594 0.940406 0.66075 -0.571969 0.486031 -0.614531 -0.581062 0.5335 0.214719 0.103063 0.971187 -0.715594 -0.698469 -0.00421875</float_array>
					<technique_common>
						<accessor count="234" source="#ID405" stride="3">
							<param name="X" type="float"/>
							<param name="Y" type="float"/>
							<param name="Z" type="float"/>
						</accessor>
					</technique_common>
				</source>
				<source id="ID406">
					<float_array id="ID407" count="272" digits="2490374">0.229583 0.192784 0.193634 0.11703 0.150697 0.211531 0.128577 0.102958 0.082623 0.176913 0.044709 0.154552 0.027974 0.185629 0.005321 0.143733 0.005321 0.186406 0.027924 0.185577 0.024582 0.243034 0.082971 0.176868 0.09921 0.224411 0.140016 0.247686 0.231679 0.246391 0.187346 0.288052 0.229906 0.303585 0.223902 0.31777 0.249884 0.348571 0.23649 0.341484 0.248076 0.364361 0.20805 0.358917 0.257968 0.384781 0.260533 0.403734 0.287467 0.415567 0.229146 0.407947 0.28889 0.421114 0.229236 0.415348 0.229416 0.427203 0.184866 0.408751 0.185051 0.41737 0.142878 0.385299 0.142313 0.396849 0.105979 0.370033 0.088178 0.387926 0.075982 0.347899 0.053643 0.374625 0.035537 0.351353 0.006794 0.380253 0.006832 0.353332 0.024919 0.278624 0.056034 0.31758 0.057485 0.269638 0.092036 0.304784 0.101724 0.257017 0.114131 0.29887 0.139584 0.293082 0.17125 0.299584 0.203162 0.309536 0.220774 0.324974 0.255334 0.34383 0.298 0.325184 0.274176 0.386148 0.334057 0.345666 0.35097 0.404959 0.291737 0.432206 0.299665 0.46354 0.223508 0.450541 0.308542 0.49736 0.218644 0.494234 0.315321 0.544371 0.213726 0.53398 0.326747 0.589195 0.181071 0.605425 0.407325 0.574927 0.387413 0.380163 0.458818 0.427272 0.377081 0.308094 0.454024 0.331778 0.372372 0.210241 0.43017 0.209437 0.35726 0.157387 0.430235 0.139157 0.367315 0.135332 0.293312 0.0337111 0.198815 0.0575861 0.058667 0.0223961 0.071849 0.0471231 0.004901 0.04347 0.004901 0.105299 0.151616 0.0704 0.26528 0.137865 0.185554 0.394731 0.184856 0.40378 0.142839 0.382228 0.111455 0.362577 0.059351 0.43268 0.006685 0.438863 0.062522 0.511734 0.137308 0.506202 0.065692 0.61502 0.37264 0.480925 0.383807 0.540027 0.40108 0.579678 0.253909 0.59731 0.21749 0.601367 0.044881 0.154536 0.286442 0.178831 0.301171 0.211582 0.335693 0.283261 0.112764 0.358855 0.144241 0.370617 0.120361 0.351991 0.146466 0.359723 0.127089 0.344834 0.166962 0.341593 0.10485 0.314187 0.119817 0.309056 0.10175 0.257034 0.23364 0.217433 0.301716 0.264018 0.138786 0.414533 0.137419 0.461333 0.074889 0.505058 0.090427 0.577436 0.123381 0.610222 0.082731 0.328737 0.057502 0.269648 0.061308 0.243804 0.188528 0.386529 0.004901 0.019875 0.096707 0.018034 0.257288 0.011328 0.227291 0.400447 0.006609 0.281804 0.006384 0.244477 0.175517 0.520091 0.004901 0.00152004 0.004901 0.019628 0.139713 0.302964 0.408145 0.0303661 0.184828 0.408751 0.229656 0.193268 0.006716 0.513204 0.006748 0.587545 0.006762 0.620871</float_array>
					<technique_common>
						<accessor count="136" source="#ID407" stride="2">
							<param name="S" type="float"/>
							<param name="T" type="float"/>
						</accessor>
					</technique_common>
				</source>
				<vertices id="ID408">
					<input semantic="POSITION" source="#ID402"/>
				</vertices>
				<triangles count="443" material="Material1">
					<input offset="0" semantic="VERTEX" source="#ID408" set="0"/>
					<input offset="1" semantic="NORMAL" source="#ID404" set="0"/>
					<input offset="2" semantic="TEXCOORD" source="#ID406" set="0"/>
					<p>2 1 2 1 0 1 0 0 0 3 2 3 1 0 1 2 1 2 4 3 4 3 2 3 2 1 2 5 4 5 3 2 3 4 3 4 6 5 6 5 4 5 4 3 4 7 6 7 5 4 5 6 5 6 8 7 8 7 6 7 6 5 6 9 8 9 7 6 7 8 7 8 10 9 10 9 8 9 8 7 8 11 10 11 9 8 9 10 9 10 12 11 12 11 10 11 10 9 10 13 12 2 11 10 11 12 11 12 14 13 13 13 12 2 12 11 12 15 14 14 13 12 2 14 13 13 16 15 15 15 14 14 14 13 13 17 16 16 15 14 14 16 15 15 18 17 17 17 16 16 16 15 15 19 18 18 17 16 16 18 17 17 20 19 19 19 18 18 18 17 17 21 20 20 19 18 18 20 19 19 22 21 21 21 20 20 20 19 19 23 22 22 21 20 20 22 21 21 24 23 23 23 22 22 22 21 21 25 24 24 23 22 22 24 23 23 26 25 25 25 24 24 24 23 23 27 26 26 25 24 24 26 25 25 28 27 27 27 26 26 26 25 25 29 28 28 27 26 26 28 27 27 30 29 29 29 28 28 28 27 27 31 30 30 29 28 28 30 29 29 32 31 31 31 30 30 30 29 29 33 32 32 31 30 30 32 31 31 34 33 33 33 32 32 32 31 31 35 34 34 33 32 32 34 33 33 36 35 35 35 34 34 34 33 33 37 36 36 35 34 34 36 35 35 38 37 37 37 36 36 36 35 35 39 38 38 37 36 36 38 37 37 40 39 39 39 38 38 38 37 37 41 40 37 39 38 38 40 39 39 42 41 40 41 40 37 40 39 39 43 42 41 41 40 37 42 41 40 44 43 42 43 42 41 42 41 40 45 44 43 43 42 41 44 43 42 46 45 44 45 44 43 44 43 42 47 46 45 45 44 43 46 45 44 48 47 13 47 46 45 46 45 44 49 48 46 47 46 45 48 47 13 50 49 15 49 48 46 48 47 13 51 50 47 49 48 46 50 49 15 52 51 48 51 50 47 50 49 15 53 52 21 51 50 47 52 51 48 54 53 49 53 52 21 52 51 48 55 54 19 53 52 21 54 53 49 56 55 17 55 54 19 54 53 49 57 56 18 55 54 19 56 55 17 58 57 16 57 56 18 56 55 17 59 58 50 57 56 18 58 57 16 60 59 51 59 58 50 58 57 16 61 60 52 59 58 50 60 59 51 62 61 53 61 60 52 60 59 51 63 62 24 61 60 52 62 61 53 64 63 54 63 62 24 62 61 53 65 64 26 63 62 24 64 63 54 66 65 55 65 64 26 64 63 54 67 66 28 65 64 26 66 65 55 68 67 56 67 66 28 66 65 55 69 68 57 67 66 28 68 67 56 70 69 58 69 68 57 68 67 56 71 70 59 69 68 57 70 69 58 72 71 60 71 70 59 70 69 58 73 70 61 71 70 59 72 71 60 74 72 62 73 70 61 72 71 60 75 73 63 73 70 61 74 72 62 78 76 66 77 75 65 76 74 64 79 77 67 77 75 65 78 76 66 80 78 68 79 77 67 78 76 66 81 79 69 79 77 67 80 78 68 82 80 70 81 79 69 80 78 68 83 81 71 81 79 69 82 80 70 84 82 72 83 81 71 82 80 70 85 83 73 83 81 71 84 82 72 86 84 74 85 83 73 84 82 72 87 85 75 85 83 73 86 84 74 88 86 76 87 85 75 86 84 74 89 87 77 87 85 75 88 86 76 90 88 78 89 87 77 88 86 76 91 89 79 89 87 77 90 88 78 92 90 77 91 89 79 90 88 78 3 2 3 91 89 79 92 90 77 93 91 80 3 2 3 92 90 77 1 0 1 3 2 3 93 91 80 94 92 75 1 0 1 93 91 80 95 93 81 1 0 1 94 92 75 96 94 73 95 93 81 94 92 75 97 95 71 95 93 81 96 94 73 98 96 72 97 95 71 96 94 73 99 97 70 97 95 71 98 96 72 101 99 27 100 98 25 63 62 24 102 100 82 100 98 25 101 99 27 103 101 83 102 100 82 101 99 27 104 102 84 102 100 82 103 101 83 105 103 31 104 102 84 103 101 83 106 104 85 104 102 84 105 103 31 107 105 33 106 104 85 105 103 31 108 106 35 106 104 85 107 105 33 109 107 34 108 106 35 107 105 33 110 108 36 108 106 35 109 107 34 111 109 86 110 108 36 109 107 34 39 38 38 110 108 36 111 109 86 112 110 87 39 38 38 111 109 86 113 111 86 39 38 38 112 110 87 114 112 88 113 111 86 112 110 87 115 113 89 113 111 86 114 112 88 116 114 90 115 113 89 114 112 88 117 115 63 115 113 89 116 114 90 23 22 22 19 18 18 21 20 20 118 116 52 19 18 18 23 22 22 25 24 24 118 116 52 23 22 22 119 117 53 118 116 52 25 24 24 120 118 54 119 117 53 25 24 24 77 75 65 119 117 53 120 118 54 121 119 91 77 75 65 120 118 54 76 74 64 77 75 65 121 119 91 122 120 92 76 74 64 121 119 91 123 121 93 76 74 64 122 120 92 124 122 60 123 121 93 122 120 92 125 123 62 123 121 93 124 122 60 126 124 61 125 123 62 124 122 60 127 125 94 125 123 62 126 124 61 128 126 95 127 125 94 126 124 61 129 127 96 7 6 7 9 8 9 91 89 79 7 6 7 129 127 96 130 128 3 91 89 79 129 127 96 89 87 77 91 89 79 130 128 3 131 129 80 89 87 77 130 128 3 87 85 75 89 87 77 131 129 80 132 130 1 87 85 75 131 129 80 133 131 81 87 85 75 132 130 1 134 132 0 133 131 81 132 130 1 135 133 97 133 131 81 134 132 0 136 134 98 135 133 97 134 132 0 81 79 69 135 133 97 136 134 98 137 135 99 81 79 69 136 134 98 79 77 67 81 79 69 137 135 99 77 75 65 79 77 67 137 135 99 139 137 84 138 136 85 32 31 31 140 138 100 138 136 85 139 137 84 141 139 101 140 138 100 139 137 84 142 138 102 140 138 100 141 139 101 143 140 103 142 138 102 141 139 101 144 141 104 142 138 102 143 140 103 145 142 105 144 141 104 143 140 103 146 143 106 144 141 104 145 142 105 147 144 107 146 143 106 145 142 105 148 145 43 146 143 106 147 144 107 149 146 45 148 145 43 147 144 107 150 147 108 148 145 43 149 146 45 14 13 13 150 147 108 149 146 45 12 11 12 150 147 108 14 13 13 2 1 2 48 47 13 151 148 12 152 149 14 48 47 13 2 1 2 153 150 109 152 149 14 2 1 2 154 151 110 152 149 14 153 150 109 155 152 98 154 151 110 153 150 109 156 153 99 154 151 110 155 152 98 157 154 69 156 153 99 155 152 98 158 155 67 156 153 99 157 154 69 159 156 68 158 155 67 157 154 69 160 157 66 158 155 67 159 156 68 161 158 32 107 105 33 105 103 31 109 107 34 107 105 33 161 158 32 162 159 111 109 107 34 161 158 32 111 109 86 109 107 34 162 159 111 163 160 112 111 109 86 162 159 111 164 161 113 111 109 86 163 160 112 165 162 89 164 161 113 163 160 112 166 163 114 164 161 113 165 162 89 75 73 63 166 163 114 165 162 89 167 164 115 166 163 114 75 73 63 138 136 85 34 33 33 32 31 31 36 35 35 34 33 33 138 136 85 168 165 116 36 35 35 138 136 85 169 166 41 36 35 35 168 165 116 148 145 43 169 166 41 168 165 116 170 167 117 169 166 41 148 145 43 150 147 108 170 167 117 148 145 43 171 168 118 170 167 117 150 147 108 12 11 12 171 168 118 150 147 108 10 9 10 171 168 118 12 11 12 102 100 82 172 169 119 100 98 25 173 170 101 172 169 119 102 100 82 104 102 84 173 170 101 102 100 82 174 171 100 173 170 101 104 102 84 106 104 85 174 171 100 104 102 84 175 172 116 174 171 100 106 104 85 108 106 35 175 172 116 106 104 85 43 42 41 175 172 116 108 106 35 41 40 37 43 42 41 108 106 35 13 12 2 134 132 0 132 130 1 176 173 109 134 132 0 13 12 2 15 14 14 176 173 109 13 12 2 177 174 110 176 173 109 15 14 14 17 16 16 177 174 110 15 14 14 178 175 51 177 174 110 17 16 16 179 176 50 178 175 51 17 16 16 118 116 52 178 175 51 179 176 50 19 18 18 118 116 52 179 176 50 27 26 26 120 118 54 25 24 24 180 177 55 120 118 54 27 26 26 29 28 28 180 177 55 27 26 26 181 178 56 180 177 55 29 28 28 182 179 57 181 178 56 29 28 28 183 180 58 181 178 56 182 179 57 184 181 59 183 180 58 182 179 57 124 122 60 183 180 58 184 181 59 126 124 61 124 122 60 184 181 59 92 90 77 94 92 75 93 91 80 185 182 76 94 92 75 92 90 77 90 88 78 185 182 76 92 90 77 186 183 120 185 182 76 90 88 78 88 86 76 186 183 120 90 88 78 187 184 121 186 183 120 88 86 76 86 84 74 187 184 121 88 86 76 188 185 122 187 184 121 86 84 74 165 162 89 73 70 61 75 73 63 71 70 59 73 70 61 165 162 89 163 160 112 71 70 59 165 162 89 69 68 57 71 70 59 163 160 112 162 159 111 69 68 57 163 160 112 189 186 30 69 68 57 162 159 111 161 158 32 189 186 30 162 159 111 105 103 31 189 186 30 161 158 32 61 60 52 57 56 18 59 58 50 190 187 22 57 56 18 61 60 52 63 62 24 190 187 22 61 60 52 191 106 23 190 187 22 63 62 24 100 98 25 191 106 23 63 62 24 192 188 123 191 106 23 100 98 25 172 169 119 192 188 123 100 98 25 22 21 21 145 142 105 143 140 103 193 189 47 145 142 105 22 21 21 194 190 48 193 189 47 22 21 21 16 15 15 193 189 47 194 190 48 195 191 49 16 15 15 194 190 48 18 17 17 16 15 15 195 191 49 20 19 19 18 17 17 195 191 49 95 93 81 0 0 0 1 0 1 196 192 97 0 0 0 95 93 81 97 95 71 196 192 97 95 93 81 157 154 69 196 192 97 97 95 71 99 97 70 157 154 69 97 95 71 159 156 68 157 154 69 99 97 70 197 194 103 53 52 21 172 193 119 198 195 105 53 52 21 197 194 103 199 196 104 198 195 105 197 194 103 200 197 106 198 195 105 199 196 104 201 104 102 200 197 106 199 196 104 45 44 43 200 197 106 201 104 102 202 198 40 40 39 39 38 37 37 203 199 124 40 39 39 202 198 40 204 200 125 203 199 124 202 198 40 205 201 10 203 199 124 204 200 125 6 5 6 205 201 10 204 200 125 4 3 4 205 201 10 6 5 6 173 170 101 197 194 103 172 169 119 201 104 102 197 194 103 173 170 101 174 171 100 201 104 102 173 170 101 45 44 43 201 104 102 174 171 100 175 172 116 45 44 43 174 171 100 43 42 41 45 44 43 175 172 116 206 202 83 32 31 31 30 29 29 139 137 84 32 31 31 206 202 83 207 203 82 139 137 84 206 202 83 141 139 101 139 137 84 207 203 82 208 204 119 141 139 101 207 203 82 143 140 103 141 139 101 208 204 119 126 124 61 117 115 63 128 126 95 209 205 126 117 115 63 126 124 61 184 181 59 209 205 126 126 124 61 210 206 112 209 205 126 184 181 59 182 179 57 210 206 112 184 181 59 211 207 111 210 206 112 182 179 57 212 208 127 187 184 121 188 185 122 213 209 128 187 184 121 212 208 127 214 210 121 213 209 128 212 208 127 186 183 120 213 209 128 214 210 121 185 182 76 186 183 120 214 210 121 152 149 14 50 49 15 48 47 13 58 57 16 50 49 15 152 149 14 154 151 110 58 57 16 152 149 14 60 59 51 58 57 16 154 151 110 62 61 53 60 59 51 154 151 110 216 212 64 215 211 65 160 157 66 217 213 91 215 211 65 216 212 64 218 214 92 217 213 91 216 212 64 72 71 60 217 213 91 218 214 92 74 72 62 72 71 60 218 214 92 198 195 105 51 50 47 53 52 21 219 215 129 51 50 47 198 195 105 220 216 107 219 215 129 198 195 105 49 48 46 219 215 129 220 216 107 47 46 45 49 48 46 220 216 107 28 27 27 206 202 83 30 29 29 207 203 82 206 202 83 28 27 27 26 25 25 207 203 82 28 27 27 208 204 119 207 203 82 26 25 25 221 217 122 214 210 121 212 208 127 222 218 74 214 210 121 221 217 122 223 219 130 222 218 74 221 217 122 98 96 72 222 218 74 223 219 130 31 30 30 182 179 57 29 28 28 211 207 111 182 179 57 31 30 30 33 32 32 211 207 111 31 30 30 35 34 34 211 207 111 33 32 32 156 153 99 62 61 53 154 151 110 215 211 65 62 61 53 156 153 99 158 155 67 215 211 65 156 153 99 160 157 66 215 211 65 158 155 67 169 166 41 38 37 37 36 35 35 202 198 40 38 37 37 169 166 41 170 167 117 202 198 40 169 166 41 171 168 118 202 198 40 170 167 117 35 34 34 210 206 112 211 207 111 113 111 86 210 206 112 35 34 34 37 36 36 113 111 86 35 34 34 39 38 38 113 111 86 37 36 36 46 45 44 151 148 12 48 47 13 224 220 118 151 148 12 46 45 44 44 43 42 224 220 118 46 45 44 42 41 40 224 220 118 44 43 42 205 201 10 224 220 118 42 41 40 151 148 12 224 220 118 205 201 10 4 3 4 151 148 12 205 201 10 2 1 2 151 148 12 4 3 4 189 186 30 67 66 28 69 68 57 225 162 131 67 66 28 189 186 30 105 103 31 225 162 131 189 186 30 103 101 83 225 162 131 105 103 31 0 0 132 153 150 109 2 1 2 155 152 98 153 150 109 0 0 132 196 192 97 155 152 98 0 0 132 157 154 69 155 152 98 196 192 97 83 81 71 135 133 97 81 79 69 133 131 81 135 133 97 83 81 71 85 83 73 133 131 81 83 81 71 87 85 75 133 131 81 85 83 73 10 9 10 202 198 40 171 168 118 204 200 125 202 198 40 10 9 10 8 7 8 204 200 125 10 9 10 6 5 6 204 200 125 8 7 8 119 117 53 178 175 51 118 116 52 177 174 110 178 175 51 119 117 53 137 135 99 177 174 110 119 117 53 136 134 98 177 174 110 137 135 99 164 161 113 226 221 133 111 109 86 227 222 134 226 221 133 164 161 113 166 163 114 227 222 134 164 161 113 228 223 135 227 222 134 166 163 114 147 144 107 229 224 46 149 146 45 230 225 129 229 224 46 147 144 107 145 142 105 230 225 129 147 144 107 193 189 47 230 225 129 145 142 105 222 218 74 185 182 76 214 210 121 94 92 75 185 182 76 222 218 74 96 94 73 94 92 75 222 218 74 22 21 21 231 226 123 24 23 23 208 227 119 231 226 123 22 21 21 143 140 103 208 227 119 22 21 21 121 119 91 124 122 60 122 120 92 183 180 58 124 122 60 121 119 91 181 178 56 183 180 58 121 119 91 50 49 15 54 53 49 52 51 48 56 55 17 54 53 49 50 49 15 58 57 16 56 55 17 50 49 15 130 128 3 132 130 1 131 129 80 13 12 2 132 130 1 130 128 3 11 10 11 13 12 2 130 128 3 226 221 133 112 110 87 111 109 86 114 112 88 112 110 87 226 221 133 116 114 90 114 112 88 226 221 133 53 52 21 192 228 123 172 193 119 191 106 23 192 228 123 53 52 21 190 187 22 191 106 23 53 52 21 220 216 107 45 44 43 47 46 45 200 197 106 45 44 43 220 216 107 198 195 105 200 197 106 220 216 107 232 229 20 57 56 18 190 187 22 55 54 19 57 56 18 232 229 20 53 52 21 55 54 19 232 229 20 70 69 58 217 213 91 72 71 60 68 67 56 217 213 91 70 69 58 66 65 55 217 213 91 68 67 56 64 63 54 217 213 91 66 65 55 5 4 5 91 89 79 3 2 3 7 6 7 91 89 79 5 4 5 218 214 92 233 230 93 74 72 62 216 212 64 233 230 93 218 214 92 203 199 124 42 41 40 40 39 39 205 201 10 42 41 40 203 199 124 231 231 123 26 25 25 24 23 23 208 204 119 26 25 25 231 231 123 22 21 21 195 191 49 194 190 48 20 19 19 195 191 49 22 21 21 146 143 106 142 138 102 144 141 104 148 145 43 142 138 102 146 143 106 176 173 109 136 134 98 134 132 0 177 174 110 136 134 98 176 173 109 129 127 96 11 10 11 130 128 3 9 8 9 11 10 11 129 127 96 209 205 126 115 113 89 117 115 63 210 206 112 115 113 89 209 205 126 234 232 90 166 163 114 167 164 115 228 223 135 166 163 114 234 232 90 65 64 26 101 99 27 63 62 24 67 66 28 101 99 27 65 64 26 227 222 134 116 114 90 226 221 133 228 223 135 116 114 90 227 222 134 101 99 27 225 162 131 103 101 83 67 66 28 225 162 131 101 99 27 193 189 47 229 224 46 230 225 129 16 15 15 229 224 46 193 189 47 14 13 13 229 224 46 16 15 15 149 146 45 229 224 46 14 13 13 148 145 43 140 138 100 142 138 102 168 165 116 140 138 100 148 145 43 110 108 36 41 40 37 108 106 35 39 38 38 41 40 37 110 108 36 235 233 130 86 84 74 84 82 72 188 185 122 86 84 74 235 233 130 121 119 91 180 177 55 181 178 56 120 118 54 180 177 55 121 119 91 215 211 65 64 63 54 62 61 53 217 213 91 64 63 54 215 211 65 213 209 128 186 183 120 187 184 121 96 94 73 222 218 74 98 96 72 140 138 100 168 165 116 138 136 85 115 113 89 210 206 112 113 111 86 179 176 50 17 16 16 19 18 18 137 135 99 119 117 53 77 75 65 51 50 47 219 215 129 49 48 46 201 104 102 199 196 104 197 194 103 53 52 21 232 229 20 190 187 22</p>
				</triangles>
			</mesh>
		</geometry>
	</library_geometries>
	<library_controllers>
		<controller id="ID130">
			<skin source="#ID131">
				<bind_shape_matrix>1 0 0 0 0 1 0 0 0 0 1 0 0 0 0 1</bind_shape_matrix>
				<source id="ID139">
					<Name_array id="ID140" count="63">joint1 joint63 joint2 joint3 joint4 joint6 joint59 joint60 joint61 joint62 joint55 joint56 joint57 joint58 joint54 joint7 joint8 joint36 joint38 joint40 joint53 joint41 joint51 joint52 joint49 joint50 joint47 joint48 joint45 joint46 joint44 joint42 joint43 joint39 joint37 joint27 joint29 joint35 joint31 joint32 joint33 joint34 joint30 joint28 joint9 joint11 joint13 joint26 joint14 joint24 joint25 joint22 joint23 joint20 joint21 joint18 joint19 joint17 joint15 joint16 joint12 joint10 joint5</Name_array>
					<technique_common>
						<accessor count="63" source="#ID140">
							<param name="JOINT" type="Name"/>
						</accessor>
					</technique_common>
				</source>
				<source id="ID141">
					<float_array id="ID142" count="2" digits="2490374">0 1</float_array>
					<technique_common>
						<accessor count="2" source="#ID142">
							<param name="WEIGHT" type="float"/>
						</accessor>
					</technique_common>
				</source>
				<source id="ID143">
					<float_array id="ID144" count="1008" digits="2490374">1 0 0 0 0 1 0 0 0 0 1 0 0 0 0 1 1 0 0 0 0 1 0 0 0 0 1 0 0 0 0 1 1 -0 0 0 0 1 0 0 -0 3.46945e-018 1 0 0 0 0 1 1 0 0 0 0 1 0 -0.109524 0 0 1 -0.00216711 0 0 0 1 1 -0 0 0 0 1 0 -0.109524 -0 3.46945e-018 1 -0.00216711 0 0 0 1 1 0 0 0 0 1 0 -0.109524 0 0 1 -0.00216711 0 0 0 1 1 -3.02388e-010 7.76421e-018 -0.011521 3.02388e-010 1 -1.48303e-008 -0.106526 7.75065e-018 1.48303e-008 1 -0.00383037 0 0 0 1 1 4.33681e-019 -3.71339e-018 -0.0115936 -2.1684e-019 1 -1.38778e-017 -0.0576536 3.23905e-018 1.38778e-017 1 -0.0002693 0 0 0 1 1 -9.54184e-010 1.8115e-016 -0.0115442 9.54184e-010 1 -1.02583e-007 -0.0116915 -8.42632e-017 1.02583e-007 1 0.0027669 0 0 0 1 1 0 0 -0.0113867 0 1 0 -0.00510571 0 0 1 -0.0141667 0 0 0 1 1 8.73813e-008 5.72262e-010 0.011521 8.73813e-008 -1 -2.03449e-009 0.106526 5.72262e-010 2.03449e-009 -1 0.00383038 0 0 0 1 1 8.73875e-008 5.35737e-010 0.0115936 8.73875e-008 -1 2.16568e-009 0.0576536 5.35737e-010 -2.16568e-009 -1 0.00026931 0 0 0 1 1 8.8854e-008 1.74195e-016 0.0115442 8.8854e-008 -1 1.53875e-007 0.0116915 1.3842e-014 -1.53875e-007 -1 -0.00276689 0 0 0 1 1 8.74228e-008 1.07062e-023 0.0113867 8.74228e-008 -1 -1.22465e-016 0.0051057 -1.46937e-039 1.22465e-016 -1 0.0141667 0 0 0 1 1 0 0 0 0 1 0 -0.118494 0 0 1 -0.00466711 0 0 0 1 1 -0 0 0 0 1 -6.245e-017 -0.118494 -0 7.63278e-017 1 -0.00466711 0 0 0 1 1 -1.45826e-007 -2.0678e-014 1.9661e-008 1.45826e-007 1 2.84025e-007 -0.134824 -2.06086e-014 -2.84025e-007 1 -0.00549707 0 0 0 1 1 1.19298e-006 -1.94547e-014 -0.00405115 -1.19298e-006 1 -3.26081e-008 -0.156663 -1.94547e-014 3.26081e-008 1 0.0023929 0 0 0 1 1 -1.56299e-015 9.01523e-032 -0.0207661 1.56472e-015 1 -5.76796e-017 -0.157449 -6.93889e-018 5.74627e-017 1 0.00193603 0 0 0 1 1 7.28491e-007 -2.92402e-015 -0.0506428 -7.28491e-007 1 -8.01431e-009 -0.157124 -2.91881e-015 8.01431e-009 1 0.00296999 0 0 0 1 1 0 0 -0.0648966 0 1 0 -0.1576 0 0 1 0.00280106 0 0 0 1 1 -3.32535e-006 9.07931e-007 -0.0780618 3.32534e-006 1 3.47466e-006 -0.158047 -9.07942e-007 -3.47465e-006 1 0.00266896 0 0 0 1 1 0 0 -0.0907754 0 1 0 -0.159281 0 0 1 -0.00164029 0 0 0 1 1 0 0 -0.0960558 0 1 0 -0.159281 0 0 1 -0.00164029 0 0 0 1 1 0 0 -0.0908291 0 1 0 -0.159497 0 0 1 0.00158223 0 0 0 1 1 0 0 -0.0969463 0 1 0 -0.159497 0 0 1 0.00158223 0 0 0 1 1 0 0 -0.0905703 0 1 0 -0.158803 0 0 1 0.00436175 0 0 0 1 1 0 0 -0.0960839 0 1 0 -0.158803 0 0 1 0.00436175 0 0 0 1 1 0 0 -0.0903002 0 1 0 -0.157703 0 0 1 0.00702963 0 0 0 1 1 0 0 -0.0940303 0 1 0 -0.157703 0 0 1 0.00702963 0 0 0 1 2.67655e-024 1 -6.12323e-017 -0.155158 -4.37114e-008 6.12323e-017 1 0.00189926 1 -2.18798e-032 4.37114e-008 -0.0884042 0 0 0 1 1 7.47886e-006 -6.2367e-007 -0.0835652 -7.47886e-006 1 -3.13834e-006 -0.155489 6.23647e-007 3.13834e-006 1 -0.00308091 0 0 0 1 1 0 0 -0.0892851 0 1 0 -0.154644 0 0 1 -0.0054811 0 0 0 1 1 0 0 -0.0321157 0 1 0 -0.157286 0 0 1 0.0023542 0 0 0 1 1 0 0 -0.0207661 0 1 0 -0.157449 0 0 1 0.00193603 0 0 0 1 1 -0 0 0 0 1 -8.94369e-007 -0.16367 -0 8.94369e-007 1 0.000272594 0 0 0 1 1 -9.88642e-007 -5.05792e-009 1.68395e-007 9.88642e-007 1 -7.58592e-007 -0.170326 5.05867e-009 7.58592e-007 1 -0.000740979 0 0 0 1 2.67655e-024 -1 6.12323e-017 0.185198 4.37114e-008 6.12323e-017 1 -0.0141497 -1 -8.28348e-033 4.37114e-008 0.00836081 0 0 0 1 -2.02544e-008 -0.886167 -0.463366 0.154026 3.87356e-008 -0.463366 0.886167 0.088076 -1 -1.32349e-023 4.37114e-008 2.91982e-010 0 0 0 1 -1.69501e-008 -0.921755 -0.387772 0.146304 4.02912e-008 -0.387772 0.921755 0.0766965 -1 -9.92617e-024 4.37114e-008 2.91982e-010 0 0 0 1 -8.84076e-009 -0.979333 -0.202253 0.141357 4.2808e-008 -0.202253 0.979333 0.0502594 -1 6.61744e-024 4.37114e-008 2.91982e-010 0 0 0 1 -8.16107e-009 -0.982653 -0.186704 0.127178 4.29531e-008 -0.186704 0.982653 0.0482555 -1 0 4.37114e-008 2.91982e-010 0 0 0 1 2.67655e-024 -1 6.12323e-017 0.181773 4.37114e-008 6.12323e-017 1 -0.0102887 -1 -8.28348e-033 4.37114e-008 -0.0124433 0 0 0 1 1 0 0 0 0 1 0 -0.170326 0 0 1 -0.00074085 0 0 0 1 1 8.74228e-008 6.93891e-018 0.00405095 8.74228e-008 -1 -1.3786e-016 0.156663 1.04083e-017 1.37644e-016 -1 -0.00239291 0 0 0 1 1 8.74228e-008 1.46311e-023 0.0207661 8.74228e-008 -1 -1.6811e-016 0.157449 -1.38778e-017 1.68001e-016 -1 -0.00193603 0 0 0 1 1 8.74228e-008 -1.73471e-018 0.0506427 8.74228e-008 -1 -1.19483e-016 0.157124 1.73472e-018 1.19429e-016 -1 -0.00296999 0 0 0 1 1 8.74228e-008 1.07062e-023 0.0648966 8.74228e-008 -1 -1.22465e-016 0.1576 -1.46937e-039 1.22465e-016 -1 -0.00280106 0 0 0 1 1 8.74228e-008 1.11022e-015 0.0780624 8.74228e-008 -1 -1.0384e-015 0.158047 9.4369e-016 1.20493e-015 -1 -0.00266834 0 0 0 1 1 8.74228e-008 1.06407e-023 0.0907754 8.74228e-008 -1 -1.22465e-016 0.159281 -6.54974e-026 1.22465e-016 -1 0.00164029 0 0 0 1 1 8.74228e-008 1.07062e-023 0.0960559 8.74228e-008 -1 -1.22465e-016 0.159281 -1.46937e-039 1.22465e-016 -1 0.00164029 0 0 0 1 1 8.74228e-008 1.06407e-023 0.0908291 8.74228e-008 -1 -1.22465e-016 0.159497 -6.5497e-026 1.22465e-016 -1 -0.00158222 0 0 0 1 1 8.74228e-008 1.07062e-023 0.0969463 8.74228e-008 -1 -1.22465e-016 0.159497 -1.46937e-039 1.22465e-016 -1 -0.00158222 0 0 0 1 1 8.74228e-008 1.06407e-023 0.0905703 8.74228e-008 -1 -1.22465e-016 0.158803 -6.54971e-026 1.22465e-016 -1 -0.00436175 0 0 0 1 1 8.74228e-008 1.07062e-023 0.0960839 8.74228e-008 -1 -1.22465e-016 0.158803 -1.46937e-039 1.22465e-016 -1 -0.00436175 0 0 0 1 1 8.74228e-008 1.06407e-023 0.0903002 8.74228e-008 -1 -1.22465e-016 0.157703 -6.54963e-026 1.22465e-016 -1 -0.00702962 0 0 0 1 1 8.74228e-008 1.07062e-023 0.0940303 8.74228e-008 -1 -1.22465e-016 0.157703 -1.46937e-039 1.22465e-016 -1 -0.00702962 0 0 0 1 8.74228e-008 -1 -1.83697e-016 0.155158 -4.37114e-008 -4.00507e-015 1 0.00189926 -1 -8.74228e-008 -4.37114e-008 -0.0884041 0 0 0 1 1 -9.60325e-008 6.23656e-007 0.083564 -9.60325e-008 -1 7.6983e-008 0.15549 6.23656e-007 -7.69831e-008 -1 0.00308043 0 0 0 1 1 8.74228e-008 1.07062e-023 0.0892851 8.74228e-008 -1 -1.22465e-016 0.154644 -1.46937e-039 1.22465e-016 -1 0.00548111 0 0 0 1 1 8.74228e-008 1.07062e-023 0.0321157 8.74228e-008 -1 -1.22465e-016 0.157286 -1.46937e-039 1.22465e-016 -1 -0.0023542 0 0 0 1 1 8.74228e-008 1.07062e-023 0.0207661 8.74228e-008 -1 -1.22465e-016 0.157449 -1.46937e-039 1.22465e-016 -1 -0.00193603 0 0 0 1 1 0 0 0 0 1 0 0 0 0 1 0 0 0 0 1</float_array>
					<technique_common>
						<accessor count="63" source="#ID144" stride="16">
							<param name="TRANSFORM" type="float4x4"/>
						</accessor>
					</technique_common>
				</source>
				<joints>
					<input semantic="JOINT" source="#ID139"/>
					<input semantic="INV_BIND_MATRIX" source="#ID143"/>
				</joints>
				<vertex_weights count="28">
					<input offset="0" semantic="JOINT" source="#ID139" set="0"/>
					<input offset="1" semantic="WEIGHT" source="#ID141" set="0"/>
					<vcount>1 1 1 1 1 1 1 1 1 1 1 1 1 1 1 1 1 1 1 1 1 1 1 1 1 1 1 1</vcount>
					<v>14 1 14 1 14 1 14 1 14 1 14 1 14 1 14 1 14 1 14 1 14 1 14 1 14 1 14 1 14 1 14 1 14 1 14 1 14 1 14 1 14 1 14 1 14 1 14 1 14 1 14 1 14 1 14 1</v>
				</vertex_weights>
			</skin>
		</controller>
		<controller id="ID145">
			<skin source="#ID146">
				<bind_shape_matrix>1 0 0 0 0 1 0 0 0 0 1 0 0 0 0 1</bind_shape_matrix>
				<source id="ID154">
					<Name_array id="ID155" count="63">joint1 joint63 joint2 joint3 joint4 joint6 joint59 joint60 joint61 joint62 joint55 joint56 joint57 joint58 joint54 joint7 joint8 joint36 joint38 joint40 joint53 joint41 joint51 joint52 joint49 joint50 joint47 joint48 joint45 joint46 joint44 joint42 joint43 joint39 joint37 joint27 joint29 joint35 joint31 joint32 joint33 joint34 joint30 joint28 joint9 joint11 joint13 joint26 joint14 joint24 joint25 joint22 joint23 joint20 joint21 joint18 joint19 joint17 joint15 joint16 joint12 joint10 joint5</Name_array>
					<technique_common>
						<accessor count="63" source="#ID155">
							<param name="JOINT" type="Name"/>
						</accessor>
					</technique_common>
				</source>
				<source id="ID156">
					<float_array id="ID157" count="2" digits="2490374">0 1</float_array>
					<technique_common>
						<accessor count="2" source="#ID157">
							<param name="WEIGHT" type="float"/>
						</accessor>
					</technique_common>
				</source>
				<source id="ID158">
					<float_array id="ID159" count="1008" digits="2490374">1 0 0 0 0 1 0 0 0 0 1 0 0 0 0 1 1 0 0 0 0 1 0 0 0 0 1 0 0 0 0 1 1 -0 0 0 0 1 0 0 -0 3.46945e-018 1 0 0 0 0 1 1 0 0 0 0 1 0 -0.109524 0 0 1 -0.00216711 0 0 0 1 1 -0 0 0 0 1 0 -0.109524 -0 3.46945e-018 1 -0.00216711 0 0 0 1 1 0 0 0 0 1 0 -0.109524 0 0 1 -0.00216711 0 0 0 1 1 -3.02388e-010 7.76421e-018 -0.011521 3.02388e-010 1 -1.48303e-008 -0.106526 7.75065e-018 1.48303e-008 1 -0.00383037 0 0 0 1 1 4.33681e-019 -3.71339e-018 -0.0115936 -2.1684e-019 1 -1.38778e-017 -0.0576536 3.23905e-018 1.38778e-017 1 -0.0002693 0 0 0 1 1 -9.54184e-010 1.8115e-016 -0.0115442 9.54184e-010 1 -1.02583e-007 -0.0116915 -8.42632e-017 1.02583e-007 1 0.0027669 0 0 0 1 1 0 0 -0.0113867 0 1 0 -0.00510571 0 0 1 -0.0141667 0 0 0 1 1 8.73813e-008 5.72262e-010 0.011521 8.73813e-008 -1 -2.03449e-009 0.106526 5.72262e-010 2.03449e-009 -1 0.00383038 0 0 0 1 1 8.73875e-008 5.35737e-010 0.0115936 8.73875e-008 -1 2.16568e-009 0.0576536 5.35737e-010 -2.16568e-009 -1 0.00026931 0 0 0 1 1 8.8854e-008 1.74195e-016 0.0115442 8.8854e-008 -1 1.53875e-007 0.0116915 1.3842e-014 -1.53875e-007 -1 -0.00276689 0 0 0 1 1 8.74228e-008 1.07062e-023 0.0113867 8.74228e-008 -1 -1.22465e-016 0.0051057 -1.46937e-039 1.22465e-016 -1 0.0141667 0 0 0 1 1 0 0 0 0 1 0 -0.118494 0 0 1 -0.00466711 0 0 0 1 1 -0 0 0 0 1 -6.245e-017 -0.118494 -0 7.63278e-017 1 -0.00466711 0 0 0 1 1 -1.45826e-007 -2.0678e-014 1.9661e-008 1.45826e-007 1 2.84025e-007 -0.134824 -2.06086e-014 -2.84025e-007 1 -0.00549707 0 0 0 1 1 1.19298e-006 -1.94547e-014 -0.00405115 -1.19298e-006 1 -3.26081e-008 -0.156663 -1.94547e-014 3.26081e-008 1 0.0023929 0 0 0 1 1 -1.56299e-015 9.01523e-032 -0.0207661 1.56472e-015 1 -5.76796e-017 -0.157449 -6.93889e-018 5.74627e-017 1 0.00193603 0 0 0 1 1 7.28491e-007 -2.92402e-015 -0.0506428 -7.28491e-007 1 -8.01431e-009 -0.157124 -2.91881e-015 8.01431e-009 1 0.00296999 0 0 0 1 1 0 0 -0.0648966 0 1 0 -0.1576 0 0 1 0.00280106 0 0 0 1 1 -3.32535e-006 9.07931e-007 -0.0780618 3.32534e-006 1 3.47466e-006 -0.158047 -9.07942e-007 -3.47465e-006 1 0.00266896 0 0 0 1 1 0 0 -0.0907754 0 1 0 -0.159281 0 0 1 -0.00164029 0 0 0 1 1 0 0 -0.0960558 0 1 0 -0.159281 0 0 1 -0.00164029 0 0 0 1 1 0 0 -0.0908291 0 1 0 -0.159497 0 0 1 0.00158223 0 0 0 1 1 0 0 -0.0969463 0 1 0 -0.159497 0 0 1 0.00158223 0 0 0 1 1 0 0 -0.0905703 0 1 0 -0.158803 0 0 1 0.00436175 0 0 0 1 1 0 0 -0.0960839 0 1 0 -0.158803 0 0 1 0.00436175 0 0 0 1 1 0 0 -0.0903002 0 1 0 -0.157703 0 0 1 0.00702963 0 0 0 1 1 0 0 -0.0940303 0 1 0 -0.157703 0 0 1 0.00702963 0 0 0 1 2.67655e-024 1 -6.12323e-017 -0.155158 -4.37114e-008 6.12323e-017 1 0.00189926 1 -2.18798e-032 4.37114e-008 -0.0884042 0 0 0 1 1 7.47886e-006 -6.2367e-007 -0.0835652 -7.47886e-006 1 -3.13834e-006 -0.155489 6.23647e-007 3.13834e-006 1 -0.00308091 0 0 0 1 1 0 0 -0.0892851 0 1 0 -0.154644 0 0 1 -0.0054811 0 0 0 1 1 0 0 -0.0321157 0 1 0 -0.157286 0 0 1 0.0023542 0 0 0 1 1 0 0 -0.0207661 0 1 0 -0.157449 0 0 1 0.00193603 0 0 0 1 1 -0 0 0 0 1 -8.94369e-007 -0.16367 -0 8.94369e-007 1 0.000272594 0 0 0 1 1 -9.88642e-007 -5.05792e-009 1.68395e-007 9.88642e-007 1 -7.58592e-007 -0.170326 5.05867e-009 7.58592e-007 1 -0.000740979 0 0 0 1 2.67655e-024 -1 6.12323e-017 0.185198 4.37114e-008 6.12323e-017 1 -0.0141497 -1 -8.28349e-033 4.37114e-008 0.00836081 0 0 0 1 -2.02544e-008 -0.886167 -0.463366 0.154026 3.87356e-008 -0.463366 0.886167 0.088076 -1 -6.61744e-024 4.37114e-008 2.91982e-010 0 0 0 1 -1.69501e-008 -0.921755 -0.387772 0.146304 4.02912e-008 -0.387772 0.921755 0.0766965 -1 -6.61744e-024 4.37114e-008 2.91982e-010 0 0 0 1 -8.84076e-009 -0.979333 -0.202253 0.141357 4.2808e-008 -0.202253 0.979333 0.0502594 -1 1.32349e-023 4.37114e-008 2.91982e-010 0 0 0 1 -8.16107e-009 -0.982653 -0.186704 0.127178 4.29531e-008 -0.186704 0.982653 0.0482555 -1 0 4.37114e-008 2.91982e-010 0 0 0 1 2.67655e-024 -1 6.12323e-017 0.181773 4.37114e-008 6.12323e-017 1 -0.0102887 -1 -8.28349e-033 4.37114e-008 -0.0124433 0 0 0 1 1 0 0 0 0 1 0 -0.170326 0 0 1 -0.00074085 0 0 0 1 1 8.74228e-008 6.93891e-018 0.00405095 8.74228e-008 -1 -1.3786e-016 0.156663 1.04083e-017 1.37644e-016 -1 -0.00239291 0 0 0 1 1 8.74228e-008 1.46311e-023 0.0207661 8.74228e-008 -1 -1.6811e-016 0.157449 -1.38778e-017 1.68001e-016 -1 -0.00193603 0 0 0 1 1 8.74228e-008 -1.73471e-018 0.0506427 8.74228e-008 -1 -1.19483e-016 0.157124 1.73472e-018 1.19429e-016 -1 -0.00296999 0 0 0 1 1 8.74228e-008 1.07062e-023 0.0648966 8.74228e-008 -1 -1.22465e-016 0.1576 -1.46937e-039 1.22465e-016 -1 -0.00280106 0 0 0 1 1 8.74228e-008 1.11022e-015 0.0780624 8.74228e-008 -1 -1.0384e-015 0.158047 9.4369e-016 1.20493e-015 -1 -0.00266834 0 0 0 1 1 8.74228e-008 1.06407e-023 0.0907754 8.74228e-008 -1 -1.22465e-016 0.159281 -6.54974e-026 1.22465e-016 -1 0.00164029 0 0 0 1 1 8.74228e-008 1.07062e-023 0.0960559 8.74228e-008 -1 -1.22465e-016 0.159281 -1.46937e-039 1.22465e-016 -1 0.00164029 0 0 0 1 1 8.74228e-008 1.06407e-023 0.0908291 8.74228e-008 -1 -1.22465e-016 0.159497 -6.5497e-026 1.22465e-016 -1 -0.00158222 0 0 0 1 1 8.74228e-008 1.07062e-023 0.0969463 8.74228e-008 -1 -1.22465e-016 0.159497 -1.46937e-039 1.22465e-016 -1 -0.00158222 0 0 0 1 1 8.74228e-008 1.06407e-023 0.0905703 8.74228e-008 -1 -1.22465e-016 0.158803 -6.54971e-026 1.22465e-016 -1 -0.00436175 0 0 0 1 1 8.74228e-008 1.07062e-023 0.0960839 8.74228e-008 -1 -1.22465e-016 0.158803 -1.46937e-039 1.22465e-016 -1 -0.00436175 0 0 0 1 1 8.74228e-008 1.06407e-023 0.0903002 8.74228e-008 -1 -1.22465e-016 0.157703 -6.54963e-026 1.22465e-016 -1 -0.00702962 0 0 0 1 1 8.74228e-008 1.07062e-023 0.0940303 8.74228e-008 -1 -1.22465e-016 0.157703 -1.46937e-039 1.22465e-016 -1 -0.00702962 0 0 0 1 8.74228e-008 -1 -1.83697e-016 0.155158 -4.37114e-008 -4.00507e-015 1 0.00189926 -1 -8.74228e-008 -4.37114e-008 -0.0884041 0 0 0 1 1 -9.60325e-008 6.23656e-007 0.083564 -9.60325e-008 -1 7.6983e-008 0.15549 6.23656e-007 -7.69831e-008 -1 0.00308043 0 0 0 1 1 8.74228e-008 1.07062e-023 0.0892851 8.74228e-008 -1 -1.22465e-016 0.154644 -1.46937e-039 1.22465e-016 -1 0.00548111 0 0 0 1 1 8.74228e-008 1.07062e-023 0.0321157 8.74228e-008 -1 -1.22465e-016 0.157286 -1.46937e-039 1.22465e-016 -1 -0.0023542 0 0 0 1 1 8.74228e-008 1.07062e-023 0.0207661 8.74228e-008 -1 -1.22465e-016 0.157449 -1.46937e-039 1.22465e-016 -1 -0.00193603 0 0 0 1 1 0 0 0 0 1 0 0 0 0 1 0 0 0 0 1</float_array>
					<technique_common>
						<accessor count="63" source="#ID159" stride="16">
							<param name="TRANSFORM" type="float4x4"/>
						</accessor>
					</technique_common>
				</source>
				<joints>
					<input semantic="JOINT" source="#ID154"/>
					<input semantic="INV_BIND_MATRIX" source="#ID158"/>
				</joints>
				<vertex_weights count="17">
					<input offset="0" semantic="JOINT" source="#ID154" set="0"/>
					<input offset="1" semantic="WEIGHT" source="#ID156" set="0"/>
					<vcount>1 1 1 1 1 1 1 1 1 1 1 1 1 1 1 1 1</vcount>
					<v>36 1 36 1 36 1 36 1 36 1 36 1 36 1 36 1 36 1 36 1 36 1 36 1 36 1 36 1 36 1 36 1 36 1</v>
				</vertex_weights>
			</skin>
		</controller>
		<controller id="ID160">
			<skin source="#ID161">
				<bind_shape_matrix>1 0 0 0 0 1 0 0 0 0 1 0 0 0 0 1</bind_shape_matrix>
				<source id="ID169">
					<Name_array id="ID170" count="63">joint1 joint63 joint2 joint3 joint4 joint6 joint59 joint60 joint61 joint62 joint55 joint56 joint57 joint58 joint54 joint7 joint8 joint36 joint38 joint40 joint53 joint41 joint51 joint52 joint49 joint50 joint47 joint48 joint45 joint46 joint44 joint42 joint43 joint39 joint37 joint27 joint29 joint35 joint31 joint32 joint33 joint34 joint30 joint28 joint9 joint11 joint13 joint26 joint14 joint24 joint25 joint22 joint23 joint20 joint21 joint18 joint19 joint17 joint15 joint16 joint12 joint10 joint5</Name_array>
					<technique_common>
						<accessor count="63" source="#ID170">
							<param name="JOINT" type="Name"/>
						</accessor>
					</technique_common>
				</source>
				<source id="ID171">
					<float_array id="ID172" count="11" digits="2490374">0 1 0.299992 0.500008 0.8 0.900008 0.700008 0.2 0.0999924 0.6 0.4</float_array>
					<technique_common>
						<accessor count="11" source="#ID172">
							<param name="WEIGHT" type="float"/>
						</accessor>
					</technique_common>
				</source>
				<source id="ID173">
					<float_array id="ID174" count="1008" digits="2490374">1 0 0 0 0 1 0 0 0 0 1 0 0 0 0 1 1 0 0 0 0 1 0 0 0 0 1 0 0 0 0 1 1 -0 0 0 0 1 0 0 -0 3.46945e-018 1 0 0 0 0 1 1 0 0 0 0 1 0 -0.109524 0 0 1 -0.00216711 0 0 0 1 1 -0 0 0 0 1 0 -0.109524 -0 3.46945e-018 1 -0.00216711 0 0 0 1 1 0 0 0 0 1 0 -0.109524 0 0 1 -0.00216711 0 0 0 1 1 -3.02388e-010 7.76421e-018 -0.011521 3.02388e-010 1 -1.48303e-008 -0.106526 7.75065e-018 1.48303e-008 1 -0.00383037 0 0 0 1 1 4.33681e-019 -3.71339e-018 -0.0115936 -2.1684e-019 1 -1.38778e-017 -0.0576536 3.23905e-018 1.38778e-017 1 -0.0002693 0 0 0 1 1 -9.54184e-010 1.8115e-016 -0.0115442 9.54184e-010 1 -1.02583e-007 -0.0116915 -8.42632e-017 1.02583e-007 1 0.0027669 0 0 0 1 1 0 0 -0.0113867 0 1 0 -0.00510571 0 0 1 -0.0141667 0 0 0 1 1 8.73813e-008 5.72262e-010 0.011521 8.73813e-008 -1 -2.03449e-009 0.106526 5.72262e-010 2.03449e-009 -1 0.00383038 0 0 0 1 1 8.73875e-008 5.35737e-010 0.0115936 8.73875e-008 -1 2.16568e-009 0.0576536 5.35737e-010 -2.16568e-009 -1 0.00026931 0 0 0 1 1 8.8854e-008 1.74195e-016 0.0115442 8.8854e-008 -1 1.53875e-007 0.0116915 1.3842e-014 -1.53875e-007 -1 -0.00276689 0 0 0 1 1 8.74228e-008 1.07062e-023 0.0113867 8.74228e-008 -1 -1.22465e-016 0.0051057 -1.46937e-039 1.22465e-016 -1 0.0141667 0 0 0 1 1 0 0 0 0 1 0 -0.118494 0 0 1 -0.00466711 0 0 0 1 1 -0 0 0 0 1 -6.245e-017 -0.118494 -0 7.63278e-017 1 -0.00466711 0 0 0 1 1 -1.45826e-007 -2.0678e-014 1.9661e-008 1.45826e-007 1 2.84025e-007 -0.134824 -2.06086e-014 -2.84025e-007 1 -0.00549707 0 0 0 1 1 1.19298e-006 -1.94547e-014 -0.00405115 -1.19298e-006 1 -3.26081e-008 -0.156663 -1.94547e-014 3.26081e-008 1 0.0023929 0 0 0 1 1 -1.56299e-015 9.01523e-032 -0.0207661 1.56472e-015 1 -5.76796e-017 -0.157449 -6.93889e-018 5.74627e-017 1 0.00193603 0 0 0 1 1 7.28491e-007 -2.92402e-015 -0.0506428 -7.28491e-007 1 -8.01431e-009 -0.157124 -2.91881e-015 8.01431e-009 1 0.00296999 0 0 0 1 1 0 0 -0.0648966 0 1 0 -0.1576 0 0 1 0.00280106 0 0 0 1 1 -3.32535e-006 9.07931e-007 -0.0780618 3.32534e-006 1 3.47466e-006 -0.158047 -9.07942e-007 -3.47465e-006 1 0.00266896 0 0 0 1 1 0 0 -0.0907754 0 1 0 -0.159281 0 0 1 -0.00164029 0 0 0 1 1 0 0 -0.0960558 0 1 0 -0.159281 0 0 1 -0.00164029 0 0 0 1 1 0 0 -0.0908291 0 1 0 -0.159497 0 0 1 0.00158223 0 0 0 1 1 0 0 -0.0969463 0 1 0 -0.159497 0 0 1 0.00158223 0 0 0 1 1 0 0 -0.0905703 0 1 0 -0.158803 0 0 1 0.00436175 0 0 0 1 1 0 0 -0.0960839 0 1 0 -0.158803 0 0 1 0.00436175 0 0 0 1 1 0 0 -0.0903002 0 1 0 -0.157703 0 0 1 0.00702963 0 0 0 1 1 0 0 -0.0940303 0 1 0 -0.157703 0 0 1 0.00702963 0 0 0 1 2.67655e-024 1 -6.12323e-017 -0.155158 -4.37114e-008 6.12323e-017 1 0.00189926 1 -2.18798e-032 4.37114e-008 -0.0884042 0 0 0 1 1 7.47886e-006 -6.2367e-007 -0.0835652 -7.47886e-006 1 -3.13834e-006 -0.155489 6.23647e-007 3.13834e-006 1 -0.00308091 0 0 0 1 1 0 0 -0.0892851 0 1 0 -0.154644 0 0 1 -0.0054811 0 0 0 1 1 0 0 -0.0321157 0 1 0 -0.157286 0 0 1 0.0023542 0 0 0 1 1 0 0 -0.0207661 0 1 0 -0.157449 0 0 1 0.00193603 0 0 0 1 1 -0 0 0 0 1 -8.94369e-007 -0.16367 -0 8.94369e-007 1 0.000272594 0 0 0 1 1 -9.88642e-007 -5.05792e-009 1.68395e-007 9.88642e-007 1 -7.58592e-007 -0.170326 5.05867e-009 7.58592e-007 1 -0.000740979 0 0 0 1 2.67655e-024 -1 6.12323e-017 0.185198 4.37114e-008 6.12323e-017 1 -0.0141497 -1 -8.28348e-033 4.37114e-008 0.00836081 0 0 0 1 -2.02544e-008 -0.886167 -0.463366 0.154026 3.87356e-008 -0.463366 0.886167 0.088076 -1 -1.32349e-023 4.37114e-008 2.91982e-010 0 0 0 1 -1.69501e-008 -0.921755 -0.387772 0.146304 4.02912e-008 -0.387772 0.921755 0.0766965 -1 -9.92617e-024 4.37114e-008 2.91982e-010 0 0 0 1 -8.84076e-009 -0.979333 -0.202253 0.141357 4.2808e-008 -0.202253 0.979333 0.0502594 -1 6.61744e-024 4.37114e-008 2.91982e-010 0 0 0 1 -8.16107e-009 -0.982653 -0.186704 0.127178 4.29531e-008 -0.186704 0.982653 0.0482555 -1 0 4.37114e-008 2.91982e-010 0 0 0 1 2.67655e-024 -1 6.12323e-017 0.181773 4.37114e-008 6.12323e-017 1 -0.0102887 -1 -8.28348e-033 4.37114e-008 -0.0124433 0 0 0 1 1 0 0 0 0 1 0 -0.170326 0 0 1 -0.00074085 0 0 0 1 1 8.74228e-008 6.93891e-018 0.00405095 8.74228e-008 -1 -1.3786e-016 0.156663 1.04083e-017 1.37644e-016 -1 -0.00239291 0 0 0 1 1 8.74228e-008 1.46311e-023 0.0207661 8.74228e-008 -1 -1.6811e-016 0.157449 -1.38778e-017 1.68001e-016 -1 -0.00193603 0 0 0 1 1 8.74228e-008 -1.73471e-018 0.0506427 8.74228e-008 -1 -1.19483e-016 0.157124 1.73472e-018 1.19429e-016 -1 -0.00296999 0 0 0 1 1 8.74228e-008 1.07062e-023 0.0648966 8.74228e-008 -1 -1.22465e-016 0.1576 -1.46937e-039 1.22465e-016 -1 -0.00280106 0 0 0 1 1 8.74228e-008 1.11022e-015 0.0780624 8.74228e-008 -1 -1.0384e-015 0.158047 9.4369e-016 1.20493e-015 -1 -0.00266834 0 0 0 1 1 8.74228e-008 1.06407e-023 0.0907754 8.74228e-008 -1 -1.22465e-016 0.159281 -6.54974e-026 1.22465e-016 -1 0.00164029 0 0 0 1 1 8.74228e-008 1.07062e-023 0.0960559 8.74228e-008 -1 -1.22465e-016 0.159281 -1.46937e-039 1.22465e-016 -1 0.00164029 0 0 0 1 1 8.74228e-008 1.06407e-023 0.0908291 8.74228e-008 -1 -1.22465e-016 0.159497 -6.5497e-026 1.22465e-016 -1 -0.00158222 0 0 0 1 1 8.74228e-008 1.07062e-023 0.0969463 8.74228e-008 -1 -1.22465e-016 0.159497 -1.46937e-039 1.22465e-016 -1 -0.00158222 0 0 0 1 1 8.74228e-008 1.06407e-023 0.0905703 8.74228e-008 -1 -1.22465e-016 0.158803 -6.54971e-026 1.22465e-016 -1 -0.00436175 0 0 0 1 1 8.74228e-008 1.07062e-023 0.0960839 8.74228e-008 -1 -1.22465e-016 0.158803 -1.46937e-039 1.22465e-016 -1 -0.00436175 0 0 0 1 1 8.74228e-008 1.06407e-023 0.0903002 8.74228e-008 -1 -1.22465e-016 0.157703 -6.54963e-026 1.22465e-016 -1 -0.00702962 0 0 0 1 1 8.74228e-008 1.07062e-023 0.0940303 8.74228e-008 -1 -1.22465e-016 0.157703 -1.46937e-039 1.22465e-016 -1 -0.00702962 0 0 0 1 8.74228e-008 -1 -1.83697e-016 0.155158 -4.37114e-008 -4.00507e-015 1 0.00189926 -1 -8.74228e-008 -4.37114e-008 -0.0884041 0 0 0 1 1 -9.60325e-008 6.23656e-007 0.083564 -9.60325e-008 -1 7.6983e-008 0.15549 6.23656e-007 -7.69831e-008 -1 0.00308043 0 0 0 1 1 8.74228e-008 1.07062e-023 0.0892851 8.74228e-008 -1 -1.22465e-016 0.154644 -1.46937e-039 1.22465e-016 -1 0.00548111 0 0 0 1 1 8.74228e-008 1.07062e-023 0.0321157 8.74228e-008 -1 -1.22465e-016 0.157286 -1.46937e-039 1.22465e-016 -1 -0.0023542 0 0 0 1 1 8.74228e-008 1.07062e-023 0.0207661 8.74228e-008 -1 -1.22465e-016 0.157449 -1.46937e-039 1.22465e-016 -1 -0.00193603 0 0 0 1 1 0 0 0 0 1 0 0 0 0 1 0 0 0 0 1</float_array>
					<technique_common>
						<accessor count="63" source="#ID174" stride="16">
							<param name="TRANSFORM" type="float4x4"/>
						</accessor>
					</technique_common>
				</source>
				<joints>
					<input semantic="JOINT" source="#ID169"/>
					<input semantic="INV_BIND_MATRIX" source="#ID173"/>
				</joints>
				<vertex_weights count="323">
					<input offset="0" semantic="JOINT" source="#ID169" set="0"/>
					<input offset="1" semantic="WEIGHT" source="#ID171" set="0"/>
					<vcount>1 1 1 1 1 1 1 1 1 1 1 1 1 1 1 1 1 1 1 1 1 1 1 1 1 1 2 2 2 2 2 2 2 2 2 2 2 1 1 1 1 1 1 1 1 1 1 1 2 2 2 2 2 2 1 1 1 1 2 2 2 2 2 2 2 2 2 2 2 2 2 2 2 2 1 1 1 1 1 1 1 1 1 1 2 2 2 2 2 1 1 1 1 1 1 1 1 1 1 1 1 1 1 1 1 1 1 1 1 1 2 2 2 2 2 2 2 2 2 2 2 2 2 2 2 2 2 2 2 2 2 2 2 2 1 1 1 2 2 2 1 1 1 1 1 1 1 2 2 2 2 2 2 1 1 1 1 1 1 2 2 2 2 2 2 2 1 1 1 2 1 2 2 2 2 2 2 2 1 1 2 2 2 2 2 2 2 2 2 1 2 1 1 1 1 2 2 2 2 1 1 1 2 2 2 2 1 1 1 1 1 1 1 1 2 1 1 2 1 1 1 2 2 2 2 1 1 2 2 1 1 1 2 2 2 2 2 2 1 1 1 1 1 2 2 2 2 1 1 2 1 1 1 1 1 2 2 2 2 2 2 1 1 2 2 2 2 2 2 1 2 1 2 1 2 2 2 2 2 2 2 2 2 2 2 2 2 2 2 2 2 2 2 2 2 2 2 2 2 2 1 1 1 1 1 1 1 1 1 1 2 2 2 2 1 1 1 1 1 1 2 2 2</vcount>
					<v>36 1 36 1 36 1 36 1 36 1 36 1 36 1 36 1 36 1 36 1 36 1 36 1 36 1 36 1 36 1 36 1 36 1 36 1 36 1 36 1 36 1 36 1 36 1 36 1 36 1 36 1 36 2 38 6 36 2 38 6 36 2 38 6 36 2 38 6 36 2 38 6 36 2 38 6 36 2 38 6 36 2 38 6 36 2 38 6 36 2 38 6 36 2 38 6 36 1 36 1 36 1 36 1 36 1 36 1 36 1 36 1 36 1 36 1 36 1 36 2 38 6 36 3 38 3 36 3 38 3 36 3 38 3 36 4 38 7 36 4 38 7 36 1 36 1 36 1 36 1 36 2 38 6 36 2 38 6 36 2 38 6 36 2 38 6 36 2 38 6 36 2 38 6 36 2 38 6 36 2 38 6 36 2 38 6 36 2 38 6 36 3 38 3 36 3 38 3 36 3 38 3 36 4 38 7 36 4 38 7 36 5 38 8 36 1 36 1 36 1 36 1 36 1 36 1 36 1 36 1 36 1 36 1 36 2 38 6 36 3 38 3 36 2 38 6 36 3 38 3 36 3 38 3 36 1 36 1 36 1 36 1 36 1 36 1 36 1 36 1 36 1 36 1 36 1 36 1 36 1 36 1 36 1 36 1 36 1 36 1 36 1 36 1 36 1 36 5 38 8 36 5 38 8 36 3 38 3 36 3 38 3 36 2 38 6 36 2 38 6 36 2 38 6 36 2 38 6 36 2 38 6 36 2 38 6 36 2 38 6 36 2 38 6 36 2 38 6 36 2 38 6 36 2 38 6 36 2 38 6 36 2 38 6 36 2 38 6 36 2 38 6 36 2 38 6 36 2 38 6 36 6 38 2 36 3 38 3 36 6 38 2 36 1 36 1 36 1 36 2 38 6 36 2 38 6 36 2 38 6 36 1 36 1 36 1 36 1 36 1 36 1 36 1 36 2 38 6 36 2 38 6 36 2 38 6 36 2 38 6 36 2 38 6 36 2 38 6 36 1 36 1 36 1 36 1 36 1 36 1 36 5 38 8 36 3 38 3 36 5 38 8 36 3 38 3 36 3 38 3 36 3 38 3 36 3 38 3 36 1 36 1 36 1 36 6 38 2 36 1 36 2 38 6 36 2 38 6 36 2 38 6 36 2 38 6 38 3 39 3 36 2 38 6 38 3 39 3 36 1 36 1 36 5 38 8 38 9 39 10 38 3 39 3 36 2 38 6 36 2 38 6 36 2 38 6 36 2 38 6 38 3 39 3 38 3 39 3 36 1 36 6 38 2 36 1 36 1 36 1 36 1 36 2 38 6 36 2 38 6 36 2 38 6 36 2 38 6 36 1 36 1 36 1 36 2 38 6 36 2 38 6 36 6 38 2 38 3 39 3 36 1 36 1 36 1 36 1 36 1 36 1 36 1 36 1 36 2 38 6 36 1 36 1 36 2 38 6 36 1 36 1 36 1 38 3 39 3 36 2 38 6 36 2 38 6 36 2 38 6 36 1 36 1 36 2 38 6 36 2 38 6 39 1 39 1 39 1 38 2 39 6 38 7 39 4 38 2 39 6 38 7 39 4 38 2 39 6 38 7 39 4 39 1 39 1 39 1 39 1 39 1 39 5 40 8 39 5 40 8 39 4 40 7 39 4 40 7 39 1 39 1 38 8 39 5 39 1 39 1 39 1 39 1 39 1 39 5 40 8 39 5 40 8 39 5 40 8 39 4 40 7 39 5 40 8 39 5 40 8 39 1 39 1 39 5 40 8 39 4 40 7 39 4 40 7 39 4 40 7 39 4 40 7 39 4 40 7 41 1 40 2 41 6 41 1 40 2 41 6 41 1 40 2 41 6 40 2 41 6 40 3 41 3 40 2 41 6 40 3 41 3 40 2 41 6 40 3 41 3 40 3 41 3 40 3 41 3 40 3 41 3 39 7 40 4 39 7 40 4 39 7 40 4 39 7 40 4 39 3 40 3 39 6 40 2 39 6 40 2 39 3 40 3 39 6 40 2 39 3 40 3 39 3 40 3 39 6 40 2 39 3 40 3 39 3 40 3 39 3 40 3 39 3 40 3 41 1 41 1 41 1 41 1 41 1 41 1 41 1 41 1 41 1 41 1 39 7 40 4 39 7 40 4 39 3 40 3 39 3 40 3 41 1 41 1 41 1 41 1 41 1 41 1 39 3 40 3 39 3 40 3 39 3 40 3</v>
				</vertex_weights>
			</skin>
		</controller>
		<controller id="ID175">
			<skin source="#ID176">
				<bind_shape_matrix>1 0 0 0 0 1 0 0 0 0 1 0 0 0 0 1</bind_shape_matrix>
				<source id="ID184">
					<Name_array id="ID185" count="63">joint1 joint63 joint2 joint3 joint4 joint6 joint59 joint60 joint61 joint62 joint55 joint56 joint57 joint58 joint54 joint7 joint8 joint36 joint38 joint40 joint53 joint41 joint51 joint52 joint49 joint50 joint47 joint48 joint45 joint46 joint44 joint42 joint43 joint39 joint37 joint27 joint29 joint35 joint31 joint32 joint33 joint34 joint30 joint28 joint9 joint11 joint13 joint26 joint14 joint24 joint25 joint22 joint23 joint20 joint21 joint18 joint19 joint17 joint15 joint16 joint12 joint10 joint5</Name_array>
					<technique_common>
						<accessor count="63" source="#ID185">
							<param name="JOINT" type="Name"/>
						</accessor>
					</technique_common>
				</source>
				<source id="ID186">
					<float_array id="ID187" count="11" digits="2490374">0 1 0.8 0.6 0.500008 0.700008 0.900008 0.4 0.2 0.0999924 0.299992</float_array>
					<technique_common>
						<accessor count="11" source="#ID187">
							<param name="WEIGHT" type="float"/>
						</accessor>
					</technique_common>
				</source>
				<source id="ID188">
					<float_array id="ID189" count="1008" digits="2490374">1 0 0 0 0 1 0 0 0 0 1 0 0 0 0 1 1 0 0 0 0 1 0 0 0 0 1 0 0 0 0 1 1 -0 0 0 0 1 0 0 -0 3.46945e-018 1 0 0 0 0 1 1 0 0 0 0 1 0 -0.109524 0 0 1 -0.00216711 0 0 0 1 1 -0 0 0 0 1 0 -0.109524 -0 3.46945e-018 1 -0.00216711 0 0 0 1 1 0 0 0 0 1 0 -0.109524 0 0 1 -0.00216711 0 0 0 1 1 -3.02388e-010 7.76421e-018 -0.011521 3.02388e-010 1 -1.48303e-008 -0.106526 7.75065e-018 1.48303e-008 1 -0.00383037 0 0 0 1 1 4.33681e-019 -3.71339e-018 -0.0115936 -2.1684e-019 1 -1.38778e-017 -0.0576536 3.23905e-018 1.38778e-017 1 -0.0002693 0 0 0 1 1 -9.54184e-010 1.8115e-016 -0.0115442 9.54184e-010 1 -1.02583e-007 -0.0116915 -8.42632e-017 1.02583e-007 1 0.0027669 0 0 0 1 1 0 0 -0.0113867 0 1 0 -0.00510571 0 0 1 -0.0141667 0 0 0 1 1 8.73813e-008 5.72262e-010 0.011521 8.73813e-008 -1 -2.03449e-009 0.106526 5.72262e-010 2.03449e-009 -1 0.00383038 0 0 0 1 1 8.73875e-008 5.35737e-010 0.0115936 8.73875e-008 -1 2.16568e-009 0.0576536 5.35737e-010 -2.16568e-009 -1 0.00026931 0 0 0 1 1 8.8854e-008 1.74195e-016 0.0115442 8.8854e-008 -1 1.53875e-007 0.0116915 1.3842e-014 -1.53875e-007 -1 -0.00276689 0 0 0 1 1 8.74228e-008 1.07062e-023 0.0113867 8.74228e-008 -1 -1.22465e-016 0.0051057 -1.46937e-039 1.22465e-016 -1 0.0141667 0 0 0 1 1 0 0 0 0 1 0 -0.118494 0 0 1 -0.00466711 0 0 0 1 1 -0 0 0 0 1 -6.245e-017 -0.118494 -0 7.63278e-017 1 -0.00466711 0 0 0 1 1 -1.45826e-007 -2.0678e-014 1.9661e-008 1.45826e-007 1 2.84025e-007 -0.134824 -2.06086e-014 -2.84025e-007 1 -0.00549707 0 0 0 1 1 1.19298e-006 -1.94547e-014 -0.00405115 -1.19298e-006 1 -3.26081e-008 -0.156663 -1.94547e-014 3.26081e-008 1 0.0023929 0 0 0 1 1 -1.56299e-015 9.01523e-032 -0.0207661 1.56472e-015 1 -5.76796e-017 -0.157449 -6.93889e-018 5.74627e-017 1 0.00193603 0 0 0 1 1 7.28491e-007 -2.92402e-015 -0.0506428 -7.28491e-007 1 -8.01431e-009 -0.157124 -2.91881e-015 8.01431e-009 1 0.00296999 0 0 0 1 1 0 0 -0.0648966 0 1 0 -0.1576 0 0 1 0.00280106 0 0 0 1 1 -3.32535e-006 9.07931e-007 -0.0780618 3.32534e-006 1 3.47466e-006 -0.158047 -9.07942e-007 -3.47465e-006 1 0.00266896 0 0 0 1 1 0 0 -0.0907754 0 1 0 -0.159281 0 0 1 -0.00164029 0 0 0 1 1 0 0 -0.0960558 0 1 0 -0.159281 0 0 1 -0.00164029 0 0 0 1 1 0 0 -0.0908291 0 1 0 -0.159497 0 0 1 0.00158223 0 0 0 1 1 0 0 -0.0969463 0 1 0 -0.159497 0 0 1 0.00158223 0 0 0 1 1 0 0 -0.0905703 0 1 0 -0.158803 0 0 1 0.00436175 0 0 0 1 1 0 0 -0.0960839 0 1 0 -0.158803 0 0 1 0.00436175 0 0 0 1 1 0 0 -0.0903002 0 1 0 -0.157703 0 0 1 0.00702963 0 0 0 1 1 0 0 -0.0940303 0 1 0 -0.157703 0 0 1 0.00702963 0 0 0 1 2.67655e-024 1 -6.12323e-017 -0.155158 -4.37114e-008 6.12323e-017 1 0.00189926 1 -2.18798e-032 4.37114e-008 -0.0884042 0 0 0 1 1 7.47886e-006 -6.2367e-007 -0.0835652 -7.47886e-006 1 -3.13834e-006 -0.155489 6.23647e-007 3.13834e-006 1 -0.00308091 0 0 0 1 1 0 0 -0.0892851 0 1 0 -0.154644 0 0 1 -0.0054811 0 0 0 1 1 0 0 -0.0321157 0 1 0 -0.157286 0 0 1 0.0023542 0 0 0 1 1 0 0 -0.0207661 0 1 0 -0.157449 0 0 1 0.00193603 0 0 0 1 1 -0 0 0 0 1 -8.94369e-007 -0.16367 -0 8.94369e-007 1 0.000272594 0 0 0 1 1 -9.88642e-007 -5.05792e-009 1.68395e-007 9.88642e-007 1 -7.58592e-007 -0.170326 5.05867e-009 7.58592e-007 1 -0.000740979 0 0 0 1 2.67655e-024 -1 6.12323e-017 0.185198 4.37114e-008 6.12323e-017 1 -0.0141497 -1 -8.28348e-033 4.37114e-008 0.00836081 0 0 0 1 -2.02544e-008 -0.886167 -0.463366 0.154026 3.87356e-008 -0.463366 0.886167 0.088076 -1 -1.32349e-023 4.37114e-008 2.91982e-010 0 0 0 1 -1.69501e-008 -0.921755 -0.387772 0.146304 4.02912e-008 -0.387772 0.921755 0.0766965 -1 -9.92617e-024 4.37114e-008 2.91982e-010 0 0 0 1 -8.84076e-009 -0.979333 -0.202253 0.141357 4.2808e-008 -0.202253 0.979333 0.0502594 -1 6.61744e-024 4.37114e-008 2.91982e-010 0 0 0 1 -8.16107e-009 -0.982653 -0.186704 0.127178 4.29531e-008 -0.186704 0.982653 0.0482555 -1 0 4.37114e-008 2.91982e-010 0 0 0 1 2.67655e-024 -1 6.12323e-017 0.181773 4.37114e-008 6.12323e-017 1 -0.0102887 -1 -8.28348e-033 4.37114e-008 -0.0124433 0 0 0 1 1 0 0 0 0 1 0 -0.170326 0 0 1 -0.00074085 0 0 0 1 1 8.74228e-008 6.93891e-018 0.00405095 8.74228e-008 -1 -1.3786e-016 0.156663 1.04083e-017 1.37644e-016 -1 -0.00239291 0 0 0 1 1 8.74228e-008 1.46311e-023 0.0207661 8.74228e-008 -1 -1.6811e-016 0.157449 -1.38778e-017 1.68001e-016 -1 -0.00193603 0 0 0 1 1 8.74228e-008 -1.73471e-018 0.0506427 8.74228e-008 -1 -1.19483e-016 0.157124 1.73472e-018 1.19429e-016 -1 -0.00296999 0 0 0 1 1 8.74228e-008 1.07062e-023 0.0648966 8.74228e-008 -1 -1.22465e-016 0.1576 -1.46937e-039 1.22465e-016 -1 -0.00280106 0 0 0 1 1 8.74228e-008 1.11022e-015 0.0780624 8.74228e-008 -1 -1.0384e-015 0.158047 9.4369e-016 1.20493e-015 -1 -0.00266834 0 0 0 1 1 8.74228e-008 1.06407e-023 0.0907754 8.74228e-008 -1 -1.22465e-016 0.159281 -6.54974e-026 1.22465e-016 -1 0.00164029 0 0 0 1 1 8.74228e-008 1.07062e-023 0.0960559 8.74228e-008 -1 -1.22465e-016 0.159281 -1.46937e-039 1.22465e-016 -1 0.00164029 0 0 0 1 1 8.74228e-008 1.06407e-023 0.0908291 8.74228e-008 -1 -1.22465e-016 0.159497 -6.5497e-026 1.22465e-016 -1 -0.00158222 0 0 0 1 1 8.74228e-008 1.07062e-023 0.0969463 8.74228e-008 -1 -1.22465e-016 0.159497 -1.46937e-039 1.22465e-016 -1 -0.00158222 0 0 0 1 1 8.74228e-008 1.06407e-023 0.0905703 8.74228e-008 -1 -1.22465e-016 0.158803 -6.54971e-026 1.22465e-016 -1 -0.00436175 0 0 0 1 1 8.74228e-008 1.07062e-023 0.0960839 8.74228e-008 -1 -1.22465e-016 0.158803 -1.46937e-039 1.22465e-016 -1 -0.00436175 0 0 0 1 1 8.74228e-008 1.06407e-023 0.0903002 8.74228e-008 -1 -1.22465e-016 0.157703 -6.54963e-026 1.22465e-016 -1 -0.00702962 0 0 0 1 1 8.74228e-008 1.07062e-023 0.0940303 8.74228e-008 -1 -1.22465e-016 0.157703 -1.46937e-039 1.22465e-016 -1 -0.00702962 0 0 0 1 8.74228e-008 -1 -1.83697e-016 0.155158 -4.37114e-008 -4.00507e-015 1 0.00189926 -1 -8.74228e-008 -4.37114e-008 -0.0884041 0 0 0 1 1 -9.60325e-008 6.23656e-007 0.083564 -9.60325e-008 -1 7.6983e-008 0.15549 6.23656e-007 -7.69831e-008 -1 0.00308043 0 0 0 1 1 8.74228e-008 1.07062e-023 0.0892851 8.74228e-008 -1 -1.22465e-016 0.154644 -1.46937e-039 1.22465e-016 -1 0.00548111 0 0 0 1 1 8.74228e-008 1.07062e-023 0.0321157 8.74228e-008 -1 -1.22465e-016 0.157286 -1.46937e-039 1.22465e-016 -1 -0.0023542 0 0 0 1 1 8.74228e-008 1.07062e-023 0.0207661 8.74228e-008 -1 -1.22465e-016 0.157449 -1.46937e-039 1.22465e-016 -1 -0.00193603 0 0 0 1 1 0 0 0 0 1 0 0 0 0 1 0 0 0 0 1</float_array>
					<technique_common>
						<accessor count="63" source="#ID189" stride="16">
							<param name="TRANSFORM" type="float4x4"/>
						</accessor>
					</technique_common>
				</source>
				<joints>
					<input semantic="JOINT" source="#ID184"/>
					<input semantic="INV_BIND_MATRIX" source="#ID188"/>
				</joints>
				<vertex_weights count="249">
					<input offset="0" semantic="JOINT" source="#ID184" set="0"/>
					<input offset="1" semantic="WEIGHT" source="#ID186" set="0"/>
					<vcount>2 2 1 2 1 2 1 2 1 2 1 2 2 2 2 2 2 2 2 2 2 2 2 2 2 1 1 1 1 2 2 2 2 2 2 2 2 2 2 2 2 2 2 2 2 2 2 2 2 1 1 2 2 2 2 2 2 2 2 2 2 2 2 2 2 1 2 2 2 2 2 2 2 1 2 2 1 1 2 1 2 2 2 1 2 2 2 2 2 2 2 2 2 2 2 2 2 2 2 2 2 2 2 2 2 2 1 2 1 2 1 2 2 2 2 2 2 1 2 1 2 2 2 2 2 2 2 2 2 2 2 1 1 2 2 2 2 2 2 2 2 2 2 2 1 2 2 2 2 2 2 2 2 2 2 2 2 2 2 2 2 2 2 2 2 2 2 2 2 2 2 2 2 2 2 2 2 2 2 2 2 2 2 2 2 2 2 2 2 2 2 2 2 2 2 2 2 2 2 2 2 2 2 2 2 2 2 2 2 2 2 2 2 2 2 2 2 2 2 2 2 2 2 2 2 2 2 2 2 2 2 2 2 2 2 2 2 2 2 2 2 2 2 2 2 2 2 2 2</vcount>
					<v>36 2 42 8 36 2 42 8 36 1 36 3 42 7 36 1 36 2 42 8 36 1 36 2 42 8 36 1 36 2 42 8 36 1 36 4 42 4 36 2 42 8 36 5 42 10 36 3 42 7 36 3 42 7 36 4 42 4 36 4 42 4 36 4 42 4 36 3 42 7 36 3 42 7 36 5 42 10 36 5 42 10 36 5 42 10 36 2 42 8 36 1 36 1 36 1 36 1 36 6 42 9 36 2 42 8 36 2 42 8 36 5 42 10 36 5 42 10 36 5 42 10 36 3 42 7 36 5 42 10 36 3 42 7 36 7 42 3 36 5 42 10 36 5 42 10 36 4 42 4 36 3 42 7 36 4 42 4 36 5 42 10 36 5 42 10 36 2 42 8 36 2 42 8 36 2 42 8 36 1 36 1 36 5 42 10 36 3 42 7 36 3 42 7 36 4 42 4 36 4 42 4 36 4 42 4 36 3 42 7 36 4 42 4 36 3 42 7 36 3 42 7 36 4 42 4 36 4 42 4 36 3 42 7 36 2 42 8 36 1 36 7 42 3 36 4 42 4 36 4 42 4 36 3 42 7 36 3 42 7 36 5 42 10 36 3 42 7 36 1 36 5 42 10 36 2 42 8 36 1 36 1 36 4 42 4 36 1 36 4 42 4 36 4 42 4 36 4 42 4 36 1 36 4 42 4 36 5 42 10 36 4 42 4 36 4 42 4 36 4 42 4 36 4 42 4 36 5 37 10 36 6 37 9 36 5 37 10 36 6 37 9 36 5 37 10 36 2 37 8 36 5 37 10 36 6 37 9 36 5 37 10 36 5 37 10 36 5 37 10 36 6 37 9 36 6 37 9 36 2 37 8 36 6 37 9 36 6 37 9 36 1 36 6 37 9 36 1 36 6 37 9 36 1 36 5 37 10 36 5 37 10 36 5 37 10 36 5 37 10 36 6 37 9 36 6 37 9 36 1 36 6 37 9 36 1 36 6 37 9 36 2 37 8 36 6 37 9 36 5 37 10 36 5 37 10 36 5 37 10 36 5 37 10 36 5 37 10 36 5 37 10 36 6 37 9 36 6 37 9 36 1 36 1 36 6 37 9 36 6 37 9 36 2 37 8 36 5 37 10 36 5 37 10 36 6 37 9 36 6 37 9 36 6 37 9 36 5 37 10 36 8 42 2 36 8 42 2 36 1 36 6 37 9 36 9 42 6 36 9 42 6 36 10 42 5 36 10 42 5 36 5 37 10 36 6 37 9 36 8 42 2 36 8 42 2 36 8 42 2 36 8 42 2 36 8 42 2 36 8 42 2 36 8 42 2 36 8 42 2 36 8 42 2 36 8 42 2 36 8 42 2 36 8 42 2 36 5 37 10 36 10 42 5 36 5 37 10 36 3 37 7 36 3 37 7 36 4 37 4 36 4 37 4 36 7 37 3 36 7 37 3 36 8 37 2 36 8 37 2 36 3 37 7 36 3 37 7 36 3 37 7 36 4 37 4 36 3 37 7 36 4 37 4 36 3 37 7 36 4 37 4 36 4 37 4 36 7 37 3 36 7 37 3 36 10 37 5 36 8 37 2 36 8 37 2 36 10 37 5 36 10 37 5 36 7 37 3 36 7 37 3 36 3 37 7 36 3 37 7 36 10 37 5 36 10 37 5 36 7 37 3 36 7 37 3 36 3 37 7 36 3 37 7 36 9 37 6 36 9 37 6 36 10 37 5 36 10 37 5 36 4 37 4 36 4 37 4 36 7 37 3 36 10 37 5 36 7 37 3 36 10 37 5 36 7 37 3 36 10 37 5 36 4 37 4 36 3 37 7 36 7 37 3 36 7 37 3 36 10 37 5 36 7 37 3 36 10 37 5 36 10 37 5 36 8 37 2 36 10 37 5 36 4 37 4 36 10 37 5 36 10 37 5 36 7 37 3 36 7 37 3 36 3 37 7 36 7 37 3 36 8 37 2 36 8 37 2 36 10 37 5 36 10 37 5 36 4 37 4 36 7 37 3 36 8 37 2 36 8 37 2 36 8 37 2 36 7 37 3 36 8 37 2 36 8 37 2 36 10 37 5 36 10 37 5 36 8 37 2 36 8 37 2 36 10 37 5 36 8 37 2 36 8 37 2</v>
				</vertex_weights>
			</skin>
		</controller>
		<controller id="ID190">
			<skin source="#ID191">
				<bind_shape_matrix>1 0 0 0 0 1 0 0 0 0 1 0 0 0 0 1</bind_shape_matrix>
				<source id="ID199">
					<Name_array id="ID200" count="63">joint1 joint63 joint2 joint3 joint4 joint6 joint59 joint60 joint61 joint62 joint55 joint56 joint57 joint58 joint54 joint7 joint8 joint36 joint38 joint40 joint53 joint41 joint51 joint52 joint49 joint50 joint47 joint48 joint45 joint46 joint44 joint42 joint43 joint39 joint37 joint27 joint29 joint35 joint31 joint32 joint33 joint34 joint30 joint28 joint9 joint11 joint13 joint26 joint14 joint24 joint25 joint22 joint23 joint20 joint21 joint18 joint19 joint17 joint15 joint16 joint12 joint10 joint5</Name_array>
					<technique_common>
						<accessor count="63" source="#ID200">
							<param name="JOINT" type="Name"/>
						</accessor>
					</technique_common>
				</source>
				<source id="ID201">
					<float_array id="ID202" count="2" digits="2490374">0 1</float_array>
					<technique_common>
						<accessor count="2" source="#ID202">
							<param name="WEIGHT" type="float"/>
						</accessor>
					</technique_common>
				</source>
				<source id="ID203">
					<float_array id="ID204" count="1008" digits="2490374">1 0 0 0 0 1 0 0 0 0 1 0 0 0 0 1 1 0 0 0 0 1 0 0 0 0 1 0 0 0 0 1 1 -0 0 0 0 1 0 0 -0 3.46945e-018 1 0 0 0 0 1 1 0 0 0 0 1 0 -0.109524 0 0 1 -0.00216711 0 0 0 1 1 -0 0 0 0 1 0 -0.109524 -0 3.46945e-018 1 -0.00216711 0 0 0 1 1 0 0 0 0 1 0 -0.109524 0 0 1 -0.00216711 0 0 0 1 1 -3.02388e-010 7.76421e-018 -0.011521 3.02388e-010 1 -1.48303e-008 -0.106526 7.75065e-018 1.48303e-008 1 -0.00383037 0 0 0 1 1 4.33681e-019 -3.71339e-018 -0.0115936 -2.1684e-019 1 -1.38778e-017 -0.0576536 3.23905e-018 1.38778e-017 1 -0.0002693 0 0 0 1 1 -9.54184e-010 1.8115e-016 -0.0115442 9.54184e-010 1 -1.02583e-007 -0.0116915 -8.42632e-017 1.02583e-007 1 0.0027669 0 0 0 1 1 0 0 -0.0113867 0 1 0 -0.00510571 0 0 1 -0.0141667 0 0 0 1 1 8.73813e-008 5.72262e-010 0.011521 8.73813e-008 -1 -2.03449e-009 0.106526 5.72262e-010 2.03449e-009 -1 0.00383038 0 0 0 1 1 8.73875e-008 5.35737e-010 0.0115936 8.73875e-008 -1 2.16568e-009 0.0576536 5.35737e-010 -2.16568e-009 -1 0.00026931 0 0 0 1 1 8.8854e-008 1.74195e-016 0.0115442 8.8854e-008 -1 1.53875e-007 0.0116915 1.3842e-014 -1.53875e-007 -1 -0.00276689 0 0 0 1 1 8.74228e-008 1.07062e-023 0.0113867 8.74228e-008 -1 -1.22465e-016 0.0051057 -1.46937e-039 1.22465e-016 -1 0.0141667 0 0 0 1 1 0 0 0 0 1 0 -0.118494 0 0 1 -0.00466711 0 0 0 1 1 -0 0 0 0 1 -6.245e-017 -0.118494 -0 7.63278e-017 1 -0.00466711 0 0 0 1 1 -1.45826e-007 -2.0678e-014 1.9661e-008 1.45826e-007 1 2.84025e-007 -0.134824 -2.06086e-014 -2.84025e-007 1 -0.00549707 0 0 0 1 1 1.19298e-006 -1.94547e-014 -0.00405115 -1.19298e-006 1 -3.26081e-008 -0.156663 -1.94547e-014 3.26081e-008 1 0.0023929 0 0 0 1 1 -1.56299e-015 9.01523e-032 -0.0207661 1.56472e-015 1 -5.76796e-017 -0.157449 -6.93889e-018 5.74627e-017 1 0.00193603 0 0 0 1 1 7.28491e-007 -2.92402e-015 -0.0506428 -7.28491e-007 1 -8.01431e-009 -0.157124 -2.91881e-015 8.01431e-009 1 0.00296999 0 0 0 1 1 0 0 -0.0648966 0 1 0 -0.1576 0 0 1 0.00280106 0 0 0 1 1 -3.32535e-006 9.07931e-007 -0.0780618 3.32534e-006 1 3.47466e-006 -0.158047 -9.07942e-007 -3.47465e-006 1 0.00266896 0 0 0 1 1 0 0 -0.0907754 0 1 0 -0.159281 0 0 1 -0.00164029 0 0 0 1 1 0 0 -0.0960558 0 1 0 -0.159281 0 0 1 -0.00164029 0 0 0 1 1 0 0 -0.0908291 0 1 0 -0.159497 0 0 1 0.00158223 0 0 0 1 1 0 0 -0.0969463 0 1 0 -0.159497 0 0 1 0.00158223 0 0 0 1 1 0 0 -0.0905703 0 1 0 -0.158803 0 0 1 0.00436175 0 0 0 1 1 0 0 -0.0960839 0 1 0 -0.158803 0 0 1 0.00436175 0 0 0 1 1 0 0 -0.0903002 0 1 0 -0.157703 0 0 1 0.00702963 0 0 0 1 1 0 0 -0.0940303 0 1 0 -0.157703 0 0 1 0.00702963 0 0 0 1 2.67655e-024 1 -6.12323e-017 -0.155158 -4.37114e-008 6.12323e-017 1 0.00189926 1 -2.18798e-032 4.37114e-008 -0.0884042 0 0 0 1 1 7.47886e-006 -6.2367e-007 -0.0835652 -7.47886e-006 1 -3.13834e-006 -0.155489 6.23647e-007 3.13834e-006 1 -0.00308091 0 0 0 1 1 0 0 -0.0892851 0 1 0 -0.154644 0 0 1 -0.0054811 0 0 0 1 1 0 0 -0.0321157 0 1 0 -0.157286 0 0 1 0.0023542 0 0 0 1 1 0 0 -0.0207661 0 1 0 -0.157449 0 0 1 0.00193603 0 0 0 1 1 -0 0 0 0 1 -8.94369e-007 -0.16367 -0 8.94369e-007 1 0.000272594 0 0 0 1 1 -9.88642e-007 -5.05792e-009 1.68395e-007 9.88642e-007 1 -7.58592e-007 -0.170326 5.05867e-009 7.58592e-007 1 -0.000740979 0 0 0 1 2.67655e-024 -1 6.12323e-017 0.185198 4.37114e-008 6.12323e-017 1 -0.0141497 -1 -8.28348e-033 4.37114e-008 0.00836081 0 0 0 1 -2.02544e-008 -0.886167 -0.463366 0.154026 3.87356e-008 -0.463366 0.886167 0.088076 -1 -1.32349e-023 4.37114e-008 2.91982e-010 0 0 0 1 -1.69501e-008 -0.921755 -0.387772 0.146304 4.02912e-008 -0.387772 0.921755 0.0766965 -1 -3.30872e-024 4.37114e-008 2.91982e-010 0 0 0 1 -8.84076e-009 -0.979333 -0.202253 0.141357 4.2808e-008 -0.202253 0.979333 0.0502594 -1 1.65436e-024 4.37114e-008 2.91982e-010 0 0 0 1 -8.16107e-009 -0.982653 -0.186704 0.127178 4.29531e-008 -0.186704 0.982653 0.0482555 -1 -3.31026e-024 4.37114e-008 2.91982e-010 0 0 0 1 2.67655e-024 -1 6.12323e-017 0.181773 4.37114e-008 6.12323e-017 1 -0.0102887 -1 -8.28348e-033 4.37114e-008 -0.0124433 0 0 0 1 1 0 0 0 0 1 0 -0.170326 0 0 1 -0.00074085 0 0 0 1 1 8.74228e-008 6.93891e-018 0.00405095 8.74228e-008 -1 -1.3786e-016 0.156663 1.04083e-017 1.37644e-016 -1 -0.00239291 0 0 0 1 1 8.74228e-008 1.46311e-023 0.0207661 8.74228e-008 -1 -1.6811e-016 0.157449 -1.38778e-017 1.68001e-016 -1 -0.00193603 0 0 0 1 1 8.74228e-008 -1.73471e-018 0.0506427 8.74228e-008 -1 -1.19483e-016 0.157124 1.73472e-018 1.19429e-016 -1 -0.00296999 0 0 0 1 1 8.74228e-008 1.07062e-023 0.0648966 8.74228e-008 -1 -1.22465e-016 0.1576 -1.46937e-039 1.22465e-016 -1 -0.00280106 0 0 0 1 1 8.74228e-008 1.11022e-015 0.0780624 8.74228e-008 -1 -1.0384e-015 0.158047 9.4369e-016 1.20493e-015 -1 -0.00266834 0 0 0 1 1 8.74228e-008 1.06407e-023 0.0907754 8.74228e-008 -1 -1.22465e-016 0.159281 -6.54974e-026 1.22465e-016 -1 0.00164029 0 0 0 1 1 8.74228e-008 1.07062e-023 0.0960559 8.74228e-008 -1 -1.22465e-016 0.159281 -1.46937e-039 1.22465e-016 -1 0.00164029 0 0 0 1 1 8.74228e-008 1.06407e-023 0.0908291 8.74228e-008 -1 -1.22465e-016 0.159497 -6.5497e-026 1.22465e-016 -1 -0.00158222 0 0 0 1 1 8.74228e-008 1.07062e-023 0.0969463 8.74228e-008 -1 -1.22465e-016 0.159497 -1.46937e-039 1.22465e-016 -1 -0.00158222 0 0 0 1 1 8.74228e-008 1.06407e-023 0.0905703 8.74228e-008 -1 -1.22465e-016 0.158803 -6.54971e-026 1.22465e-016 -1 -0.00436175 0 0 0 1 1 8.74228e-008 1.07062e-023 0.0960839 8.74228e-008 -1 -1.22465e-016 0.158803 -1.46937e-039 1.22465e-016 -1 -0.00436175 0 0 0 1 1 8.74228e-008 1.06407e-023 0.0903002 8.74228e-008 -1 -1.22465e-016 0.157703 -6.54963e-026 1.22465e-016 -1 -0.00702962 0 0 0 1 1 8.74228e-008 1.07062e-023 0.0940303 8.74228e-008 -1 -1.22465e-016 0.157703 -1.46937e-039 1.22465e-016 -1 -0.00702962 0 0 0 1 8.74228e-008 -1 -1.83697e-016 0.155158 -4.37114e-008 -4.00507e-015 1 0.00189926 -1 -8.74228e-008 -4.37114e-008 -0.0884041 0 0 0 1 1 -9.60325e-008 6.23656e-007 0.083564 -9.60325e-008 -1 7.6983e-008 0.15549 6.23656e-007 -7.69831e-008 -1 0.00308043 0 0 0 1 1 8.74228e-008 1.07062e-023 0.0892851 8.74228e-008 -1 -1.22465e-016 0.154644 -1.46937e-039 1.22465e-016 -1 0.00548111 0 0 0 1 1 8.74228e-008 1.07062e-023 0.0321157 8.74228e-008 -1 -1.22465e-016 0.157286 -1.46937e-039 1.22465e-016 -1 -0.0023542 0 0 0 1 1 8.74228e-008 1.07062e-023 0.0207661 8.74228e-008 -1 -1.22465e-016 0.157449 -1.46937e-039 1.22465e-016 -1 -0.00193603 0 0 0 1 1 0 0 0 0 1 0 0 0 0 1 0 0 0 0 1</float_array>
					<technique_common>
						<accessor count="63" source="#ID204" stride="16">
							<param name="TRANSFORM" type="float4x4"/>
						</accessor>
					</technique_common>
				</source>
				<joints>
					<input semantic="JOINT" source="#ID199"/>
					<input semantic="INV_BIND_MATRIX" source="#ID203"/>
				</joints>
				<vertex_weights count="17">
					<input offset="0" semantic="JOINT" source="#ID199" set="0"/>
					<input offset="1" semantic="WEIGHT" source="#ID201" set="0"/>
					<vcount>1 1 1 1 1 1 1 1 1 1 1 1 1 1 1 1 1</vcount>
					<v>36 1 36 1 36 1 36 1 36 1 36 1 36 1 36 1 36 1 36 1 36 1 36 1 36 1 36 1 36 1 36 1 36 1</v>
				</vertex_weights>
			</skin>
		</controller>
		<controller id="ID205">
			<skin source="#ID206">
				<bind_shape_matrix>1 0 0 0 0 1 0 0 0 0 1 0 0 0 0 1</bind_shape_matrix>
				<source id="ID214">
					<Name_array id="ID215" count="63">joint1 joint63 joint2 joint3 joint4 joint6 joint59 joint60 joint61 joint62 joint55 joint56 joint57 joint58 joint54 joint7 joint8 joint36 joint38 joint40 joint53 joint41 joint51 joint52 joint49 joint50 joint47 joint48 joint45 joint46 joint44 joint42 joint43 joint39 joint37 joint27 joint29 joint35 joint31 joint32 joint33 joint34 joint30 joint28 joint9 joint11 joint13 joint26 joint14 joint24 joint25 joint22 joint23 joint20 joint21 joint18 joint19 joint17 joint15 joint16 joint12 joint10 joint5</Name_array>
					<technique_common>
						<accessor count="63" source="#ID215">
							<param name="JOINT" type="Name"/>
						</accessor>
					</technique_common>
				</source>
				<source id="ID216">
					<float_array id="ID217" count="2" digits="2490374">0 1</float_array>
					<technique_common>
						<accessor count="2" source="#ID217">
							<param name="WEIGHT" type="float"/>
						</accessor>
					</technique_common>
				</source>
				<source id="ID218">
					<float_array id="ID219" count="1008" digits="2490374">1 0 0 0 0 1 0 0 0 0 1 0 0 0 0 1 1 0 0 0 0 1 0 0 0 0 1 0 0 0 0 1 1 -0 0 0 0 1 0 0 -0 3.46945e-018 1 0 0 0 0 1 1 0 0 0 0 1 0 -0.109524 0 0 1 -0.00216711 0 0 0 1 1 -0 0 0 0 1 0 -0.109524 -0 3.46945e-018 1 -0.00216711 0 0 0 1 1 0 0 0 0 1 0 -0.109524 0 0 1 -0.00216711 0 0 0 1 1 -3.02388e-010 7.76421e-018 -0.011521 3.02388e-010 1 -1.48303e-008 -0.106526 7.75065e-018 1.48303e-008 1 -0.00383037 0 0 0 1 1 4.33681e-019 -3.71339e-018 -0.0115936 -2.1684e-019 1 -1.38778e-017 -0.0576536 3.23905e-018 1.38778e-017 1 -0.0002693 0 0 0 1 1 -9.54184e-010 1.8115e-016 -0.0115442 9.54184e-010 1 -1.02583e-007 -0.0116915 -8.42632e-017 1.02583e-007 1 0.0027669 0 0 0 1 1 0 0 -0.0113867 0 1 0 -0.00510571 0 0 1 -0.0141667 0 0 0 1 1 8.73813e-008 5.72262e-010 0.011521 8.73813e-008 -1 -2.03449e-009 0.106526 5.72262e-010 2.03449e-009 -1 0.00383038 0 0 0 1 1 8.73875e-008 5.35737e-010 0.0115936 8.73875e-008 -1 2.16568e-009 0.0576536 5.35737e-010 -2.16568e-009 -1 0.00026931 0 0 0 1 1 8.8854e-008 1.74195e-016 0.0115442 8.8854e-008 -1 1.53875e-007 0.0116915 1.3842e-014 -1.53875e-007 -1 -0.00276689 0 0 0 1 1 8.74228e-008 1.07062e-023 0.0113867 8.74228e-008 -1 -1.22465e-016 0.0051057 -1.46937e-039 1.22465e-016 -1 0.0141667 0 0 0 1 1 0 0 0 0 1 0 -0.118494 0 0 1 -0.00466711 0 0 0 1 1 -0 0 0 0 1 -6.245e-017 -0.118494 -0 7.63278e-017 1 -0.00466711 0 0 0 1 1 -1.45826e-007 -2.0678e-014 1.9661e-008 1.45826e-007 1 2.84025e-007 -0.134824 -2.06086e-014 -2.84025e-007 1 -0.00549707 0 0 0 1 1 1.19298e-006 -1.94547e-014 -0.00405115 -1.19298e-006 1 -3.26081e-008 -0.156663 -1.94547e-014 3.26081e-008 1 0.0023929 0 0 0 1 1 -1.56299e-015 9.01523e-032 -0.0207661 1.56472e-015 1 -5.76796e-017 -0.157449 -6.93889e-018 5.74627e-017 1 0.00193603 0 0 0 1 1 7.28491e-007 -2.92402e-015 -0.0506428 -7.28491e-007 1 -8.01431e-009 -0.157124 -2.91881e-015 8.01431e-009 1 0.00296999 0 0 0 1 1 0 0 -0.0648966 0 1 0 -0.1576 0 0 1 0.00280106 0 0 0 1 1 -3.32535e-006 9.07931e-007 -0.0780618 3.32534e-006 1 3.47466e-006 -0.158047 -9.07942e-007 -3.47465e-006 1 0.00266896 0 0 0 1 1 0 0 -0.0907754 0 1 0 -0.159281 0 0 1 -0.00164029 0 0 0 1 1 0 0 -0.0960558 0 1 0 -0.159281 0 0 1 -0.00164029 0 0 0 1 1 0 0 -0.0908291 0 1 0 -0.159497 0 0 1 0.00158223 0 0 0 1 1 0 0 -0.0969463 0 1 0 -0.159497 0 0 1 0.00158223 0 0 0 1 1 0 0 -0.0905703 0 1 0 -0.158803 0 0 1 0.00436175 0 0 0 1 1 0 0 -0.0960839 0 1 0 -0.158803 0 0 1 0.00436175 0 0 0 1 1 0 0 -0.0903002 0 1 0 -0.157703 0 0 1 0.00702963 0 0 0 1 1 0 0 -0.0940303 0 1 0 -0.157703 0 0 1 0.00702963 0 0 0 1 2.67655e-024 1 -6.12323e-017 -0.155158 -4.37114e-008 6.12323e-017 1 0.00189926 1 -2.18798e-032 4.37114e-008 -0.0884042 0 0 0 1 1 7.47886e-006 -6.2367e-007 -0.0835652 -7.47886e-006 1 -3.13834e-006 -0.155489 6.23647e-007 3.13834e-006 1 -0.00308091 0 0 0 1 1 0 0 -0.0892851 0 1 0 -0.154644 0 0 1 -0.0054811 0 0 0 1 1 0 0 -0.0321157 0 1 0 -0.157286 0 0 1 0.0023542 0 0 0 1 1 0 0 -0.0207661 0 1 0 -0.157449 0 0 1 0.00193603 0 0 0 1 1 -0 0 0 0 1 -8.94369e-007 -0.16367 -0 8.94369e-007 1 0.000272594 0 0 0 1 1 -9.88642e-007 -5.05792e-009 1.68395e-007 9.88642e-007 1 -7.58592e-007 -0.170326 5.05867e-009 7.58592e-007 1 -0.000740979 0 0 0 1 2.67655e-024 -1 6.12323e-017 0.185198 4.37114e-008 6.12323e-017 1 -0.0141497 -1 -8.28349e-033 4.37114e-008 0.00836081 0 0 0 1 -2.02544e-008 -0.886167 -0.463366 0.154026 3.87356e-008 -0.463366 0.886167 0.088076 -1 -9.92617e-024 4.37114e-008 2.91982e-010 0 0 0 1 -1.69501e-008 -0.921755 -0.387772 0.146304 4.02912e-008 -0.387772 0.921755 0.0766965 -1 -1.32349e-023 4.37114e-008 2.91982e-010 0 0 0 1 -8.84076e-009 -0.979333 -0.202253 0.141357 4.2808e-008 -0.202253 0.979333 0.0502594 -1 1.65436e-024 4.37114e-008 2.91982e-010 0 0 0 1 -8.16107e-009 -0.982653 -0.186704 0.127178 4.29531e-008 -0.186704 0.982653 0.0482555 -1 -3.31026e-024 4.37114e-008 2.91982e-010 0 0 0 1 2.67655e-024 -1 6.12323e-017 0.181773 4.37114e-008 6.12323e-017 1 -0.0102887 -1 -8.28349e-033 4.37114e-008 -0.0124433 0 0 0 1 1 0 0 0 0 1 0 -0.170326 0 0 1 -0.00074085 0 0 0 1 1 8.74228e-008 6.93891e-018 0.00405095 8.74228e-008 -1 -1.3786e-016 0.156663 1.04083e-017 1.37644e-016 -1 -0.00239291 0 0 0 1 1 8.74228e-008 1.46311e-023 0.0207661 8.74228e-008 -1 -1.6811e-016 0.157449 -1.38778e-017 1.68001e-016 -1 -0.00193603 0 0 0 1 1 8.74228e-008 -1.73471e-018 0.0506427 8.74228e-008 -1 -1.19483e-016 0.157124 1.73472e-018 1.19429e-016 -1 -0.00296999 0 0 0 1 1 8.74228e-008 1.07062e-023 0.0648966 8.74228e-008 -1 -1.22465e-016 0.1576 -1.46937e-039 1.22465e-016 -1 -0.00280106 0 0 0 1 1 8.74228e-008 1.11022e-015 0.0780624 8.74228e-008 -1 -1.0384e-015 0.158047 9.4369e-016 1.20493e-015 -1 -0.00266834 0 0 0 1 1 8.74228e-008 1.06407e-023 0.0907754 8.74228e-008 -1 -1.22465e-016 0.159281 -6.54974e-026 1.22465e-016 -1 0.00164029 0 0 0 1 1 8.74228e-008 1.07062e-023 0.0960559 8.74228e-008 -1 -1.22465e-016 0.159281 -1.46937e-039 1.22465e-016 -1 0.00164029 0 0 0 1 1 8.74228e-008 1.06407e-023 0.0908291 8.74228e-008 -1 -1.22465e-016 0.159497 -6.5497e-026 1.22465e-016 -1 -0.00158222 0 0 0 1 1 8.74228e-008 1.07062e-023 0.0969463 8.74228e-008 -1 -1.22465e-016 0.159497 -1.46937e-039 1.22465e-016 -1 -0.00158222 0 0 0 1 1 8.74228e-008 1.06407e-023 0.0905703 8.74228e-008 -1 -1.22465e-016 0.158803 -6.54971e-026 1.22465e-016 -1 -0.00436175 0 0 0 1 1 8.74228e-008 1.07062e-023 0.0960839 8.74228e-008 -1 -1.22465e-016 0.158803 -1.46937e-039 1.22465e-016 -1 -0.00436175 0 0 0 1 1 8.74228e-008 1.06407e-023 0.0903002 8.74228e-008 -1 -1.22465e-016 0.157703 -6.54963e-026 1.22465e-016 -1 -0.00702962 0 0 0 1 1 8.74228e-008 1.07062e-023 0.0940303 8.74228e-008 -1 -1.22465e-016 0.157703 -1.46937e-039 1.22465e-016 -1 -0.00702962 0 0 0 1 8.74228e-008 -1 -1.83697e-016 0.155158 -4.37114e-008 -4.00507e-015 1 0.00189926 -1 -8.74228e-008 -4.37114e-008 -0.0884041 0 0 0 1 1 -9.60325e-008 6.23656e-007 0.083564 -9.60325e-008 -1 7.6983e-008 0.15549 6.23656e-007 -7.69831e-008 -1 0.00308043 0 0 0 1 1 8.74228e-008 1.07062e-023 0.0892851 8.74228e-008 -1 -1.22465e-016 0.154644 -1.46937e-039 1.22465e-016 -1 0.00548111 0 0 0 1 1 8.74228e-008 1.07062e-023 0.0321157 8.74228e-008 -1 -1.22465e-016 0.157286 -1.46937e-039 1.22465e-016 -1 -0.0023542 0 0 0 1 1 8.74228e-008 1.07062e-023 0.0207661 8.74228e-008 -1 -1.22465e-016 0.157449 -1.46937e-039 1.22465e-016 -1 -0.00193603 0 0 0 1 1 0 0 0 0 1 0 0 0 0 1 0 0 0 0 1</float_array>
					<technique_common>
						<accessor count="63" source="#ID219" stride="16">
							<param name="TRANSFORM" type="float4x4"/>
						</accessor>
					</technique_common>
				</source>
				<joints>
					<input semantic="JOINT" source="#ID214"/>
					<input semantic="INV_BIND_MATRIX" source="#ID218"/>
				</joints>
				<vertex_weights count="52">
					<input offset="0" semantic="JOINT" source="#ID214" set="0"/>
					<input offset="1" semantic="WEIGHT" source="#ID216" set="0"/>
					<vcount>1 1 1 1 1 1 1 1 1 1 1 1 1 1 1 1 1 1 1 1 1 1 1 1 1 1 1 1 1 1 1 1 1 1 1 1 1 1 1 1 1 1 1 1 1 1 1 1 1 1 1 1</vcount>
					<v>34 1 34 1 34 1 34 1 34 1 34 1 34 1 34 1 34 1 34 1 34 1 34 1 34 1 34 1 34 1 34 1 34 1 61 1 61 1 61 1 61 1 61 1 61 1 61 1 61 1 61 1 61 1 61 1 34 1 34 1 34 1 34 1 34 1 34 1 34 1 34 1 34 1 61 1 61 1 61 1 61 1 61 1 61 1 61 1 61 1 61 1 61 1 61 1 61 1 61 1 61 1 61 1</v>
				</vertex_weights>
			</skin>
		</controller>
		<controller id="ID220">
			<skin source="#ID221">
				<bind_shape_matrix>1 0 0 0 0 1 0 0 0 0 1 0 0 0 0 1</bind_shape_matrix>
				<source id="ID229">
					<Name_array id="ID230" count="63">joint1 joint63 joint2 joint3 joint4 joint6 joint59 joint60 joint61 joint62 joint55 joint56 joint57 joint58 joint54 joint7 joint8 joint36 joint38 joint40 joint53 joint41 joint51 joint52 joint49 joint50 joint47 joint48 joint45 joint46 joint44 joint42 joint43 joint39 joint37 joint27 joint29 joint35 joint31 joint32 joint33 joint34 joint30 joint28 joint9 joint11 joint13 joint26 joint14 joint24 joint25 joint22 joint23 joint20 joint21 joint18 joint19 joint17 joint15 joint16 joint12 joint10 joint5</Name_array>
					<technique_common>
						<accessor count="63" source="#ID230">
							<param name="JOINT" type="Name"/>
						</accessor>
					</technique_common>
				</source>
				<source id="ID231">
					<float_array id="ID232" count="11" digits="2490374">0 1 0.700008 0.900008 0.8 0.6 0.299992 0.4 0.500008 0.0999924 0.2</float_array>
					<technique_common>
						<accessor count="11" source="#ID232">
							<param name="WEIGHT" type="float"/>
						</accessor>
					</technique_common>
				</source>
				<source id="ID233">
					<float_array id="ID234" count="1008" digits="2490374">1 0 0 0 0 1 0 0 0 0 1 0 0 0 0 1 1 0 0 0 0 1 0 0 0 0 1 0 0 0 0 1 1 -0 0 0 0 1 0 0 -0 3.46945e-018 1 0 0 0 0 1 1 0 0 0 0 1 0 -0.109524 0 0 1 -0.00216711 0 0 0 1 1 -0 0 0 0 1 0 -0.109524 -0 3.46945e-018 1 -0.00216711 0 0 0 1 1 0 0 0 0 1 0 -0.109524 0 0 1 -0.00216711 0 0 0 1 1 -3.02388e-010 7.76421e-018 -0.011521 3.02388e-010 1 -1.48303e-008 -0.106526 7.75065e-018 1.48303e-008 1 -0.00383037 0 0 0 1 1 4.33681e-019 -3.71339e-018 -0.0115936 -2.1684e-019 1 -1.38778e-017 -0.0576536 3.23905e-018 1.38778e-017 1 -0.0002693 0 0 0 1 1 -9.54184e-010 1.8115e-016 -0.0115442 9.54184e-010 1 -1.02583e-007 -0.0116915 -8.42632e-017 1.02583e-007 1 0.0027669 0 0 0 1 1 0 0 -0.0113867 0 1 0 -0.00510571 0 0 1 -0.0141667 0 0 0 1 1 8.73813e-008 5.72262e-010 0.011521 8.73813e-008 -1 -2.03449e-009 0.106526 5.72262e-010 2.03449e-009 -1 0.00383038 0 0 0 1 1 8.73875e-008 5.35737e-010 0.0115936 8.73875e-008 -1 2.16568e-009 0.0576536 5.35737e-010 -2.16568e-009 -1 0.00026931 0 0 0 1 1 8.8854e-008 1.74195e-016 0.0115442 8.8854e-008 -1 1.53875e-007 0.0116915 1.3842e-014 -1.53875e-007 -1 -0.00276689 0 0 0 1 1 8.74228e-008 1.07062e-023 0.0113867 8.74228e-008 -1 -1.22465e-016 0.0051057 -1.46937e-039 1.22465e-016 -1 0.0141667 0 0 0 1 1 0 0 0 0 1 0 -0.118494 0 0 1 -0.00466711 0 0 0 1 1 -0 0 0 0 1 -6.245e-017 -0.118494 -0 7.63278e-017 1 -0.00466711 0 0 0 1 1 -1.45826e-007 -2.0678e-014 1.9661e-008 1.45826e-007 1 2.84025e-007 -0.134824 -2.06086e-014 -2.84025e-007 1 -0.00549707 0 0 0 1 1 1.19298e-006 -1.94547e-014 -0.00405115 -1.19298e-006 1 -3.26081e-008 -0.156663 -1.94547e-014 3.26081e-008 1 0.0023929 0 0 0 1 1 -1.56299e-015 9.01523e-032 -0.0207661 1.56472e-015 1 -5.76796e-017 -0.157449 -6.93889e-018 5.74627e-017 1 0.00193603 0 0 0 1 1 7.28491e-007 -2.92402e-015 -0.0506428 -7.28491e-007 1 -8.01431e-009 -0.157124 -2.91881e-015 8.01431e-009 1 0.00296999 0 0 0 1 1 0 0 -0.0648966 0 1 0 -0.1576 0 0 1 0.00280106 0 0 0 1 1 -3.32535e-006 9.07931e-007 -0.0780618 3.32534e-006 1 3.47466e-006 -0.158047 -9.07942e-007 -3.47465e-006 1 0.00266896 0 0 0 1 1 0 0 -0.0907754 0 1 0 -0.159281 0 0 1 -0.00164029 0 0 0 1 1 0 0 -0.0960558 0 1 0 -0.159281 0 0 1 -0.00164029 0 0 0 1 1 0 0 -0.0908291 0 1 0 -0.159497 0 0 1 0.00158223 0 0 0 1 1 0 0 -0.0969463 0 1 0 -0.159497 0 0 1 0.00158223 0 0 0 1 1 0 0 -0.0905703 0 1 0 -0.158803 0 0 1 0.00436175 0 0 0 1 1 0 0 -0.0960839 0 1 0 -0.158803 0 0 1 0.00436175 0 0 0 1 1 0 0 -0.0903002 0 1 0 -0.157703 0 0 1 0.00702963 0 0 0 1 1 0 0 -0.0940303 0 1 0 -0.157703 0 0 1 0.00702963 0 0 0 1 2.67655e-024 1 -6.12323e-017 -0.155158 -4.37114e-008 6.12323e-017 1 0.00189926 1 -2.18798e-032 4.37114e-008 -0.0884042 0 0 0 1 1 7.47886e-006 -6.2367e-007 -0.0835652 -7.47886e-006 1 -3.13834e-006 -0.155489 6.23647e-007 3.13834e-006 1 -0.00308091 0 0 0 1 1 0 0 -0.0892851 0 1 0 -0.154644 0 0 1 -0.0054811 0 0 0 1 1 0 0 -0.0321157 0 1 0 -0.157286 0 0 1 0.0023542 0 0 0 1 1 0 0 -0.0207661 0 1 0 -0.157449 0 0 1 0.00193603 0 0 0 1 1 -0 0 0 0 1 -8.94369e-007 -0.16367 -0 8.94369e-007 1 0.000272594 0 0 0 1 1 -9.88642e-007 -5.05792e-009 1.68395e-007 9.88642e-007 1 -7.58592e-007 -0.170326 5.05867e-009 7.58592e-007 1 -0.000740979 0 0 0 1 2.67655e-024 -1 6.12323e-017 0.185198 4.37114e-008 6.12323e-017 1 -0.0141497 -1 -8.28349e-033 4.37114e-008 0.00836081 0 0 0 1 -2.02544e-008 -0.886167 -0.463366 0.154026 3.87356e-008 -0.463366 0.886167 0.088076 -1 -3.30872e-024 4.37114e-008 2.91982e-010 0 0 0 1 -1.69501e-008 -0.921755 -0.387772 0.146304 4.02912e-008 -0.387772 0.921755 0.0766965 -1 -1.32349e-023 4.37114e-008 2.91982e-010 0 0 0 1 -8.84076e-009 -0.979333 -0.202253 0.141357 4.2808e-008 -0.202253 0.979333 0.0502594 -1 1.48893e-023 4.37114e-008 2.91982e-010 0 0 0 1 -8.16107e-009 -0.982653 -0.186704 0.127178 4.29531e-008 -0.186704 0.982653 0.0482555 -1 -1.65513e-024 4.37114e-008 2.91982e-010 0 0 0 1 2.67655e-024 -1 6.12323e-017 0.181773 4.37114e-008 6.12323e-017 1 -0.0102887 -1 -8.28349e-033 4.37114e-008 -0.0124433 0 0 0 1 1 0 0 0 0 1 0 -0.170326 0 0 1 -0.00074085 0 0 0 1 1 8.74228e-008 6.93891e-018 0.00405095 8.74228e-008 -1 -1.3786e-016 0.156663 1.04083e-017 1.37644e-016 -1 -0.00239291 0 0 0 1 1 8.74228e-008 1.46311e-023 0.0207661 8.74228e-008 -1 -1.6811e-016 0.157449 -1.38778e-017 1.68001e-016 -1 -0.00193603 0 0 0 1 1 8.74228e-008 -1.73471e-018 0.0506427 8.74228e-008 -1 -1.19483e-016 0.157124 1.73472e-018 1.19429e-016 -1 -0.00296999 0 0 0 1 1 8.74228e-008 1.07062e-023 0.0648966 8.74228e-008 -1 -1.22465e-016 0.1576 -1.46937e-039 1.22465e-016 -1 -0.00280106 0 0 0 1 1 8.74228e-008 1.11022e-015 0.0780624 8.74228e-008 -1 -1.0384e-015 0.158047 9.4369e-016 1.20493e-015 -1 -0.00266834 0 0 0 1 1 8.74228e-008 1.06407e-023 0.0907754 8.74228e-008 -1 -1.22465e-016 0.159281 -6.54974e-026 1.22465e-016 -1 0.00164029 0 0 0 1 1 8.74228e-008 1.07062e-023 0.0960559 8.74228e-008 -1 -1.22465e-016 0.159281 -1.46937e-039 1.22465e-016 -1 0.00164029 0 0 0 1 1 8.74228e-008 1.06407e-023 0.0908291 8.74228e-008 -1 -1.22465e-016 0.159497 -6.5497e-026 1.22465e-016 -1 -0.00158222 0 0 0 1 1 8.74228e-008 1.07062e-023 0.0969463 8.74228e-008 -1 -1.22465e-016 0.159497 -1.46937e-039 1.22465e-016 -1 -0.00158222 0 0 0 1 1 8.74228e-008 1.06407e-023 0.0905703 8.74228e-008 -1 -1.22465e-016 0.158803 -6.54971e-026 1.22465e-016 -1 -0.00436175 0 0 0 1 1 8.74228e-008 1.07062e-023 0.0960839 8.74228e-008 -1 -1.22465e-016 0.158803 -1.46937e-039 1.22465e-016 -1 -0.00436175 0 0 0 1 1 8.74228e-008 1.06407e-023 0.0903002 8.74228e-008 -1 -1.22465e-016 0.157703 -6.54963e-026 1.22465e-016 -1 -0.00702962 0 0 0 1 1 8.74228e-008 1.07062e-023 0.0940303 8.74228e-008 -1 -1.22465e-016 0.157703 -1.46937e-039 1.22465e-016 -1 -0.00702962 0 0 0 1 8.74228e-008 -1 -1.83697e-016 0.155158 -4.37114e-008 -4.00507e-015 1 0.00189926 -1 -8.74228e-008 -4.37114e-008 -0.0884041 0 0 0 1 1 -9.60325e-008 6.23656e-007 0.083564 -9.60325e-008 -1 7.6983e-008 0.15549 6.23656e-007 -7.69831e-008 -1 0.00308043 0 0 0 1 1 8.74228e-008 1.07062e-023 0.0892851 8.74228e-008 -1 -1.22465e-016 0.154644 -1.46937e-039 1.22465e-016 -1 0.00548111 0 0 0 1 1 8.74228e-008 1.07062e-023 0.0321157 8.74228e-008 -1 -1.22465e-016 0.157286 -1.46937e-039 1.22465e-016 -1 -0.0023542 0 0 0 1 1 8.74228e-008 1.07062e-023 0.0207661 8.74228e-008 -1 -1.22465e-016 0.157449 -1.46937e-039 1.22465e-016 -1 -0.00193603 0 0 0 1 1 0 0 0 0 1 0 0 0 0 1 0 0 0 0 1</float_array>
					<technique_common>
						<accessor count="63" source="#ID234" stride="16">
							<param name="TRANSFORM" type="float4x4"/>
						</accessor>
					</technique_common>
				</source>
				<joints>
					<input semantic="JOINT" source="#ID229"/>
					<input semantic="INV_BIND_MATRIX" source="#ID233"/>
				</joints>
				<vertex_weights count="572">
					<input offset="0" semantic="JOINT" source="#ID229" set="0"/>
					<input offset="1" semantic="WEIGHT" source="#ID231" set="0"/>
					<vcount>1 1 2 2 2 2 2 2 2 2 2 2 1 1 2 2 2 2 1 2 1 2 1 2 1 2 1 1 2 2 2 2 1 2 1 2 1 2 1 1 1 1 2 2 2 1 1 2 1 2 2 1 2 2 2 2 1 2 2 2 2 2 2 2 1 1 2 2 2 2 1 2 1 1 2 1 2 1 2 2 1 1 1 1 1 2 2 1 1 2 2 1 1 2 2 1 2 2 2 2 2 2 2 1 2 1 1 1 1 1 3 2 3 2 1 1 2 3 2 2 2 2 2 2 2 3 3 3 3 1 2 2 1 2 1 2 1 1 1 1 1 1 1 1 1 2 1 1 2 1 2 2 1 2 2 1 1 1 2 2 1 1 1 1 2 2 1 2 1 1 1 1 1 1 1 1 1 1 1 1 2 2 1 2 2 2 2 1 2 2 2 2 2 2 2 2 2 1 2 2 1 2 2 2 2 2 2 2 2 2 3 3 2 3 2 2 2 2 2 2 3 2 3 2 2 2 2 2 2 2 2 2 2 3 3 3 3 3 3 3 3 3 3 2 2 2 2 2 3 2 2 2 2 2 2 2 2 2 2 2 2 2 2 1 2 2 1 2 2 2 2 2 2 2 2 2 2 2 2 2 2 2 2 2 2 2 2 2 2 2 2 2 2 2 2 2 2 3 3 2 2 2 3 3 2 2 2 2 2 1 2 1 1 1 1 1 1 1 1 1 1 2 1 1 1 1 1 1 1 1 1 1 1 1 2 1 2 2 2 2 2 2 2 1 2 2 1 1 1 1 1 1 2 2 2 2 2 2 1 2 2 2 1 1 1 1 3 3 2 2 2 1 2 2 2 2 2 2 2 2 2 2 2 2 2 2 2 2 2 2 2 1 1 1 1 1 1 1 1 1 2 2 1 1 1 1 2 2 1 1 2 2 1 2 1 2 1 1 1 1 3 3 3 2 2 2 2 2 1 2 1 2 1 2 1 2 1 2 2 2 2 2 2 2 2 2 1 2 1 2 1 2 2 2 2 2 1 1 1 1 1 1 2 2 2 2 1 2 2 2 1 2 1 1 1 1 1 2 1 1 2 1 2 1 1 1 1 1 1 1 1 2 2 2 2 2 2 2 2 2 2 2 2 2 2 2 2 2 2 2 2 2 2 2 2 2 1 2 2 2 2 2 2 2 2 2 2 2 2 2 2 2 1 1 1 1 1 1 1 1 2 2 2 2 2 1 2 2 1 1 1 2 2 2 2 2 2 2 2 1 2 2 2 2 2 2 2 2 2 2 2 2</vcount>
					<v>5 1 5 1 5 2 6 6 5 3 6 9 5 2 6 6 5 3 6 9 5 2 6 6 5 4 6 10 5 5 6 7 5 2 6 6 5 5 6 7 5 5 6 7 5 1 5 1 5 3 6 9 5 3 6 9 5 4 6 10 5 2 6 6 5 1 5 4 6 10 5 1 5 4 6 10 5 1 5 3 6 9 5 1 5 3 6 9 5 1 5 1 5 2 6 6 5 2 6 6 5 3 6 9 5 3 6 9 5 1 5 3 6 9 5 1 5 4 6 10 5 1 5 2 6 6 5 1 5 1 5 1 5 1 5 6 6 2 5 7 6 5 5 5 6 7 5 1 5 1 5 4 6 10 5 1 5 4 6 10 5 4 6 10 5 1 5 4 6 10 5 8 6 8 5 6 6 2 5 3 6 9 5 1 5 6 6 2 5 5 6 7 5 6 6 2 5 7 6 5 5 7 6 5 5 7 6 5 5 4 6 10 5 1 5 1 5 6 6 2 5 7 6 5 5 9 6 3 5 7 6 5 6 1 5 7 6 5 6 1 6 1 5 10 6 4 6 1 5 10 6 4 6 1 5 10 6 4 5 10 6 4 6 1 6 1 6 1 6 1 6 1 5 9 6 3 5 10 6 4 6 1 6 1 5 9 6 3 5 9 6 3 6 1 6 1 5 10 6 4 5 7 6 5 6 1 5 9 6 3 5 10 6 4 5 9 6 3 5 9 6 3 5 8 6 8 5 9 6 3 5 9 6 3 6 1 5 9 6 3 6 1 6 1 6 1 6 1 6 1 16 2 44 10 45 9 15 10 16 4 16 2 44 10 45 9 15 10 16 4 16 1 16 1 15 10 16 4 16 2 17 10 18 9 16 2 44 6 16 4 44 10 16 3 44 9 16 2 44 6 16 3 44 9 16 2 44 6 16 4 44 10 16 5 44 6 45 9 16 2 44 10 45 9 16 5 44 6 45 9 16 5 44 6 45 9 61 1 16 4 44 10 16 4 44 10 16 1 16 3 44 9 16 1 16 3 44 9 16 1 16 1 44 1 44 1 44 1 44 1 44 1 61 1 61 1 16 4 44 10 16 1 16 1 16 3 44 9 16 1 16 2 44 6 44 3 45 9 44 1 16 5 44 7 16 2 44 6 44 1 61 1 61 1 16 2 44 6 16 4 44 10 16 1 16 1 16 1 16 1 16 4 44 10 16 5 44 7 61 1 16 2 44 6 61 1 44 1 61 1 44 1 44 1 61 1 44 1 44 1 61 1 44 1 61 1 61 1 16 4 44 10 16 2 44 6 61 1 16 10 44 4 16 10 44 4 16 8 44 8 16 8 44 8 16 1 16 5 44 7 16 2 44 6 16 4 44 10 16 8 44 8 16 8 44 8 16 9 44 3 16 9 44 3 16 9 44 3 16 7 44 5 61 1 16 7 44 5 16 7 44 5 16 1 15 10 16 4 15 7 16 5 15 10 16 4 15 7 16 5 15 10 16 4 15 7 16 5 15 10 16 4 15 8 16 8 15 7 16 5 5 10 15 8 16 6 5 10 15 8 16 6 15 3 16 9 5 9 15 4 16 9 15 8 16 8 15 5 16 7 15 7 16 5 15 10 16 4 15 3 16 9 15 8 16 8 5 9 15 4 16 9 15 5 16 7 5 9 15 2 16 10 15 8 16 8 15 7 16 5 15 10 16 4 15 10 16 4 15 10 16 4 15 7 16 5 15 10 16 4 15 8 16 8 15 7 16 5 15 10 16 4 5 9 15 2 16 10 5 10 15 8 16 6 5 9 15 5 16 6 5 6 15 5 16 9 5 6 15 8 16 10 5 7 15 8 16 9 5 6 15 8 16 10 5 9 15 5 16 6 5 6 15 5 16 9 5 10 15 2 16 9 5 8 15 8 5 5 15 7 5 5 15 7 5 5 15 7 5 8 15 8 5 10 15 2 16 9 5 6 15 2 5 7 15 5 5 6 15 2 5 5 15 7 5 6 15 2 5 7 15 5 5 8 15 8 5 7 15 5 5 5 15 7 5 6 15 2 5 8 15 8 5 7 15 5 15 3 16 9 5 6 15 2 15 1 5 6 15 2 15 3 16 9 15 1 15 4 16 10 15 6 16 2 15 5 16 7 15 6 16 2 15 2 16 6 5 6 15 2 5 6 15 2 5 6 15 2 15 2 16 6 15 5 16 7 5 6 15 2 15 4 16 10 5 6 15 2 15 6 16 2 15 6 16 2 15 7 16 5 15 6 16 2 15 2 16 6 15 6 16 2 15 4 16 10 15 2 16 6 15 2 16 6 15 2 16 6 15 6 16 2 5 6 15 2 15 6 16 2 15 7 16 5 15 6 16 2 15 9 16 3 15 9 16 3 15 9 16 4 44 9 15 9 16 4 44 9 15 9 16 3 15 10 16 4 15 10 16 4 15 9 16 4 17 9 15 9 16 4 17 9 15 9 16 3 15 9 16 3 15 10 16 4 16 4 17 10 15 9 16 3 16 1 15 9 16 3 16 1 16 1 16 1 16 1 16 1 16 1 16 1 16 1 16 1 16 1 15 9 16 3 16 1 16 1 16 1 16 1 16 1 16 1 16 1 16 1 16 1 16 1 16 1 16 1 15 9 16 3 16 1 15 9 16 3 15 9 16 3 16 4 17 10 16 2 17 6 16 4 17 10 16 2 17 6 16 4 17 10 16 1 15 9 16 3 15 10 16 4 16 1 16 1 16 1 16 1 16 1 16 1 16 4 17 10 16 3 17 9 16 2 17 6 16 2 17 6 16 2 17 6 16 2 17 6 16 1 15 9 16 3 16 4 17 10 16 3 17 9 16 1 16 1 16 1 16 1 16 2 17 10 18 9 16 2 17 10 18 9 16 2 17 6 16 4 17 10 16 2 17 6 16 1 16 4 17 10 16 2 17 6 16 4 17 10 16 5 17 7 16 3 17 9 16 3 17 9 16 8 17 8 16 8 17 8 16 7 17 5 16 8 17 8 16 7 17 5 16 2 17 6 16 3 17 9 16 5 17 7 16 3 17 9 16 5 17 7 16 4 17 10 16 10 17 4 16 9 17 3 17 1 17 1 17 1 17 1 34 1 34 1 34 1 34 1 17 1 16 6 17 2 16 10 17 4 34 1 17 1 34 1 34 1 16 9 17 3 16 9 17 3 34 1 34 1 16 8 17 8 16 6 17 2 34 1 16 6 17 2 34 1 16 7 17 5 34 1 34 1 17 1 34 1 16 5 17 6 18 9 16 5 17 6 18 9 16 5 17 6 18 9 17 3 18 9 5 6 10 2 5 7 10 5 5 9 10 3 5 7 10 5 10 1 5 7 10 5 10 1 5 6 10 2 10 1 5 10 10 4 10 1 5 10 10 4 10 1 5 10 10 4 5 10 10 4 5 4 10 10 5 4 10 10 5 4 10 10 5 4 10 10 5 4 10 10 5 3 10 9 5 4 10 10 10 1 5 9 10 3 10 1 5 9 10 3 10 1 5 7 10 5 5 7 10 5 5 10 10 4 5 9 10 3 5 9 10 3 10 1 10 1 10 1 10 1 10 1 10 1 5 9 10 3 5 6 10 2 5 9 10 3 5 7 10 5 10 1 5 9 10 3 5 10 10 4 5 9 10 3 10 1 5 10 10 4 10 1 10 1 10 1 10 1 10 1 5 7 10 5 5 1 5 1 5 3 10 9 5 1 5 2 10 6 5 1 5 1 5 1 5 1 5 1 5 1 5 1 5 1 5 3 10 9 5 2 10 6 5 3 10 9 5 2 10 6 5 3 10 9 5 4 10 10 5 3 10 9 5 4 10 10 5 8 10 8 5 2 10 6 5 3 10 9 5 3 10 9 5 3 10 9 5 2 10 6 5 4 10 10 5 5 10 7 5 2 10 6 5 7 10 5 5 5 10 7 5 6 10 2 5 5 10 7 5 9 10 3 5 5 10 7 5 5 10 7 5 4 10 10 5 1 5 3 10 9 5 2 10 6 5 2 10 6 5 6 10 2 5 8 10 8 5 2 15 6 5 4 15 10 5 4 15 10 5 4 15 10 5 2 15 6 5 4 15 10 5 2 15 6 5 4 15 10 5 4 15 10 5 3 15 9 5 1 5 1 5 1 5 1 5 1 5 1 5 1 5 1 5 2 15 6 5 4 15 10 5 4 15 10 5 3 15 9 5 4 15 10 5 1 5 3 15 9 5 3 15 9 5 1 5 1 5 1 5 2 15 6 5 4 15 10 5 4 15 10 5 2 15 6 5 4 15 10 5 4 15 10 5 3 15 9 5 3 15 9 5 1 5 3 15 9 5 2 15 6 5 2 15 6 5 2 15 6 5 2 15 6 5 2 15 6 5 9 15 3 5 9 15 3 5 10 15 4 5 10 15 4 5 10 15 4 5 9 15 3</v>
				</vertex_weights>
			</skin>
		</controller>
		<controller id="ID235">
			<skin source="#ID236">
				<bind_shape_matrix>1 0 0 0 0 1 0 0 0 0 1 0 0 0 0 1</bind_shape_matrix>
				<source id="ID244">
					<Name_array id="ID245" count="63">joint1 joint63 joint2 joint3 joint4 joint6 joint59 joint60 joint61 joint62 joint55 joint56 joint57 joint58 joint54 joint7 joint8 joint36 joint38 joint40 joint53 joint41 joint51 joint52 joint49 joint50 joint47 joint48 joint45 joint46 joint44 joint42 joint43 joint39 joint37 joint27 joint29 joint35 joint31 joint32 joint33 joint34 joint30 joint28 joint9 joint11 joint13 joint26 joint14 joint24 joint25 joint22 joint23 joint20 joint21 joint18 joint19 joint17 joint15 joint16 joint12 joint10 joint5</Name_array>
					<technique_common>
						<accessor count="63" source="#ID245">
							<param name="JOINT" type="Name"/>
						</accessor>
					</technique_common>
				</source>
				<source id="ID246">
					<float_array id="ID247" count="11" digits="2490374">0 1 0.6 0.4 0.0999924 0.2 0.299992 0.700008 0.8 0.900008 0.500008</float_array>
					<technique_common>
						<accessor count="11" source="#ID247">
							<param name="WEIGHT" type="float"/>
						</accessor>
					</technique_common>
				</source>
				<source id="ID248">
					<float_array id="ID249" count="1008" digits="2490374">1 0 0 0 0 1 0 0 0 0 1 0 0 0 0 1 1 0 0 0 0 1 0 0 0 0 1 0 0 0 0 1 1 -0 0 0 0 1 0 0 -0 3.46945e-018 1 0 0 0 0 1 1 0 0 0 0 1 0 -0.109524 0 0 1 -0.00216711 0 0 0 1 1 -0 0 0 0 1 0 -0.109524 -0 3.46945e-018 1 -0.00216711 0 0 0 1 1 0 0 0 0 1 0 -0.109524 0 0 1 -0.00216711 0 0 0 1 1 -3.02388e-010 7.76421e-018 -0.011521 3.02388e-010 1 -1.48303e-008 -0.106526 7.75065e-018 1.48303e-008 1 -0.00383037 0 0 0 1 1 4.33681e-019 -3.71339e-018 -0.0115936 -2.1684e-019 1 -1.38778e-017 -0.0576536 3.23905e-018 1.38778e-017 1 -0.0002693 0 0 0 1 1 -9.54184e-010 1.8115e-016 -0.0115442 9.54184e-010 1 -1.02583e-007 -0.0116915 -8.42632e-017 1.02583e-007 1 0.0027669 0 0 0 1 1 0 0 -0.0113867 0 1 0 -0.00510571 0 0 1 -0.0141667 0 0 0 1 1 8.73813e-008 5.72262e-010 0.011521 8.73813e-008 -1 -2.03449e-009 0.106526 5.72262e-010 2.03449e-009 -1 0.00383038 0 0 0 1 1 8.73875e-008 5.35736e-010 0.0115936 8.73875e-008 -1 2.16568e-009 0.0576536 5.35737e-010 -2.16568e-009 -1 0.00026931 0 0 0 1 1 8.8854e-008 2.32745e-017 0.0115442 8.8854e-008 -1 1.53875e-007 0.0116915 1.36929e-014 -1.53875e-007 -1 -0.00276689 0 0 0 1 1 8.74228e-008 1.07062e-023 0.0113867 8.74228e-008 -1 -1.22465e-016 0.0051057 -1.46937e-039 1.22465e-016 -1 0.0141667 0 0 0 1 1 0 0 0 0 1 0 -0.118494 0 0 1 -0.00466711 0 0 0 1 1 -0 0 0 0 1 -6.245e-017 -0.118494 -0 7.63278e-017 1 -0.00466711 0 0 0 1 1 -1.45826e-007 -2.0678e-014 1.9661e-008 1.45826e-007 1 2.84025e-007 -0.134824 -2.06086e-014 -2.84025e-007 1 -0.00549707 0 0 0 1 1 1.19298e-006 -1.94547e-014 -0.00405115 -1.19298e-006 1 -3.26081e-008 -0.156663 -1.94547e-014 3.26081e-008 1 0.0023929 0 0 0 1 1 -1.56299e-015 9.01523e-032 -0.0207661 1.56472e-015 1 -5.76796e-017 -0.157449 -6.93889e-018 5.74627e-017 1 0.00193603 0 0 0 1 1 7.28491e-007 -2.92402e-015 -0.0506428 -7.28491e-007 1 -8.01431e-009 -0.157124 -2.91881e-015 8.01431e-009 1 0.00296999 0 0 0 1 1 0 0 -0.0648966 0 1 0 -0.1576 0 0 1 0.00280106 0 0 0 1 1 -3.32535e-006 9.07931e-007 -0.0780618 3.32534e-006 1 3.47466e-006 -0.158047 -9.07942e-007 -3.47465e-006 1 0.00266896 0 0 0 1 1 0 0 -0.0907754 0 1 0 -0.159281 0 0 1 -0.00164029 0 0 0 1 1 0 0 -0.0960558 0 1 0 -0.159281 0 0 1 -0.00164029 0 0 0 1 1 0 0 -0.0908291 0 1 0 -0.159497 0 0 1 0.00158223 0 0 0 1 1 0 0 -0.0969463 0 1 0 -0.159497 0 0 1 0.00158223 0 0 0 1 1 0 0 -0.0905703 0 1 0 -0.158803 0 0 1 0.00436175 0 0 0 1 1 0 0 -0.0960839 0 1 0 -0.158803 0 0 1 0.00436175 0 0 0 1 1 0 0 -0.0903002 0 1 0 -0.157703 0 0 1 0.00702963 0 0 0 1 1 0 0 -0.0940303 0 1 0 -0.157703 0 0 1 0.00702963 0 0 0 1 2.67655e-024 1 -6.12323e-017 -0.155158 -4.37114e-008 6.12323e-017 1 0.00189926 1 -2.18798e-032 4.37114e-008 -0.0884042 0 0 0 1 1 7.47886e-006 -6.2367e-007 -0.0835652 -7.47886e-006 1 -3.13834e-006 -0.155489 6.23647e-007 3.13834e-006 1 -0.00308091 0 0 0 1 1 0 0 -0.0892851 0 1 0 -0.154644 0 0 1 -0.0054811 0 0 0 1 1 0 0 -0.0321157 0 1 0 -0.157286 0 0 1 0.0023542 0 0 0 1 1 0 0 -0.0207661 0 1 0 -0.157449 0 0 1 0.00193603 0 0 0 1 1 -0 0 0 0 1 -8.94369e-007 -0.16367 -0 8.94369e-007 1 0.000272594 0 0 0 1 1 -9.88642e-007 -5.05792e-009 1.68395e-007 9.88642e-007 1 -7.58592e-007 -0.170326 5.05867e-009 7.58592e-007 1 -0.000740979 0 0 0 1 2.67655e-024 -1 6.12323e-017 0.185198 4.37114e-008 6.12323e-017 1 -0.0141497 -1 -8.28348e-033 4.37114e-008 0.00836081 0 0 0 1 -2.02544e-008 -0.886167 -0.463366 0.154026 3.87356e-008 -0.463366 0.886167 0.088076 -1 -1.32349e-023 4.37114e-008 2.91982e-010 0 0 0 1 -1.69501e-008 -0.921755 -0.387772 0.146304 4.02912e-008 -0.387772 0.921755 0.0766965 -1 -9.92617e-024 4.37114e-008 2.91982e-010 0 0 0 1 -8.84076e-009 -0.979333 -0.202253 0.141357 4.2808e-008 -0.202253 0.979333 0.0502594 -1 6.61744e-024 4.37114e-008 2.91982e-010 0 0 0 1 -8.16107e-009 -0.982653 -0.186704 0.127178 4.29531e-008 -0.186704 0.982653 0.0482555 -1 0 4.37114e-008 2.91982e-010 0 0 0 1 2.67655e-024 -1 6.12323e-017 0.181773 4.37114e-008 6.12323e-017 1 -0.0102887 -1 -8.28348e-033 4.37114e-008 -0.0124433 0 0 0 1 1 0 0 0 0 1 0 -0.170326 0 0 1 -0.00074085 0 0 0 1 1 8.74228e-008 6.93891e-018 0.00405095 8.74228e-008 -1 -1.39378e-016 0.156663 1.04083e-017 1.39161e-016 -1 -0.00239291 0 0 0 1 1 8.74228e-008 1.44605e-023 0.0207661 8.74228e-008 -1 -1.66158e-016 0.157449 -1.38778e-017 1.6605e-016 -1 -0.00193603 0 0 0 1 1 8.74228e-008 -1.73471e-018 0.0506427 8.74228e-008 -1 -1.20025e-016 0.157124 1.73472e-018 1.20025e-016 -1 -0.00296999 0 0 0 1 1 8.74228e-008 1.07062e-023 0.0648966 8.74228e-008 -1 -1.22465e-016 0.1576 -1.46937e-039 1.22465e-016 -1 -0.00280106 0 0 0 1 1 8.74228e-008 1.16573e-015 0.0780624 8.74228e-008 -1 4.60403e-016 0.158047 1.11022e-015 -2.38358e-016 -1 -0.00266834 0 0 0 1 1 8.74228e-008 1.06407e-023 0.0907754 8.74228e-008 -1 -1.22465e-016 0.159281 -6.54979e-026 1.22465e-016 -1 0.00164029 0 0 0 1 1 8.74228e-008 1.07062e-023 0.0960559 8.74228e-008 -1 -1.22465e-016 0.159281 -1.46937e-039 1.22465e-016 -1 0.00164029 0 0 0 1 1 8.74228e-008 1.06407e-023 0.0908291 8.74228e-008 -1 -1.22465e-016 0.159497 -6.54974e-026 1.22465e-016 -1 -0.00158222 0 0 0 1 1 8.74228e-008 1.07062e-023 0.0969463 8.74228e-008 -1 -1.22465e-016 0.159497 -1.46937e-039 1.22465e-016 -1 -0.00158222 0 0 0 1 1 8.74228e-008 1.06407e-023 0.0905703 8.74228e-008 -1 -1.22465e-016 0.158803 -6.54971e-026 1.22465e-016 -1 -0.00436175 0 0 0 1 1 8.74228e-008 1.07062e-023 0.0960839 8.74228e-008 -1 -1.22465e-016 0.158803 -1.46937e-039 1.22465e-016 -1 -0.00436175 0 0 0 1 1 8.74228e-008 1.06407e-023 0.0903002 8.74228e-008 -1 -1.22465e-016 0.157703 -6.54963e-026 1.22465e-016 -1 -0.00702962 0 0 0 1 1 8.74228e-008 1.07062e-023 0.0940303 8.74228e-008 -1 -1.22465e-016 0.157703 -1.46937e-039 1.22465e-016 -1 -0.00702962 0 0 0 1 8.74228e-008 -1 -1.83697e-016 0.155158 -4.37114e-008 -4.00507e-015 1 0.00189926 -1 -8.74228e-008 -4.37114e-008 -0.0884041 0 0 0 1 1 -9.60325e-008 6.23656e-007 0.083564 -9.60325e-008 -1 7.6983e-008 0.15549 6.23656e-007 -7.69831e-008 -1 0.00308043 0 0 0 1 1 8.74228e-008 1.07062e-023 0.0892851 8.74228e-008 -1 -1.22465e-016 0.154644 -1.46937e-039 1.22465e-016 -1 0.00548111 0 0 0 1 1 8.74228e-008 1.07062e-023 0.0321157 8.74228e-008 -1 -1.22465e-016 0.157286 -1.46937e-039 1.22465e-016 -1 -0.0023542 0 0 0 1 1 8.74228e-008 1.07062e-023 0.0207661 8.74228e-008 -1 -1.22465e-016 0.157449 -1.46937e-039 1.22465e-016 -1 -0.00193603 0 0 0 1 1 0 0 0 0 1 0 0 0 0 1 0 0 0 0 1</float_array>
					<technique_common>
						<accessor count="63" source="#ID249" stride="16">
							<param name="TRANSFORM" type="float4x4"/>
						</accessor>
					</technique_common>
				</source>
				<joints>
					<input semantic="JOINT" source="#ID244"/>
					<input semantic="INV_BIND_MATRIX" source="#ID248"/>
				</joints>
				<vertex_weights count="1020">
					<input offset="0" semantic="JOINT" source="#ID244" set="0"/>
					<input offset="1" semantic="WEIGHT" source="#ID246" set="0"/>
					<vcount>2 3 2 2 2 1 1 1 1 1 1 2 1 2 1 2 2 2 2 3 3 2 2 1 1 1 2 1 2 2 2 2 2 1 1 3 2 2 2 1 1 2 2 3 2 1 2 2 2 2 1 2 2 2 2 2 2 2 2 2 2 2 2 2 2 2 2 2 2 2 2 2 2 2 2 2 2 2 2 2 2 2 2 2 2 2 2 2 2 2 2 2 2 2 2 2 2 2 2 2 2 2 2 2 2 2 2 2 2 2 2 2 2 2 2 3 2 3 2 2 2 2 2 2 2 2 2 2 2 2 2 2 2 2 2 2 2 2 2 2 2 2 2 2 2 2 2 2 2 2 2 2 2 2 2 2 2 2 2 2 2 2 2 2 2 2 2 2 2 2 2 2 2 2 2 2 2 2 2 1 1 1 1 1 1 2 2 2 1 1 2 2 1 3 1 1 1 2 1 3 3 1 1 1 1 1 1 1 1 1 1 1 1 1 1 1 1 1 1 1 1 1 1 1 1 1 1 1 1 1 1 1 1 1 1 1 1 1 1 1 1 1 1 1 1 1 1 1 1 1 1 1 1 1 1 1 1 1 1 1 1 1 1 1 1 1 1 1 1 1 1 1 1 1 1 1 1 1 1 1 1 1 1 1 1 1 1 1 1 1 1 1 1 1 1 1 1 1 1 1 1 1 1 2 2 1 1 2 2 1 1 2 2 1 1 2 1 1 1 1 1 1 1 1 1 1 1 2 1 2 1 2 2 2 2 2 2 2 2 2 2 2 2 2 2 2 2 2 2 2 1 2 1 1 1 1 1 1 1 1 1 1 1 1 1 2 1 2 1 2 1 1 1 1 1 1 1 1 1 1 1 1 1 1 1 1 1 1 1 1 1 1 1 1 1 1 2 2 2 2 1 1 1 1 1 1 1 1 1 1 1 2 2 2 2 2 2 2 2 2 1 1 1 1 2 2 2 1 1 1 1 1 1 1 1 1 1 1 1 1 1 1 1 1 2 1 1 2 2 1 1 2 2 1 1 1 2 1 1 1 1 1 1 1 1 1 1 1 1 1 1 1 1 1 1 1 1 1 1 1 1 1 1 1 1 1 1 1 1 1 1 1 1 1 1 1 1 1 1 1 1 1 1 1 1 1 1 1 1 1 1 1 1 1 1 1 1 1 1 1 1 1 1 1 1 1 1 1 1 1 1 1 1 1 1 1 1 1 1 2 2 1 2 1 2 1 1 1 1 2 1 2 1 1 1 1 1 1 1 1 1 1 1 1 2 2 2 2 1 1 1 1 1 1 1 1 1 1 1 1 1 1 1 1 1 1 1 1 1 1 1 1 1 1 1 1 1 1 1 1 1 2 1 1 1 1 1 1 1 1 1 2 1 1 1 1 1 1 1 1 1 1 1 1 1 1 1 1 1 1 1 1 1 1 1 2 1 1 1 2 1 1 1 1 1 2 2 2 2 2 2 2 2 2 2 2 1 1 1 1 1 2 2 2 2 2 3 3 2 2 2 2 2 2 2 2 2 3 2 2 3 2 3 2 2 2 2 2 2 2 2 2 2 2 2 2 2 2 2 2 2 2 2 2 2 2 2 2 2 2 2 2 2 2 2 2 2 2 2 2 2 2 2 2 2 2 2 2 2 2 2 2 2 2 2 2 2 2 2 2 2 2 2 2 2 2 2 2 2 2 2 2 2 2 2 2 2 2 2 2 2 2 2 2 2 3 2 2 2 2 2 2 2 2 2 2 2 2 2 2 2 2 2 2 2 2 3 2 2 2 2 2 2 2 2 2 2 2 2 2 2 2 2 2 2 2 2 2 2 2 2 1 1 1 2 1 1 1 3 3 3 1 2 1 1 1 1 1 1 1 1 1 1 1 1 1 1 1 1 1 1 1 1 1 1 1 1 1 1 1 1 1 1 1 1 1 1 1 2 1 1 1 1 1 1 1 1 1 2 1 1 1 1 1 1 1 1 1 1 1 1 1 1 1 1 1 1 1 1 2 2 2 2 2 2 2 1 1 1 1 1 1 1 1 1 1 1 1 1 1 1 1 1 1 1 1 1 2 2 1 1 1 1 1 1 1 2 1 1 1 1 1 1 1 1 1 1 1 1 1 1 1 1 1 1 1 1 1 2 1 1 1 1 1 1 2 2 2 2 1 2 1 2 1 2 2 2 2 1 1 1 1 1 1 1 1 2 1 2 1 2 1 2 2 2 2 1 1 2 2 2 2 2 2 1 2 1 1 1 2 2 2 2 2 2 1 2 2 2 2 1 1 1 1 2 2 1 2 1 1</vcount>
					<v>18 3 33 2 18 6 19 5 33 10 19 7 33 6 19 7 33 6 19 8 33 5 19 1 19 1 19 1 19 1 19 1 19 1 19 8 20 5 19 1 19 8 20 5 19 1 19 8 20 5 19 9 33 4 19 8 20 5 19 8 20 5 18 6 19 5 33 10 18 5 19 3 33 3 19 8 33 5 19 8 33 5 19 1 19 1 19 1 19 8 20 5 19 1 19 8 20 5 19 8 20 5 19 7 33 6 19 7 33 6 19 9 33 4 19 1 19 1 18 5 19 3 33 3 19 2 33 3 19 9 33 4 19 9 33 4 19 1 19 1 19 8 20 5 19 8 20 5 18 5 19 3 33 3 19 9 33 4 19 1 19 8 20 5 19 8 20 5 19 9 33 4 19 7 33 6 19 1 19 9 33 4 19 2 33 3 19 8 20 5 19 10 33 10 19 10 33 10 18 6 33 7 18 6 33 7 18 6 33 7 18 6 33 7 18 3 33 2 18 3 33 2 19 3 33 2 19 10 33 10 18 6 33 7 18 6 33 7 18 6 33 7 18 3 33 2 18 3 33 2 18 5 33 8 18 5 33 8 18 6 33 7 18 6 33 7 18 3 33 2 18 3 33 2 18 5 33 8 18 5 33 8 18 6 33 7 18 6 33 7 18 3 33 2 18 3 33 2 18 5 33 8 18 6 33 7 18 3 33 2 18 3 33 2 18 6 33 7 18 6 33 7 18 6 33 7 18 6 33 7 18 6 33 7 18 6 33 7 18 3 33 2 18 6 33 7 18 3 33 2 18 6 33 7 18 3 33 2 18 3 33 2 17 3 18 2 18 10 33 10 17 3 18 2 18 2 33 3 17 4 18 9 18 2 33 3 17 4 18 9 18 2 33 3 17 4 18 9 18 2 33 3 17 4 18 9 18 2 33 3 17 4 18 9 18 2 33 3 17 4 18 9 18 2 33 3 17 4 18 9 18 2 33 3 17 4 18 8 33 4 18 2 33 3 17 4 18 8 33 4 18 9 33 4 17 5 18 8 17 5 18 8 17 6 18 7 17 6 18 7 18 10 33 10 18 10 33 10 18 10 33 10 18 10 33 10 18 10 33 10 18 10 33 10 18 10 33 10 18 10 33 10 18 10 33 10 18 10 33 10 18 10 33 10 17 5 18 8 17 5 18 8 17 5 18 8 17 5 18 8 17 5 18 8 17 5 18 8 17 5 18 8 17 3 18 2 17 3 18 2 18 10 33 10 18 2 33 3 18 10 33 10 18 10 33 10 18 10 33 10 18 10 33 10 17 5 18 8 17 4 18 9 18 2 33 3 18 2 33 3 18 10 33 10 17 6 18 7 17 6 18 7 17 6 18 7 17 3 18 2 18 10 33 10 18 10 33 10 18 10 33 10 18 10 33 10 18 10 33 10 17 3 18 2 17 3 18 2 17 3 18 2 17 3 18 2 17 3 18 2 17 3 18 2 17 3 18 2 17 3 18 2 17 3 18 2 17 7 18 6 17 7 18 6 17 7 18 6 17 7 18 6 17 7 18 6 17 7 18 6 17 7 18 6 34 1 34 1 34 1 34 1 34 1 34 1 17 7 18 6 17 7 18 6 17 7 18 6 34 1 34 1 17 8 18 5 17 8 18 5 34 1 16 2 17 6 18 4 34 1 34 1 34 1 17 9 18 4 17 1 16 2 17 6 18 4 16 2 17 6 18 4 34 1 34 1 28 1 28 1 28 1 28 1 29 1 29 1 29 1 29 1 29 1 29 1 29 1 28 1 28 1 28 1 28 1 22 1 22 1 23 1 22 1 23 1 22 1 23 1 23 1 23 1 23 1 23 1 23 1 23 1 23 1 26 1 27 1 26 1 26 1 26 1 26 1 26 1 27 1 26 1 26 1 26 1 26 1 27 1 27 1 27 1 27 1 27 1 27 1 27 1 24 1 25 1 24 1 24 1 24 1 24 1 24 1 25 1 24 1 24 1 29 1 29 1 29 1 29 1 25 1 25 1 25 1 25 1 25 1 22 1 22 1 23 1 22 1 22 1 22 1 22 1 25 1 25 1 24 1 24 1 24 1 27 1 27 1 27 1 26 1 22 1 22 1 28 1 28 1 25 1 25 1 25 1 29 1 28 1 23 1 28 1 21 1 21 1 21 1 21 1 21 1 21 1 21 7 26 6 21 7 24 6 21 1 21 1 21 7 28 6 21 7 26 6 21 1 21 1 21 7 24 6 21 7 22 6 21 1 21 1 21 7 28 6 21 1 21 1 21 1 21 1 21 1 46 1 46 1 46 1 46 1 46 1 46 1 46 8 47 5 46 1 46 8 47 5 46 1 46 8 47 5 46 9 60 4 46 8 47 5 46 8 47 5 46 10 47 10 46 10 47 10 46 5 47 8 46 5 47 8 46 5 47 8 46 10 47 10 46 5 47 8 46 10 47 10 46 5 47 8 46 10 47 10 46 5 47 8 46 10 47 10 46 10 47 10 46 8 47 5 46 8 47 5 46 1 46 8 47 5 55 1 55 1 55 1 55 1 55 1 56 1 56 1 56 1 56 1 56 1 56 1 56 1 56 1 46 8 47 5 46 1 46 8 47 5 46 1 46 8 47 5 46 1 46 1 46 1 51 1 51 1 52 1 51 1 52 1 51 1 52 1 52 1 52 1 52 1 52 1 51 1 51 1 51 1 51 1 51 1 51 1 56 1 56 1 56 1 55 1 55 1 56 1 46 8 47 5 46 10 47 10 46 8 47 5 46 10 47 10 46 1 46 1 52 1 52 1 52 1 55 1 55 1 55 1 55 1 52 1 52 1 46 5 47 8 46 10 47 10 46 5 47 8 46 10 47 10 46 5 47 8 46 10 47 10 46 5 47 8 46 10 47 10 46 5 47 8 51 1 46 1 46 1 55 1 46 5 47 8 46 5 47 8 46 9 60 4 53 1 53 1 54 1 53 1 54 1 53 1 54 1 54 1 54 1 54 1 54 1 54 1 53 1 53 1 48 1 48 1 48 1 48 7 55 6 48 1 48 1 48 7 55 6 48 7 53 6 53 1 53 1 48 7 53 6 48 7 51 6 49 1 49 1 49 1 48 7 51 6 54 1 54 1 54 1 54 1 53 1 53 1 48 1 53 1 48 1 49 1 48 1 49 1 48 1 49 1 48 1 48 1 48 1 48 1 48 1 11 1 11 1 11 1 11 1 11 1 11 1 11 1 11 1 11 1 11 1 11 1 11 1 11 1 11 1 11 1 11 1 11 1 11 1 11 1 11 1 11 1 11 1 11 1 11 1 11 1 11 1 11 1 11 1 11 1 11 1 11 1 11 1 11 1 11 1 11 1 11 1 11 1 11 1 11 1 48 1 48 1 48 1 48 1 48 1 48 1 48 1 48 1 48 1 48 1 48 1 48 1 48 1 48 1 48 1 48 1 48 1 11 1 11 1 11 1 11 1 11 1 11 1 11 1 47 8 48 5 47 8 48 5 48 1 47 8 48 5 48 1 47 8 48 5 48 1 48 1 47 1 47 1 47 8 48 5 47 1 47 8 48 5 47 1 47 1 50 1 49 1 49 1 50 1 50 1 50 1 50 1 50 1 48 1 48 1 47 8 48 5 47 8 48 5 47 8 48 5 47 8 48 5 49 1 50 1 49 1 50 1 50 1 11 1 11 1 11 1 11 1 11 1 11 1 11 1 11 1 11 1 11 1 11 1 11 1 11 1 59 1 59 1 59 1 59 1 59 1 59 1 59 1 59 1 47 1 47 1 11 1 11 1 11 1 48 1 48 1 47 8 48 5 11 1 11 1 11 1 50 1 50 1 50 1 11 1 11 1 11 1 48 7 49 6 49 1 49 1 47 1 48 1 48 1 59 1 59 1 59 1 59 1 11 1 11 1 11 1 11 1 11 1 11 1 11 1 47 1 47 1 47 1 48 1 11 1 59 1 48 1 48 10 58 10 58 1 58 1 58 1 58 9 59 4 58 1 58 1 58 1 58 1 58 1 58 6 59 7 48 5 58 8 58 4 59 9 48 5 58 8 58 4 59 9 58 3 59 2 58 4 59 9 48 10 58 10 48 5 58 8 48 10 58 10 48 10 58 10 58 1 58 1 58 1 58 1 58 1 46 9 60 4 46 9 60 4 46 8 60 5 46 7 60 6 46 8 60 5 45 6 46 5 60 10 45 5 46 3 60 3 46 9 60 4 46 9 60 4 46 8 60 5 46 10 60 10 46 2 60 3 46 7 60 6 46 7 60 6 46 10 60 10 46 7 60 6 45 5 46 3 60 3 46 2 60 3 46 9 60 4 45 6 46 5 60 10 46 7 60 6 45 5 46 3 60 3 45 6 60 7 45 6 60 7 45 6 60 7 45 5 60 8 45 6 60 7 45 5 60 8 46 3 60 2 45 6 60 7 46 10 60 10 45 6 60 7 45 6 60 7 45 6 60 7 45 5 60 8 45 5 60 8 45 5 60 8 45 6 60 7 45 6 60 7 45 6 60 7 45 6 60 7 45 6 60 7 45 6 60 7 45 6 60 7 45 3 60 2 45 6 60 7 45 6 60 7 45 6 60 7 45 6 60 7 45 6 60 7 45 10 60 10 45 3 60 2 45 2 60 3 45 3 60 2 45 10 60 10 45 3 60 2 45 10 60 10 45 3 60 2 45 10 60 10 45 3 60 2 45 10 60 10 45 3 60 2 45 10 60 10 45 10 60 10 45 10 60 10 45 10 60 10 45 10 60 10 45 10 60 10 45 10 60 10 45 2 60 3 45 2 60 3 44 4 45 9 44 4 45 9 44 5 45 8 44 4 45 9 44 5 45 8 44 4 45 9 44 5 45 8 44 4 45 9 44 5 45 8 44 4 45 9 44 5 45 8 44 4 45 9 45 2 60 3 45 2 60 3 45 2 60 3 45 2 60 3 45 2 60 3 45 2 60 3 45 10 60 10 45 10 60 10 45 2 60 3 45 10 60 10 45 2 60 3 45 10 60 10 45 2 60 3 45 10 60 10 45 3 60 2 44 3 45 2 44 3 45 2 45 10 60 10 45 10 60 10 45 10 60 10 45 3 60 2 44 4 45 8 60 4 44 5 45 8 44 3 45 2 44 3 45 2 45 10 60 10 45 10 60 10 45 3 60 2 45 3 60 2 44 3 45 2 44 3 45 2 44 3 45 2 44 3 45 2 45 3 60 2 45 3 60 2 45 9 60 4 44 4 45 9 44 5 45 8 44 6 45 7 44 3 45 2 44 3 45 2 44 5 45 8 44 4 45 8 60 4 45 3 60 2 44 3 45 2 44 3 45 2 44 3 45 2 44 6 45 7 44 6 45 7 45 10 60 10 45 3 60 2 44 3 45 2 44 5 45 8 44 6 45 7 44 5 45 8 44 6 45 7 44 7 45 6 44 7 45 6 44 7 45 6 44 7 45 6 44 7 45 6 44 7 45 6 44 8 45 5 44 7 45 6 44 7 45 6 44 7 45 6 44 7 45 6 61 1 61 1 61 1 44 8 45 5 61 1 61 1 61 1 16 2 44 6 45 4 16 2 44 6 45 4 16 2 44 6 45 4 61 1 44 9 45 4 61 1 44 1 61 1 61 1 61 1 61 1 61 1 61 1 7 1 7 1 7 1 7 1 7 1 7 1 7 1 7 1 7 1 7 1 7 1 7 1 7 1 7 1 7 1 7 1 7 1 7 1 7 1 7 1 7 1 7 1 7 1 7 1 7 1 21 1 21 1 21 10 31 10 31 1 31 1 31 1 31 1 31 1 31 1 31 1 31 1 31 1 31 9 32 4 32 1 32 1 32 1 32 1 32 1 32 1 7 1 7 1 7 1 7 1 7 1 7 1 7 1 7 1 7 1 7 1 7 1 7 1 7 1 7 1 21 10 31 10 21 5 31 8 21 10 31 10 21 5 31 8 21 5 31 8 31 4 32 9 31 4 32 9 32 1 32 1 32 1 7 1 7 1 7 1 7 1 7 1 7 1 7 1 7 1 7 1 7 1 7 1 7 1 7 1 7 1 7 1 7 1 31 1 31 1 31 6 32 7 31 3 32 2 32 1 32 1 32 1 7 1 7 1 7 1 31 1 31 4 32 9 32 1 7 1 7 1 7 1 7 1 7 1 7 1 7 1 7 1 7 1 7 1 7 1 21 1 31 1 7 1 7 1 7 1 21 1 21 1 7 1 7 1 21 10 31 10 21 1 21 1 21 1 21 1 7 1 7 1 19 10 20 10 19 10 20 10 19 5 20 8 19 5 20 8 20 1 19 5 20 8 20 1 19 5 20 8 20 1 19 5 20 8 19 5 20 8 19 10 20 10 19 10 20 10 21 1 21 1 21 1 21 1 21 1 21 1 21 1 21 1 20 8 21 5 21 1 20 8 21 5 21 1 20 8 21 5 20 1 20 8 21 5 20 8 21 5 20 8 21 5 20 8 21 5 20 1 20 1 19 5 20 8 19 5 20 8 19 10 20 10 19 10 20 10 19 10 20 10 19 5 20 8 20 1 20 8 21 5 20 1 20 1 20 1 20 8 21 5 20 8 21 5 19 10 20 10 19 5 20 8 19 5 20 8 19 5 20 8 20 1 19 10 20 10 19 10 20 10 19 10 20 10 19 5 20 8 21 1 21 1 21 1 21 1 19 10 20 10 19 10 20 10 21 1 20 8 21 5 21 1 21 1</v>
				</vertex_weights>
			</skin>
		</controller>
		<controller id="ID250">
			<skin source="#ID251">
				<bind_shape_matrix>1 0 0 0 0 1 0 0 0 0 1 0 0 0 0 1</bind_shape_matrix>
				<source id="ID259">
					<Name_array id="ID260" count="63">joint1 joint63 joint2 joint3 joint4 joint6 joint59 joint60 joint61 joint62 joint55 joint56 joint57 joint58 joint54 joint7 joint8 joint36 joint38 joint40 joint53 joint41 joint51 joint52 joint49 joint50 joint47 joint48 joint45 joint46 joint44 joint42 joint43 joint39 joint37 joint27 joint29 joint35 joint31 joint32 joint33 joint34 joint30 joint28 joint9 joint11 joint13 joint26 joint14 joint24 joint25 joint22 joint23 joint20 joint21 joint18 joint19 joint17 joint15 joint16 joint12 joint10 joint5</Name_array>
					<technique_common>
						<accessor count="63" source="#ID260">
							<param name="JOINT" type="Name"/>
						</accessor>
					</technique_common>
				</source>
				<source id="ID261">
					<float_array id="ID262" count="5" digits="2490374">0 1 0.500008 0.8 0.2</float_array>
					<technique_common>
						<accessor count="5" source="#ID262">
							<param name="WEIGHT" type="float"/>
						</accessor>
					</technique_common>
				</source>
				<source id="ID263">
					<float_array id="ID264" count="1008" digits="2490374">1 0 0 0 0 1 0 0 0 0 1 0 0 0 0 1 1 0 0 0 0 1 0 0 0 0 1 0 0 0 0 1 1 -0 0 0 0 1 0 0 -0 3.46945e-018 1 0 0 0 0 1 1 0 0 0 0 1 0 -0.109524 0 0 1 -0.00216711 0 0 0 1 1 -0 0 0 0 1 0 -0.109524 -0 3.46945e-018 1 -0.00216711 0 0 0 1 1 0 0 0 0 1 0 -0.109524 0 0 1 -0.00216711 0 0 0 1 1 -3.02388e-010 7.76421e-018 -0.011521 3.02388e-010 1 -1.48303e-008 -0.106526 7.75065e-018 1.48303e-008 1 -0.00383037 0 0 0 1 1 4.33681e-019 -3.71339e-018 -0.0115936 -2.1684e-019 1 -1.38778e-017 -0.0576536 3.23905e-018 1.38778e-017 1 -0.0002693 0 0 0 1 1 -9.54184e-010 1.8115e-016 -0.0115442 9.54184e-010 1 -1.02583e-007 -0.0116915 -8.42632e-017 1.02583e-007 1 0.0027669 0 0 0 1 1 0 0 -0.0113867 0 1 0 -0.00510571 0 0 1 -0.0141667 0 0 0 1 1 8.73813e-008 5.72262e-010 0.011521 8.73813e-008 -1 -2.03449e-009 0.106526 5.72262e-010 2.03449e-009 -1 0.00383038 0 0 0 1 1 8.73875e-008 5.35737e-010 0.0115936 8.73875e-008 -1 2.16568e-009 0.0576536 5.35737e-010 -2.16568e-009 -1 0.00026931 0 0 0 1 1 8.8854e-008 1.74195e-016 0.0115442 8.8854e-008 -1 1.53875e-007 0.0116915 1.3842e-014 -1.53875e-007 -1 -0.00276689 0 0 0 1 1 8.74228e-008 1.07062e-023 0.0113867 8.74228e-008 -1 -1.22465e-016 0.0051057 -1.46937e-039 1.22465e-016 -1 0.0141667 0 0 0 1 1 0 0 0 0 1 0 -0.118494 0 0 1 -0.00466711 0 0 0 1 1 -0 0 0 0 1 -6.245e-017 -0.118494 -0 7.63278e-017 1 -0.00466711 0 0 0 1 1 -1.45826e-007 -2.0678e-014 1.9661e-008 1.45826e-007 1 2.84025e-007 -0.134824 -2.06086e-014 -2.84025e-007 1 -0.00549707 0 0 0 1 1 1.19298e-006 -1.94547e-014 -0.00405115 -1.19298e-006 1 -3.26081e-008 -0.156663 -1.94547e-014 3.26081e-008 1 0.0023929 0 0 0 1 1 -1.56299e-015 9.01523e-032 -0.0207661 1.56472e-015 1 -5.76796e-017 -0.157449 -6.93889e-018 5.74627e-017 1 0.00193603 0 0 0 1 1 7.28491e-007 -2.92402e-015 -0.0506428 -7.28491e-007 1 -8.01431e-009 -0.157124 -2.91881e-015 8.01431e-009 1 0.00296999 0 0 0 1 1 0 0 -0.0648966 0 1 0 -0.1576 0 0 1 0.00280106 0 0 0 1 1 -3.32535e-006 9.07931e-007 -0.0780618 3.32534e-006 1 3.47466e-006 -0.158047 -9.07942e-007 -3.47465e-006 1 0.00266896 0 0 0 1 1 0 0 -0.0907754 0 1 0 -0.159281 0 0 1 -0.00164029 0 0 0 1 1 0 0 -0.0960558 0 1 0 -0.159281 0 0 1 -0.00164029 0 0 0 1 1 0 0 -0.0908291 0 1 0 -0.159497 0 0 1 0.00158223 0 0 0 1 1 0 0 -0.0969463 0 1 0 -0.159497 0 0 1 0.00158223 0 0 0 1 1 0 0 -0.0905703 0 1 0 -0.158803 0 0 1 0.00436175 0 0 0 1 1 0 0 -0.0960839 0 1 0 -0.158803 0 0 1 0.00436175 0 0 0 1 1 0 0 -0.0903002 0 1 0 -0.157703 0 0 1 0.00702963 0 0 0 1 1 0 0 -0.0940303 0 1 0 -0.157703 0 0 1 0.00702963 0 0 0 1 2.67655e-024 1 -6.12323e-017 -0.155158 -4.37114e-008 6.12323e-017 1 0.00189926 1 -2.18798e-032 4.37114e-008 -0.0884042 0 0 0 1 1 7.47886e-006 -6.2367e-007 -0.0835652 -7.47886e-006 1 -3.13834e-006 -0.155489 6.23647e-007 3.13834e-006 1 -0.00308091 0 0 0 1 1 0 0 -0.0892851 0 1 0 -0.154644 0 0 1 -0.0054811 0 0 0 1 1 0 0 -0.0321157 0 1 0 -0.157286 0 0 1 0.0023542 0 0 0 1 1 0 0 -0.0207661 0 1 0 -0.157449 0 0 1 0.00193603 0 0 0 1 1 -0 0 0 0 1 -8.94369e-007 -0.16367 -0 8.94369e-007 1 0.000272594 0 0 0 1 1 -9.88642e-007 -5.05792e-009 1.68395e-007 9.88642e-007 1 -7.58592e-007 -0.170326 5.05867e-009 7.58592e-007 1 -0.000740979 0 0 0 1 2.67655e-024 -1 6.12323e-017 0.185198 4.37114e-008 6.12323e-017 1 -0.0141497 -1 -8.28348e-033 4.37114e-008 0.00836081 0 0 0 1 -2.02544e-008 -0.886167 -0.463366 0.154026 3.87356e-008 -0.463366 0.886167 0.088076 -1 -1.32349e-023 4.37114e-008 2.91982e-010 0 0 0 1 -1.69501e-008 -0.921755 -0.387772 0.146304 4.02912e-008 -0.387772 0.921755 0.0766965 -1 -3.30872e-024 4.37114e-008 2.91982e-010 0 0 0 1 -8.84076e-009 -0.979333 -0.202253 0.141357 4.2808e-008 -0.202253 0.979333 0.0502594 -1 1.65436e-024 4.37114e-008 2.91982e-010 0 0 0 1 -8.16107e-009 -0.982653 -0.186704 0.127178 4.29531e-008 -0.186704 0.982653 0.0482555 -1 -3.31026e-024 4.37114e-008 2.91982e-010 0 0 0 1 2.67655e-024 -1 6.12323e-017 0.181773 4.37114e-008 6.12323e-017 1 -0.0102887 -1 -8.28348e-033 4.37114e-008 -0.0124433 0 0 0 1 1 0 0 0 0 1 0 -0.170326 0 0 1 -0.00074085 0 0 0 1 1 8.74228e-008 6.93891e-018 0.00405095 8.74228e-008 -1 -1.3786e-016 0.156663 1.04083e-017 1.37644e-016 -1 -0.00239291 0 0 0 1 1 8.74228e-008 1.46311e-023 0.0207661 8.74228e-008 -1 -1.6811e-016 0.157449 -1.38778e-017 1.68001e-016 -1 -0.00193603 0 0 0 1 1 8.74228e-008 -1.73471e-018 0.0506427 8.74228e-008 -1 -1.19483e-016 0.157124 1.73472e-018 1.19429e-016 -1 -0.00296999 0 0 0 1 1 8.74228e-008 1.07062e-023 0.0648966 8.74228e-008 -1 -1.22465e-016 0.1576 -1.46937e-039 1.22465e-016 -1 -0.00280106 0 0 0 1 1 8.74228e-008 1.11022e-015 0.0780624 8.74228e-008 -1 -1.0384e-015 0.158047 9.4369e-016 1.20493e-015 -1 -0.00266834 0 0 0 1 1 8.74228e-008 1.06407e-023 0.0907754 8.74228e-008 -1 -1.22465e-016 0.159281 -6.54974e-026 1.22465e-016 -1 0.00164029 0 0 0 1 1 8.74228e-008 1.07062e-023 0.0960559 8.74228e-008 -1 -1.22465e-016 0.159281 -1.46937e-039 1.22465e-016 -1 0.00164029 0 0 0 1 1 8.74228e-008 1.06407e-023 0.0908291 8.74228e-008 -1 -1.22465e-016 0.159497 -6.5497e-026 1.22465e-016 -1 -0.00158222 0 0 0 1 1 8.74228e-008 1.07062e-023 0.0969463 8.74228e-008 -1 -1.22465e-016 0.159497 -1.46937e-039 1.22465e-016 -1 -0.00158222 0 0 0 1 1 8.74228e-008 1.06407e-023 0.0905703 8.74228e-008 -1 -1.22465e-016 0.158803 -6.54971e-026 1.22465e-016 -1 -0.00436175 0 0 0 1 1 8.74228e-008 1.07062e-023 0.0960839 8.74228e-008 -1 -1.22465e-016 0.158803 -1.46937e-039 1.22465e-016 -1 -0.00436175 0 0 0 1 1 8.74228e-008 1.06407e-023 0.0903002 8.74228e-008 -1 -1.22465e-016 0.157703 -6.54963e-026 1.22465e-016 -1 -0.00702962 0 0 0 1 1 8.74228e-008 1.07062e-023 0.0940303 8.74228e-008 -1 -1.22465e-016 0.157703 -1.46937e-039 1.22465e-016 -1 -0.00702962 0 0 0 1 8.74228e-008 -1 -1.83697e-016 0.155158 -4.37114e-008 -4.00507e-015 1 0.00189926 -1 -8.74228e-008 -4.37114e-008 -0.0884041 0 0 0 1 1 -9.60325e-008 6.23656e-007 0.083564 -9.60325e-008 -1 7.6983e-008 0.15549 6.23656e-007 -7.69831e-008 -1 0.00308043 0 0 0 1 1 8.74228e-008 1.07062e-023 0.0892851 8.74228e-008 -1 -1.22465e-016 0.154644 -1.46937e-039 1.22465e-016 -1 0.00548111 0 0 0 1 1 8.74228e-008 1.07062e-023 0.0321157 8.74228e-008 -1 -1.22465e-016 0.157286 -1.46937e-039 1.22465e-016 -1 -0.0023542 0 0 0 1 1 8.74228e-008 1.07062e-023 0.0207661 8.74228e-008 -1 -1.22465e-016 0.157449 -1.46937e-039 1.22465e-016 -1 -0.00193603 0 0 0 1 1 0 0 0 0 1 0 0 0 0 1 0 0 0 0 1</float_array>
					<technique_common>
						<accessor count="63" source="#ID264" stride="16">
							<param name="TRANSFORM" type="float4x4"/>
						</accessor>
					</technique_common>
				</source>
				<joints>
					<input semantic="JOINT" source="#ID259"/>
					<input semantic="INV_BIND_MATRIX" source="#ID263"/>
				</joints>
				<vertex_weights count="16">
					<input offset="0" semantic="JOINT" source="#ID259" set="0"/>
					<input offset="1" semantic="WEIGHT" source="#ID261" set="0"/>
					<vcount>1 1 1 1 1 1 1 1 2 2 2 2 2 2 2 2</vcount>
					<v>10 1 10 1 10 1 10 1 6 1 6 1 6 1 6 1 46 2 47 2 46 2 47 2 46 2 47 2 46 3 47 4 19 2 20 2 19 2 20 2 19 2 20 2 19 3 20 4</v>
				</vertex_weights>
			</skin>
		</controller>
		<controller id="ID265">
			<skin source="#ID266">
				<bind_shape_matrix>1 0 0 0 0 1 0 0 0 0 1 0 0 0 0 1</bind_shape_matrix>
				<source id="ID274">
					<Name_array id="ID275" count="63">joint1 joint63 joint2 joint3 joint4 joint6 joint59 joint60 joint61 joint62 joint55 joint56 joint57 joint58 joint54 joint7 joint8 joint36 joint38 joint40 joint53 joint41 joint51 joint52 joint49 joint50 joint47 joint48 joint45 joint46 joint44 joint42 joint43 joint39 joint37 joint27 joint29 joint35 joint31 joint32 joint33 joint34 joint30 joint28 joint9 joint11 joint13 joint26 joint14 joint24 joint25 joint22 joint23 joint20 joint21 joint18 joint19 joint17 joint15 joint16 joint12 joint10 joint5</Name_array>
					<technique_common>
						<accessor count="63" source="#ID275">
							<param name="JOINT" type="Name"/>
						</accessor>
					</technique_common>
				</source>
				<source id="ID276">
					<float_array id="ID277" count="11" digits="2490374">0 1 0.0999924 0.900008 0.299992 0.8 0.6 0.2 0.700008 0.4 0.500008</float_array>
					<technique_common>
						<accessor count="11" source="#ID277">
							<param name="WEIGHT" type="float"/>
						</accessor>
					</technique_common>
				</source>
				<source id="ID278">
					<float_array id="ID279" count="1008" digits="2490374">1 0 0 0 0 1 0 0 0 0 1 0 0 0 0 1 1 0 0 0 0 1 0 0 0 0 1 0 0 0 0 1 1 -0 0 0 0 1 0 0 -0 3.46945e-018 1 0 0 0 0 1 1 0 0 0 0 1 0 -0.109524 0 0 1 -0.00216711 0 0 0 1 1 -0 0 0 0 1 0 -0.109524 -0 3.46945e-018 1 -0.00216711 0 0 0 1 1 0 0 0 0 1 0 -0.109524 0 0 1 -0.00216711 0 0 0 1 1 -3.02388e-010 7.76421e-018 -0.011521 3.02388e-010 1 -1.48303e-008 -0.106526 7.75065e-018 1.48303e-008 1 -0.00383037 0 0 0 1 1 4.33681e-019 -3.71339e-018 -0.0115936 -2.1684e-019 1 -1.38778e-017 -0.0576536 3.23905e-018 1.38778e-017 1 -0.0002693 0 0 0 1 1 -9.54184e-010 1.8115e-016 -0.0115442 9.54184e-010 1 -1.02583e-007 -0.0116915 -8.42632e-017 1.02583e-007 1 0.0027669 0 0 0 1 1 0 0 -0.0113867 0 1 0 -0.00510571 0 0 1 -0.0141667 0 0 0 1 1 8.73813e-008 5.72262e-010 0.011521 8.73813e-008 -1 -2.03449e-009 0.106526 5.72262e-010 2.03449e-009 -1 0.00383038 0 0 0 1 1 8.73875e-008 5.35737e-010 0.0115936 8.73875e-008 -1 2.16568e-009 0.0576536 5.35737e-010 -2.16568e-009 -1 0.00026931 0 0 0 1 1 8.8854e-008 1.74195e-016 0.0115442 8.8854e-008 -1 1.53875e-007 0.0116915 1.3842e-014 -1.53875e-007 -1 -0.00276689 0 0 0 1 1 8.74228e-008 1.07062e-023 0.0113867 8.74228e-008 -1 -1.22465e-016 0.0051057 -1.46937e-039 1.22465e-016 -1 0.0141667 0 0 0 1 1 0 0 0 0 1 0 -0.118494 0 0 1 -0.00466711 0 0 0 1 1 -0 0 0 0 1 -6.245e-017 -0.118494 -0 7.63278e-017 1 -0.00466711 0 0 0 1 1 -1.45826e-007 -2.0678e-014 1.9661e-008 1.45826e-007 1 2.84025e-007 -0.134824 -2.06086e-014 -2.84025e-007 1 -0.00549707 0 0 0 1 1 1.19298e-006 -1.94547e-014 -0.00405115 -1.19298e-006 1 -3.26081e-008 -0.156663 -1.94547e-014 3.26081e-008 1 0.0023929 0 0 0 1 1 -1.56299e-015 9.01523e-032 -0.0207661 1.56472e-015 1 -5.76796e-017 -0.157449 -6.93889e-018 5.74627e-017 1 0.00193603 0 0 0 1 1 7.28491e-007 -2.92402e-015 -0.0506428 -7.28491e-007 1 -8.01431e-009 -0.157124 -2.91881e-015 8.01431e-009 1 0.00296999 0 0 0 1 1 0 0 -0.0648966 0 1 0 -0.1576 0 0 1 0.00280106 0 0 0 1 1 -3.32535e-006 9.07931e-007 -0.0780618 3.32534e-006 1 3.47466e-006 -0.158047 -9.07942e-007 -3.47465e-006 1 0.00266896 0 0 0 1 1 0 0 -0.0907754 0 1 0 -0.159281 0 0 1 -0.00164029 0 0 0 1 1 0 0 -0.0960558 0 1 0 -0.159281 0 0 1 -0.00164029 0 0 0 1 1 0 0 -0.0908291 0 1 0 -0.159497 0 0 1 0.00158223 0 0 0 1 1 0 0 -0.0969463 0 1 0 -0.159497 0 0 1 0.00158223 0 0 0 1 1 0 0 -0.0905703 0 1 0 -0.158803 0 0 1 0.00436175 0 0 0 1 1 0 0 -0.0960839 0 1 0 -0.158803 0 0 1 0.00436175 0 0 0 1 1 0 0 -0.0903002 0 1 0 -0.157703 0 0 1 0.00702963 0 0 0 1 1 0 0 -0.0940303 0 1 0 -0.157703 0 0 1 0.00702963 0 0 0 1 2.67655e-024 1 -6.12323e-017 -0.155158 -4.37114e-008 6.12323e-017 1 0.00189926 1 -2.18798e-032 4.37114e-008 -0.0884042 0 0 0 1 1 7.47886e-006 -6.2367e-007 -0.0835652 -7.47886e-006 1 -3.13834e-006 -0.155489 6.23647e-007 3.13834e-006 1 -0.00308091 0 0 0 1 1 0 0 -0.0892851 0 1 0 -0.154644 0 0 1 -0.0054811 0 0 0 1 1 0 0 -0.0321157 0 1 0 -0.157286 0 0 1 0.0023542 0 0 0 1 1 0 0 -0.0207661 0 1 0 -0.157449 0 0 1 0.00193603 0 0 0 1 1 -0 0 0 0 1 -8.94369e-007 -0.16367 -0 8.94369e-007 1 0.000272594 0 0 0 1 1 -9.88642e-007 -5.05792e-009 1.68395e-007 9.88642e-007 1 -7.58592e-007 -0.170326 5.05867e-009 7.58592e-007 1 -0.000740979 0 0 0 1 2.67655e-024 -1 6.12323e-017 0.185198 4.37114e-008 6.12323e-017 1 -0.0141497 -1 -8.28349e-033 4.37114e-008 0.00836081 0 0 0 1 -2.02544e-008 -0.886167 -0.463366 0.154026 3.87356e-008 -0.463366 0.886167 0.088076 -1 -1.32349e-023 4.37114e-008 2.91982e-010 0 0 0 1 -1.69501e-008 -0.921755 -0.387772 0.146304 4.02912e-008 -0.387772 0.921755 0.0766965 -1 -6.61744e-024 4.37114e-008 2.91982e-010 0 0 0 1 -8.84076e-009 -0.979333 -0.202253 0.141357 4.2808e-008 -0.202253 0.979333 0.0502594 -1 6.61744e-024 4.37114e-008 2.91982e-010 0 0 0 1 -8.16107e-009 -0.982653 -0.186704 0.127178 4.29531e-008 -0.186704 0.982653 0.0482555 -1 -3.31026e-024 4.37114e-008 2.91982e-010 0 0 0 1 2.67655e-024 -1 6.12323e-017 0.181773 4.37114e-008 6.12323e-017 1 -0.0102887 -1 -8.28349e-033 4.37114e-008 -0.0124433 0 0 0 1 1 0 0 0 0 1 0 -0.170326 0 0 1 -0.00074085 0 0 0 1 1 8.74228e-008 6.93891e-018 0.00405095 8.74228e-008 -1 -1.3786e-016 0.156663 1.04083e-017 1.37644e-016 -1 -0.00239291 0 0 0 1 1 8.74228e-008 1.46311e-023 0.0207661 8.74228e-008 -1 -1.6811e-016 0.157449 -1.38778e-017 1.68001e-016 -1 -0.00193603 0 0 0 1 1 8.74228e-008 -1.73471e-018 0.0506427 8.74228e-008 -1 -1.19483e-016 0.157124 1.73472e-018 1.19429e-016 -1 -0.00296999 0 0 0 1 1 8.74228e-008 1.07062e-023 0.0648966 8.74228e-008 -1 -1.22465e-016 0.1576 -1.46937e-039 1.22465e-016 -1 -0.00280106 0 0 0 1 1 8.74228e-008 1.11022e-015 0.0780624 8.74228e-008 -1 -1.0384e-015 0.158047 9.4369e-016 1.20493e-015 -1 -0.00266834 0 0 0 1 1 8.74228e-008 1.06407e-023 0.0907754 8.74228e-008 -1 -1.22465e-016 0.159281 -6.54974e-026 1.22465e-016 -1 0.00164029 0 0 0 1 1 8.74228e-008 1.07062e-023 0.0960559 8.74228e-008 -1 -1.22465e-016 0.159281 -1.46937e-039 1.22465e-016 -1 0.00164029 0 0 0 1 1 8.74228e-008 1.06407e-023 0.0908291 8.74228e-008 -1 -1.22465e-016 0.159497 -6.5497e-026 1.22465e-016 -1 -0.00158222 0 0 0 1 1 8.74228e-008 1.07062e-023 0.0969463 8.74228e-008 -1 -1.22465e-016 0.159497 -1.46937e-039 1.22465e-016 -1 -0.00158222 0 0 0 1 1 8.74228e-008 1.06407e-023 0.0905703 8.74228e-008 -1 -1.22465e-016 0.158803 -6.54971e-026 1.22465e-016 -1 -0.00436175 0 0 0 1 1 8.74228e-008 1.07062e-023 0.0960839 8.74228e-008 -1 -1.22465e-016 0.158803 -1.46937e-039 1.22465e-016 -1 -0.00436175 0 0 0 1 1 8.74228e-008 1.06407e-023 0.0903002 8.74228e-008 -1 -1.22465e-016 0.157703 -6.54963e-026 1.22465e-016 -1 -0.00702962 0 0 0 1 1 8.74228e-008 1.07062e-023 0.0940303 8.74228e-008 -1 -1.22465e-016 0.157703 -1.46937e-039 1.22465e-016 -1 -0.00702962 0 0 0 1 8.74228e-008 -1 -1.83697e-016 0.155158 -4.37114e-008 -4.00507e-015 1 0.00189926 -1 -8.74228e-008 -4.37114e-008 -0.0884041 0 0 0 1 1 -9.60325e-008 6.23656e-007 0.083564 -9.60325e-008 -1 7.6983e-008 0.15549 6.23656e-007 -7.69831e-008 -1 0.00308043 0 0 0 1 1 8.74228e-008 1.07062e-023 0.0892851 8.74228e-008 -1 -1.22465e-016 0.154644 -1.46937e-039 1.22465e-016 -1 0.00548111 0 0 0 1 1 8.74228e-008 1.07062e-023 0.0321157 8.74228e-008 -1 -1.22465e-016 0.157286 -1.46937e-039 1.22465e-016 -1 -0.0023542 0 0 0 1 1 8.74228e-008 1.07062e-023 0.0207661 8.74228e-008 -1 -1.22465e-016 0.157449 -1.46937e-039 1.22465e-016 -1 -0.00193603 0 0 0 1 1 0 0 0 0 1 0 0 0 0 1 0 0 0 0 1</float_array>
					<technique_common>
						<accessor count="63" source="#ID279" stride="16">
							<param name="TRANSFORM" type="float4x4"/>
						</accessor>
					</technique_common>
				</source>
				<joints>
					<input semantic="JOINT" source="#ID274"/>
					<input semantic="INV_BIND_MATRIX" source="#ID278"/>
				</joints>
				<vertex_weights count="811">
					<input offset="0" semantic="JOINT" source="#ID274" set="0"/>
					<input offset="1" semantic="WEIGHT" source="#ID276" set="0"/>
					<vcount>1 1 2 2 2 2 2 2 2 2 2 2 1 2 1 2 1 2 2 2 2 2 2 2 1 1 1 1 1 1 1 1 1 1 2 2 2 2 2 1 1 2 2 1 1 1 1 1 1 1 1 1 1 1 1 2 2 2 2 1 1 1 1 1 1 1 1 1 1 1 2 2 2 1 1 1 1 1 1 1 1 1 1 1 1 1 1 1 2 2 1 1 1 1 1 1 2 2 1 1 1 1 1 2 1 2 2 1 1 1 2 1 2 2 1 1 1 1 1 1 1 1 1 1 1 1 1 1 1 1 1 1 1 1 1 1 1 1 1 1 1 1 1 1 1 1 1 1 1 1 1 1 1 1 1 1 1 1 1 1 1 1 1 1 1 1 1 1 1 1 1 1 1 1 1 1 1 1 1 1 1 2 1 1 1 1 1 1 1 1 1 1 1 1 1 1 1 1 1 1 1 1 1 1 1 1 1 1 1 1 1 2 2 1 1 1 1 1 1 1 1 2 1 1 1 2 1 1 1 1 1 1 1 2 1 2 2 1 2 1 2 2 2 2 1 2 1 1 1 1 1 1 1 1 1 1 1 1 1 1 1 1 1 1 1 1 1 1 2 1 1 1 1 1 1 1 1 1 1 1 1 1 1 1 1 1 1 1 1 1 1 1 1 1 1 1 1 1 1 1 1 2 1 1 1 1 1 1 1 1 1 1 1 1 1 1 1 2 2 1 2 1 2 2 2 2 1 1 1 1 1 1 2 1 1 1 1 1 1 1 1 1 1 1 1 1 1 1 1 1 1 1 1 1 1 1 1 1 1 1 1 1 1 1 1 1 1 1 1 1 1 1 1 1 1 2 2 2 1 1 1 1 1 1 1 1 1 1 1 1 1 1 1 1 1 1 1 1 1 1 1 1 1 1 1 1 1 2 1 1 1 1 1 1 1 1 1 1 1 1 1 1 1 1 2 2 1 1 1 1 2 1 1 1 1 1 1 1 1 1 1 1 1 1 2 2 1 2 2 1 1 1 1 1 1 1 1 2 2 1 1 1 1 1 1 1 1 1 1 1 1 1 1 1 1 1 1 1 1 1 2 2 2 2 2 2 2 2 2 2 2 2 2 2 2 2 2 2 2 2 2 2 2 2 2 2 2 2 2 2 3 2 3 2 3 3 3 3 2 2 2 2 2 2 2 2 2 2 2 2 2 2 2 2 2 2 3 3 2 2 2 2 2 2 2 2 2 2 2 2 2 2 2 2 2 2 2 2 2 2 2 2 2 2 2 2 3 3 3 3 2 2 3 3 3 3 3 3 3 3 3 3 2 3 1 1 1 1 3 2 3 2 2 2 2 2 2 2 2 1 1 3 2 2 2 2 2 2 2 2 2 2 2 2 2 2 2 2 3 2 2 2 2 2 2 2 2 3 3 3 3 3 3 2 2 2 2 2 3 2 3 3 2 2 2 2 2 2 2 2 2 2 2 2 2 2 2 2 2 2 2 2 2 2 2 2 2 2 2 2 2 2 2 2 2 2 3 2 3 2 2 3 2 2 2 2 2 2 2 2 2 2 2 2 2 2 2 2 2 2 2 2 2 2 2 2 3 2 2 3 2 2 2 2 2 2 2 2 2 2 3 3 3 2 2 1 2 1 2 2 2 2 2 2 2 2 1 1 1 2 2 2 2 2 2 2 2 2 2 2 2 2 2 2 2 2 2 2 2 2 2 2 2 2 2 2 2 2 2 2 2 2 2 2 2 2 2 2 2 2 2 2 2 2 2 2 2 2 2 2 2 2 2 2 1 1 1 1 1 2 2 2 2 2 2 2 1 1 2 2 2</vcount>
					<v>11 1 11 1 10 2 11 3 10 7 11 5 10 4 11 8 10 7 11 5 10 4 11 8 10 2 11 3 10 4 11 8 10 9 11 6 10 5 11 7 10 3 11 2 10 1 10 8 11 4 10 1 10 4 11 8 10 1 10 5 11 7 10 3 11 2 10 5 11 7 10 3 11 2 10 5 11 7 10 3 11 2 10 3 11 2 10 1 10 1 11 1 11 1 10 1 11 1 10 1 11 1 10 1 10 1 10 8 11 4 10 8 11 4 10 6 11 9 10 4 11 8 10 2 11 3 11 1 11 1 10 5 11 7 10 6 11 9 11 1 11 1 10 1 10 1 10 1 10 1 11 1 10 1 12 1 12 1 12 1 12 1 12 10 13 10 12 10 13 10 12 4 13 8 12 4 13 8 13 1 13 1 13 1 13 1 13 1 13 1 13 1 13 1 13 1 13 1 13 1 12 4 13 8 12 4 13 8 12 10 13 10 12 1 12 1 12 1 12 1 12 1 12 1 12 1 12 1 12 1 12 1 12 1 12 1 12 1 12 1 12 1 11 10 12 10 11 10 12 10 11 1 11 1 12 1 12 1 12 1 12 1 12 10 13 10 12 4 13 8 13 1 11 1 12 1 11 1 12 1 11 10 12 10 12 1 11 10 12 10 11 10 12 10 11 1 11 1 11 1 11 10 12 10 11 1 11 10 12 10 11 10 12 10 12 1 12 1 12 1 9 1 9 1 9 1 9 1 9 1 9 1 9 1 9 1 9 1 9 1 13 1 12 1 12 1 12 1 12 1 12 1 12 1 9 1 9 1 9 1 9 1 9 1 9 1 11 1 11 1 11 1 11 1 11 1 11 1 11 1 11 1 13 1 13 1 13 1 13 1 13 1 12 1 12 1 12 1 12 1 11 1 11 1 11 1 11 1 11 1 9 1 9 1 11 1 11 1 11 1 11 1 11 1 12 1 12 1 12 1 12 1 11 1 11 1 11 1 11 1 11 1 11 1 13 1 13 1 11 10 12 10 11 1 9 1 9 1 7 1 7 1 7 1 7 1 7 1 7 1 7 1 7 1 7 1 7 1 7 1 7 1 7 1 7 1 7 1 10 1 10 1 10 1 10 1 10 1 10 1 10 1 10 1 10 1 10 1 10 1 5 2 10 3 5 2 10 3 10 1 10 1 10 1 10 1 10 1 10 1 10 1 10 1 5 2 10 3 10 1 10 1 10 1 5 2 10 3 10 1 8 1 8 1 8 1 8 1 8 1 8 1 7 10 8 10 8 1 7 10 8 10 7 10 8 10 7 1 7 10 8 10 7 1 5 2 10 3 5 2 10 3 5 2 10 3 5 2 10 3 10 1 5 2 10 3 10 1 10 1 10 1 10 1 10 1 10 1 10 1 10 1 10 1 10 1 10 1 10 1 6 1 6 1 6 1 6 1 6 1 6 1 6 1 6 1 6 1 6 1 5 2 6 3 6 1 6 1 6 1 6 1 6 1 6 1 6 1 6 1 6 1 6 1 6 1 6 1 7 1 7 1 7 1 7 1 7 1 7 1 7 1 6 1 6 1 6 1 6 1 6 1 6 1 6 1 6 1 6 1 6 1 6 1 7 1 7 1 7 10 8 10 8 1 8 1 8 1 8 1 8 1 6 1 6 1 6 1 6 1 6 1 6 1 6 1 6 1 6 1 6 1 5 2 6 3 5 2 6 3 6 1 5 2 6 3 6 1 8 4 9 8 8 4 9 8 8 10 9 10 8 10 9 10 8 1 8 1 8 1 8 1 8 1 7 1 7 10 8 10 8 1 8 1 8 1 8 1 8 1 8 1 7 1 7 1 7 1 7 1 7 1 7 1 6 1 6 1 6 1 6 1 6 1 6 1 6 1 6 1 6 1 6 1 6 1 6 1 6 1 6 1 6 1 6 1 6 1 6 1 10 1 10 1 10 1 10 1 10 1 8 1 8 1 8 1 8 1 8 1 6 1 6 1 5 2 6 3 5 2 6 3 5 2 6 3 7 1 7 1 8 1 8 1 8 1 8 1 6 1 6 1 6 1 6 1 10 1 10 1 10 1 10 1 10 1 10 1 10 1 10 1 10 1 10 1 10 1 10 1 10 1 10 1 10 1 6 1 6 1 6 1 6 1 8 4 9 8 8 1 8 1 8 1 10 1 10 1 10 1 10 1 10 1 10 1 10 1 10 1 6 1 6 1 6 1 6 1 7 1 7 10 8 10 7 10 8 10 7 1 7 1 7 1 7 1 7 10 8 10 8 1 10 1 10 1 10 1 10 1 6 1 6 1 6 1 10 1 10 1 6 1 8 1 8 1 8 4 9 8 8 10 9 10 8 1 8 10 9 10 8 4 9 8 6 1 6 1 8 1 6 1 6 1 6 1 8 1 8 1 5 2 6 3 5 2 6 3 10 1 10 1 10 1 10 1 10 1 10 1 10 1 8 1 6 1 6 1 7 1 7 1 6 1 10 1 6 1 6 1 10 1 7 1 7 1 6 1 6 1 6 4 7 8 6 5 7 7 6 4 7 8 6 6 7 9 6 4 7 8 6 4 7 8 6 7 7 5 6 2 7 3 6 2 7 3 6 8 7 4 6 8 7 4 6 6 7 9 6 5 7 7 6 4 7 8 6 5 7 7 6 9 7 6 6 3 7 2 6 5 7 7 6 5 7 7 6 3 7 2 6 7 7 5 6 2 7 3 6 3 7 2 6 3 7 2 6 3 7 2 6 8 7 4 16 6 43 9 16 10 43 10 16 6 43 9 16 6 43 9 16 6 43 4 44 2 16 6 43 9 16 10 43 7 44 4 16 6 43 9 16 10 43 4 44 7 16 10 43 4 44 7 16 10 43 7 44 4 16 6 43 4 44 2 16 10 43 10 16 10 43 10 16 10 43 10 16 10 43 10 16 10 43 10 16 6 43 9 16 10 43 10 16 6 43 9 16 10 43 10 16 6 43 9 16 6 43 9 16 10 43 10 16 6 43 9 16 6 43 9 16 10 43 10 16 6 43 9 16 10 43 10 16 6 43 9 16 8 17 2 43 7 16 6 17 7 43 7 16 6 43 9 16 10 43 10 16 10 43 10 16 6 43 9 16 10 43 10 16 10 43 10 16 10 43 10 16 10 43 10 16 6 43 9 16 10 43 10 16 10 43 10 16 6 43 9 16 6 43 9 16 10 43 10 16 10 43 10 16 10 43 10 16 6 43 9 16 10 43 10 16 6 43 9 16 6 43 9 16 10 43 10 16 10 43 10 16 6 43 9 16 10 43 10 16 10 43 10 16 10 43 10 16 10 43 10 16 6 43 9 16 6 43 7 44 7 16 10 43 7 44 4 16 6 43 4 44 2 16 10 43 7 44 4 16 10 43 10 16 8 44 4 16 4 43 2 44 6 16 4 43 2 44 6 16 9 43 2 44 10 16 9 43 2 44 10 16 4 43 2 44 6 16 10 43 2 44 9 16 4 43 2 44 6 16 10 43 2 44 9 16 6 43 7 44 7 16 6 43 7 44 7 16 5 43 7 16 4 43 2 44 6 44 1 44 1 44 1 44 1 16 4 43 7 44 10 16 7 44 5 16 4 43 7 44 10 16 10 44 10 16 10 44 10 16 5 43 7 16 5 43 7 16 8 44 4 16 9 44 6 16 8 44 4 16 10 44 10 44 1 44 1 16 6 17 7 43 7 16 5 43 7 16 8 43 4 16 5 43 7 16 8 43 4 16 5 43 7 16 8 43 4 16 8 43 4 16 8 43 4 16 8 43 4 16 8 43 4 16 8 43 4 16 8 43 4 16 6 43 9 16 8 43 4 16 8 43 4 16 5 43 7 16 10 17 4 43 7 16 5 43 7 16 8 43 4 16 5 43 7 16 8 43 4 16 8 43 4 16 5 43 7 16 8 43 4 16 8 43 4 16 10 17 4 43 7 16 6 17 7 43 7 16 10 17 4 43 7 16 6 17 7 43 7 16 10 17 4 43 7 16 6 17 7 43 7 16 8 43 4 16 5 43 7 16 5 43 7 16 8 43 4 16 5 43 7 16 10 17 4 43 7 16 8 43 4 16 10 17 4 43 7 16 10 17 4 43 7 16 8 43 4 16 9 43 6 16 9 43 6 16 9 43 6 16 9 43 6 16 9 43 6 16 9 43 6 16 9 43 6 16 9 43 6 16 9 43 6 16 9 43 6 16 9 43 6 16 9 43 6 16 9 43 6 16 9 43 6 16 9 43 6 16 9 43 6 16 9 43 6 16 10 43 10 16 9 43 6 16 9 43 6 16 9 43 6 16 9 43 6 16 9 43 6 16 9 43 6 16 10 43 10 16 9 43 6 16 9 43 6 16 9 43 6 16 9 43 6 16 9 43 6 16 10 43 10 16 10 43 10 16 9 43 6 16 10 17 7 43 4 16 9 43 6 16 10 17 2 43 9 16 9 43 6 16 9 43 6 16 6 17 2 43 4 16 9 43 6 16 9 43 6 16 9 43 6 16 9 43 6 16 9 43 6 16 9 43 6 16 9 43 6 16 9 43 6 16 9 43 6 16 9 43 6 16 9 43 6 16 9 43 6 16 9 43 6 16 9 43 6 16 9 43 6 16 9 43 6 16 9 43 6 16 9 43 6 16 9 43 6 16 9 43 6 16 9 43 6 16 9 43 6 16 9 43 6 16 9 43 6 16 10 17 9 43 2 16 5 17 7 16 10 17 10 16 9 17 10 43 2 16 9 17 6 16 9 17 6 16 7 17 5 16 4 17 8 16 10 17 10 16 10 17 10 16 4 17 8 16 9 17 6 16 4 17 8 16 9 17 6 16 9 17 10 43 2 16 9 17 10 43 2 16 9 17 10 43 2 16 9 17 6 16 5 17 7 16 1 16 3 43 2 16 1 16 3 43 2 16 8 17 4 16 8 17 4 16 8 17 4 16 8 17 4 16 3 43 2 16 3 43 2 16 3 43 2 16 1 16 1 16 1 16 7 43 5 16 7 43 5 16 2 43 3 16 7 43 5 16 2 43 3 16 7 43 5 16 2 43 3 16 7 43 5 16 2 43 3 16 7 43 5 16 2 43 3 16 7 43 5 16 2 43 3 16 7 43 5 16 2 43 3 16 7 43 5 16 2 43 3 16 2 43 3 16 2 43 3 16 2 43 3 16 4 43 8 16 4 43 8 16 7 43 5 16 7 43 5 16 2 43 3 16 2 43 3 16 2 43 3 16 2 43 3 16 7 43 5 16 7 43 5 16 4 43 8 16 4 43 8 16 4 43 8 16 7 43 5 16 7 43 5 16 2 43 3 16 2 43 3 16 2 43 3 16 2 43 3 16 7 43 5 16 7 43 5 16 4 43 8 16 4 43 8 16 4 43 8 16 2 43 3 16 2 43 3 16 2 43 3 16 7 43 5 16 4 43 8 16 7 43 5 16 7 43 5 16 4 43 8 16 7 43 5 16 4 43 8 16 3 17 2 16 1 16 1 16 1 16 1 16 1 16 4 43 8 16 7 43 5 16 2 43 3 16 2 43 3 16 7 43 5 16 7 43 5 16 2 43 3 16 1 16 1 16 7 43 5 16 2 43 3 16 4 43 8</v>
				</vertex_weights>
			</skin>
		</controller>
		<controller id="ID280">
			<skin source="#ID281">
				<bind_shape_matrix>1 0 0 0 0 1 0 0 0 0 1 0 0 0 0 1</bind_shape_matrix>
				<source id="ID289">
					<Name_array id="ID290" count="63">joint1 joint63 joint2 joint3 joint4 joint6 joint59 joint60 joint61 joint62 joint55 joint56 joint57 joint58 joint54 joint7 joint8 joint36 joint38 joint40 joint53 joint41 joint51 joint52 joint49 joint50 joint47 joint48 joint45 joint46 joint44 joint42 joint43 joint39 joint37 joint27 joint29 joint35 joint31 joint32 joint33 joint34 joint30 joint28 joint9 joint11 joint13 joint26 joint14 joint24 joint25 joint22 joint23 joint20 joint21 joint18 joint19 joint17 joint15 joint16 joint12 joint10 joint5</Name_array>
					<technique_common>
						<accessor count="63" source="#ID290">
							<param name="JOINT" type="Name"/>
						</accessor>
					</technique_common>
				</source>
				<source id="ID291">
					<float_array id="ID292" count="2" digits="2490374">0 1</float_array>
					<technique_common>
						<accessor count="2" source="#ID292">
							<param name="WEIGHT" type="float"/>
						</accessor>
					</technique_common>
				</source>
				<source id="ID293">
					<float_array id="ID294" count="1008" digits="2490374">1 0 0 0 0 1 0 0 0 0 1 0 0 0 0 1 1 0 0 0 0 1 0 0 0 0 1 0 0 0 0 1 1 -0 0 0 0 1 0 0 -0 3.46945e-018 1 0 0 0 0 1 1 0 0 0 0 1 0 -0.109524 0 0 1 -0.00216711 0 0 0 1 1 -0 0 0 0 1 0 -0.109524 -0 3.46945e-018 1 -0.00216711 0 0 0 1 1 0 0 0 0 1 0 -0.109524 0 0 1 -0.00216711 0 0 0 1 1 -3.02388e-010 7.76421e-018 -0.011521 3.02388e-010 1 -1.48303e-008 -0.106526 7.75065e-018 1.48303e-008 1 -0.00383037 0 0 0 1 1 4.33681e-019 -3.71339e-018 -0.0115936 -2.1684e-019 1 -1.38778e-017 -0.0576536 3.23905e-018 1.38778e-017 1 -0.0002693 0 0 0 1 1 -9.54184e-010 1.8115e-016 -0.0115442 9.54184e-010 1 -1.02583e-007 -0.0116915 -8.42632e-017 1.02583e-007 1 0.0027669 0 0 0 1 1 0 0 -0.0113867 0 1 0 -0.00510571 0 0 1 -0.0141667 0 0 0 1 1 8.73813e-008 5.72262e-010 0.011521 8.73813e-008 -1 -2.03449e-009 0.106526 5.72262e-010 2.03449e-009 -1 0.00383038 0 0 0 1 1 8.73875e-008 5.35737e-010 0.0115936 8.73875e-008 -1 2.16568e-009 0.0576536 5.35737e-010 -2.16568e-009 -1 0.00026931 0 0 0 1 1 8.8854e-008 1.74195e-016 0.0115442 8.8854e-008 -1 1.53875e-007 0.0116915 1.3842e-014 -1.53875e-007 -1 -0.00276689 0 0 0 1 1 8.74228e-008 1.07062e-023 0.0113867 8.74228e-008 -1 -1.22465e-016 0.0051057 -1.46937e-039 1.22465e-016 -1 0.0141667 0 0 0 1 1 0 0 0 0 1 0 -0.118494 0 0 1 -0.00466711 0 0 0 1 1 -0 0 0 0 1 -6.245e-017 -0.118494 -0 7.63278e-017 1 -0.00466711 0 0 0 1 1 -1.45826e-007 -2.0678e-014 1.9661e-008 1.45826e-007 1 2.84025e-007 -0.134824 -2.06086e-014 -2.84025e-007 1 -0.00549707 0 0 0 1 1 1.19298e-006 -1.94547e-014 -0.00405115 -1.19298e-006 1 -3.26081e-008 -0.156663 -1.94547e-014 3.26081e-008 1 0.0023929 0 0 0 1 1 -1.56299e-015 9.01523e-032 -0.0207661 1.56472e-015 1 -5.76796e-017 -0.157449 -6.93889e-018 5.74627e-017 1 0.00193603 0 0 0 1 1 7.28491e-007 -2.92402e-015 -0.0506428 -7.28491e-007 1 -8.01431e-009 -0.157124 -2.91881e-015 8.01431e-009 1 0.00296999 0 0 0 1 1 0 0 -0.0648966 0 1 0 -0.1576 0 0 1 0.00280106 0 0 0 1 1 -3.32535e-006 9.07931e-007 -0.0780618 3.32534e-006 1 3.47466e-006 -0.158047 -9.07942e-007 -3.47465e-006 1 0.00266896 0 0 0 1 1 0 0 -0.0907754 0 1 0 -0.159281 0 0 1 -0.00164029 0 0 0 1 1 0 0 -0.0960558 0 1 0 -0.159281 0 0 1 -0.00164029 0 0 0 1 1 0 0 -0.0908291 0 1 0 -0.159497 0 0 1 0.00158223 0 0 0 1 1 0 0 -0.0969463 0 1 0 -0.159497 0 0 1 0.00158223 0 0 0 1 1 0 0 -0.0905703 0 1 0 -0.158803 0 0 1 0.00436175 0 0 0 1 1 0 0 -0.0960839 0 1 0 -0.158803 0 0 1 0.00436175 0 0 0 1 1 0 0 -0.0903002 0 1 0 -0.157703 0 0 1 0.00702963 0 0 0 1 1 0 0 -0.0940303 0 1 0 -0.157703 0 0 1 0.00702963 0 0 0 1 2.67655e-024 1 -6.12323e-017 -0.155158 -4.37114e-008 6.12323e-017 1 0.00189926 1 -2.18798e-032 4.37114e-008 -0.0884042 0 0 0 1 1 7.47886e-006 -6.2367e-007 -0.0835652 -7.47886e-006 1 -3.13834e-006 -0.155489 6.23647e-007 3.13834e-006 1 -0.00308091 0 0 0 1 1 0 0 -0.0892851 0 1 0 -0.154644 0 0 1 -0.0054811 0 0 0 1 1 0 0 -0.0321157 0 1 0 -0.157286 0 0 1 0.0023542 0 0 0 1 1 0 0 -0.0207661 0 1 0 -0.157449 0 0 1 0.00193603 0 0 0 1 1 -0 0 0 0 1 -8.94369e-007 -0.16367 -0 8.94369e-007 1 0.000272594 0 0 0 1 1 -9.88642e-007 -5.05792e-009 1.68395e-007 9.88642e-007 1 -7.58592e-007 -0.170326 5.05867e-009 7.58592e-007 1 -0.000740979 0 0 0 1 2.67655e-024 -1 6.12323e-017 0.185198 4.37114e-008 6.12323e-017 1 -0.0141497 -1 -8.28349e-033 4.37114e-008 0.00836081 0 0 0 1 -2.02544e-008 -0.886167 -0.463366 0.154026 3.87356e-008 -0.463366 0.886167 0.088076 -1 -6.61744e-024 4.37114e-008 2.91982e-010 0 0 0 1 -1.69501e-008 -0.921755 -0.387772 0.146304 4.02912e-008 -0.387772 0.921755 0.0766965 -1 -6.61744e-024 4.37114e-008 2.91982e-010 0 0 0 1 -8.84076e-009 -0.979333 -0.202253 0.141357 4.2808e-008 -0.202253 0.979333 0.0502594 -1 1.32349e-023 4.37114e-008 2.91982e-010 0 0 0 1 -8.16107e-009 -0.982653 -0.186704 0.127178 4.29531e-008 -0.186704 0.982653 0.0482555 -1 0 4.37114e-008 2.91982e-010 0 0 0 1 2.67655e-024 -1 6.12323e-017 0.181773 4.37114e-008 6.12323e-017 1 -0.0102887 -1 -8.28349e-033 4.37114e-008 -0.0124433 0 0 0 1 1 0 0 0 0 1 0 -0.170326 0 0 1 -0.00074085 0 0 0 1 1 8.74228e-008 6.93891e-018 0.00405095 8.74228e-008 -1 -1.3786e-016 0.156663 1.04083e-017 1.37644e-016 -1 -0.00239291 0 0 0 1 1 8.74228e-008 1.46311e-023 0.0207661 8.74228e-008 -1 -1.6811e-016 0.157449 -1.38778e-017 1.68001e-016 -1 -0.00193603 0 0 0 1 1 8.74228e-008 -1.73471e-018 0.0506427 8.74228e-008 -1 -1.19483e-016 0.157124 1.73472e-018 1.19429e-016 -1 -0.00296999 0 0 0 1 1 8.74228e-008 1.07062e-023 0.0648966 8.74228e-008 -1 -1.22465e-016 0.1576 -1.46937e-039 1.22465e-016 -1 -0.00280106 0 0 0 1 1 8.74228e-008 1.11022e-015 0.0780624 8.74228e-008 -1 -1.0384e-015 0.158047 9.4369e-016 1.20493e-015 -1 -0.00266834 0 0 0 1 1 8.74228e-008 1.06407e-023 0.0907754 8.74228e-008 -1 -1.22465e-016 0.159281 -6.54974e-026 1.22465e-016 -1 0.00164029 0 0 0 1 1 8.74228e-008 1.07062e-023 0.0960559 8.74228e-008 -1 -1.22465e-016 0.159281 -1.46937e-039 1.22465e-016 -1 0.00164029 0 0 0 1 1 8.74228e-008 1.06407e-023 0.0908291 8.74228e-008 -1 -1.22465e-016 0.159497 -6.5497e-026 1.22465e-016 -1 -0.00158222 0 0 0 1 1 8.74228e-008 1.07062e-023 0.0969463 8.74228e-008 -1 -1.22465e-016 0.159497 -1.46937e-039 1.22465e-016 -1 -0.00158222 0 0 0 1 1 8.74228e-008 1.06407e-023 0.0905703 8.74228e-008 -1 -1.22465e-016 0.158803 -6.54971e-026 1.22465e-016 -1 -0.00436175 0 0 0 1 1 8.74228e-008 1.07062e-023 0.0960839 8.74228e-008 -1 -1.22465e-016 0.158803 -1.46937e-039 1.22465e-016 -1 -0.00436175 0 0 0 1 1 8.74228e-008 1.06407e-023 0.0903002 8.74228e-008 -1 -1.22465e-016 0.157703 -6.54963e-026 1.22465e-016 -1 -0.00702962 0 0 0 1 1 8.74228e-008 1.07062e-023 0.0940303 8.74228e-008 -1 -1.22465e-016 0.157703 -1.46937e-039 1.22465e-016 -1 -0.00702962 0 0 0 1 8.74228e-008 -1 -1.83697e-016 0.155158 -4.37114e-008 -4.00507e-015 1 0.00189926 -1 -8.74228e-008 -4.37114e-008 -0.0884041 0 0 0 1 1 -9.60325e-008 6.23656e-007 0.083564 -9.60325e-008 -1 7.6983e-008 0.15549 6.23656e-007 -7.69831e-008 -1 0.00308043 0 0 0 1 1 8.74228e-008 1.07062e-023 0.0892851 8.74228e-008 -1 -1.22465e-016 0.154644 -1.46937e-039 1.22465e-016 -1 0.00548111 0 0 0 1 1 8.74228e-008 1.07062e-023 0.0321157 8.74228e-008 -1 -1.22465e-016 0.157286 -1.46937e-039 1.22465e-016 -1 -0.0023542 0 0 0 1 1 8.74228e-008 1.07062e-023 0.0207661 8.74228e-008 -1 -1.22465e-016 0.157449 -1.46937e-039 1.22465e-016 -1 -0.00193603 0 0 0 1 1 0 0 0 0 1 0 0 0 0 1 0 0 0 0 1</float_array>
					<technique_common>
						<accessor count="63" source="#ID294" stride="16">
							<param name="TRANSFORM" type="float4x4"/>
						</accessor>
					</technique_common>
				</source>
				<joints>
					<input semantic="JOINT" source="#ID289"/>
					<input semantic="INV_BIND_MATRIX" source="#ID293"/>
				</joints>
				<vertex_weights count="17">
					<input offset="0" semantic="JOINT" source="#ID289" set="0"/>
					<input offset="1" semantic="WEIGHT" source="#ID291" set="0"/>
					<vcount>1 1 1 1 1 1 1 1 1 1 1 1 1 1 1 1 1</vcount>
					<v>36 1 36 1 36 1 36 1 36 1 36 1 36 1 36 1 36 1 36 1 36 1 36 1 36 1 36 1 36 1 36 1 36 1</v>
				</vertex_weights>
			</skin>
		</controller>
		<controller id="ID295">
			<skin source="#ID296">
				<bind_shape_matrix>1 0 0 0 0 1 0 0 0 0 1 0 0 0 0 1</bind_shape_matrix>
				<source id="ID304">
					<Name_array id="ID305" count="63">joint1 joint63 joint2 joint3 joint4 joint6 joint59 joint60 joint61 joint62 joint55 joint56 joint57 joint58 joint54 joint7 joint8 joint36 joint38 joint40 joint53 joint41 joint51 joint52 joint49 joint50 joint47 joint48 joint45 joint46 joint44 joint42 joint43 joint39 joint37 joint27 joint29 joint35 joint31 joint32 joint33 joint34 joint30 joint28 joint9 joint11 joint13 joint26 joint14 joint24 joint25 joint22 joint23 joint20 joint21 joint18 joint19 joint17 joint15 joint16 joint12 joint10 joint5</Name_array>
					<technique_common>
						<accessor count="63" source="#ID305">
							<param name="JOINT" type="Name"/>
						</accessor>
					</technique_common>
				</source>
				<source id="ID306">
					<float_array id="ID307" count="2" digits="2490374">0 1</float_array>
					<technique_common>
						<accessor count="2" source="#ID307">
							<param name="WEIGHT" type="float"/>
						</accessor>
					</technique_common>
				</source>
				<source id="ID308">
					<float_array id="ID309" count="1008" digits="2490374">1 0 0 0 0 1 0 0 0 0 1 0 0 0 0 1 1 0 0 0 0 1 0 0 0 0 1 0 0 0 0 1 1 -0 0 0 0 1 0 0 -0 3.46945e-018 1 0 0 0 0 1 1 0 0 0 0 1 0 -0.109524 0 0 1 -0.00216711 0 0 0 1 1 -0 0 0 0 1 0 -0.109524 -0 3.46945e-018 1 -0.00216711 0 0 0 1 1 0 0 0 0 1 0 -0.109524 0 0 1 -0.00216711 0 0 0 1 1 -3.02388e-010 7.76421e-018 -0.011521 3.02388e-010 1 -1.48303e-008 -0.106526 7.75065e-018 1.48303e-008 1 -0.00383037 0 0 0 1 1 4.33681e-019 -3.71339e-018 -0.0115936 -2.1684e-019 1 -1.38778e-017 -0.0576536 3.23905e-018 1.38778e-017 1 -0.0002693 0 0 0 1 1 -9.54184e-010 1.8115e-016 -0.0115442 9.54184e-010 1 -1.02583e-007 -0.0116915 -8.42632e-017 1.02583e-007 1 0.0027669 0 0 0 1 1 0 0 -0.0113867 0 1 0 -0.00510571 0 0 1 -0.0141667 0 0 0 1 1 8.73813e-008 5.72262e-010 0.011521 8.73813e-008 -1 -2.03449e-009 0.106526 5.72262e-010 2.03449e-009 -1 0.00383038 0 0 0 1 1 8.73875e-008 5.35737e-010 0.0115936 8.73875e-008 -1 2.16568e-009 0.0576536 5.35737e-010 -2.16568e-009 -1 0.00026931 0 0 0 1 1 8.8854e-008 1.74195e-016 0.0115442 8.8854e-008 -1 1.53875e-007 0.0116915 1.3842e-014 -1.53875e-007 -1 -0.00276689 0 0 0 1 1 8.74228e-008 1.07062e-023 0.0113867 8.74228e-008 -1 -1.22465e-016 0.0051057 -1.46937e-039 1.22465e-016 -1 0.0141667 0 0 0 1 1 0 0 0 0 1 0 -0.118494 0 0 1 -0.00466711 0 0 0 1 1 -0 0 0 0 1 -6.245e-017 -0.118494 -0 7.63278e-017 1 -0.00466711 0 0 0 1 1 -1.45826e-007 -2.0678e-014 1.9661e-008 1.45826e-007 1 2.84025e-007 -0.134824 -2.06086e-014 -2.84025e-007 1 -0.00549707 0 0 0 1 1 1.19298e-006 -1.94547e-014 -0.00405115 -1.19298e-006 1 -3.26081e-008 -0.156663 -1.94547e-014 3.26081e-008 1 0.0023929 0 0 0 1 1 -1.56299e-015 9.01523e-032 -0.0207661 1.56472e-015 1 -5.76796e-017 -0.157449 -6.93889e-018 5.74627e-017 1 0.00193603 0 0 0 1 1 7.28491e-007 -2.92402e-015 -0.0506428 -7.28491e-007 1 -8.01431e-009 -0.157124 -2.91881e-015 8.01431e-009 1 0.00296999 0 0 0 1 1 0 0 -0.0648966 0 1 0 -0.1576 0 0 1 0.00280106 0 0 0 1 1 -3.32535e-006 9.07931e-007 -0.0780618 3.32534e-006 1 3.47466e-006 -0.158047 -9.07942e-007 -3.47465e-006 1 0.00266896 0 0 0 1 1 0 0 -0.0907754 0 1 0 -0.159281 0 0 1 -0.00164029 0 0 0 1 1 0 0 -0.0960558 0 1 0 -0.159281 0 0 1 -0.00164029 0 0 0 1 1 0 0 -0.0908291 0 1 0 -0.159497 0 0 1 0.00158223 0 0 0 1 1 0 0 -0.0969463 0 1 0 -0.159497 0 0 1 0.00158223 0 0 0 1 1 0 0 -0.0905703 0 1 0 -0.158803 0 0 1 0.00436175 0 0 0 1 1 0 0 -0.0960839 0 1 0 -0.158803 0 0 1 0.00436175 0 0 0 1 1 0 0 -0.0903002 0 1 0 -0.157703 0 0 1 0.00702963 0 0 0 1 1 0 0 -0.0940303 0 1 0 -0.157703 0 0 1 0.00702963 0 0 0 1 2.67655e-024 1 -6.12323e-017 -0.155158 -4.37114e-008 6.12323e-017 1 0.00189926 1 -2.18798e-032 4.37114e-008 -0.0884042 0 0 0 1 1 7.47886e-006 -6.2367e-007 -0.0835652 -7.47886e-006 1 -3.13834e-006 -0.155489 6.23647e-007 3.13834e-006 1 -0.00308091 0 0 0 1 1 0 0 -0.0892851 0 1 0 -0.154644 0 0 1 -0.0054811 0 0 0 1 1 0 0 -0.0321157 0 1 0 -0.157286 0 0 1 0.0023542 0 0 0 1 1 0 0 -0.0207661 0 1 0 -0.157449 0 0 1 0.00193603 0 0 0 1 1 -0 0 0 0 1 -8.94369e-007 -0.16367 -0 8.94369e-007 1 0.000272594 0 0 0 1 1 -9.88642e-007 -5.05792e-009 1.68395e-007 9.88642e-007 1 -7.58592e-007 -0.170326 5.05867e-009 7.58592e-007 1 -0.000740979 0 0 0 1 2.67655e-024 -1 6.12323e-017 0.185198 4.37114e-008 6.12323e-017 1 -0.0141497 -1 -8.28348e-033 4.37114e-008 0.00836081 0 0 0 1 -2.02544e-008 -0.886167 -0.463366 0.154026 3.87356e-008 -0.463366 0.886167 0.088076 -1 -1.32349e-023 4.37114e-008 2.91982e-010 0 0 0 1 -1.69501e-008 -0.921755 -0.387772 0.146304 4.02912e-008 -0.387772 0.921755 0.0766965 -1 -9.92617e-024 4.37114e-008 2.91982e-010 0 0 0 1 -8.84076e-009 -0.979333 -0.202253 0.141357 4.2808e-008 -0.202253 0.979333 0.0502594 -1 6.61744e-024 4.37114e-008 2.91982e-010 0 0 0 1 -8.16107e-009 -0.982653 -0.186704 0.127178 4.29531e-008 -0.186704 0.982653 0.0482555 -1 0 4.37114e-008 2.91982e-010 0 0 0 1 2.67655e-024 -1 6.12323e-017 0.181773 4.37114e-008 6.12323e-017 1 -0.0102887 -1 -8.28348e-033 4.37114e-008 -0.0124433 0 0 0 1 1 0 0 0 0 1 0 -0.170326 0 0 1 -0.00074085 0 0 0 1 1 8.74228e-008 6.93891e-018 0.00405095 8.74228e-008 -1 -1.3786e-016 0.156663 1.04083e-017 1.37644e-016 -1 -0.00239291 0 0 0 1 1 8.74228e-008 1.46311e-023 0.0207661 8.74228e-008 -1 -1.6811e-016 0.157449 -1.38778e-017 1.68001e-016 -1 -0.00193603 0 0 0 1 1 8.74228e-008 -1.73471e-018 0.0506427 8.74228e-008 -1 -1.19483e-016 0.157124 1.73472e-018 1.19429e-016 -1 -0.00296999 0 0 0 1 1 8.74228e-008 1.07062e-023 0.0648966 8.74228e-008 -1 -1.22465e-016 0.1576 -1.46937e-039 1.22465e-016 -1 -0.00280106 0 0 0 1 1 8.74228e-008 1.11022e-015 0.0780624 8.74228e-008 -1 -1.0384e-015 0.158047 9.4369e-016 1.20493e-015 -1 -0.00266834 0 0 0 1 1 8.74228e-008 1.06407e-023 0.0907754 8.74228e-008 -1 -1.22465e-016 0.159281 -6.54974e-026 1.22465e-016 -1 0.00164029 0 0 0 1 1 8.74228e-008 1.07062e-023 0.0960559 8.74228e-008 -1 -1.22465e-016 0.159281 -1.46937e-039 1.22465e-016 -1 0.00164029 0 0 0 1 1 8.74228e-008 1.06407e-023 0.0908291 8.74228e-008 -1 -1.22465e-016 0.159497 -6.5497e-026 1.22465e-016 -1 -0.00158222 0 0 0 1 1 8.74228e-008 1.07062e-023 0.0969463 8.74228e-008 -1 -1.22465e-016 0.159497 -1.46937e-039 1.22465e-016 -1 -0.00158222 0 0 0 1 1 8.74228e-008 1.06407e-023 0.0905703 8.74228e-008 -1 -1.22465e-016 0.158803 -6.54971e-026 1.22465e-016 -1 -0.00436175 0 0 0 1 1 8.74228e-008 1.07062e-023 0.0960839 8.74228e-008 -1 -1.22465e-016 0.158803 -1.46937e-039 1.22465e-016 -1 -0.00436175 0 0 0 1 1 8.74228e-008 1.06407e-023 0.0903002 8.74228e-008 -1 -1.22465e-016 0.157703 -6.54963e-026 1.22465e-016 -1 -0.00702962 0 0 0 1 1 8.74228e-008 1.07062e-023 0.0940303 8.74228e-008 -1 -1.22465e-016 0.157703 -1.46937e-039 1.22465e-016 -1 -0.00702962 0 0 0 1 8.74228e-008 -1 -1.83697e-016 0.155158 -4.37114e-008 -4.00507e-015 1 0.00189926 -1 -8.74228e-008 -4.37114e-008 -0.0884041 0 0 0 1 1 -9.60325e-008 6.23656e-007 0.083564 -9.60325e-008 -1 7.6983e-008 0.15549 6.23656e-007 -7.69831e-008 -1 0.00308043 0 0 0 1 1 8.74228e-008 1.07062e-023 0.0892851 8.74228e-008 -1 -1.22465e-016 0.154644 -1.46937e-039 1.22465e-016 -1 0.00548111 0 0 0 1 1 8.74228e-008 1.07062e-023 0.0321157 8.74228e-008 -1 -1.22465e-016 0.157286 -1.46937e-039 1.22465e-016 -1 -0.0023542 0 0 0 1 1 8.74228e-008 1.07062e-023 0.0207661 8.74228e-008 -1 -1.22465e-016 0.157449 -1.46937e-039 1.22465e-016 -1 -0.00193603 0 0 0 1 1 0 0 0 0 1 0 0 0 0 1 0 0 0 0 1</float_array>
					<technique_common>
						<accessor count="63" source="#ID309" stride="16">
							<param name="TRANSFORM" type="float4x4"/>
						</accessor>
					</technique_common>
				</source>
				<joints>
					<input semantic="JOINT" source="#ID304"/>
					<input semantic="INV_BIND_MATRIX" source="#ID308"/>
				</joints>
				<vertex_weights count="4">
					<input offset="0" semantic="JOINT" source="#ID304" set="0"/>
					<input offset="1" semantic="WEIGHT" source="#ID306" set="0"/>
					<vcount>1 1 1 1</vcount>
					<v>36 1 36 1 36 1 36 1</v>
				</vertex_weights>
			</skin>
		</controller>
		<controller id="ID310">
			<skin source="#ID311">
				<bind_shape_matrix>1 0 0 0 0 1 0 0 0 0 1 0 0 0 0 1</bind_shape_matrix>
				<source id="ID319">
					<Name_array id="ID320" count="63">joint1 joint63 joint2 joint3 joint4 joint6 joint59 joint60 joint61 joint62 joint55 joint56 joint57 joint58 joint54 joint7 joint8 joint36 joint38 joint40 joint53 joint41 joint51 joint52 joint49 joint50 joint47 joint48 joint45 joint46 joint44 joint42 joint43 joint39 joint37 joint27 joint29 joint35 joint31 joint32 joint33 joint34 joint30 joint28 joint9 joint11 joint13 joint26 joint14 joint24 joint25 joint22 joint23 joint20 joint21 joint18 joint19 joint17 joint15 joint16 joint12 joint10 joint5</Name_array>
					<technique_common>
						<accessor count="63" source="#ID320">
							<param name="JOINT" type="Name"/>
						</accessor>
					</technique_common>
				</source>
				<source id="ID321">
					<float_array id="ID322" count="2" digits="2490374">0 1</float_array>
					<technique_common>
						<accessor count="2" source="#ID322">
							<param name="WEIGHT" type="float"/>
						</accessor>
					</technique_common>
				</source>
				<source id="ID323">
					<float_array id="ID324" count="1008" digits="2490374">1 0 0 0 0 1 0 0 0 0 1 0 0 0 0 1 1 0 0 0 0 1 0 0 0 0 1 0 0 0 0 1 1 -0 0 0 0 1 0 0 -0 3.46945e-018 1 0 0 0 0 1 1 0 0 0 0 1 0 -0.109524 0 0 1 -0.00216711 0 0 0 1 1 -0 0 0 0 1 0 -0.109524 -0 3.46945e-018 1 -0.00216711 0 0 0 1 1 0 0 0 0 1 0 -0.109524 0 0 1 -0.00216711 0 0 0 1 1 -3.02388e-010 7.76421e-018 -0.011521 3.02388e-010 1 -1.48303e-008 -0.106526 7.75065e-018 1.48303e-008 1 -0.00383037 0 0 0 1 1 4.33681e-019 -3.71339e-018 -0.0115936 -2.1684e-019 1 -1.38778e-017 -0.0576536 3.23905e-018 1.38778e-017 1 -0.0002693 0 0 0 1 1 -9.54184e-010 1.8115e-016 -0.0115442 9.54184e-010 1 -1.02583e-007 -0.0116915 -8.42632e-017 1.02583e-007 1 0.0027669 0 0 0 1 1 0 0 -0.0113867 0 1 0 -0.00510571 0 0 1 -0.0141667 0 0 0 1 1 8.73813e-008 5.72262e-010 0.011521 8.73813e-008 -1 -2.03449e-009 0.106526 5.72262e-010 2.03449e-009 -1 0.00383038 0 0 0 1 1 8.73875e-008 5.35737e-010 0.0115936 8.73875e-008 -1 2.16568e-009 0.0576536 5.35737e-010 -2.16568e-009 -1 0.00026931 0 0 0 1 1 8.8854e-008 1.74195e-016 0.0115442 8.8854e-008 -1 1.53875e-007 0.0116915 1.3842e-014 -1.53875e-007 -1 -0.00276689 0 0 0 1 1 8.74228e-008 1.07062e-023 0.0113867 8.74228e-008 -1 -1.22465e-016 0.0051057 -1.46937e-039 1.22465e-016 -1 0.0141667 0 0 0 1 1 0 0 0 0 1 0 -0.118494 0 0 1 -0.00466711 0 0 0 1 1 -0 0 0 0 1 -6.245e-017 -0.118494 -0 7.63278e-017 1 -0.00466711 0 0 0 1 1 -1.45826e-007 -2.0678e-014 1.9661e-008 1.45826e-007 1 2.84025e-007 -0.134824 -2.06086e-014 -2.84025e-007 1 -0.00549707 0 0 0 1 1 1.19298e-006 -1.94547e-014 -0.00405115 -1.19298e-006 1 -3.26081e-008 -0.156663 -1.94547e-014 3.26081e-008 1 0.0023929 0 0 0 1 1 -1.56299e-015 9.01523e-032 -0.0207661 1.56472e-015 1 -5.76796e-017 -0.157449 -6.93889e-018 5.74627e-017 1 0.00193603 0 0 0 1 1 7.28491e-007 -2.92402e-015 -0.0506428 -7.28491e-007 1 -8.01431e-009 -0.157124 -2.91881e-015 8.01431e-009 1 0.00296999 0 0 0 1 1 0 0 -0.0648966 0 1 0 -0.1576 0 0 1 0.00280106 0 0 0 1 1 -3.32535e-006 9.07931e-007 -0.0780618 3.32534e-006 1 3.47466e-006 -0.158047 -9.07942e-007 -3.47465e-006 1 0.00266896 0 0 0 1 1 0 0 -0.0907754 0 1 0 -0.159281 0 0 1 -0.00164029 0 0 0 1 1 0 0 -0.0960558 0 1 0 -0.159281 0 0 1 -0.00164029 0 0 0 1 1 0 0 -0.0908291 0 1 0 -0.159497 0 0 1 0.00158223 0 0 0 1 1 0 0 -0.0969463 0 1 0 -0.159497 0 0 1 0.00158223 0 0 0 1 1 0 0 -0.0905703 0 1 0 -0.158803 0 0 1 0.00436175 0 0 0 1 1 0 0 -0.0960839 0 1 0 -0.158803 0 0 1 0.00436175 0 0 0 1 1 0 0 -0.0903002 0 1 0 -0.157703 0 0 1 0.00702963 0 0 0 1 1 0 0 -0.0940303 0 1 0 -0.157703 0 0 1 0.00702963 0 0 0 1 2.67655e-024 1 -6.12323e-017 -0.155158 -4.37114e-008 6.12323e-017 1 0.00189926 1 -2.18798e-032 4.37114e-008 -0.0884042 0 0 0 1 1 7.47886e-006 -6.2367e-007 -0.0835652 -7.47886e-006 1 -3.13834e-006 -0.155489 6.23647e-007 3.13834e-006 1 -0.00308091 0 0 0 1 1 0 0 -0.0892851 0 1 0 -0.154644 0 0 1 -0.0054811 0 0 0 1 1 0 0 -0.0321157 0 1 0 -0.157286 0 0 1 0.0023542 0 0 0 1 1 0 0 -0.0207661 0 1 0 -0.157449 0 0 1 0.00193603 0 0 0 1 1 -0 0 0 0 1 -8.94369e-007 -0.16367 -0 8.94369e-007 1 0.000272594 0 0 0 1 1 -9.88642e-007 -5.05792e-009 1.68395e-007 9.88642e-007 1 -7.58592e-007 -0.170326 5.05867e-009 7.58592e-007 1 -0.000740979 0 0 0 1 2.67655e-024 -1 6.12323e-017 0.185198 4.37114e-008 6.12323e-017 1 -0.0141497 -1 -8.28349e-033 4.37114e-008 0.00836081 0 0 0 1 -2.02544e-008 -0.886167 -0.463366 0.154026 3.87356e-008 -0.463366 0.886167 0.088076 -1 -6.61744e-024 4.37114e-008 2.91982e-010 0 0 0 1 -1.69501e-008 -0.921755 -0.387772 0.146304 4.02912e-008 -0.387772 0.921755 0.0766965 -1 -6.61744e-024 4.37114e-008 2.91982e-010 0 0 0 1 -8.84076e-009 -0.979333 -0.202253 0.141357 4.2808e-008 -0.202253 0.979333 0.0502594 -1 1.32349e-023 4.37114e-008 2.91982e-010 0 0 0 1 -8.16107e-009 -0.982653 -0.186704 0.127178 4.29531e-008 -0.186704 0.982653 0.0482555 -1 0 4.37114e-008 2.91982e-010 0 0 0 1 2.67655e-024 -1 6.12323e-017 0.181773 4.37114e-008 6.12323e-017 1 -0.0102887 -1 -8.28349e-033 4.37114e-008 -0.0124433 0 0 0 1 1 0 0 0 0 1 0 -0.170326 0 0 1 -0.00074085 0 0 0 1 1 8.74228e-008 6.93891e-018 0.00405095 8.74228e-008 -1 -1.3786e-016 0.156663 1.04083e-017 1.37644e-016 -1 -0.00239291 0 0 0 1 1 8.74228e-008 1.46311e-023 0.0207661 8.74228e-008 -1 -1.6811e-016 0.157449 -1.38778e-017 1.68001e-016 -1 -0.00193603 0 0 0 1 1 8.74228e-008 -1.73471e-018 0.0506427 8.74228e-008 -1 -1.19483e-016 0.157124 1.73472e-018 1.19429e-016 -1 -0.00296999 0 0 0 1 1 8.74228e-008 1.07062e-023 0.0648966 8.74228e-008 -1 -1.22465e-016 0.1576 -1.46937e-039 1.22465e-016 -1 -0.00280106 0 0 0 1 1 8.74228e-008 1.11022e-015 0.0780624 8.74228e-008 -1 -1.0384e-015 0.158047 9.4369e-016 1.20493e-015 -1 -0.00266834 0 0 0 1 1 8.74228e-008 1.06407e-023 0.0907754 8.74228e-008 -1 -1.22465e-016 0.159281 -6.54974e-026 1.22465e-016 -1 0.00164029 0 0 0 1 1 8.74228e-008 1.07062e-023 0.0960559 8.74228e-008 -1 -1.22465e-016 0.159281 -1.46937e-039 1.22465e-016 -1 0.00164029 0 0 0 1 1 8.74228e-008 1.06407e-023 0.0908291 8.74228e-008 -1 -1.22465e-016 0.159497 -6.5497e-026 1.22465e-016 -1 -0.00158222 0 0 0 1 1 8.74228e-008 1.07062e-023 0.0969463 8.74228e-008 -1 -1.22465e-016 0.159497 -1.46937e-039 1.22465e-016 -1 -0.00158222 0 0 0 1 1 8.74228e-008 1.06407e-023 0.0905703 8.74228e-008 -1 -1.22465e-016 0.158803 -6.54971e-026 1.22465e-016 -1 -0.00436175 0 0 0 1 1 8.74228e-008 1.07062e-023 0.0960839 8.74228e-008 -1 -1.22465e-016 0.158803 -1.46937e-039 1.22465e-016 -1 -0.00436175 0 0 0 1 1 8.74228e-008 1.06407e-023 0.0903002 8.74228e-008 -1 -1.22465e-016 0.157703 -6.54963e-026 1.22465e-016 -1 -0.00702962 0 0 0 1 1 8.74228e-008 1.07062e-023 0.0940303 8.74228e-008 -1 -1.22465e-016 0.157703 -1.46937e-039 1.22465e-016 -1 -0.00702962 0 0 0 1 8.74228e-008 -1 -1.83697e-016 0.155158 -4.37114e-008 -4.00507e-015 1 0.00189926 -1 -8.74228e-008 -4.37114e-008 -0.0884041 0 0 0 1 1 -9.60325e-008 6.23656e-007 0.083564 -9.60325e-008 -1 7.6983e-008 0.15549 6.23656e-007 -7.69831e-008 -1 0.00308043 0 0 0 1 1 8.74228e-008 1.07062e-023 0.0892851 8.74228e-008 -1 -1.22465e-016 0.154644 -1.46937e-039 1.22465e-016 -1 0.00548111 0 0 0 1 1 8.74228e-008 1.07062e-023 0.0321157 8.74228e-008 -1 -1.22465e-016 0.157286 -1.46937e-039 1.22465e-016 -1 -0.0023542 0 0 0 1 1 8.74228e-008 1.07062e-023 0.0207661 8.74228e-008 -1 -1.22465e-016 0.157449 -1.46937e-039 1.22465e-016 -1 -0.00193603 0 0 0 1 1 0 0 0 0 1 0 0 0 0 1 0 0 0 0 1</float_array>
					<technique_common>
						<accessor count="63" source="#ID324" stride="16">
							<param name="TRANSFORM" type="float4x4"/>
						</accessor>
					</technique_common>
				</source>
				<joints>
					<input semantic="JOINT" source="#ID319"/>
					<input semantic="INV_BIND_MATRIX" source="#ID323"/>
				</joints>
				<vertex_weights count="17">
					<input offset="0" semantic="JOINT" source="#ID319" set="0"/>
					<input offset="1" semantic="WEIGHT" source="#ID321" set="0"/>
					<vcount>1 1 1 1 1 1 1 1 1 1 1 1 1 1 1 1 1</vcount>
					<v>36 1 36 1 36 1 36 1 36 1 36 1 36 1 36 1 36 1 36 1 36 1 36 1 36 1 36 1 36 1 36 1 36 1</v>
				</vertex_weights>
			</skin>
		</controller>
		<controller id="ID325">
			<skin source="#ID326">
				<bind_shape_matrix>1 0 0 0 0 1 0 0 0 0 1 0 0 0 0 1</bind_shape_matrix>
				<source id="ID334">
					<Name_array id="ID335" count="63">joint1 joint63 joint2 joint3 joint4 joint6 joint59 joint60 joint61 joint62 joint55 joint56 joint57 joint58 joint54 joint7 joint8 joint36 joint38 joint40 joint53 joint41 joint51 joint52 joint49 joint50 joint47 joint48 joint45 joint46 joint44 joint42 joint43 joint39 joint37 joint27 joint29 joint35 joint31 joint32 joint33 joint34 joint30 joint28 joint9 joint11 joint13 joint26 joint14 joint24 joint25 joint22 joint23 joint20 joint21 joint18 joint19 joint17 joint15 joint16 joint12 joint10 joint5</Name_array>
					<technique_common>
						<accessor count="63" source="#ID335">
							<param name="JOINT" type="Name"/>
						</accessor>
					</technique_common>
				</source>
				<source id="ID336">
					<float_array id="ID337" count="2" digits="2490374">0 1</float_array>
					<technique_common>
						<accessor count="2" source="#ID337">
							<param name="WEIGHT" type="float"/>
						</accessor>
					</technique_common>
				</source>
				<source id="ID338">
					<float_array id="ID339" count="1008" digits="2490374">1 0 0 0 0 1 0 0 0 0 1 0 0 0 0 1 1 0 0 0 0 1 0 0 0 0 1 0 0 0 0 1 1 -0 0 0 0 1 0 0 -0 3.46945e-018 1 0 0 0 0 1 1 0 0 0 0 1 0 -0.109524 0 0 1 -0.00216711 0 0 0 1 1 -0 0 0 0 1 0 -0.109524 -0 3.46945e-018 1 -0.00216711 0 0 0 1 1 0 0 0 0 1 0 -0.109524 0 0 1 -0.00216711 0 0 0 1 1 -3.02388e-010 7.76421e-018 -0.011521 3.02388e-010 1 -1.48303e-008 -0.106526 7.75065e-018 1.48303e-008 1 -0.00383037 0 0 0 1 1 4.33681e-019 -3.71339e-018 -0.0115936 -2.1684e-019 1 -1.38778e-017 -0.0576536 3.23905e-018 1.38778e-017 1 -0.0002693 0 0 0 1 1 -9.54184e-010 1.8115e-016 -0.0115442 9.54184e-010 1 -1.02583e-007 -0.0116915 -8.42632e-017 1.02583e-007 1 0.0027669 0 0 0 1 1 0 0 -0.0113867 0 1 0 -0.00510571 0 0 1 -0.0141667 0 0 0 1 1 8.73813e-008 5.72262e-010 0.011521 8.73813e-008 -1 -2.03449e-009 0.106526 5.72262e-010 2.03449e-009 -1 0.00383038 0 0 0 1 1 8.73875e-008 5.35737e-010 0.0115936 8.73875e-008 -1 2.16568e-009 0.0576536 5.35737e-010 -2.16568e-009 -1 0.00026931 0 0 0 1 1 8.8854e-008 1.74195e-016 0.0115442 8.8854e-008 -1 1.53875e-007 0.0116915 1.3842e-014 -1.53875e-007 -1 -0.00276689 0 0 0 1 1 8.74228e-008 1.07062e-023 0.0113867 8.74228e-008 -1 -1.22465e-016 0.0051057 -1.46937e-039 1.22465e-016 -1 0.0141667 0 0 0 1 1 0 0 0 0 1 0 -0.118494 0 0 1 -0.00466711 0 0 0 1 1 -0 0 0 0 1 -6.245e-017 -0.118494 -0 7.63278e-017 1 -0.00466711 0 0 0 1 1 -1.45826e-007 -2.0678e-014 1.9661e-008 1.45826e-007 1 2.84025e-007 -0.134824 -2.06086e-014 -2.84025e-007 1 -0.00549707 0 0 0 1 1 1.19298e-006 -1.94547e-014 -0.00405115 -1.19298e-006 1 -3.26081e-008 -0.156663 -1.94547e-014 3.26081e-008 1 0.0023929 0 0 0 1 1 -1.56299e-015 9.01523e-032 -0.0207661 1.56472e-015 1 -5.76796e-017 -0.157449 -6.93889e-018 5.74627e-017 1 0.00193603 0 0 0 1 1 7.28491e-007 -2.92402e-015 -0.0506428 -7.28491e-007 1 -8.01431e-009 -0.157124 -2.91881e-015 8.01431e-009 1 0.00296999 0 0 0 1 1 0 0 -0.0648966 0 1 0 -0.1576 0 0 1 0.00280106 0 0 0 1 1 -3.32535e-006 9.07931e-007 -0.0780618 3.32534e-006 1 3.47466e-006 -0.158047 -9.07942e-007 -3.47465e-006 1 0.00266896 0 0 0 1 1 0 0 -0.0907754 0 1 0 -0.159281 0 0 1 -0.00164029 0 0 0 1 1 0 0 -0.0960558 0 1 0 -0.159281 0 0 1 -0.00164029 0 0 0 1 1 0 0 -0.0908291 0 1 0 -0.159497 0 0 1 0.00158223 0 0 0 1 1 0 0 -0.0969463 0 1 0 -0.159497 0 0 1 0.00158223 0 0 0 1 1 0 0 -0.0905703 0 1 0 -0.158803 0 0 1 0.00436175 0 0 0 1 1 0 0 -0.0960839 0 1 0 -0.158803 0 0 1 0.00436175 0 0 0 1 1 0 0 -0.0903002 0 1 0 -0.157703 0 0 1 0.00702963 0 0 0 1 1 0 0 -0.0940303 0 1 0 -0.157703 0 0 1 0.00702963 0 0 0 1 2.67655e-024 1 -6.12323e-017 -0.155158 -4.37114e-008 6.12323e-017 1 0.00189926 1 -2.18798e-032 4.37114e-008 -0.0884042 0 0 0 1 1 7.47886e-006 -6.2367e-007 -0.0835652 -7.47886e-006 1 -3.13834e-006 -0.155489 6.23647e-007 3.13834e-006 1 -0.00308091 0 0 0 1 1 0 0 -0.0892851 0 1 0 -0.154644 0 0 1 -0.0054811 0 0 0 1 1 0 0 -0.0321157 0 1 0 -0.157286 0 0 1 0.0023542 0 0 0 1 1 0 0 -0.0207661 0 1 0 -0.157449 0 0 1 0.00193603 0 0 0 1 1 -0 0 0 0 1 -8.94369e-007 -0.16367 -0 8.94369e-007 1 0.000272594 0 0 0 1 1 -9.88642e-007 -5.05792e-009 1.68395e-007 9.88642e-007 1 -7.58592e-007 -0.170326 5.05867e-009 7.58592e-007 1 -0.000740979 0 0 0 1 2.67655e-024 -1 6.12323e-017 0.185198 4.37114e-008 6.12323e-017 1 -0.0141497 -1 -8.28349e-033 4.37114e-008 0.00836081 0 0 0 1 -2.02544e-008 -0.886167 -0.463366 0.154026 3.87356e-008 -0.463366 0.886167 0.088076 -1 -6.61744e-024 4.37114e-008 2.91982e-010 0 0 0 1 -1.69501e-008 -0.921755 -0.387772 0.146304 4.02912e-008 -0.387772 0.921755 0.0766965 -1 -6.61744e-024 4.37114e-008 2.91982e-010 0 0 0 1 -8.84076e-009 -0.979333 -0.202253 0.141357 4.2808e-008 -0.202253 0.979333 0.0502594 -1 1.32349e-023 4.37114e-008 2.91982e-010 0 0 0 1 -8.16107e-009 -0.982653 -0.186704 0.127178 4.29531e-008 -0.186704 0.982653 0.0482555 -1 0 4.37114e-008 2.91982e-010 0 0 0 1 2.67655e-024 -1 6.12323e-017 0.181773 4.37114e-008 6.12323e-017 1 -0.0102887 -1 -8.28349e-033 4.37114e-008 -0.0124433 0 0 0 1 1 0 0 0 0 1 0 -0.170326 0 0 1 -0.00074085 0 0 0 1 1 8.74228e-008 6.93891e-018 0.00405095 8.74228e-008 -1 -1.3786e-016 0.156663 1.04083e-017 1.37644e-016 -1 -0.00239291 0 0 0 1 1 8.74228e-008 1.46311e-023 0.0207661 8.74228e-008 -1 -1.6811e-016 0.157449 -1.38778e-017 1.68001e-016 -1 -0.00193603 0 0 0 1 1 8.74228e-008 -1.73471e-018 0.0506427 8.74228e-008 -1 -1.19483e-016 0.157124 1.73472e-018 1.19429e-016 -1 -0.00296999 0 0 0 1 1 8.74228e-008 1.07062e-023 0.0648966 8.74228e-008 -1 -1.22465e-016 0.1576 -1.46937e-039 1.22465e-016 -1 -0.00280106 0 0 0 1 1 8.74228e-008 1.11022e-015 0.0780624 8.74228e-008 -1 -1.0384e-015 0.158047 9.4369e-016 1.20493e-015 -1 -0.00266834 0 0 0 1 1 8.74228e-008 1.06407e-023 0.0907754 8.74228e-008 -1 -1.22465e-016 0.159281 -6.54974e-026 1.22465e-016 -1 0.00164029 0 0 0 1 1 8.74228e-008 1.07062e-023 0.0960559 8.74228e-008 -1 -1.22465e-016 0.159281 -1.46937e-039 1.22465e-016 -1 0.00164029 0 0 0 1 1 8.74228e-008 1.06407e-023 0.0908291 8.74228e-008 -1 -1.22465e-016 0.159497 -6.5497e-026 1.22465e-016 -1 -0.00158222 0 0 0 1 1 8.74228e-008 1.07062e-023 0.0969463 8.74228e-008 -1 -1.22465e-016 0.159497 -1.46937e-039 1.22465e-016 -1 -0.00158222 0 0 0 1 1 8.74228e-008 1.06407e-023 0.0905703 8.74228e-008 -1 -1.22465e-016 0.158803 -6.54971e-026 1.22465e-016 -1 -0.00436175 0 0 0 1 1 8.74228e-008 1.07062e-023 0.0960839 8.74228e-008 -1 -1.22465e-016 0.158803 -1.46937e-039 1.22465e-016 -1 -0.00436175 0 0 0 1 1 8.74228e-008 1.06407e-023 0.0903002 8.74228e-008 -1 -1.22465e-016 0.157703 -6.54963e-026 1.22465e-016 -1 -0.00702962 0 0 0 1 1 8.74228e-008 1.07062e-023 0.0940303 8.74228e-008 -1 -1.22465e-016 0.157703 -1.46937e-039 1.22465e-016 -1 -0.00702962 0 0 0 1 8.74228e-008 -1 -1.83697e-016 0.155158 -4.37114e-008 -4.00507e-015 1 0.00189926 -1 -8.74228e-008 -4.37114e-008 -0.0884041 0 0 0 1 1 -9.60325e-008 6.23656e-007 0.083564 -9.60325e-008 -1 7.6983e-008 0.15549 6.23656e-007 -7.69831e-008 -1 0.00308043 0 0 0 1 1 8.74228e-008 1.07062e-023 0.0892851 8.74228e-008 -1 -1.22465e-016 0.154644 -1.46937e-039 1.22465e-016 -1 0.00548111 0 0 0 1 1 8.74228e-008 1.07062e-023 0.0321157 8.74228e-008 -1 -1.22465e-016 0.157286 -1.46937e-039 1.22465e-016 -1 -0.0023542 0 0 0 1 1 8.74228e-008 1.07062e-023 0.0207661 8.74228e-008 -1 -1.22465e-016 0.157449 -1.46937e-039 1.22465e-016 -1 -0.00193603 0 0 0 1 1 0 0 0 0 1 0 0 0 0 1 0 0 0 0 1</float_array>
					<technique_common>
						<accessor count="63" source="#ID339" stride="16">
							<param name="TRANSFORM" type="float4x4"/>
						</accessor>
					</technique_common>
				</source>
				<joints>
					<input semantic="JOINT" source="#ID334"/>
					<input semantic="INV_BIND_MATRIX" source="#ID338"/>
				</joints>
				<vertex_weights count="22">
					<input offset="0" semantic="JOINT" source="#ID334" set="0"/>
					<input offset="1" semantic="WEIGHT" source="#ID336" set="0"/>
					<vcount>1 1 1 1 1 1 1 1 1 1 1 1 1 1 1 1 1 1 1 1 1 1</vcount>
					<v>36 1 36 1 36 1 36 1 36 1 36 1 36 1 36 1 36 1 36 1 36 1 36 1 36 1 36 1 36 1 36 1 36 1 36 1 36 1 36 1 36 1 36 1</v>
				</vertex_weights>
			</skin>
		</controller>
		<controller id="ID340">
			<skin source="#ID341">
				<bind_shape_matrix>1 0 0 0 0 1 0 0 0 0 1 0 0 0 0 1</bind_shape_matrix>
				<source id="ID349">
					<Name_array id="ID350" count="63">joint1 joint63 joint2 joint3 joint4 joint6 joint59 joint60 joint61 joint62 joint55 joint56 joint57 joint58 joint54 joint7 joint8 joint36 joint38 joint40 joint53 joint41 joint51 joint52 joint49 joint50 joint47 joint48 joint45 joint46 joint44 joint42 joint43 joint39 joint37 joint27 joint29 joint35 joint31 joint32 joint33 joint34 joint30 joint28 joint9 joint11 joint13 joint26 joint14 joint24 joint25 joint22 joint23 joint20 joint21 joint18 joint19 joint17 joint15 joint16 joint12 joint10 joint5</Name_array>
					<technique_common>
						<accessor count="63" source="#ID350">
							<param name="JOINT" type="Name"/>
						</accessor>
					</technique_common>
				</source>
				<source id="ID351">
					<float_array id="ID352" count="2" digits="2490374">0 1</float_array>
					<technique_common>
						<accessor count="2" source="#ID352">
							<param name="WEIGHT" type="float"/>
						</accessor>
					</technique_common>
				</source>
				<source id="ID353">
					<float_array id="ID354" count="1008" digits="2490374">1 0 0 0 0 1 0 0 0 0 1 0 0 0 0 1 1 0 0 0 0 1 0 0 0 0 1 0 0 0 0 1 1 -0 0 0 0 1 0 0 -0 3.46945e-018 1 0 0 0 0 1 1 0 0 0 0 1 0 -0.109524 0 0 1 -0.00216711 0 0 0 1 1 -0 0 0 0 1 0 -0.109524 -0 3.46945e-018 1 -0.00216711 0 0 0 1 1 0 0 0 0 1 0 -0.109524 0 0 1 -0.00216711 0 0 0 1 1 -3.02388e-010 7.76421e-018 -0.011521 3.02388e-010 1 -1.48303e-008 -0.106526 7.75065e-018 1.48303e-008 1 -0.00383037 0 0 0 1 1 4.33681e-019 -3.71339e-018 -0.0115936 -2.1684e-019 1 -1.38778e-017 -0.0576536 3.23905e-018 1.38778e-017 1 -0.0002693 0 0 0 1 1 -9.54184e-010 1.8115e-016 -0.0115442 9.54184e-010 1 -1.02583e-007 -0.0116915 -8.42632e-017 1.02583e-007 1 0.0027669 0 0 0 1 1 0 0 -0.0113867 0 1 0 -0.00510571 0 0 1 -0.0141667 0 0 0 1 1 8.73813e-008 5.72262e-010 0.011521 8.73813e-008 -1 -2.03449e-009 0.106526 5.72262e-010 2.03449e-009 -1 0.00383038 0 0 0 1 1 8.73875e-008 5.35737e-010 0.0115936 8.73875e-008 -1 2.16568e-009 0.0576536 5.35737e-010 -2.16568e-009 -1 0.00026931 0 0 0 1 1 8.8854e-008 1.74195e-016 0.0115442 8.8854e-008 -1 1.53875e-007 0.0116915 1.3842e-014 -1.53875e-007 -1 -0.00276689 0 0 0 1 1 8.74228e-008 1.07062e-023 0.0113867 8.74228e-008 -1 -1.22465e-016 0.0051057 -1.46937e-039 1.22465e-016 -1 0.0141667 0 0 0 1 1 0 0 0 0 1 0 -0.118494 0 0 1 -0.00466711 0 0 0 1 1 -0 0 0 0 1 -6.245e-017 -0.118494 -0 7.63278e-017 1 -0.00466711 0 0 0 1 1 -1.45826e-007 -2.0678e-014 1.9661e-008 1.45826e-007 1 2.84025e-007 -0.134824 -2.06086e-014 -2.84025e-007 1 -0.00549707 0 0 0 1 1 1.19298e-006 -1.94547e-014 -0.00405115 -1.19298e-006 1 -3.26081e-008 -0.156663 -1.94547e-014 3.26081e-008 1 0.0023929 0 0 0 1 1 -1.56299e-015 9.01523e-032 -0.0207661 1.56472e-015 1 -5.76796e-017 -0.157449 -6.93889e-018 5.74627e-017 1 0.00193603 0 0 0 1 1 7.28491e-007 -2.92402e-015 -0.0506428 -7.28491e-007 1 -8.01431e-009 -0.157124 -2.91881e-015 8.01431e-009 1 0.00296999 0 0 0 1 1 0 0 -0.0648966 0 1 0 -0.1576 0 0 1 0.00280106 0 0 0 1 1 -3.32535e-006 9.07931e-007 -0.0780618 3.32534e-006 1 3.47466e-006 -0.158047 -9.07942e-007 -3.47465e-006 1 0.00266896 0 0 0 1 1 0 0 -0.0907754 0 1 0 -0.159281 0 0 1 -0.00164029 0 0 0 1 1 0 0 -0.0960558 0 1 0 -0.159281 0 0 1 -0.00164029 0 0 0 1 1 0 0 -0.0908291 0 1 0 -0.159497 0 0 1 0.00158223 0 0 0 1 1 0 0 -0.0969463 0 1 0 -0.159497 0 0 1 0.00158223 0 0 0 1 1 0 0 -0.0905703 0 1 0 -0.158803 0 0 1 0.00436175 0 0 0 1 1 0 0 -0.0960839 0 1 0 -0.158803 0 0 1 0.00436175 0 0 0 1 1 0 0 -0.0903002 0 1 0 -0.157703 0 0 1 0.00702963 0 0 0 1 1 0 0 -0.0940303 0 1 0 -0.157703 0 0 1 0.00702963 0 0 0 1 2.67655e-024 1 -6.12323e-017 -0.155158 -4.37114e-008 6.12323e-017 1 0.00189926 1 -2.18798e-032 4.37114e-008 -0.0884042 0 0 0 1 1 7.47886e-006 -6.2367e-007 -0.0835652 -7.47886e-006 1 -3.13834e-006 -0.155489 6.23647e-007 3.13834e-006 1 -0.00308091 0 0 0 1 1 0 0 -0.0892851 0 1 0 -0.154644 0 0 1 -0.0054811 0 0 0 1 1 0 0 -0.0321157 0 1 0 -0.157286 0 0 1 0.0023542 0 0 0 1 1 0 0 -0.0207661 0 1 0 -0.157449 0 0 1 0.00193603 0 0 0 1 1 -0 0 0 0 1 -8.94369e-007 -0.16367 -0 8.94369e-007 1 0.000272594 0 0 0 1 1 -9.88642e-007 -5.05792e-009 1.68395e-007 9.88642e-007 1 -7.58592e-007 -0.170326 5.05867e-009 7.58592e-007 1 -0.000740979 0 0 0 1 2.67655e-024 -1 6.12323e-017 0.185198 4.37114e-008 6.12323e-017 1 -0.0141497 -1 -8.28348e-033 4.37114e-008 0.00836081 0 0 0 1 -2.02544e-008 -0.886167 -0.463366 0.154026 3.87356e-008 -0.463366 0.886167 0.088076 -1 -1.32349e-023 4.37114e-008 2.91982e-010 0 0 0 1 -1.69501e-008 -0.921755 -0.387772 0.146304 4.02912e-008 -0.387772 0.921755 0.0766965 -1 -3.30872e-024 4.37114e-008 2.91982e-010 0 0 0 1 -8.84076e-009 -0.979333 -0.202253 0.141357 4.2808e-008 -0.202253 0.979333 0.0502594 -1 1.65436e-024 4.37114e-008 2.91982e-010 0 0 0 1 -8.16107e-009 -0.982653 -0.186704 0.127178 4.29531e-008 -0.186704 0.982653 0.0482555 -1 -3.31026e-024 4.37114e-008 2.91982e-010 0 0 0 1 2.67655e-024 -1 6.12323e-017 0.181773 4.37114e-008 6.12323e-017 1 -0.0102887 -1 -8.28348e-033 4.37114e-008 -0.0124433 0 0 0 1 1 0 0 0 0 1 0 -0.170326 0 0 1 -0.00074085 0 0 0 1 1 8.74228e-008 6.93891e-018 0.00405095 8.74228e-008 -1 -1.3786e-016 0.156663 1.04083e-017 1.37644e-016 -1 -0.00239291 0 0 0 1 1 8.74228e-008 1.46311e-023 0.0207661 8.74228e-008 -1 -1.6811e-016 0.157449 -1.38778e-017 1.68001e-016 -1 -0.00193603 0 0 0 1 1 8.74228e-008 -1.73471e-018 0.0506427 8.74228e-008 -1 -1.19483e-016 0.157124 1.73472e-018 1.19429e-016 -1 -0.00296999 0 0 0 1 1 8.74228e-008 1.07062e-023 0.0648966 8.74228e-008 -1 -1.22465e-016 0.1576 -1.46937e-039 1.22465e-016 -1 -0.00280106 0 0 0 1 1 8.74228e-008 1.11022e-015 0.0780624 8.74228e-008 -1 -1.0384e-015 0.158047 9.4369e-016 1.20493e-015 -1 -0.00266834 0 0 0 1 1 8.74228e-008 1.06407e-023 0.0907754 8.74228e-008 -1 -1.22465e-016 0.159281 -6.54974e-026 1.22465e-016 -1 0.00164029 0 0 0 1 1 8.74228e-008 1.07062e-023 0.0960559 8.74228e-008 -1 -1.22465e-016 0.159281 -1.46937e-039 1.22465e-016 -1 0.00164029 0 0 0 1 1 8.74228e-008 1.06407e-023 0.0908291 8.74228e-008 -1 -1.22465e-016 0.159497 -6.5497e-026 1.22465e-016 -1 -0.00158222 0 0 0 1 1 8.74228e-008 1.07062e-023 0.0969463 8.74228e-008 -1 -1.22465e-016 0.159497 -1.46937e-039 1.22465e-016 -1 -0.00158222 0 0 0 1 1 8.74228e-008 1.06407e-023 0.0905703 8.74228e-008 -1 -1.22465e-016 0.158803 -6.54971e-026 1.22465e-016 -1 -0.00436175 0 0 0 1 1 8.74228e-008 1.07062e-023 0.0960839 8.74228e-008 -1 -1.22465e-016 0.158803 -1.46937e-039 1.22465e-016 -1 -0.00436175 0 0 0 1 1 8.74228e-008 1.06407e-023 0.0903002 8.74228e-008 -1 -1.22465e-016 0.157703 -6.54963e-026 1.22465e-016 -1 -0.00702962 0 0 0 1 1 8.74228e-008 1.07062e-023 0.0940303 8.74228e-008 -1 -1.22465e-016 0.157703 -1.46937e-039 1.22465e-016 -1 -0.00702962 0 0 0 1 8.74228e-008 -1 -1.83697e-016 0.155158 -4.37114e-008 -4.00507e-015 1 0.00189926 -1 -8.74228e-008 -4.37114e-008 -0.0884041 0 0 0 1 1 -9.60325e-008 6.23656e-007 0.083564 -9.60325e-008 -1 7.6983e-008 0.15549 6.23656e-007 -7.69831e-008 -1 0.00308043 0 0 0 1 1 8.74228e-008 1.07062e-023 0.0892851 8.74228e-008 -1 -1.22465e-016 0.154644 -1.46937e-039 1.22465e-016 -1 0.00548111 0 0 0 1 1 8.74228e-008 1.07062e-023 0.0321157 8.74228e-008 -1 -1.22465e-016 0.157286 -1.46937e-039 1.22465e-016 -1 -0.0023542 0 0 0 1 1 8.74228e-008 1.07062e-023 0.0207661 8.74228e-008 -1 -1.22465e-016 0.157449 -1.46937e-039 1.22465e-016 -1 -0.00193603 0 0 0 1 1 0 0 0 0 1 0 0 0 0 1 0 0 0 0 1</float_array>
					<technique_common>
						<accessor count="63" source="#ID354" stride="16">
							<param name="TRANSFORM" type="float4x4"/>
						</accessor>
					</technique_common>
				</source>
				<joints>
					<input semantic="JOINT" source="#ID349"/>
					<input semantic="INV_BIND_MATRIX" source="#ID353"/>
				</joints>
				<vertex_weights count="17">
					<input offset="0" semantic="JOINT" source="#ID349" set="0"/>
					<input offset="1" semantic="WEIGHT" source="#ID351" set="0"/>
					<vcount>1 1 1 1 1 1 1 1 1 1 1 1 1 1 1 1 1</vcount>
					<v>36 1 36 1 36 1 36 1 36 1 36 1 36 1 36 1 36 1 36 1 36 1 36 1 36 1 36 1 36 1 36 1 36 1</v>
				</vertex_weights>
			</skin>
		</controller>
		<controller id="ID355">
			<skin source="#ID356">
				<bind_shape_matrix>1 0 0 0 0 1 0 0 0 0 1 0 0 0 0 1</bind_shape_matrix>
				<source id="ID364">
					<Name_array id="ID365" count="63">joint1 joint63 joint2 joint3 joint4 joint6 joint59 joint60 joint61 joint62 joint55 joint56 joint57 joint58 joint54 joint7 joint8 joint36 joint38 joint40 joint53 joint41 joint51 joint52 joint49 joint50 joint47 joint48 joint45 joint46 joint44 joint42 joint43 joint39 joint37 joint27 joint29 joint35 joint31 joint32 joint33 joint34 joint30 joint28 joint9 joint11 joint13 joint26 joint14 joint24 joint25 joint22 joint23 joint20 joint21 joint18 joint19 joint17 joint15 joint16 joint12 joint10 joint5</Name_array>
					<technique_common>
						<accessor count="63" source="#ID365">
							<param name="JOINT" type="Name"/>
						</accessor>
					</technique_common>
				</source>
				<source id="ID366">
					<float_array id="ID367" count="2" digits="2490374">0 1</float_array>
					<technique_common>
						<accessor count="2" source="#ID367">
							<param name="WEIGHT" type="float"/>
						</accessor>
					</technique_common>
				</source>
				<source id="ID368">
					<float_array id="ID369" count="1008" digits="2490374">1 0 0 0 0 1 0 0 0 0 1 0 0 0 0 1 1 0 0 0 0 1 0 0 0 0 1 0 0 0 0 1 1 -0 0 0 0 1 0 0 -0 3.46945e-018 1 0 0 0 0 1 1 0 0 0 0 1 0 -0.109524 0 0 1 -0.00216711 0 0 0 1 1 -0 0 0 0 1 0 -0.109524 -0 3.46945e-018 1 -0.00216711 0 0 0 1 1 0 0 0 0 1 0 -0.109524 0 0 1 -0.00216711 0 0 0 1 1 -3.02388e-010 7.76421e-018 -0.011521 3.02388e-010 1 -1.48303e-008 -0.106526 7.75065e-018 1.48303e-008 1 -0.00383037 0 0 0 1 1 4.33681e-019 -3.71339e-018 -0.0115936 -2.1684e-019 1 -1.38778e-017 -0.0576536 3.23905e-018 1.38778e-017 1 -0.0002693 0 0 0 1 1 -9.54184e-010 1.8115e-016 -0.0115442 9.54184e-010 1 -1.02583e-007 -0.0116915 -8.42632e-017 1.02583e-007 1 0.0027669 0 0 0 1 1 0 0 -0.0113867 0 1 0 -0.00510571 0 0 1 -0.0141667 0 0 0 1 1 8.73813e-008 5.72262e-010 0.011521 8.73813e-008 -1 -2.03449e-009 0.106526 5.72262e-010 2.03449e-009 -1 0.00383038 0 0 0 1 1 8.73875e-008 5.35737e-010 0.0115936 8.73875e-008 -1 2.16568e-009 0.0576536 5.35737e-010 -2.16568e-009 -1 0.00026931 0 0 0 1 1 8.8854e-008 1.74195e-016 0.0115442 8.8854e-008 -1 1.53875e-007 0.0116915 1.3842e-014 -1.53875e-007 -1 -0.00276689 0 0 0 1 1 8.74228e-008 1.07062e-023 0.0113867 8.74228e-008 -1 -1.22465e-016 0.0051057 -1.46937e-039 1.22465e-016 -1 0.0141667 0 0 0 1 1 0 0 0 0 1 0 -0.118494 0 0 1 -0.00466711 0 0 0 1 1 -0 0 0 0 1 -6.245e-017 -0.118494 -0 7.63278e-017 1 -0.00466711 0 0 0 1 1 -1.45826e-007 -2.0678e-014 1.9661e-008 1.45826e-007 1 2.84025e-007 -0.134824 -2.06086e-014 -2.84025e-007 1 -0.00549707 0 0 0 1 1 1.19298e-006 -1.94547e-014 -0.00405115 -1.19298e-006 1 -3.26081e-008 -0.156663 -1.94547e-014 3.26081e-008 1 0.0023929 0 0 0 1 1 -1.56299e-015 9.01523e-032 -0.0207661 1.56472e-015 1 -5.76796e-017 -0.157449 -6.93889e-018 5.74627e-017 1 0.00193603 0 0 0 1 1 7.28491e-007 -2.92402e-015 -0.0506428 -7.28491e-007 1 -8.01431e-009 -0.157124 -2.91881e-015 8.01431e-009 1 0.00296999 0 0 0 1 1 0 0 -0.0648966 0 1 0 -0.1576 0 0 1 0.00280106 0 0 0 1 1 -3.32535e-006 9.07931e-007 -0.0780618 3.32534e-006 1 3.47466e-006 -0.158047 -9.07942e-007 -3.47465e-006 1 0.00266896 0 0 0 1 1 0 0 -0.0907754 0 1 0 -0.159281 0 0 1 -0.00164029 0 0 0 1 1 0 0 -0.0960558 0 1 0 -0.159281 0 0 1 -0.00164029 0 0 0 1 1 0 0 -0.0908291 0 1 0 -0.159497 0 0 1 0.00158223 0 0 0 1 1 0 0 -0.0969463 0 1 0 -0.159497 0 0 1 0.00158223 0 0 0 1 1 0 0 -0.0905703 0 1 0 -0.158803 0 0 1 0.00436175 0 0 0 1 1 0 0 -0.0960839 0 1 0 -0.158803 0 0 1 0.00436175 0 0 0 1 1 0 0 -0.0903002 0 1 0 -0.157703 0 0 1 0.00702963 0 0 0 1 1 0 0 -0.0940303 0 1 0 -0.157703 0 0 1 0.00702963 0 0 0 1 2.67655e-024 1 -6.12323e-017 -0.155158 -4.37114e-008 6.12323e-017 1 0.00189926 1 -2.18798e-032 4.37114e-008 -0.0884042 0 0 0 1 1 7.47886e-006 -6.2367e-007 -0.0835652 -7.47886e-006 1 -3.13834e-006 -0.155489 6.23647e-007 3.13834e-006 1 -0.00308091 0 0 0 1 1 0 0 -0.0892851 0 1 0 -0.154644 0 0 1 -0.0054811 0 0 0 1 1 0 0 -0.0321157 0 1 0 -0.157286 0 0 1 0.0023542 0 0 0 1 1 0 0 -0.0207661 0 1 0 -0.157449 0 0 1 0.00193603 0 0 0 1 1 -0 0 0 0 1 -8.94369e-007 -0.16367 -0 8.94369e-007 1 0.000272594 0 0 0 1 1 -9.88642e-007 -5.05792e-009 1.68395e-007 9.88642e-007 1 -7.58592e-007 -0.170326 5.05867e-009 7.58592e-007 1 -0.000740979 0 0 0 1 2.67655e-024 -1 6.12323e-017 0.185198 4.37114e-008 6.12323e-017 1 -0.0141497 -1 -8.28349e-033 4.37114e-008 0.00836081 0 0 0 1 -2.02544e-008 -0.886167 -0.463366 0.154026 3.87356e-008 -0.463366 0.886167 0.088076 -1 -6.61744e-024 4.37114e-008 2.91982e-010 0 0 0 1 -1.69501e-008 -0.921755 -0.387772 0.146304 4.02912e-008 -0.387772 0.921755 0.0766965 -1 -6.61744e-024 4.37114e-008 2.91982e-010 0 0 0 1 -8.84076e-009 -0.979333 -0.202253 0.141357 4.2808e-008 -0.202253 0.979333 0.0502594 -1 1.32349e-023 4.37114e-008 2.91982e-010 0 0 0 1 -8.16107e-009 -0.982653 -0.186704 0.127178 4.29531e-008 -0.186704 0.982653 0.0482555 -1 0 4.37114e-008 2.91982e-010 0 0 0 1 2.67655e-024 -1 6.12323e-017 0.181773 4.37114e-008 6.12323e-017 1 -0.0102887 -1 -8.28349e-033 4.37114e-008 -0.0124433 0 0 0 1 1 0 0 0 0 1 0 -0.170326 0 0 1 -0.00074085 0 0 0 1 1 8.74228e-008 6.93891e-018 0.00405095 8.74228e-008 -1 -1.3786e-016 0.156663 1.04083e-017 1.37644e-016 -1 -0.00239291 0 0 0 1 1 8.74228e-008 1.46311e-023 0.0207661 8.74228e-008 -1 -1.6811e-016 0.157449 -1.38778e-017 1.68001e-016 -1 -0.00193603 0 0 0 1 1 8.74228e-008 -1.73471e-018 0.0506427 8.74228e-008 -1 -1.19483e-016 0.157124 1.73472e-018 1.19429e-016 -1 -0.00296999 0 0 0 1 1 8.74228e-008 1.07062e-023 0.0648966 8.74228e-008 -1 -1.22465e-016 0.1576 -1.46937e-039 1.22465e-016 -1 -0.00280106 0 0 0 1 1 8.74228e-008 1.11022e-015 0.0780624 8.74228e-008 -1 -1.0384e-015 0.158047 9.4369e-016 1.20493e-015 -1 -0.00266834 0 0 0 1 1 8.74228e-008 1.06407e-023 0.0907754 8.74228e-008 -1 -1.22465e-016 0.159281 -6.54974e-026 1.22465e-016 -1 0.00164029 0 0 0 1 1 8.74228e-008 1.07062e-023 0.0960559 8.74228e-008 -1 -1.22465e-016 0.159281 -1.46937e-039 1.22465e-016 -1 0.00164029 0 0 0 1 1 8.74228e-008 1.06407e-023 0.0908291 8.74228e-008 -1 -1.22465e-016 0.159497 -6.5497e-026 1.22465e-016 -1 -0.00158222 0 0 0 1 1 8.74228e-008 1.07062e-023 0.0969463 8.74228e-008 -1 -1.22465e-016 0.159497 -1.46937e-039 1.22465e-016 -1 -0.00158222 0 0 0 1 1 8.74228e-008 1.06407e-023 0.0905703 8.74228e-008 -1 -1.22465e-016 0.158803 -6.54971e-026 1.22465e-016 -1 -0.00436175 0 0 0 1 1 8.74228e-008 1.07062e-023 0.0960839 8.74228e-008 -1 -1.22465e-016 0.158803 -1.46937e-039 1.22465e-016 -1 -0.00436175 0 0 0 1 1 8.74228e-008 1.06407e-023 0.0903002 8.74228e-008 -1 -1.22465e-016 0.157703 -6.54963e-026 1.22465e-016 -1 -0.00702962 0 0 0 1 1 8.74228e-008 1.07062e-023 0.0940303 8.74228e-008 -1 -1.22465e-016 0.157703 -1.46937e-039 1.22465e-016 -1 -0.00702962 0 0 0 1 8.74228e-008 -1 -1.83697e-016 0.155158 -4.37114e-008 -4.00507e-015 1 0.00189926 -1 -8.74228e-008 -4.37114e-008 -0.0884041 0 0 0 1 1 -9.60325e-008 6.23656e-007 0.083564 -9.60325e-008 -1 7.6983e-008 0.15549 6.23656e-007 -7.69831e-008 -1 0.00308043 0 0 0 1 1 8.74228e-008 1.07062e-023 0.0892851 8.74228e-008 -1 -1.22465e-016 0.154644 -1.46937e-039 1.22465e-016 -1 0.00548111 0 0 0 1 1 8.74228e-008 1.07062e-023 0.0321157 8.74228e-008 -1 -1.22465e-016 0.157286 -1.46937e-039 1.22465e-016 -1 -0.0023542 0 0 0 1 1 8.74228e-008 1.07062e-023 0.0207661 8.74228e-008 -1 -1.22465e-016 0.157449 -1.46937e-039 1.22465e-016 -1 -0.00193603 0 0 0 1 1 0 0 0 0 1 0 0 0 0 1 0 0 0 0 1</float_array>
					<technique_common>
						<accessor count="63" source="#ID369" stride="16">
							<param name="TRANSFORM" type="float4x4"/>
						</accessor>
					</technique_common>
				</source>
				<joints>
					<input semantic="JOINT" source="#ID364"/>
					<input semantic="INV_BIND_MATRIX" source="#ID368"/>
				</joints>
				<vertex_weights count="17">
					<input offset="0" semantic="JOINT" source="#ID364" set="0"/>
					<input offset="1" semantic="WEIGHT" source="#ID366" set="0"/>
					<vcount>1 1 1 1 1 1 1 1 1 1 1 1 1 1 1 1 1</vcount>
					<v>36 1 36 1 36 1 36 1 36 1 36 1 36 1 36 1 36 1 36 1 36 1 36 1 36 1 36 1 36 1 36 1 36 1</v>
				</vertex_weights>
			</skin>
		</controller>
		<controller id="ID370">
			<skin source="#ID371">
				<bind_shape_matrix>1 0 0 0 0 1 0 0 0 0 1 0 0 0 0 1</bind_shape_matrix>
				<source id="ID379">
					<Name_array id="ID380" count="63">joint1 joint63 joint2 joint3 joint4 joint6 joint59 joint60 joint61 joint62 joint55 joint56 joint57 joint58 joint54 joint7 joint8 joint36 joint38 joint40 joint53 joint41 joint51 joint52 joint49 joint50 joint47 joint48 joint45 joint46 joint44 joint42 joint43 joint39 joint37 joint27 joint29 joint35 joint31 joint32 joint33 joint34 joint30 joint28 joint9 joint11 joint13 joint26 joint14 joint24 joint25 joint22 joint23 joint20 joint21 joint18 joint19 joint17 joint15 joint16 joint12 joint10 joint5</Name_array>
					<technique_common>
						<accessor count="63" source="#ID380">
							<param name="JOINT" type="Name"/>
						</accessor>
					</technique_common>
				</source>
				<source id="ID381">
					<float_array id="ID382" count="2" digits="2490374">0 1</float_array>
					<technique_common>
						<accessor count="2" source="#ID382">
							<param name="WEIGHT" type="float"/>
						</accessor>
					</technique_common>
				</source>
				<source id="ID383">
					<float_array id="ID384" count="1008" digits="2490374">1 0 0 0 0 1 0 0 0 0 1 0 0 0 0 1 1 0 0 0 0 1 0 0 0 0 1 0 0 0 0 1 1 -0 0 0 0 1 0 0 -0 3.46945e-018 1 0 0 0 0 1 1 0 0 0 0 1 0 -0.109524 0 0 1 -0.00216711 0 0 0 1 1 -0 0 0 0 1 0 -0.109524 -0 3.46945e-018 1 -0.00216711 0 0 0 1 1 0 0 0 0 1 0 -0.109524 0 0 1 -0.00216711 0 0 0 1 1 -3.02388e-010 7.76421e-018 -0.011521 3.02388e-010 1 -1.48303e-008 -0.106526 7.75065e-018 1.48303e-008 1 -0.00383037 0 0 0 1 1 4.33681e-019 -3.71339e-018 -0.0115936 -2.1684e-019 1 -1.38778e-017 -0.0576536 3.23905e-018 1.38778e-017 1 -0.0002693 0 0 0 1 1 -9.54184e-010 1.8115e-016 -0.0115442 9.54184e-010 1 -1.02583e-007 -0.0116915 -8.42632e-017 1.02583e-007 1 0.0027669 0 0 0 1 1 0 0 -0.0113867 0 1 0 -0.00510571 0 0 1 -0.0141667 0 0 0 1 1 8.73813e-008 5.72262e-010 0.011521 8.73813e-008 -1 -2.03449e-009 0.106526 5.72262e-010 2.03449e-009 -1 0.00383038 0 0 0 1 1 8.73875e-008 5.35737e-010 0.0115936 8.73875e-008 -1 2.16568e-009 0.0576536 5.35737e-010 -2.16568e-009 -1 0.00026931 0 0 0 1 1 8.8854e-008 1.74195e-016 0.0115442 8.8854e-008 -1 1.53875e-007 0.0116915 1.3842e-014 -1.53875e-007 -1 -0.00276689 0 0 0 1 1 8.74228e-008 1.07062e-023 0.0113867 8.74228e-008 -1 -1.22465e-016 0.0051057 -1.46937e-039 1.22465e-016 -1 0.0141667 0 0 0 1 1 0 0 0 0 1 0 -0.118494 0 0 1 -0.00466711 0 0 0 1 1 -0 0 0 0 1 -6.245e-017 -0.118494 -0 7.63278e-017 1 -0.00466711 0 0 0 1 1 -1.45826e-007 -2.0678e-014 1.9661e-008 1.45826e-007 1 2.84025e-007 -0.134824 -2.06086e-014 -2.84025e-007 1 -0.00549707 0 0 0 1 1 1.19298e-006 -1.94547e-014 -0.00405115 -1.19298e-006 1 -3.26081e-008 -0.156663 -1.94547e-014 3.26081e-008 1 0.0023929 0 0 0 1 1 -1.56299e-015 9.01523e-032 -0.0207661 1.56472e-015 1 -5.76796e-017 -0.157449 -6.93889e-018 5.74627e-017 1 0.00193603 0 0 0 1 1 7.28491e-007 -2.92402e-015 -0.0506428 -7.28491e-007 1 -8.01431e-009 -0.157124 -2.91881e-015 8.01431e-009 1 0.00296999 0 0 0 1 1 0 0 -0.0648966 0 1 0 -0.1576 0 0 1 0.00280106 0 0 0 1 1 -3.32535e-006 9.07931e-007 -0.0780618 3.32534e-006 1 3.47466e-006 -0.158047 -9.07942e-007 -3.47465e-006 1 0.00266896 0 0 0 1 1 0 0 -0.0907754 0 1 0 -0.159281 0 0 1 -0.00164029 0 0 0 1 1 0 0 -0.0960558 0 1 0 -0.159281 0 0 1 -0.00164029 0 0 0 1 1 0 0 -0.0908291 0 1 0 -0.159497 0 0 1 0.00158223 0 0 0 1 1 0 0 -0.0969463 0 1 0 -0.159497 0 0 1 0.00158223 0 0 0 1 1 0 0 -0.0905703 0 1 0 -0.158803 0 0 1 0.00436175 0 0 0 1 1 0 0 -0.0960839 0 1 0 -0.158803 0 0 1 0.00436175 0 0 0 1 1 0 0 -0.0903002 0 1 0 -0.157703 0 0 1 0.00702963 0 0 0 1 1 0 0 -0.0940303 0 1 0 -0.157703 0 0 1 0.00702963 0 0 0 1 2.67655e-024 1 -6.12323e-017 -0.155158 -4.37114e-008 6.12323e-017 1 0.00189926 1 -2.18798e-032 4.37114e-008 -0.0884042 0 0 0 1 1 7.47886e-006 -6.2367e-007 -0.0835652 -7.47886e-006 1 -3.13834e-006 -0.155489 6.23647e-007 3.13834e-006 1 -0.00308091 0 0 0 1 1 0 0 -0.0892851 0 1 0 -0.154644 0 0 1 -0.0054811 0 0 0 1 1 0 0 -0.0321157 0 1 0 -0.157286 0 0 1 0.0023542 0 0 0 1 1 0 0 -0.0207661 0 1 0 -0.157449 0 0 1 0.00193603 0 0 0 1 1 -0 0 0 0 1 -8.94369e-007 -0.16367 -0 8.94369e-007 1 0.000272594 0 0 0 1 1 -9.88642e-007 -5.05792e-009 1.68395e-007 9.88642e-007 1 -7.58592e-007 -0.170326 5.05867e-009 7.58592e-007 1 -0.000740979 0 0 0 1 2.67655e-024 -1 6.12323e-017 0.185198 4.37114e-008 6.12323e-017 1 -0.0141497 -1 -8.28348e-033 4.37114e-008 0.00836081 0 0 0 1 -2.02544e-008 -0.886167 -0.463366 0.154026 3.87356e-008 -0.463366 0.886167 0.088076 -1 -1.32349e-023 4.37114e-008 2.91982e-010 0 0 0 1 -1.69501e-008 -0.921755 -0.387772 0.146304 4.02912e-008 -0.387772 0.921755 0.0766965 -1 -3.30872e-024 4.37114e-008 2.91982e-010 0 0 0 1 -8.84076e-009 -0.979333 -0.202253 0.141357 4.2808e-008 -0.202253 0.979333 0.0502594 -1 1.65436e-024 4.37114e-008 2.91982e-010 0 0 0 1 -8.16107e-009 -0.982653 -0.186704 0.127178 4.29531e-008 -0.186704 0.982653 0.0482555 -1 -3.31026e-024 4.37114e-008 2.91982e-010 0 0 0 1 2.67655e-024 -1 6.12323e-017 0.181773 4.37114e-008 6.12323e-017 1 -0.0102887 -1 -8.28348e-033 4.37114e-008 -0.0124433 0 0 0 1 1 0 0 0 0 1 0 -0.170326 0 0 1 -0.00074085 0 0 0 1 1 8.74228e-008 6.93891e-018 0.00405095 8.74228e-008 -1 -1.3786e-016 0.156663 1.04083e-017 1.37644e-016 -1 -0.00239291 0 0 0 1 1 8.74228e-008 1.46311e-023 0.0207661 8.74228e-008 -1 -1.6811e-016 0.157449 -1.38778e-017 1.68001e-016 -1 -0.00193603 0 0 0 1 1 8.74228e-008 -1.73471e-018 0.0506427 8.74228e-008 -1 -1.19483e-016 0.157124 1.73472e-018 1.19429e-016 -1 -0.00296999 0 0 0 1 1 8.74228e-008 1.07062e-023 0.0648966 8.74228e-008 -1 -1.22465e-016 0.1576 -1.46937e-039 1.22465e-016 -1 -0.00280106 0 0 0 1 1 8.74228e-008 1.11022e-015 0.0780624 8.74228e-008 -1 -1.0384e-015 0.158047 9.4369e-016 1.20493e-015 -1 -0.00266834 0 0 0 1 1 8.74228e-008 1.06407e-023 0.0907754 8.74228e-008 -1 -1.22465e-016 0.159281 -6.54974e-026 1.22465e-016 -1 0.00164029 0 0 0 1 1 8.74228e-008 1.07062e-023 0.0960559 8.74228e-008 -1 -1.22465e-016 0.159281 -1.46937e-039 1.22465e-016 -1 0.00164029 0 0 0 1 1 8.74228e-008 1.06407e-023 0.0908291 8.74228e-008 -1 -1.22465e-016 0.159497 -6.5497e-026 1.22465e-016 -1 -0.00158222 0 0 0 1 1 8.74228e-008 1.07062e-023 0.0969463 8.74228e-008 -1 -1.22465e-016 0.159497 -1.46937e-039 1.22465e-016 -1 -0.00158222 0 0 0 1 1 8.74228e-008 1.06407e-023 0.0905703 8.74228e-008 -1 -1.22465e-016 0.158803 -6.54971e-026 1.22465e-016 -1 -0.00436175 0 0 0 1 1 8.74228e-008 1.07062e-023 0.0960839 8.74228e-008 -1 -1.22465e-016 0.158803 -1.46937e-039 1.22465e-016 -1 -0.00436175 0 0 0 1 1 8.74228e-008 1.06407e-023 0.0903002 8.74228e-008 -1 -1.22465e-016 0.157703 -6.54963e-026 1.22465e-016 -1 -0.00702962 0 0 0 1 1 8.74228e-008 1.07062e-023 0.0940303 8.74228e-008 -1 -1.22465e-016 0.157703 -1.46937e-039 1.22465e-016 -1 -0.00702962 0 0 0 1 8.74228e-008 -1 -1.83697e-016 0.155158 -4.37114e-008 -4.00507e-015 1 0.00189926 -1 -8.74228e-008 -4.37114e-008 -0.0884041 0 0 0 1 1 -9.60325e-008 6.23656e-007 0.083564 -9.60325e-008 -1 7.6983e-008 0.15549 6.23656e-007 -7.69831e-008 -1 0.00308043 0 0 0 1 1 8.74228e-008 1.07062e-023 0.0892851 8.74228e-008 -1 -1.22465e-016 0.154644 -1.46937e-039 1.22465e-016 -1 0.00548111 0 0 0 1 1 8.74228e-008 1.07062e-023 0.0321157 8.74228e-008 -1 -1.22465e-016 0.157286 -1.46937e-039 1.22465e-016 -1 -0.0023542 0 0 0 1 1 8.74228e-008 1.07062e-023 0.0207661 8.74228e-008 -1 -1.22465e-016 0.157449 -1.46937e-039 1.22465e-016 -1 -0.00193603 0 0 0 1 1 0 0 0 0 1 0 0 0 0 1 0 0 0 0 1</float_array>
					<technique_common>
						<accessor count="63" source="#ID384" stride="16">
							<param name="TRANSFORM" type="float4x4"/>
						</accessor>
					</technique_common>
				</source>
				<joints>
					<input semantic="JOINT" source="#ID379"/>
					<input semantic="INV_BIND_MATRIX" source="#ID383"/>
				</joints>
				<vertex_weights count="17">
					<input offset="0" semantic="JOINT" source="#ID379" set="0"/>
					<input offset="1" semantic="WEIGHT" source="#ID381" set="0"/>
					<vcount>1 1 1 1 1 1 1 1 1 1 1 1 1 1 1 1 1</vcount>
					<v>36 1 36 1 36 1 36 1 36 1 36 1 36 1 36 1 36 1 36 1 36 1 36 1 36 1 36 1 36 1 36 1 36 1</v>
				</vertex_weights>
			</skin>
		</controller>
		<controller id="ID385">
			<skin source="#ID386">
				<bind_shape_matrix>1 0 0 0 0 1 0 0 0 0 1 0 0 0 0 1</bind_shape_matrix>
				<source id="ID394">
					<Name_array id="ID395" count="63">joint1 joint63 joint2 joint3 joint4 joint6 joint59 joint60 joint61 joint62 joint55 joint56 joint57 joint58 joint54 joint7 joint8 joint36 joint38 joint40 joint53 joint41 joint51 joint52 joint49 joint50 joint47 joint48 joint45 joint46 joint44 joint42 joint43 joint39 joint37 joint27 joint29 joint35 joint31 joint32 joint33 joint34 joint30 joint28 joint9 joint11 joint13 joint26 joint14 joint24 joint25 joint22 joint23 joint20 joint21 joint18 joint19 joint17 joint15 joint16 joint12 joint10 joint5</Name_array>
					<technique_common>
						<accessor count="63" source="#ID395">
							<param name="JOINT" type="Name"/>
						</accessor>
					</technique_common>
				</source>
				<source id="ID396">
					<float_array id="ID397" count="2" digits="2490374">0 1</float_array>
					<technique_common>
						<accessor count="2" source="#ID397">
							<param name="WEIGHT" type="float"/>
						</accessor>
					</technique_common>
				</source>
				<source id="ID398">
					<float_array id="ID399" count="1008" digits="2490374">1 0 0 0 0 1 0 0 0 0 1 0 0 0 0 1 1 0 0 0 0 1 0 0 0 0 1 0 0 0 0 1 1 -0 0 0 0 1 0 0 -0 3.46945e-018 1 0 0 0 0 1 1 0 0 0 0 1 0 -0.109524 0 0 1 -0.00216711 0 0 0 1 1 -0 0 0 0 1 0 -0.109524 -0 3.46945e-018 1 -0.00216711 0 0 0 1 1 0 0 0 0 1 0 -0.109524 0 0 1 -0.00216711 0 0 0 1 1 -3.02388e-010 7.76421e-018 -0.011521 3.02388e-010 1 -1.48303e-008 -0.106526 7.75065e-018 1.48303e-008 1 -0.00383037 0 0 0 1 1 4.33681e-019 -3.71339e-018 -0.0115936 -2.1684e-019 1 -1.38778e-017 -0.0576536 3.23905e-018 1.38778e-017 1 -0.0002693 0 0 0 1 1 -9.54184e-010 1.8115e-016 -0.0115442 9.54184e-010 1 -1.02583e-007 -0.0116915 -8.42632e-017 1.02583e-007 1 0.0027669 0 0 0 1 1 0 0 -0.0113867 0 1 0 -0.00510571 0 0 1 -0.0141667 0 0 0 1 1 8.73813e-008 5.72262e-010 0.011521 8.73813e-008 -1 -2.03449e-009 0.106526 5.72262e-010 2.03449e-009 -1 0.00383038 0 0 0 1 1 8.73875e-008 5.35737e-010 0.0115936 8.73875e-008 -1 2.16568e-009 0.0576536 5.35737e-010 -2.16568e-009 -1 0.00026931 0 0 0 1 1 8.8854e-008 1.74195e-016 0.0115442 8.8854e-008 -1 1.53875e-007 0.0116915 1.3842e-014 -1.53875e-007 -1 -0.00276689 0 0 0 1 1 8.74228e-008 1.07062e-023 0.0113867 8.74228e-008 -1 -1.22465e-016 0.0051057 -1.46937e-039 1.22465e-016 -1 0.0141667 0 0 0 1 1 0 0 0 0 1 0 -0.118494 0 0 1 -0.00466711 0 0 0 1 1 -0 0 0 0 1 -6.245e-017 -0.118494 -0 7.63278e-017 1 -0.00466711 0 0 0 1 1 -1.45826e-007 -2.0678e-014 1.9661e-008 1.45826e-007 1 2.84025e-007 -0.134824 -2.06086e-014 -2.84025e-007 1 -0.00549707 0 0 0 1 1 1.19298e-006 -1.94547e-014 -0.00405115 -1.19298e-006 1 -3.26081e-008 -0.156663 -1.94547e-014 3.26081e-008 1 0.0023929 0 0 0 1 1 -1.56299e-015 9.01523e-032 -0.0207661 1.56472e-015 1 -5.76796e-017 -0.157449 -6.93889e-018 5.74627e-017 1 0.00193603 0 0 0 1 1 7.28491e-007 -2.92402e-015 -0.0506428 -7.28491e-007 1 -8.01431e-009 -0.157124 -2.91881e-015 8.01431e-009 1 0.00296999 0 0 0 1 1 0 0 -0.0648966 0 1 0 -0.1576 0 0 1 0.00280106 0 0 0 1 1 -3.32535e-006 9.07931e-007 -0.0780618 3.32534e-006 1 3.47466e-006 -0.158047 -9.07942e-007 -3.47465e-006 1 0.00266896 0 0 0 1 1 0 0 -0.0907754 0 1 0 -0.159281 0 0 1 -0.00164029 0 0 0 1 1 0 0 -0.0960558 0 1 0 -0.159281 0 0 1 -0.00164029 0 0 0 1 1 0 0 -0.0908291 0 1 0 -0.159497 0 0 1 0.00158223 0 0 0 1 1 0 0 -0.0969463 0 1 0 -0.159497 0 0 1 0.00158223 0 0 0 1 1 0 0 -0.0905703 0 1 0 -0.158803 0 0 1 0.00436175 0 0 0 1 1 0 0 -0.0960839 0 1 0 -0.158803 0 0 1 0.00436175 0 0 0 1 1 0 0 -0.0903002 0 1 0 -0.157703 0 0 1 0.00702963 0 0 0 1 1 0 0 -0.0940303 0 1 0 -0.157703 0 0 1 0.00702963 0 0 0 1 2.67655e-024 1 -6.12323e-017 -0.155158 -4.37114e-008 6.12323e-017 1 0.00189926 1 -2.18798e-032 4.37114e-008 -0.0884042 0 0 0 1 1 7.47886e-006 -6.2367e-007 -0.0835652 -7.47886e-006 1 -3.13834e-006 -0.155489 6.23647e-007 3.13834e-006 1 -0.00308091 0 0 0 1 1 0 0 -0.0892851 0 1 0 -0.154644 0 0 1 -0.0054811 0 0 0 1 1 0 0 -0.0321157 0 1 0 -0.157286 0 0 1 0.0023542 0 0 0 1 1 0 0 -0.0207661 0 1 0 -0.157449 0 0 1 0.00193603 0 0 0 1 1 -0 0 0 0 1 -8.94369e-007 -0.16367 -0 8.94369e-007 1 0.000272594 0 0 0 1 1 -9.88642e-007 -5.05792e-009 1.68395e-007 9.88642e-007 1 -7.58592e-007 -0.170326 5.05867e-009 7.58592e-007 1 -0.000740979 0 0 0 1 2.67655e-024 -1 6.12323e-017 0.185198 4.37114e-008 6.12323e-017 1 -0.0141497 -1 -8.28348e-033 4.37114e-008 0.00836081 0 0 0 1 -2.02544e-008 -0.886167 -0.463366 0.154026 3.87356e-008 -0.463366 0.886167 0.088076 -1 -1.32349e-023 4.37114e-008 2.91982e-010 0 0 0 1 -1.69501e-008 -0.921755 -0.387772 0.146304 4.02912e-008 -0.387772 0.921755 0.0766965 -1 -3.30872e-024 4.37114e-008 2.91982e-010 0 0 0 1 -8.84076e-009 -0.979333 -0.202253 0.141357 4.2808e-008 -0.202253 0.979333 0.0502594 -1 1.65436e-024 4.37114e-008 2.91982e-010 0 0 0 1 -8.16107e-009 -0.982653 -0.186704 0.127178 4.29531e-008 -0.186704 0.982653 0.0482555 -1 -3.31026e-024 4.37114e-008 2.91982e-010 0 0 0 1 2.67655e-024 -1 6.12323e-017 0.181773 4.37114e-008 6.12323e-017 1 -0.0102887 -1 -8.28348e-033 4.37114e-008 -0.0124433 0 0 0 1 1 0 0 0 0 1 0 -0.170326 0 0 1 -0.00074085 0 0 0 1 1 8.74228e-008 6.93891e-018 0.00405095 8.74228e-008 -1 -1.3786e-016 0.156663 1.04083e-017 1.37644e-016 -1 -0.00239291 0 0 0 1 1 8.74228e-008 1.46311e-023 0.0207661 8.74228e-008 -1 -1.6811e-016 0.157449 -1.38778e-017 1.68001e-016 -1 -0.00193603 0 0 0 1 1 8.74228e-008 -1.73471e-018 0.0506427 8.74228e-008 -1 -1.19483e-016 0.157124 1.73472e-018 1.19429e-016 -1 -0.00296999 0 0 0 1 1 8.74228e-008 1.07062e-023 0.0648966 8.74228e-008 -1 -1.22465e-016 0.1576 -1.46937e-039 1.22465e-016 -1 -0.00280106 0 0 0 1 1 8.74228e-008 1.11022e-015 0.0780624 8.74228e-008 -1 -1.0384e-015 0.158047 9.4369e-016 1.20493e-015 -1 -0.00266834 0 0 0 1 1 8.74228e-008 1.06407e-023 0.0907754 8.74228e-008 -1 -1.22465e-016 0.159281 -6.54974e-026 1.22465e-016 -1 0.00164029 0 0 0 1 1 8.74228e-008 1.07062e-023 0.0960559 8.74228e-008 -1 -1.22465e-016 0.159281 -1.46937e-039 1.22465e-016 -1 0.00164029 0 0 0 1 1 8.74228e-008 1.06407e-023 0.0908291 8.74228e-008 -1 -1.22465e-016 0.159497 -6.5497e-026 1.22465e-016 -1 -0.00158222 0 0 0 1 1 8.74228e-008 1.07062e-023 0.0969463 8.74228e-008 -1 -1.22465e-016 0.159497 -1.46937e-039 1.22465e-016 -1 -0.00158222 0 0 0 1 1 8.74228e-008 1.06407e-023 0.0905703 8.74228e-008 -1 -1.22465e-016 0.158803 -6.54971e-026 1.22465e-016 -1 -0.00436175 0 0 0 1 1 8.74228e-008 1.07062e-023 0.0960839 8.74228e-008 -1 -1.22465e-016 0.158803 -1.46937e-039 1.22465e-016 -1 -0.00436175 0 0 0 1 1 8.74228e-008 1.06407e-023 0.0903002 8.74228e-008 -1 -1.22465e-016 0.157703 -6.54963e-026 1.22465e-016 -1 -0.00702962 0 0 0 1 1 8.74228e-008 1.07062e-023 0.0940303 8.74228e-008 -1 -1.22465e-016 0.157703 -1.46937e-039 1.22465e-016 -1 -0.00702962 0 0 0 1 8.74228e-008 -1 -1.83697e-016 0.155158 -4.37114e-008 -4.00507e-015 1 0.00189926 -1 -8.74228e-008 -4.37114e-008 -0.0884041 0 0 0 1 1 -9.60325e-008 6.23656e-007 0.083564 -9.60325e-008 -1 7.6983e-008 0.15549 6.23656e-007 -7.69831e-008 -1 0.00308043 0 0 0 1 1 8.74228e-008 1.07062e-023 0.0892851 8.74228e-008 -1 -1.22465e-016 0.154644 -1.46937e-039 1.22465e-016 -1 0.00548111 0 0 0 1 1 8.74228e-008 1.07062e-023 0.0321157 8.74228e-008 -1 -1.22465e-016 0.157286 -1.46937e-039 1.22465e-016 -1 -0.0023542 0 0 0 1 1 8.74228e-008 1.07062e-023 0.0207661 8.74228e-008 -1 -1.22465e-016 0.157449 -1.46937e-039 1.22465e-016 -1 -0.00193603 0 0 0 1 1 0 0 0 0 1 0 0 0 0 1 0 0 0 0 1</float_array>
					<technique_common>
						<accessor count="63" source="#ID399" stride="16">
							<param name="TRANSFORM" type="float4x4"/>
						</accessor>
					</technique_common>
				</source>
				<joints>
					<input semantic="JOINT" source="#ID394"/>
					<input semantic="INV_BIND_MATRIX" source="#ID398"/>
				</joints>
				<vertex_weights count="17">
					<input offset="0" semantic="JOINT" source="#ID394" set="0"/>
					<input offset="1" semantic="WEIGHT" source="#ID396" set="0"/>
					<vcount>1 1 1 1 1 1 1 1 1 1 1 1 1 1 1 1 1</vcount>
					<v>36 1 36 1 36 1 36 1 36 1 36 1 36 1 36 1 36 1 36 1 36 1 36 1 36 1 36 1 36 1 36 1 36 1</v>
				</vertex_weights>
			</skin>
		</controller>
		<controller id="ID400">
			<skin source="#ID401">
				<bind_shape_matrix>1 0 0 0 0 1 0 0 0 0 1 0 0 0 0 1</bind_shape_matrix>
				<source id="ID409">
					<Name_array id="ID410" count="63">joint1 joint63 joint2 joint3 joint4 joint6 joint59 joint60 joint61 joint62 joint55 joint56 joint57 joint58 joint54 joint7 joint8 joint36 joint38 joint40 joint53 joint41 joint51 joint52 joint49 joint50 joint47 joint48 joint45 joint46 joint44 joint42 joint43 joint39 joint37 joint27 joint29 joint35 joint31 joint32 joint33 joint34 joint30 joint28 joint9 joint11 joint13 joint26 joint14 joint24 joint25 joint22 joint23 joint20 joint21 joint18 joint19 joint17 joint15 joint16 joint12 joint10 joint5</Name_array>
					<technique_common>
						<accessor count="63" source="#ID410">
							<param name="JOINT" type="Name"/>
						</accessor>
					</technique_common>
				</source>
				<source id="ID411">
					<float_array id="ID412" count="2" digits="2490374">0 1</float_array>
					<technique_common>
						<accessor count="2" source="#ID412">
							<param name="WEIGHT" type="float"/>
						</accessor>
					</technique_common>
				</source>
				<source id="ID413">
					<float_array id="ID414" count="1008" digits="2490374">1 0 0 0 0 1 0 0 0 0 1 0 0 0 0 1 1 0 0 0 0 1 0 0 0 0 1 0 0 0 0 1 1 -0 0 0 0 1 0 0 -0 3.46945e-018 1 0 0 0 0 1 1 0 0 0 0 1 0 -0.109524 0 0 1 -0.00216711 0 0 0 1 1 -0 0 0 0 1 0 -0.109524 -0 3.46945e-018 1 -0.00216711 0 0 0 1 1 0 0 0 0 1 0 -0.109524 0 0 1 -0.00216711 0 0 0 1 1 -3.02388e-010 7.76421e-018 -0.011521 3.02388e-010 1 -1.48303e-008 -0.106526 7.75065e-018 1.48303e-008 1 -0.00383037 0 0 0 1 1 4.33681e-019 -3.71339e-018 -0.0115936 -2.1684e-019 1 -1.38778e-017 -0.0576536 3.23905e-018 1.38778e-017 1 -0.0002693 0 0 0 1 1 -9.54184e-010 1.8115e-016 -0.0115442 9.54184e-010 1 -1.02583e-007 -0.0116915 -8.42632e-017 1.02583e-007 1 0.0027669 0 0 0 1 1 0 0 -0.0113867 0 1 0 -0.00510571 0 0 1 -0.0141667 0 0 0 1 1 8.73813e-008 5.72262e-010 0.011521 8.73813e-008 -1 -2.03449e-009 0.106526 5.72262e-010 2.03449e-009 -1 0.00383038 0 0 0 1 1 8.73875e-008 5.35737e-010 0.0115936 8.73875e-008 -1 2.16568e-009 0.0576536 5.35737e-010 -2.16568e-009 -1 0.00026931 0 0 0 1 1 8.8854e-008 1.74195e-016 0.0115442 8.8854e-008 -1 1.53875e-007 0.0116915 1.3842e-014 -1.53875e-007 -1 -0.00276689 0 0 0 1 1 8.74228e-008 1.07062e-023 0.0113867 8.74228e-008 -1 -1.22465e-016 0.0051057 -1.46937e-039 1.22465e-016 -1 0.0141667 0 0 0 1 1 0 0 0 0 1 0 -0.118494 0 0 1 -0.00466711 0 0 0 1 1 -0 0 0 0 1 -6.245e-017 -0.118494 -0 7.63278e-017 1 -0.00466711 0 0 0 1 1 -1.45826e-007 -2.0678e-014 1.9661e-008 1.45826e-007 1 2.84025e-007 -0.134824 -2.06086e-014 -2.84025e-007 1 -0.00549707 0 0 0 1 1 1.19298e-006 -1.94547e-014 -0.00405115 -1.19298e-006 1 -3.26081e-008 -0.156663 -1.94547e-014 3.26081e-008 1 0.0023929 0 0 0 1 1 -1.56299e-015 9.01523e-032 -0.0207661 1.56472e-015 1 -5.76796e-017 -0.157449 -6.93889e-018 5.74627e-017 1 0.00193603 0 0 0 1 1 7.28491e-007 -2.92402e-015 -0.0506428 -7.28491e-007 1 -8.01431e-009 -0.157124 -2.91881e-015 8.01431e-009 1 0.00296999 0 0 0 1 1 0 0 -0.0648966 0 1 0 -0.1576 0 0 1 0.00280106 0 0 0 1 1 -3.32535e-006 9.07931e-007 -0.0780618 3.32534e-006 1 3.47466e-006 -0.158047 -9.07942e-007 -3.47465e-006 1 0.00266896 0 0 0 1 1 0 0 -0.0907754 0 1 0 -0.159281 0 0 1 -0.00164029 0 0 0 1 1 0 0 -0.0960558 0 1 0 -0.159281 0 0 1 -0.00164029 0 0 0 1 1 0 0 -0.0908291 0 1 0 -0.159497 0 0 1 0.00158223 0 0 0 1 1 0 0 -0.0969463 0 1 0 -0.159497 0 0 1 0.00158223 0 0 0 1 1 0 0 -0.0905703 0 1 0 -0.158803 0 0 1 0.00436175 0 0 0 1 1 0 0 -0.0960839 0 1 0 -0.158803 0 0 1 0.00436175 0 0 0 1 1 0 0 -0.0903002 0 1 0 -0.157703 0 0 1 0.00702963 0 0 0 1 1 0 0 -0.0940303 0 1 0 -0.157703 0 0 1 0.00702963 0 0 0 1 2.67655e-024 1 -6.12323e-017 -0.155158 -4.37114e-008 6.12323e-017 1 0.00189926 1 -2.18798e-032 4.37114e-008 -0.0884042 0 0 0 1 1 7.47886e-006 -6.2367e-007 -0.0835652 -7.47886e-006 1 -3.13834e-006 -0.155489 6.23647e-007 3.13834e-006 1 -0.00308091 0 0 0 1 1 0 0 -0.0892851 0 1 0 -0.154644 0 0 1 -0.0054811 0 0 0 1 1 0 0 -0.0321157 0 1 0 -0.157286 0 0 1 0.0023542 0 0 0 1 1 0 0 -0.0207661 0 1 0 -0.157449 0 0 1 0.00193603 0 0 0 1 1 -0 0 0 0 1 -8.94369e-007 -0.16367 -0 8.94369e-007 1 0.000272594 0 0 0 1 1 -9.88642e-007 -5.05792e-009 1.68395e-007 9.88642e-007 1 -7.58592e-007 -0.170326 5.05867e-009 7.58592e-007 1 -0.000740979 0 0 0 1 2.67655e-024 -1 6.12323e-017 0.185198 4.37114e-008 6.12323e-017 1 -0.0141497 -1 -8.28348e-033 4.37114e-008 0.00836081 0 0 0 1 -2.02544e-008 -0.886167 -0.463366 0.154026 3.87356e-008 -0.463366 0.886167 0.088076 -1 0 4.37114e-008 2.91982e-010 0 0 0 1 -1.69501e-008 -0.921755 -0.387772 0.146304 4.02912e-008 -0.387772 0.921755 0.0766965 -1 -3.30872e-024 4.37114e-008 2.91982e-010 0 0 0 1 -8.84076e-009 -0.979333 -0.202253 0.141357 4.2808e-008 -0.202253 0.979333 0.0502594 -1 1.48893e-023 4.37114e-008 2.91982e-010 0 0 0 1 -8.16107e-009 -0.982653 -0.186704 0.127178 4.29531e-008 -0.186704 0.982653 0.0482555 -1 -1.65513e-024 4.37114e-008 2.91982e-010 0 0 0 1 2.67655e-024 -1 6.12323e-017 0.181773 4.37114e-008 6.12323e-017 1 -0.0102887 -1 -8.28348e-033 4.37114e-008 -0.0124433 0 0 0 1 1 0 0 0 0 1 0 -0.170326 0 0 1 -0.00074085 0 0 0 1 1 8.74228e-008 6.93891e-018 0.00405095 8.74228e-008 -1 -1.3786e-016 0.156663 1.04083e-017 1.37644e-016 -1 -0.00239291 0 0 0 1 1 8.74228e-008 1.46311e-023 0.0207661 8.74228e-008 -1 -1.6811e-016 0.157449 -1.38778e-017 1.68001e-016 -1 -0.00193603 0 0 0 1 1 8.74228e-008 -1.73471e-018 0.0506427 8.74228e-008 -1 -1.19483e-016 0.157124 1.73472e-018 1.19429e-016 -1 -0.00296999 0 0 0 1 1 8.74228e-008 1.07062e-023 0.0648966 8.74228e-008 -1 -1.22465e-016 0.1576 -1.46937e-039 1.22465e-016 -1 -0.00280106 0 0 0 1 1 8.74228e-008 1.11022e-015 0.0780624 8.74228e-008 -1 -1.0384e-015 0.158047 9.4369e-016 1.20493e-015 -1 -0.00266834 0 0 0 1 1 8.74228e-008 1.06407e-023 0.0907754 8.74228e-008 -1 -1.22465e-016 0.159281 -6.54974e-026 1.22465e-016 -1 0.00164029 0 0 0 1 1 8.74228e-008 1.07062e-023 0.0960559 8.74228e-008 -1 -1.22465e-016 0.159281 -1.46937e-039 1.22465e-016 -1 0.00164029 0 0 0 1 1 8.74228e-008 1.06407e-023 0.0908291 8.74228e-008 -1 -1.22465e-016 0.159497 -6.5497e-026 1.22465e-016 -1 -0.00158222 0 0 0 1 1 8.74228e-008 1.07062e-023 0.0969463 8.74228e-008 -1 -1.22465e-016 0.159497 -1.46937e-039 1.22465e-016 -1 -0.00158222 0 0 0 1 1 8.74228e-008 1.06407e-023 0.0905703 8.74228e-008 -1 -1.22465e-016 0.158803 -6.54971e-026 1.22465e-016 -1 -0.00436175 0 0 0 1 1 8.74228e-008 1.07062e-023 0.0960839 8.74228e-008 -1 -1.22465e-016 0.158803 -1.46937e-039 1.22465e-016 -1 -0.00436175 0 0 0 1 1 8.74228e-008 1.06407e-023 0.0903002 8.74228e-008 -1 -1.22465e-016 0.157703 -6.54963e-026 1.22465e-016 -1 -0.00702962 0 0 0 1 1 8.74228e-008 1.07062e-023 0.0940303 8.74228e-008 -1 -1.22465e-016 0.157703 -1.46937e-039 1.22465e-016 -1 -0.00702962 0 0 0 1 8.74228e-008 -1 -1.83697e-016 0.155158 -4.37114e-008 -4.00507e-015 1 0.00189926 -1 -8.74228e-008 -4.37114e-008 -0.0884041 0 0 0 1 1 -9.60325e-008 6.23656e-007 0.083564 -9.60325e-008 -1 7.6983e-008 0.15549 6.23656e-007 -7.69831e-008 -1 0.00308043 0 0 0 1 1 8.74228e-008 1.07062e-023 0.0892851 8.74228e-008 -1 -1.22465e-016 0.154644 -1.46937e-039 1.22465e-016 -1 0.00548111 0 0 0 1 1 8.74228e-008 1.07062e-023 0.0321157 8.74228e-008 -1 -1.22465e-016 0.157286 -1.46937e-039 1.22465e-016 -1 -0.0023542 0 0 0 1 1 8.74228e-008 1.07062e-023 0.0207661 8.74228e-008 -1 -1.22465e-016 0.157449 -1.46937e-039 1.22465e-016 -1 -0.00193603 0 0 0 1 1 0 0 0 0 1 0 0 0 0 1 0 0 0 0 1</float_array>
					<technique_common>
						<accessor count="63" source="#ID414" stride="16">
							<param name="TRANSFORM" type="float4x4"/>
						</accessor>
					</technique_common>
				</source>
				<joints>
					<input semantic="JOINT" source="#ID409"/>
					<input semantic="INV_BIND_MATRIX" source="#ID413"/>
				</joints>
				<vertex_weights count="236">
					<input offset="0" semantic="JOINT" source="#ID409" set="0"/>
					<input offset="1" semantic="WEIGHT" source="#ID411" set="0"/>
					<vcount>1 1 1 1 1 1 1 1 1 1 1 1 1 1 1 1 1 1 1 1 1 1 1 1 1 1 1 1 1 1 1 1 1 1 1 1 1 1 1 1 1 1 1 1 1 1 1 1 1 1 1 1 1 1 1 1 1 1 1 1 1 1 1 1 1 1 1 1 1 1 1 1 1 1 1 1 1 1 1 1 1 1 1 1 1 1 1 1 1 1 1 1 1 1 1 1 1 1 1 1 1 1 1 1 1 1 1 1 1 1 1 1 1 1 1 1 1 1 1 1 1 1 1 1 1 1 1 1 1 1 1 1 1 1 1 1 1 1 1 1 1 1 1 1 1 1 1 1 1 1 1 1 1 1 1 1 1 1 1 1 1 1 1 1 1 1 1 1 1 1 1 1 1 1 1 1 1 1 1 1 1 1 1 1 1 1 1 1 1 1 1 1 1 1 1 1 1 1 1 1 1 1 1 1 1 1 1 1 1 1 1 1 1 1 1 1 1 1 1 1 1 1 1 1 1 1 1 1 1 1 1 1 1 1 1 1</vcount>
					<v>36 1 36 1 36 1 36 1 36 1 36 1 36 1 36 1 36 1 36 1 36 1 36 1 36 1 36 1 36 1 36 1 36 1 36 1 36 1 36 1 36 1 36 1 36 1 36 1 36 1 36 1 36 1 36 1 36 1 36 1 36 1 36 1 36 1 36 1 36 1 36 1 36 1 36 1 36 1 36 1 36 1 36 1 36 1 36 1 36 1 36 1 36 1 36 1 36 1 36 1 36 1 36 1 36 1 36 1 36 1 36 1 36 1 36 1 36 1 36 1 36 1 36 1 36 1 36 1 36 1 36 1 36 1 36 1 36 1 36 1 36 1 36 1 36 1 36 1 36 1 36 1 36 1 36 1 36 1 36 1 36 1 36 1 36 1 36 1 36 1 36 1 36 1 36 1 36 1 36 1 36 1 36 1 36 1 36 1 36 1 36 1 36 1 36 1 36 1 36 1 36 1 36 1 36 1 36 1 36 1 36 1 36 1 36 1 36 1 36 1 36 1 36 1 36 1 36 1 36 1 36 1 36 1 36 1 36 1 36 1 36 1 36 1 36 1 36 1 36 1 36 1 36 1 36 1 36 1 36 1 36 1 36 1 36 1 36 1 36 1 36 1 36 1 36 1 36 1 36 1 36 1 36 1 36 1 36 1 36 1 36 1 36 1 36 1 36 1 36 1 36 1 36 1 36 1 36 1 36 1 36 1 36 1 36 1 36 1 36 1 36 1 36 1 36 1 36 1 36 1 36 1 36 1 36 1 36 1 36 1 36 1 36 1 36 1 36 1 36 1 36 1 36 1 36 1 36 1 36 1 36 1 36 1 36 1 36 1 36 1 36 1 36 1 36 1 36 1 36 1 36 1 36 1 36 1 36 1 36 1 36 1 36 1 36 1 36 1 36 1 36 1 36 1 36 1 36 1 36 1 36 1 36 1 36 1 36 1 36 1 36 1 36 1 36 1 36 1 36 1 36 1 36 1 36 1 36 1 36 1 36 1 36 1 36 1 36 1 36 1 36 1 36 1 36 1 36 1 36 1 36 1 36 1 36 1 36 1 36 1 36 1</v>
				</vertex_weights>
			</skin>
		</controller>
	</library_controllers>
	<library_visual_scenes>
		<visual_scene id="ID47">
			<node id="ID48" name="polygon15">
				<translate sid="translate">0 0 -0</translate>
				<rotate sid="rotateY">0 1 0 -0</rotate>
				<rotate sid="rotateX">1 0 0 0</rotate>
				<rotate sid="rotateZ">0 0 1 -0</rotate>
				<scale sid="scale">1 1 1</scale>
				<instance_controller url="#ID130">
					<skeleton>#ID47</skeleton>
					<bind_material>
						<technique_common>
							<instance_material symbol="Material1" target="#ID43">
								<bind_vertex_input semantic="UVSET0" input_semantic="TEXCOORD" input_set="0"/>
							</instance_material>
						</technique_common>
					</bind_material>
				</instance_controller>
			</node>
			<node id="ID49" name="polygon13">
				<translate sid="translate">0 0 -0</translate>
				<rotate sid="rotateY">0 1 0 -0</rotate>
				<rotate sid="rotateX">1 0 0 0</rotate>
				<rotate sid="rotateZ">0 0 1 -0</rotate>
				<scale sid="scale">1 1 1</scale>
				<instance_controller url="#ID295">
					<skeleton>#ID47</skeleton>
					<bind_material>
						<technique_common>
							<instance_material symbol="Material1" target="#ID3">
								<bind_vertex_input semantic="UVSET0" input_semantic="TEXCOORD" input_set="0"/>
							</instance_material>
						</technique_common>
					</bind_material>
				</instance_controller>
			</node>
			<node id="ID50" name="polygon12">
				<translate sid="translate">0 0 -0</translate>
				<rotate sid="rotateY">0 1 0 -0</rotate>
				<rotate sid="rotateX">1 0 0 0</rotate>
				<rotate sid="rotateZ">0 0 1 -0</rotate>
				<scale sid="scale">1 1 1</scale>
				<instance_controller url="#ID160">
					<skeleton>#ID47</skeleton>
					<bind_material>
						<technique_common>
							<instance_material symbol="Material1" target="#ID43">
								<bind_vertex_input semantic="UVSET0" input_semantic="TEXCOORD" input_set="0"/>
							</instance_material>
						</technique_common>
					</bind_material>
				</instance_controller>
			</node>
			<node id="ID51" name="polygon11">
				<translate sid="translate">0 0 -0</translate>
				<rotate sid="rotateY">0 1 0 -0</rotate>
				<rotate sid="rotateX">1 0 0 0</rotate>
				<rotate sid="rotateZ">0 0 1 -0</rotate>
				<scale sid="scale">1 1 1</scale>
				<instance_controller url="#ID175">
					<skeleton>#ID47</skeleton>
					<bind_material>
						<technique_common>
							<instance_material symbol="Material1" target="#ID15">
								<bind_vertex_input semantic="UVSET0" input_semantic="TEXCOORD" input_set="0"/>
							</instance_material>
						</technique_common>
					</bind_material>
				</instance_controller>
			</node>
			<node id="ID52" name="polygon10">
				<translate sid="translate">0 0 -0</translate>
				<rotate sid="rotateY">0 1 0 -0</rotate>
				<rotate sid="rotateX">1 0 0 0</rotate>
				<rotate sid="rotateZ">0 0 1 -0</rotate>
				<scale sid="scale">1 1 1</scale>
				<instance_controller url="#ID325">
					<skeleton>#ID47</skeleton>
					<bind_material>
						<technique_common>
							<instance_material symbol="Material1" target="#ID3">
								<bind_vertex_input semantic="UVSET0" input_semantic="TEXCOORD" input_set="0"/>
							</instance_material>
						</technique_common>
					</bind_material>
				</instance_controller>
			</node>
			<node id="ID53" name="polygon9">
				<translate sid="translate">0 0 -0</translate>
				<rotate sid="rotateY">0 1 0 -0</rotate>
				<rotate sid="rotateX">1 0 0 0</rotate>
				<rotate sid="rotateZ">0 0 1 -0</rotate>
				<scale sid="scale">1 1 1</scale>
				<instance_controller url="#ID400">
					<skeleton>#ID47</skeleton>
					<bind_material>
						<technique_common>
							<instance_material symbol="Material1" target="#ID43">
								<bind_vertex_input semantic="UVSET0" input_semantic="TEXCOORD" input_set="0"/>
							</instance_material>
						</technique_common>
					</bind_material>
				</instance_controller>
			</node>
			<node id="ID54" name="polygon6">
				<translate sid="translate">0 0 -0</translate>
				<rotate sid="rotateY">0 1 0 -0</rotate>
				<rotate sid="rotateX">1 0 0 0</rotate>
				<rotate sid="rotateZ">0 0 1 -0</rotate>
				<scale sid="scale">1 1 1</scale>
				<instance_controller url="#ID385">
					<skeleton>#ID47</skeleton>
					<bind_material>
						<technique_common>
							<instance_material symbol="Material1" target="#ID31">
								<bind_vertex_input semantic="UVSET0" input_semantic="TEXCOORD" input_set="0"/>
							</instance_material>
						</technique_common>
					</bind_material>
				</instance_controller>
			</node>
			<node id="ID55" name="polygon6.1">
				<translate sid="translate">0 0 -0</translate>
				<rotate sid="rotateY">0 1 0 -0</rotate>
				<rotate sid="rotateX">1 0 0 0</rotate>
				<rotate sid="rotateZ">0 0 1 -0</rotate>
				<scale sid="scale">1 1 1</scale>
				<instance_controller url="#ID340">
					<skeleton>#ID47</skeleton>
					<bind_material>
						<technique_common>
							<instance_material symbol="Material1" target="#ID27">
								<bind_vertex_input semantic="UVSET0" input_semantic="TEXCOORD" input_set="0"/>
							</instance_material>
						</technique_common>
					</bind_material>
				</instance_controller>
			</node>
			<node id="ID56" name="polygon6.2">
				<translate sid="translate">0 0 -0</translate>
				<rotate sid="rotateY">0 1 0 -0</rotate>
				<rotate sid="rotateX">1 0 0 0</rotate>
				<rotate sid="rotateZ">0 0 1 -0</rotate>
				<scale sid="scale">1 1 1</scale>
				<instance_controller url="#ID370">
					<skeleton>#ID47</skeleton>
					<bind_material>
						<technique_common>
							<instance_material symbol="Material1" target="#ID23">
								<bind_vertex_input semantic="UVSET0" input_semantic="TEXCOORD" input_set="0"/>
							</instance_material>
						</technique_common>
					</bind_material>
				</instance_controller>
			</node>
			<node id="ID57" name="polygon6.3">
				<translate sid="translate">0 0 -0</translate>
				<rotate sid="rotateY">0 1 0 -0</rotate>
				<rotate sid="rotateX">1 0 0 0</rotate>
				<rotate sid="rotateZ">0 0 1 -0</rotate>
				<scale sid="scale">1 1 1</scale>
				<instance_controller url="#ID190">
					<skeleton>#ID47</skeleton>
					<bind_material>
						<technique_common>
							<instance_material symbol="Material1" target="#ID19">
								<bind_vertex_input semantic="UVSET0" input_semantic="TEXCOORD" input_set="0"/>
							</instance_material>
						</technique_common>
					</bind_material>
				</instance_controller>
			</node>
			<node id="ID58" name="polygon5">
				<translate sid="translate">0 0 -0</translate>
				<rotate sid="rotateY">0 1 0 -0</rotate>
				<rotate sid="rotateX">1 0 0 0</rotate>
				<rotate sid="rotateZ">0 0 1 -0</rotate>
				<scale sid="scale">1 1 1</scale>
				<instance_controller url="#ID355">
					<skeleton>#ID47</skeleton>
					<bind_material>
						<technique_common>
							<instance_material symbol="Material1" target="#ID31">
								<bind_vertex_input semantic="UVSET0" input_semantic="TEXCOORD" input_set="0"/>
							</instance_material>
						</technique_common>
					</bind_material>
				</instance_controller>
			</node>
			<node id="ID59" name="polygon5.1">
				<translate sid="translate">0 0 -0</translate>
				<rotate sid="rotateY">0 1 0 -0</rotate>
				<rotate sid="rotateX">1 0 0 0</rotate>
				<rotate sid="rotateZ">0 0 1 -0</rotate>
				<scale sid="scale">1 1 1</scale>
				<instance_controller url="#ID280">
					<skeleton>#ID47</skeleton>
					<bind_material>
						<technique_common>
							<instance_material symbol="Material1" target="#ID27">
								<bind_vertex_input semantic="UVSET0" input_semantic="TEXCOORD" input_set="0"/>
							</instance_material>
						</technique_common>
					</bind_material>
				</instance_controller>
			</node>
			<node id="ID60" name="polygon5.2">
				<translate sid="translate">0 0 -0</translate>
				<rotate sid="rotateY">0 1 0 -0</rotate>
				<rotate sid="rotateX">1 0 0 0</rotate>
				<rotate sid="rotateZ">0 0 1 -0</rotate>
				<scale sid="scale">1 1 1</scale>
				<instance_controller url="#ID310">
					<skeleton>#ID47</skeleton>
					<bind_material>
						<technique_common>
							<instance_material symbol="Material1" target="#ID23">
								<bind_vertex_input semantic="UVSET0" input_semantic="TEXCOORD" input_set="0"/>
							</instance_material>
						</technique_common>
					</bind_material>
				</instance_controller>
			</node>
			<node id="ID61" name="polygon5.3">
				<translate sid="translate">0 0 -0</translate>
				<rotate sid="rotateY">0 1 0 -0</rotate>
				<rotate sid="rotateX">1 0 0 0</rotate>
				<rotate sid="rotateZ">0 0 1 -0</rotate>
				<scale sid="scale">1 1 1</scale>
				<instance_controller url="#ID145">
					<skeleton>#ID47</skeleton>
					<bind_material>
						<technique_common>
							<instance_material symbol="Material1" target="#ID19">
								<bind_vertex_input semantic="UVSET0" input_semantic="TEXCOORD" input_set="0"/>
							</instance_material>
						</technique_common>
					</bind_material>
				</instance_controller>
			</node>
			<node id="ID62" name="polygon4">
				<translate sid="translate">0 0 -0</translate>
				<rotate sid="rotateY">0 1 0 -0</rotate>
				<rotate sid="rotateX">1 0 0 0</rotate>
				<rotate sid="rotateZ">0 0 1 -0</rotate>
				<scale sid="scale">1 1 1</scale>
				<instance_controller url="#ID205">
					<skeleton>#ID47</skeleton>
					<bind_material>
						<technique_common>
							<instance_material symbol="Material1" target="#ID7">
								<bind_vertex_input semantic="UVSET0" input_semantic="TEXCOORD" input_set="0"/>
							</instance_material>
						</technique_common>
					</bind_material>
				</instance_controller>
			</node>
			<node id="ID63" name="polygon3">
				<translate sid="translate">0 0 -0</translate>
				<rotate sid="rotateY">0 1 0 -0</rotate>
				<rotate sid="rotateX">1 0 0 0</rotate>
				<rotate sid="rotateZ">0 0 1 -0</rotate>
				<scale sid="scale">1 1 1</scale>
				<instance_controller url="#ID220">
					<skeleton>#ID47</skeleton>
					<bind_material>
						<technique_common>
							<instance_material symbol="Material1" target="#ID35">
								<bind_vertex_input semantic="UVSET0" input_semantic="TEXCOORD" input_set="0"/>
							</instance_material>
						</technique_common>
					</bind_material>
				</instance_controller>
			</node>
			<node id="ID64" name="polygon2">
				<translate sid="translate">0 0 -0</translate>
				<rotate sid="rotateY">0 1 0 -0</rotate>
				<rotate sid="rotateX">1 0 0 0</rotate>
				<rotate sid="rotateZ">0 0 1 -0</rotate>
				<scale sid="scale">1 1 1</scale>
				<instance_controller url="#ID250">
					<skeleton>#ID47</skeleton>
					<bind_material>
						<technique_common>
							<instance_material symbol="Material1" target="#ID3">
								<bind_vertex_input semantic="UVSET0" input_semantic="TEXCOORD" input_set="0"/>
							</instance_material>
						</technique_common>
					</bind_material>
				</instance_controller>
			</node>
			<node id="ID65" name="polygon1">
				<translate sid="translate">0 0 -0</translate>
				<rotate sid="rotateY">0 1 0 -0</rotate>
				<rotate sid="rotateX">1 0 0 0</rotate>
				<rotate sid="rotateZ">0 0 1 -0</rotate>
				<scale sid="scale">1 1 1</scale>
				<instance_controller url="#ID265">
					<skeleton>#ID47</skeleton>
					<bind_material>
						<technique_common>
							<instance_material symbol="Material1" target="#ID11">
								<bind_vertex_input semantic="UVSET0" input_semantic="TEXCOORD" input_set="0"/>
							</instance_material>
						</technique_common>
					</bind_material>
				</instance_controller>
			</node>
			<node id="ID66" name="polygon0">
				<translate sid="translate">0 0 -0</translate>
				<rotate sid="rotateY">0 1 0 -0</rotate>
				<rotate sid="rotateX">1 0 0 0</rotate>
				<rotate sid="rotateZ">0 0 1 -0</rotate>
				<scale sid="scale">1 1 1</scale>
				<instance_controller url="#ID235">
					<skeleton>#ID47</skeleton>
					<bind_material>
						<technique_common>
							<instance_material symbol="Material1" target="#ID39">
								<bind_vertex_input semantic="UVSET0" input_semantic="TEXCOORD" input_set="0"/>
							</instance_material>
						</technique_common>
					</bind_material>
				</instance_controller>
			</node>
			<node id="ID67" name="TopN" sid="joint1" type="JOINT">
				<translate sid="translate">0 0 -0</translate>
				<rotate sid="rotateY">0 1 0 -0</rotate>
				<rotate sid="rotateX">1 0 0 0</rotate>
				<rotate sid="rotateZ">0 0 1 -0</rotate>
				<scale sid="scale">1 1 1</scale>
				<node id="ID68" name="TransN" sid="joint2" type="JOINT">
					<translate sid="translate">0 0 -0</translate>
					<rotate sid="rotateY">0 1 0 -0</rotate>
					<rotate sid="rotateX">1 0 0 0</rotate>
					<rotate sid="rotateZ">0 0 1 -0</rotate>
					<scale sid="scale">1 1 1</scale>
					<node id="ID69" name="XRotN" sid="joint3" type="JOINT">
						<translate sid="translate">0 0.109524 0.00216711</translate>
						<rotate sid="rotateY">0 1 0 -0</rotate>
						<rotate sid="rotateX">1 0 0 0</rotate>
						<rotate sid="rotateZ">0 0 1 -0</rotate>
						<scale sid="scale">1 1 1</scale>
						<node id="ID70" name="YRotN" sid="joint4" type="JOINT">
							<translate sid="translate">0 0 -0</translate>
							<rotate sid="rotateY">0 1 0 -0</rotate>
							<rotate sid="rotateX">1 0 0 0</rotate>
							<rotate sid="rotateZ">0 0 1 -0</rotate>
							<scale sid="scale">1 1 1</scale>
							<node id="ID71" name="ThrowN" sid="joint5" type="JOINT">
								<translate sid="translate">0 -0.109524 -0.00216711</translate>
								<rotate sid="rotateY">0 1 0 -0</rotate>
								<rotate sid="rotateX">1 0 0 0</rotate>
								<rotate sid="rotateZ">0 0 1 -0</rotate>
								<scale sid="scale">1 1 1</scale>
							</node>
							<node id="ID72" name="HipN" sid="joint6" type="JOINT">
								<translate sid="translate">0 0 -0</translate>
								<rotate sid="rotateY">0 1 0 -0</rotate>
								<rotate sid="rotateX">1 0 0 0</rotate>
								<rotate sid="rotateZ">0 0 1 -0</rotate>
								<scale sid="scale">1 1 1</scale>
								<node id="ID73" name="WaistN" sid="joint7" type="JOINT">
									<translate sid="translate">0 0.00897 0.0025</translate>
									<rotate sid="rotateY">0 1 0 -0</rotate>
									<rotate sid="rotateX">1 0 0 0</rotate>
									<rotate sid="rotateZ">0 0 1 -0</rotate>
									<scale sid="scale">1 1 1</scale>
									<node id="ID74" name="BustN" sid="joint8" type="JOINT">
										<translate sid="translate">0 0.01633 0.00083</translate>
										<rotate sid="rotateY">0 1 0 -0</rotate>
										<rotate sid="rotateX">1 0 0 0</rotate>
										<rotate sid="rotateZ">0 0 1 -0</rotate>
										<scale sid="scale">1 1 1</scale>
										<node id="ID75" name="RShoulderN" sid="joint9" type="JOINT">
											<translate sid="translate">-0.00405096 0.0218386 -0.00789002</translate>
											<rotate sid="rotateY">0 1 0 180</rotate>
											<rotate sid="rotateX">1 0 0 -7.01671e-015</rotate>
											<rotate sid="rotateZ">0 0 1 -180</rotate>
											<scale sid="scale">1 1 1</scale>
											<node id="ID76" name="RSodeN" sid="joint10" type="JOINT">
												<translate sid="translate">-0.0167151 -0.000786 -0.00045688</translate>
												<rotate sid="rotateY">0 1 0 -0</rotate>
												<rotate sid="rotateX">1 0 0 0</rotate>
												<rotate sid="rotateZ">0 0 1 -0</rotate>
												<scale sid="scale">1 1 1</scale>
											</node>
											<node id="ID77" name="RShoulderJ" sid="joint11" type="JOINT">
												<translate sid="translate">-0.0167151 -0.000786 -0.00045688</translate>
												<rotate sid="rotateY">0 1 0 -0</rotate>
												<rotate sid="rotateX">1 0 0 0</rotate>
												<rotate sid="rotateZ">0 0 1 -0</rotate>
												<scale sid="scale">1 1 1</scale>
												<node id="ID78" name="RShoulderJb" sid="joint12" type="JOINT">
													<translate sid="translate">-0.0113496 0.000163 0.00041817</translate>
													<rotate sid="rotateY">0 1 0 -0</rotate>
													<rotate sid="rotateX">1 0 0 0</rotate>
													<rotate sid="rotateZ">0 0 1 -0</rotate>
													<scale sid="scale">1 1 1</scale>
												</node>
												<node id="ID79" name="RArmJ" sid="joint13" type="JOINT">
													<translate sid="translate">-0.0298766 0.000325 0.00103396</translate>
													<rotate sid="rotateY">0 1 0 -0</rotate>
													<rotate sid="rotateX">1 0 0 0</rotate>
													<rotate sid="rotateZ">0 0 1 -0</rotate>
													<scale sid="scale">1 1 1</scale>
													<node id="ID80" name="RHandN" sid="joint14" type="JOINT">
														<translate sid="translate">-0.0274197 -0.000923 -0.00030165</translate>
														<rotate sid="rotateY">0 1 0 -0</rotate>
														<rotate sid="rotateX">1 0 0 0</rotate>
														<rotate sid="rotateZ">0 0 1 -0</rotate>
														<scale sid="scale">1 1 1</scale>
														<node id="ID81" name="RThumbNa" sid="joint15" type="JOINT">
															<translate sid="translate">-0.0055016 0.002557 -0.00574871</translate>
															<rotate sid="rotateY">0 1 0 -0</rotate>
															<rotate sid="rotateX">1 0 0 0</rotate>
															<rotate sid="rotateZ">0 0 1 -0</rotate>
															<scale sid="scale">1 1 1</scale>
															<node id="ID82" name="RThumbNb" sid="joint16" type="JOINT">
																<translate sid="translate">-0.0057211 0.000846 -0.00240074</translate>
																<rotate sid="rotateY">0 1 0 -0</rotate>
																<rotate sid="rotateX">1 0 0 0</rotate>
																<rotate sid="rotateZ">0 0 1 -0</rotate>
																<scale sid="scale">1 1 1</scale>
															</node>
														</node>
														<node id="ID83" name="RHaveN" sid="joint17" type="JOINT">
															<translate sid="translate">-0.0103418 0.00288859 -0.00076908</translate>
															<rotate sid="rotateY">0 1 0 270</rotate>
															<rotate sid="rotateX">1 0 0 0</rotate>
															<rotate sid="rotateZ">0 0 1 -270</rotate>
															<scale sid="scale">1 1 1</scale>
														</node>
														<node id="ID84" name="R4thNa" sid="joint18" type="JOINT">
															<translate sid="translate">-0.0122378 0.000344 0.00436128</translate>
															<rotate sid="rotateY">0 1 0 -0</rotate>
															<rotate sid="rotateX">1 0 0 0</rotate>
															<rotate sid="rotateZ">0 0 1 -0</rotate>
															<scale sid="scale">1 1 1</scale>
															<node id="ID85" name="R4thNb" sid="joint19" type="JOINT">
																<translate sid="translate">-0.0037301 0 -0</translate>
																<rotate sid="rotateY">0 1 0 -0</rotate>
																<rotate sid="rotateX">1 0 0 0</rotate>
																<rotate sid="rotateZ">0 0 1 -0</rotate>
																<scale sid="scale">1 1 1</scale>
															</node>
														</node>
														<node id="ID86" name="R3rdNa" sid="joint20" type="JOINT">
															<translate sid="translate">-0.0125079 -0.000756 0.00169341</translate>
															<rotate sid="rotateY">0 1 0 -0</rotate>
															<rotate sid="rotateX">1 0 0 0</rotate>
															<rotate sid="rotateZ">0 0 1 -0</rotate>
															<scale sid="scale">1 1 1</scale>
															<node id="ID87" name="R3rdNb" sid="joint21" type="JOINT">
																<translate sid="translate">-0.0055136 0 -0</translate>
																<rotate sid="rotateY">0 1 0 -0</rotate>
																<rotate sid="rotateX">1 0 0 0</rotate>
																<rotate sid="rotateZ">0 0 1 -0</rotate>
																<scale sid="scale">1 1 1</scale>
															</node>
														</node>
														<node id="ID88" name="R2ndNa" sid="joint22" type="JOINT">
															<translate sid="translate">-0.0127667 -0.00145 -0.00108612</translate>
															<rotate sid="rotateY">0 1 0 -0</rotate>
															<rotate sid="rotateX">1 0 0 0</rotate>
															<rotate sid="rotateZ">0 0 1 -0</rotate>
															<scale sid="scale">1 1 1</scale>
															<node id="ID89" name="R2ndNb" sid="joint23" type="JOINT">
																<translate sid="translate">-0.0061172 0 -0</translate>
																<rotate sid="rotateY">0 1 0 -0</rotate>
																<rotate sid="rotateX">1 0 0 0</rotate>
																<rotate sid="rotateZ">0 0 1 -0</rotate>
																<scale sid="scale">1 1 1</scale>
															</node>
														</node>
														<node id="ID90" name="R1stNa" sid="joint24" type="JOINT">
															<translate sid="translate">-0.012713 -0.001234 -0.00430863</translate>
															<rotate sid="rotateY">0 1 0 -0</rotate>
															<rotate sid="rotateX">1 0 0 0</rotate>
															<rotate sid="rotateZ">0 0 1 -0</rotate>
															<scale sid="scale">1 1 1</scale>
															<node id="ID91" name="R1stNb" sid="joint25" type="JOINT">
																<translate sid="translate">-0.0052805 0 -0</translate>
																<rotate sid="rotateY">0 1 0 -0</rotate>
																<rotate sid="rotateX">1 0 0 0</rotate>
																<rotate sid="rotateZ">0 0 1 -0</rotate>
																<scale sid="scale">1 1 1</scale>
															</node>
														</node>
													</node>
													<node id="ID92" name="RArmJb" sid="joint26" type="JOINT">
														<translate sid="translate">-0.0142539 -0.000476 -0.00016893</translate>
														<rotate sid="rotateY">0 1 0 -0</rotate>
														<rotate sid="rotateX">1 0 0 0</rotate>
														<rotate sid="rotateZ">0 0 1 -0</rotate>
														<scale sid="scale">1 1 1</scale>
													</node>
												</node>
											</node>
										</node>
										<node id="ID93" name="NeckN" sid="joint27" type="JOINT">
											<translate sid="translate">0 0.0288451 -0.00576985</translate>
											<rotate sid="rotateY">0 1 0 -0</rotate>
											<rotate sid="rotateX">1 0 0 0</rotate>
											<rotate sid="rotateZ">0 0 1 -0</rotate>
											<scale sid="scale">1 1 1</scale>
											<node id="ID94" name="MufflerN" sid="joint28" type="JOINT">
												<translate sid="translate">0 0.00665616 0.00101359</translate>
												<rotate sid="rotateY">0 1 0 -0</rotate>
												<rotate sid="rotateX">1 0 0 0</rotate>
												<rotate sid="rotateZ">0 0 1 -0</rotate>
												<scale sid="scale">1 1 1</scale>
											</node>
											<node id="ID95" name="HeadN" sid="joint29" type="JOINT">
												<translate sid="translate">0 0.00665616 0.00101359</translate>
												<rotate sid="rotateY">0 1 0 -0</rotate>
												<rotate sid="rotateX">1 0 0 0</rotate>
												<rotate sid="rotateZ">0 0 1 -0</rotate>
												<scale sid="scale">1 1 1</scale>
												<node id="ID96" name="RFrontHairN" sid="joint30" type="JOINT">
													<translate sid="translate">-0.0124433 0.0114469 0.00954787</translate>
													<rotate sid="rotateY">0 1 0 270</rotate>
													<rotate sid="rotateX">1 0 0 1.27222e-014</rotate>
													<rotate sid="rotateZ">0 0 1 -90</rotate>
													<scale sid="scale">1 1 1</scale>
												</node>
												<node id="ID97" name="Pony01N" sid="joint31" type="JOINT">
													<translate sid="translate">0 0.00697834 -0.00742061</translate>
													<rotate sid="rotateY">0 1 0 270</rotate>
													<rotate sid="rotateX">1 0 0 1.86173e-014</rotate>
													<rotate sid="rotateZ">0 0 1 -117.605</rotate>
													<scale sid="scale">1 1 1</scale>
													<node id="ID98" name="Pony02N" sid="joint32" type="JOINT">
														<translate sid="translate">0.0146361 -0.0005661 -0</translate>
														<rotate sid="rotateY">0 1 0 -0</rotate>
														<rotate sid="rotateX">1 0 0 0</rotate>
														<rotate sid="rotateZ">0 0 1 -355.211</rotate>
														<scale sid="scale">1 1 1</scale>
														<node id="ID99" name="Pony03N" sid="joint33" type="JOINT">
															<translate sid="translate">0.0173331 5.676e-005 -0</translate>
															<rotate sid="rotateY">0 1 0 -0</rotate>
															<rotate sid="rotateX">1 0 0 0</rotate>
															<rotate sid="rotateZ">0 0 1 -348.853</rotate>
															<scale sid="scale">1 1 1</scale>
															<node id="ID100" name="Pony04N" sid="joint34" type="JOINT">
																<translate sid="translate">0.0149941 0 -0</translate>
																<rotate sid="rotateY">0 1 0 -0</rotate>
																<rotate sid="rotateX">1 0 0 0</rotate>
																<rotate sid="rotateZ">0 0 1 -359.089</rotate>
																<scale sid="scale">1 1 1</scale>
															</node>
														</node>
													</node>
												</node>
												<node id="ID101" name="LFrontHairN" sid="joint35" type="JOINT">
													<translate sid="translate">0.00836081 0.0148718 0.0134089</translate>
													<rotate sid="rotateY">0 1 0 270</rotate>
													<rotate sid="rotateX">1 0 0 1.27222e-014</rotate>
													<rotate sid="rotateZ">0 0 1 -90</rotate>
													<scale sid="scale">1 1 1</scale>
												</node>
											</node>
										</node>
										<node id="ID102" name="LShoulderN" sid="joint36" type="JOINT">
											<translate sid="translate">0.00405096 0.0218382 -0.00789002</translate>
											<rotate sid="rotateY">0 1 0 -0</rotate>
											<rotate sid="rotateX">1 0 0 0</rotate>
											<rotate sid="rotateZ">0 0 1 -0</rotate>
											<scale sid="scale">1 1 1</scale>
											<node id="ID103" name="LSodeN" sid="joint37" type="JOINT">
												<translate sid="translate">0.0167152 0.00078668 0.00045688</translate>
												<rotate sid="rotateY">0 1 0 -0</rotate>
												<rotate sid="rotateX">1 0 0 0</rotate>
												<rotate sid="rotateZ">0 0 1 -0</rotate>
												<scale sid="scale">1 1 1</scale>
											</node>
											<node id="ID104" name="LShoulderJ" sid="joint38" type="JOINT">
												<translate sid="translate">0.0167152 0.00078668 0.00045688</translate>
												<rotate sid="rotateY">0 1 0 -0</rotate>
												<rotate sid="rotateX">1 0 0 0</rotate>
												<rotate sid="rotateZ">0 0 1 -0</rotate>
												<scale sid="scale">1 1 1</scale>
												<node id="ID105" name="LShoulderJb" sid="joint39" type="JOINT">
													<translate sid="translate">0.0113496 -0.0001631 -0.00041817</translate>
													<rotate sid="rotateY">0 1 0 -0</rotate>
													<rotate sid="rotateX">1 0 0 0</rotate>
													<rotate sid="rotateZ">0 0 1 -0</rotate>
													<scale sid="scale">1 1 1</scale>
												</node>
												<node id="ID106" name="LArmJ" sid="joint40" type="JOINT">
													<translate sid="translate">0.0298766 -0.0003253 -0.00103396</translate>
													<rotate sid="rotateY">0 1 0 -0</rotate>
													<rotate sid="rotateX">1 0 0 0</rotate>
													<rotate sid="rotateZ">0 0 1 -0</rotate>
													<scale sid="scale">1 1 1</scale>
													<node id="ID107" name="LHandN" sid="joint41" type="JOINT">
														<translate sid="translate">0.0274196 0.00092308 0.00030165</translate>
														<rotate sid="rotateY">0 1 0 -0</rotate>
														<rotate sid="rotateX">1 0 0 0</rotate>
														<rotate sid="rotateZ">0 0 1 -0</rotate>
														<scale sid="scale">1 1 1</scale>
														<node id="ID108" name="LThumbNa" sid="joint42" type="JOINT">
															<translate sid="translate">0.00550169 -0.00255706 0.00574871</translate>
															<rotate sid="rotateY">0 1 0 -0</rotate>
															<rotate sid="rotateX">1 0 0 0</rotate>
															<rotate sid="rotateZ">0 0 1 -0</rotate>
															<scale sid="scale">1 1 1</scale>
															<node id="ID109" name="LThumbNb" sid="joint43" type="JOINT">
																<translate sid="translate">0.00572108 -0.00084635 0.00240073</translate>
																<rotate sid="rotateY">0 1 0 -0</rotate>
																<rotate sid="rotateX">1 0 0 0</rotate>
																<rotate sid="rotateZ">0 0 1 -0</rotate>
																<scale sid="scale">1 1 1</scale>
															</node>
														</node>
														<node id="ID110" name="LHaveN" sid="joint44" type="JOINT">
															<translate sid="translate">0.0103418 -0.00288868 0.00076908</translate>
															<rotate sid="rotateY">0 1 0 90</rotate>
															<rotate sid="rotateX">1 0 0 1.27222e-014</rotate>
															<rotate sid="rotateZ">0 0 1 -270</rotate>
															<scale sid="scale">1 1 1</scale>
														</node>
														<node id="ID111" name="L4thNa" sid="joint45" type="JOINT">
															<translate sid="translate">0.0122378 -0.00034383 -0.00436129</translate>
															<rotate sid="rotateY">0 1 0 -0</rotate>
															<rotate sid="rotateX">1 0 0 0</rotate>
															<rotate sid="rotateZ">0 0 1 -0</rotate>
															<scale sid="scale">1 1 1</scale>
															<node id="ID112" name="L4thNb" sid="joint46" type="JOINT">
																<translate sid="translate">0.00373019 0 -0</translate>
																<rotate sid="rotateY">0 1 0 -0</rotate>
																<rotate sid="rotateX">1 0 0 0</rotate>
																<rotate sid="rotateZ">0 0 1 -0</rotate>
																<scale sid="scale">1 1 1</scale>
															</node>
														</node>
														<node id="ID113" name="L3rdNa" sid="joint47" type="JOINT">
															<translate sid="translate">0.012508 0.00075591 -0.00169341</translate>
															<rotate sid="rotateY">0 1 0 -0</rotate>
															<rotate sid="rotateX">1 0 0 0</rotate>
															<rotate sid="rotateZ">0 0 1 -0</rotate>
															<scale sid="scale">1 1 1</scale>
															<node id="ID114" name="L3rdNb" sid="joint48" type="JOINT">
																<translate sid="translate">0.0055136 0 -0</translate>
																<rotate sid="rotateY">0 1 0 -0</rotate>
																<rotate sid="rotateX">1 0 0 0</rotate>
																<rotate sid="rotateZ">0 0 1 -0</rotate>
																<scale sid="scale">1 1 1</scale>
															</node>
														</node>
														<node id="ID115" name="L2ndNa" sid="joint49" type="JOINT">
															<translate sid="translate">0.0127667 0.0014503 0.00108611</translate>
															<rotate sid="rotateY">0 1 0 -0</rotate>
															<rotate sid="rotateX">1 0 0 0</rotate>
															<rotate sid="rotateZ">0 0 1 -0</rotate>
															<scale sid="scale">1 1 1</scale>
															<node id="ID116" name="L2ndNb" sid="joint50" type="JOINT">
																<translate sid="translate">0.00611724 0 -0</translate>
																<rotate sid="rotateY">0 1 0 -0</rotate>
																<rotate sid="rotateX">1 0 0 0</rotate>
																<rotate sid="rotateZ">0 0 1 -0</rotate>
																<scale sid="scale">1 1 1</scale>
															</node>
														</node>
														<node id="ID117" name="L1stNa" sid="joint51" type="JOINT">
															<translate sid="translate">0.012713 0.00123404 0.00430863</translate>
															<rotate sid="rotateY">0 1 0 -0</rotate>
															<rotate sid="rotateX">1 0 0 0</rotate>
															<rotate sid="rotateZ">0 0 1 -0</rotate>
															<scale sid="scale">1 1 1</scale>
															<node id="ID118" name="L1stNb" sid="joint52" type="JOINT">
																<translate sid="translate">0.00528047 0 -0</translate>
																<rotate sid="rotateY">0 1 0 -0</rotate>
																<rotate sid="rotateX">1 0 0 0</rotate>
																<rotate sid="rotateZ">0 0 1 -0</rotate>
																<scale sid="scale">1 1 1</scale>
															</node>
														</node>
													</node>
													<node id="ID119" name="LArmJb" sid="joint53" type="JOINT">
														<translate sid="translate">0.0142539 0.00047574 0.00016893</translate>
														<rotate sid="rotateY">0 1 0 -0</rotate>
														<rotate sid="rotateX">1 0 0 0</rotate>
														<rotate sid="rotateZ">0 0 1 -0</rotate>
														<scale sid="scale">1 1 1</scale>
													</node>
												</node>
											</node>
										</node>
									</node>
								</node>
								<node id="ID120" name="SwordN" sid="joint54" type="JOINT">
									<translate sid="translate">0 0.00897 0.0025</translate>
									<rotate sid="rotateY">0 1 0 -0</rotate>
									<rotate sid="rotateX">1 0 0 0</rotate>
									<rotate sid="rotateZ">0 0 1 -0</rotate>
									<scale sid="scale">1 1 1</scale>
								</node>
								<node id="ID121" name="RLegJ" sid="joint55" type="JOINT">
									<translate sid="translate">-0.011521 -0.00299842 0.00166327</translate>
									<rotate sid="rotateY">0 1 0 180</rotate>
									<rotate sid="rotateX">1 0 0 -7.01671e-015</rotate>
									<rotate sid="rotateZ">0 0 1 -180</rotate>
									<scale sid="scale">1 1 1</scale>
									<node id="ID122" name="RKneeJ" sid="joint56" type="JOINT">
										<translate sid="translate">-7.26e-005 0.0488724 0.00356107</translate>
										<rotate sid="rotateY">0 1 0 -0</rotate>
										<rotate sid="rotateX">1 0 0 0</rotate>
										<rotate sid="rotateZ">0 0 1 -0</rotate>
										<scale sid="scale">1 1 1</scale>
										<node id="ID123" name="RFootJ" sid="joint57" type="JOINT">
											<translate sid="translate">4.94e-005 0.0459621 0.0030362</translate>
											<rotate sid="rotateY">0 1 0 -0</rotate>
											<rotate sid="rotateX">1 0 0 0</rotate>
											<rotate sid="rotateZ">0 0 1 -0</rotate>
											<scale sid="scale">1 1 1</scale>
											<node id="ID124" name="RToeN" sid="joint58" type="JOINT">
												<translate sid="translate">0.0001575 0.0065858 -0.0169336</translate>
												<rotate sid="rotateY">0 1 0 -0</rotate>
												<rotate sid="rotateX">1 0 0 0</rotate>
												<rotate sid="rotateZ">0 0 1 -0</rotate>
												<scale sid="scale">1 1 1</scale>
											</node>
										</node>
									</node>
								</node>
								<node id="ID125" name="LLegJ" sid="joint59" type="JOINT">
									<translate sid="translate">0.011521 -0.00299823 0.00166326</translate>
									<rotate sid="rotateY">0 1 0 -0</rotate>
									<rotate sid="rotateX">1 0 0 0</rotate>
									<rotate sid="rotateZ">0 0 1 -0</rotate>
									<scale sid="scale">1 1 1</scale>
									<node id="ID126" name="LKneeJ" sid="joint60" type="JOINT">
										<translate sid="translate">7.261e-005 -0.0488726 -0.00356107</translate>
										<rotate sid="rotateY">0 1 0 -0</rotate>
										<rotate sid="rotateX">1 0 0 0</rotate>
										<rotate sid="rotateZ">0 0 1 -0</rotate>
										<scale sid="scale">1 1 1</scale>
										<node id="ID127" name="LFootJ" sid="joint61" type="JOINT">
											<translate sid="translate">-4.947e-005 -0.0459621 -0.0030362</translate>
											<rotate sid="rotateY">0 1 0 -0</rotate>
											<rotate sid="rotateX">1 0 0 0</rotate>
											<rotate sid="rotateZ">0 0 1 -0</rotate>
											<scale sid="scale">1 1 1</scale>
											<node id="ID128" name="LToeN" sid="joint62" type="JOINT">
												<translate sid="translate">-0.00015751 -0.00658582 0.0169336</translate>
												<rotate sid="rotateY">0 1 0 -0</rotate>
												<rotate sid="rotateX">1 0 0 0</rotate>
												<rotate sid="rotateZ">0 0 1 -0</rotate>
												<scale sid="scale">1 1 1</scale>
											</node>
										</node>
									</node>
								</node>
							</node>
						</node>
					</node>
				</node>
				<node id="ID129" name="EyeYellowM" sid="joint63" type="JOINT">
					<translate sid="translate">0 0 -0</translate>
					<rotate sid="rotateY">0 1 0 -0</rotate>
					<rotate sid="rotateX">1 0 0 0</rotate>
					<rotate sid="rotateZ">0 0 1 -0</rotate>
					<scale sid="scale">1 1 1</scale>
				</node>
			</node>
		</visual_scene>
	</library_visual_scenes>
	<scene>
		<instance_visual_scene url="#ID47"/>
	</scene>
</COLLADA>
